,,,,Purpose of This Spreadsheet is to Outline the Methodology of System 30,,,,,,,,,,,,,,,,,,,,,,,,,,,,,,,,,,,,
,,,,,,,,,,,,,,,,,,,,,,,,,,,,,,,,,,,,,,,,
,,"Definitions, Filters, Settings",,,,,,,Yearly Rolling Process,,,,,,,,,,,,,,,,,,,,,,,,,,,,,,,
,,,,,,,,,,,,,,,,,,,,,,,,,,,,,,,,,,,,,,,,
,,"           System uses:  Daily Bars using Alpaca Data ( ADJ Close 
           Price) (Initial Equity is based on $100,000 per day and resets 
           each day)          ",,,,,,,"             The methodology starts with a ETF ticker universe of 694 
             after the 3rd filter (see filter list)",,,,,,,,,,,,,,,,,,,,,,,,,,,,,,,
,,,,,,,,,,,,,,,,,,,,,,,,,,,,,,,,,,,,,,,,
,,           Profit Results are Non-Compounded,,,,,,,"             Proprietary backtesting process, generates millions of RSI 
             branch variations for each ETF ticker and backtests them 
             on the prior in-sample year. 
",,,,,,,,,,,,,,,,,,,,,,,,,,,,,,,
,,"          This is a composite ETF system using mean reversion RSI 
          signals to indicate extreme overbought conditions",,,,,,,"             This Branch selection methodology starts from a premise 
             that Out-of-Sample is the year N (2020) and the In-Sample 
             Is Year N-1 (2019), meaning each OOS Year will use the 
             year before it as IS (Yearly Rolling)",,,,,,,,,,,,,,,,,,,,,,,,,,,,,,,
,,,,,,,,,,,,,,,,,,,,,,,,,,,,,,,,,,,,,,,,
,,"           Unlike traditional RSI systems which uses ETFs, we use a ""
           Branch Logic,Selecting Methodology"" which 
           uses a proprietary filtering system for categorizing and 
           selecting branches. ",,,,,,,"             For each ticker, it keeps only 1 Branch that passes the 
             IS filters: positive Profit %, at least 5% Time in Market, 
             and Max DD% no worse than 15%.",,,,,,,,,,,,,,,,,,,,,,,,,,,,,,,
,,,,,,,,,,,,,,,,,,,,,,,,,,,,,,,,,,,,,,,,
,,           We use three core filters in order to determine which branches to trade.,,,,,,,             With tie-breakers in this order: ,,,,,,,,,,,,,,,,,,,,,,,,,,,,,,,
,,,,,,,,,,,,,,,,,,,,,,,,,,,,,,,,,,,,,,,,
,,,,,,,,,"                 • If we have Multiple Branches With the same Lowest 
                    Max DD,we take higher IS Profit %",,,,,,,,,,,,,,,,,,,,,,,,,,,,,,,
,,         Filters List :,,,,,,,                 • If thats also the same we take higher IS Total Trades.,,,,,,,,,,,,,,,,,,,,,,,,,,,,,,,
,,,,,,,,,"                 • If all Tie Breakers match then we take the 1st 
                    generated Alphabetically  branch with Lowest 
                    IS Max DD % ",,,,,,,,,,,,,,,,,,,,,,,,,,,,,,,
,,"         2926 Tickers Originally (Before any Filters)
               US & International ETFs ( NYSE/ Nasdaq/ Cboe)",,,,,,,,,,,,,,,,,,,,,,,,,,,,,,,,,,,,,,
,,         1st Filter  ( Etfs Started between 1993 and 2018)   ,,,,,,,,,,,,,,,,,,,,,,,,,,,,,,,,,,,,,,
,,         Start Date = 1-1-1993      End Date = 12-31-2018,,,,,,,"             That selected branch is then applied to the next 
             out-of-sample year, and the process rolls forward year by 
             year to produce the final OOS results and yearly summary.",,,,,,,,,,,,,,,,,,,,,,,,,,,,,,,
,,                                (1195 ETFs Passed The Vol Filter),,,,,,,,,,,,,,,,,,,,,,,,,,,,,,,,,,,,,,
,,,,,,,,,,,,,,,,,,,,,,,,,,,,,,,,,,,,,,,,
,,         2nd Filter Min AVG Volume Over last 90D 100K$,,,,,,,,,,,,,,,,,,,,,,,,,,,,,,,,,,,,,,
,,                                (708 ETFs Passed The Vol Filter),,,,,,,,,,,,,,,,,,,,,,,,,,,,,,,,,,,,,,
,,,,,,,,,,,,,,,,,,,,,,,,,,,,,,,,,,,,,,,,
,,         3rd Filter IS Profit >0  Max DD 15% TIM 5%,,,,,,,,,,,,,,,,,,,,,,,,,,,,,,,,,,,,,,
,,                                (694 ETFs Passed All Filters),,,,,,,,,,,,,,,,,,,,,,,,,,,,,,,,,,,,,,
,,,,,,,,,,,,,,,,,,,,,,,,,,,,,,,,,,,,,,,,
,,,,,,,,,,,,,,,,,,,,,,,,,,,,,,,,,,,,,,,,
,,,,,,,,,,,,,,,,,,,,,,,,,,,,,,,,,,,,,,,,
System 30,OOS Year,"AVG
 Profit %","SPY 
Profit%",Median Profit% Per Year,Profit $ Per Year,Avg Profit $ per Year,Time in market%,AVG TIMAR % per Year,"Max DD %
Per Year",Max DD%,"SPY 
Max DD",Total Trades,AVG Trades Per Month,Win %,Risk to Reward Ratio,Avg P&L $,Avg P&L %,AVG Hold Period (days),Max Consec. Losing Days,Max Consec. Winning Days,Max Consec. Losing Week s,Max Consec. Winning Week s,Max Consec. Losing Months,Max Consec. Winning Months,Win to Loss Ratio,Total Profitable Trades,Profit Factor,Sharpe Ratio,Losing Days Streak $ Loss,Losing Days Streak % Loss,Losing Week s Streak $ Loss,Losing Week s Streak % Loss,Losing Months Streak $ Loss,Losing Months Streak % Loss,Winning Trades%,Winning Days%,Winning Week s%,Avg Win Trade $,Avg Losing Trade $,Winning Months%
,,,,,,,,,,,,,,,,,,,,,,,,,,,,,,,,,,,,,,,,
Best By Max DD (1BR),2020-2026,1.0053,0.1390571429,1.102,,100331,1,1.005285714,,-0.298,-0.337,21907,260.797619,0.699,0.6,427,0.004,3.68,6,49,6,18,1,16,2.3,15321,1.5,5.4,-29364,-0.294,-41274,-0.413,-34034,-0.34,0.699,0.785,0.805,1948,-3112,0.853
Best By Max DD (1BR),2026,0.37,-0.0286,,36866,,1,0.382,-0.042,,-0.048,887,73.91666667,0.735,0.9,653,0.007,2.65,2,14,1,9,1,2,2.8,652,2.5,6.1,-4724,-0.047,-3873,-0.039,-1193,-0.012,0.735,0.826,0.909,1492,-1675,0.667
Date,# of Sold Branches,Profit % Realized Only,Profit $ Realized Only,,,,,,,,,,,,,,,,,,,,,,,,,,,,,,,,,,,,,
2026 To Date,,0.3687,36866,,,,,,,,,,,,,,,,,,,,,,,,,,,,,,,,,,,,,
,,,,,,,,,,,,,,,,,,,,,,,,,,,,,,,,,,,,,,,,
March,,-0.025,-2503,,,,,,,,,,,,,,,,,,,,,,,,,,,,,,,,,,,,,
,,,,,,,,,,,,,,,,,,,,,,,,,,,,,,,,,,,,,,,,
Week 4,,-0.0131,-1310,,,,,,,,,,,,,,,,,,,,,,,,,,,,,,,,,,,,,
2026-03-23 00:00:00,83,-0.0131,-1310,,,,,,,,,,,,,,,,,,,,,,,,,,,,,,,,,,,,,
,,,,,,,,,,,,,,,,,,,,,,,,,,,,,,,,,,,,,,,,
Week 3,,0.0054,537,,,,,,,,,,,,,,,,,,,,,,,,,,,,,,,,,,,,,
2026-03-19 00:00:00,4,0.0054,539,,,,,,,,,,,,,,,,,,,,,,,,,,,,,,,,,,,,,
2026-03-17 00:00:00,115,0.0002,16,,,,,,,,,,,,,,,,,,,,,,,,,,,,,,,,,,,,,
2026-03-16 00:00:00,106,-0.0002,-17,,,,,,,,,,,,,,,,,,,,,,,,,,,,,,,,,,,,,
,,,,,,,,,,,,,,,,,,,,,,,,,,,,,,,,,,,,,,,,
Week 2,,-0.0387,-3873,,,,,,,,,,,,,,,,,,,,,,,,,,,,,,,,,,,,,
2026-03-13 00:00:00,2,0.0021,205,,,,,,,,,,,,,,,,,,,,,,,,,,,,,,,,,,,,,
2026-03-12 00:00:00,2,-0.0134,-1339,,,,,,,,,,,,,,,,,,,,,,,,,,,,,,,,,,,,,
2026-03-11 00:00:00,1,-0.0339,-3385,,,,,,,,,,,,,,,,,,,,,,,,,,,,,,,,,,,,,
2026-03-10 00:00:00,23,0.0035,348,,,,,,,,,,,,,,,,,,,,,,,,,,,,,,,,,,,,,
2026-03-09 00:00:00,153,0.003,297,,,,,,,,,,,,,,,,,,,,,,,,,,,,,,,,,,,,,
,,,,,,,,,,,,,,,,,,,,,,,,,,,,,,,,,,,,,,,,
Week 1,,0.0214,2143,,,,,,,,,,,,,,,,,,,,,,,,,,,,,,,,,,,,,
2026-03-06 00:00:00,17,-0.0075,-754,,,,,,,,,,,,,,,,,,,,,,,,,,,,,,,,,,,,,
2026-03-04 00:00:00,95,-0.0016,-160,,,,,,,,,,,,,,,,,,,,,,,,,,,,,,,,,,,,,
2026-03-03 00:00:00,1,0.0004,40,,,,,,,,,,,,,,,,,,,,,,,,,,,,,,,,,,,,,
2026-03-02 00:00:00,4,0.0302,3017,,,,,,,,,,,,,,,,,,,,,,,,,,,,,,,,,,,,,
,,,,,,,,,,,,,,,,,,,,,,,,,,,,,,,,,,,,,,,,
February,,0.2776,27762,,,,,,,,,,,,,,,,,,,,,,,,,,,,,,,,,,,,,
,,,,,,,,,,,,,,,,,,,,,,,,,,,,,,,,,,,,,,,,
Week 4,,0.0487,4869,,,,,,,,,,,,,,,,,,,,,,,,,,,,,,,,,,,,,
2026-02-27 00:00:00,5,0.0348,3479,,,,,,,,,,,,,,,,,,,,,,,,,,,,,,,,,,,,,
2026-02-26 00:00:00,2,0.0049,493,,,,,,,,,,,,,,,,,,,,,,,,,,,,,,,,,,,,,
2026-02-25 00:00:00,11,0.0094,943,,,,,,,,,,,,,,,,,,,,,,,,,,,,,,,,,,,,,
2026-02-24 00:00:00,2,0.0205,2045,,,,,,,,,,,,,,,,,,,,,,,,,,,,,,,,,,,,,
2026-02-23 00:00:00,2,-0.0209,-2091,,,,,,,,,,,,,,,,,,,,,,,,,,,,,,,,,,,,,
,,,,,,,,,,,,,,,,,,,,,,,,,,,,,,,,,,,,,,,,
Week 3,,0.0559,5586,,,,,,,,,,,,,,,,,,,,,,,,,,,,,,,,,,,,,
2026-02-20 00:00:00,14,0.0299,2987,,,,,,,,,,,,,,,,,,,,,,,,,,,,,,,,,,,,,
2026-02-18 00:00:00,18,0.0146,1457,,,,,,,,,,,,,,,,,,,,,,,,,,,,,,,,,,,,,
2026-02-17 00:00:00,12,0.0114,1141,,,,,,,,,,,,,,,,,,,,,,,,,,,,,,,,,,,,,
,,,,,,,,,,,,,,,,,,,,,,,,,,,,,,,,,,,,,,,,
Week 2,,0.0241,2407,,,,,,,,,,,,,,,,,,,,,,,,,,,,,,,,,,,,,
2026-02-13 00:00:00,1,0.0205,2053,,,,,,,,,,,,,,,,,,,,,,,,,,,,,,,,,,,,,
2026-02-12 00:00:00,4,-0.0552,-5519,,,,,,,,,,,,,,,,,,,,,,,,,,,,,,,,,,,,,
2026-02-11 00:00:00,8,0.0249,2487,,,,,,,,,,,,,,,,,,,,,,,,,,,,,,,,,,,,,
2026-02-10 00:00:00,5,0.0055,554,,,,,,,,,,,,,,,,,,,,,,,,,,,,,,,,,,,,,
2026-02-09 00:00:00,13,0.0283,2832,,,,,,,,,,,,,,,,,,,,,,,,,,,,,,,,,,,,,
,,,,,,,,,,,,,,,,,,,,,,,,,,,,,,,,,,,,,,,,
Week 1,,0.149,14901,,,,,,,,,,,,,,,,,,,,,,,,,,,,,,,,,,,,,
2026-02-06 00:00:00,55,0.0153,1526,,,,,,,,,,,,,,,,,,,,,,,,,,,,,,,,,,,,,
2026-02-05 00:00:00,10,0.0056,563,,,,,,,,,,,,,,,,,,,,,,,,,,,,,,,,,,,,,
2026-02-04 00:00:00,1,0.0191,1914,,,,,,,,,,,,,,,,,,,,,,,,,,,,,,,,,,,,,
2026-02-03 00:00:00,22,0.0498,4978,,,,,,,,,,,,,,,,,,,,,,,,,,,,,,,,,,,,,
2026-02-02 00:00:00,11,0.0592,5919,,,,,,,,,,,,,,,,,,,,,,,,,,,,,,,,,,,,,
,,,,,,,,,,,,,,,,,,,,,,,,,,,,,,,,,,,,,,,,
January,,0.1161,11607,,,,,,,,,,,,,,,,,,,,,,,,,,,,,,,,,,,,,
,,,,,,,,,,,,,,,,,,,,,,,,,,,,,,,,,,,,,,,,
Week 5,,0.0038,381,,,,,,,,,,,,,,,,,,,,,,,,,,,,,,,,,,,,,
2026-01-30 00:00:00,11,0.0279,2795,,,,,,,,,,,,,,,,,,,,,,,,,,,,,,,,,,,,,
2026-01-29 00:00:00,5,-0.028,-2801,,,,,,,,,,,,,,,,,,,,,,,,,,,,,,,,,,,,,
2026-01-26 00:00:00,10,0.0039,387,,,,,,,,,,,,,,,,,,,,,,,,,,,,,,,,,,,,,
,,,,,,,,,,,,,,,,,,,,,,,,,,,,,,,,,,,,,,,,
Week 4,,0.0281,2807,,,,,,,,,,,,,,,,,,,,,,,,,,,,,,,,,,,,,
2026-01-23 00:00:00,7,0.0042,423,,,,,,,,,,,,,,,,,,,,,,,,,,,,,,,,,,,,,
2026-01-22 00:00:00,21,0.0119,1186,,,,,,,,,,,,,,,,,,,,,,,,,,,,,,,,,,,,,
2026-01-21 00:00:00,50,0.0043,430,,,,,,,,,,,,,,,,,,,,,,,,,,,,,,,,,,,,,
2026-01-20 00:00:00,9,0.0077,768,,,,,,,,,,,,,,,,,,,,,,,,,,,,,,,,,,,,,
,,,,,,,,,,,,,,,,,,,,,,,,,,,,,,,,,,,,,,,,
Week 3,,0.0418,4178,,,,,,,,,,,,,,,,,,,,,,,,,,,,,,,,,,,,,
2026-01-16 00:00:00,4,0.0031,306,,,,,,,,,,,,,,,,,,,,,,,,,,,,,,,,,,,,,
2026-01-15 00:00:00,2,0.0037,369,,,,,,,,,,,,,,,,,,,,,,,,,,,,,,,,,,,,,
2026-01-14 00:00:00,5,0.0038,383,,,,,,,,,,,,,,,,,,,,,,,,,,,,,,,,,,,,,
2026-01-13 00:00:00,8,0.0025,254,,,,,,,,,,,,,,,,,,,,,,,,,,,,,,,,,,,,,
2026-01-12 00:00:00,7,0.0287,2866,,,,,,,,,,,,,,,,,,,,,,,,,,,,,,,,,,,,,
,,,,,,,,,,,,,,,,,,,,,,,,,,,,,,,,,,,,,,,,
Week 2,,0.0424,4242,,,,,,,,,,,,,,,,,,,,,,,,,,,,,,,,,,,,,
2026-01-09 00:00:00,13,0.0018,183,,,,,,,,,,,,,,,,,,,,,,,,,,,,,,,,,,,,,
2026-01-08 00:00:00,5,0.0119,1194,,,,,,,,,,,,,,,,,,,,,,,,,,,,,,,,,,,,,
2026-01-07 00:00:00,8,0.0185,1852,,,,,,,,,,,,,,,,,,,,,,,,,,,,,,,,,,,,,
2026-01-06 00:00:00,3,0.0101,1013,,,,,,,,,,,,,,,,,,,,,,,,,,,,,,,,,,,,,
,,,,,,,,,,,,,,,,,,,,,,,,,,,,,,,,,,,,,,,,
Best By Max DD (1BR),2025,1.544,0.182,,154384,,1,1.544,-0.107,,0.188,2769,230.75,0.784,0.8,1160,0.012,3.45,3,21,2,16,1,10,3.6,2170,2.8,15.2,-11943,-0.119,-7907,-0.079,-10270,-0.103,0.784,0.838,0.827,2306,-2992,0.917
Date,# of Sold Branches,Profit % Realized Only,Profit $ Realized Only,,,,,,,,,,,,,,,,,,,,,,,,,,,,,,,,,,,,,
2025 To Date,,1.5438,154384,,,,,,,,,,,,,,,,,,,,,,,,,,,,,,,,,,,,,
,,,,,,,,,,,,,,,,,,,,,,,,,,,,,,,,,,,,,,,,
December,,0.1887,18866,,,,,,,,,,,,,,,,,,,,,,,,,,,,,,,,,,,,,
,,,,,,,,,,,,,,,,,,,,,,,,,,,,,,,,,,,,,,,,
Week 5,,0.0899,8986,,,,,,,,,,,,,,,,,,,,,,,,,,,,,,,,,,,,,
,,,,,,,,,,,,,,,,,,,,,,,,,,,,,,,,,,,,,,,,
2025-12-31 00:00:00,1,0.001,99,,,,,,,,,,,,,,,,,,,,,,,,,,,,,,,,,,,,,
2025-12-29 00:00:00,3,0.0889,8887,,,,,,,,,,,,,,,,,,,,,,,,,,,,,,,,,,,,,
,,,,,,,,,,,,,,,,,,,,,,,,,,,,,,,,,,,,,,,,
Week 4,,0.0366,3663,,,,,,,,,,,,,,,,,,,,,,,,,,,,,,,,,,,,,
,,,,,,,,,,,,,,,,,,,,,,,,,,,,,,,,,,,,,,,,
2025-12-26 00:00:00,1,0.0064,641,,,,,,,,,,,,,,,,,,,,,,,,,,,,,,,,,,,,,
2025-12-24 00:00:00,5,0.0057,575,,,,,,,,,,,,,,,,,,,,,,,,,,,,,,,,,,,,,
2025-12-23 00:00:00,8,0.0106,1059,,,,,,,,,,,,,,,,,,,,,,,,,,,,,,,,,,,,,
2025-12-22 00:00:00,1,0.0139,1388,,,,,,,,,,,,,,,,,,,,,,,,,,,,,,,,,,,,,
,,,,,,,,,,,,,,,,,,,,,,,,,,,,,,,,,,,,,,,,
Week 3,,0.075,7496,,,,,,,,,,,,,,,,,,,,,,,,,,,,,,,,,,,,,
,,,,,,,,,,,,,,,,,,,,,,,,,,,,,,,,,,,,,,,,
2025-12-19 00:00:00,69,0.0295,2949,,,,,,,,,,,,,,,,,,,,,,,,,,,,,,,,,,,,,
2025-12-18 00:00:00,8,0.0105,1048,,,,,,,,,,,,,,,,,,,,,,,,,,,,,,,,,,,,,
2025-12-17 00:00:00,6,0.0259,2594,,,,,,,,,,,,,,,,,,,,,,,,,,,,,,,,,,,,,
2025-12-16 00:00:00,2,0.0065,654,,,,,,,,,,,,,,,,,,,,,,,,,,,,,,,,,,,,,
2025-12-15 00:00:00,3,0.0025,251,,,,,,,,,,,,,,,,,,,,,,,,,,,,,,,,,,,,,
,,,,,,,,,,,,,,,,,,,,,,,,,,,,,,,,,,,,,,,,
Week 2,,0.0424,4241,,,,,,,,,,,,,,,,,,,,,,,,,,,,,,,,,,,,,
,,,,,,,,,,,,,,,,,,,,,,,,,,,,,,,,,,,,,,,,
2025-12-12 00:00:00,2,0.0057,571,,,,,,,,,,,,,,,,,,,,,,,,,,,,,,,,,,,,,
2025-12-11 00:00:00,10,-0.0043,-434,,,,,,,,,,,,,,,,,,,,,,,,,,,,,,,,,,,,,
2025-12-10 00:00:00,2,0.0014,139,,,,,,,,,,,,,,,,,,,,,,,,,,,,,,,,,,,,,
2025-12-09 00:00:00,3,0.0363,3634,,,,,,,,,,,,,,,,,,,,,,,,,,,,,,,,,,,,,
2025-12-08 00:00:00,2,0.0033,331,,,,,,,,,,,,,,,,,,,,,,,,,,,,,,,,,,,,,
,,,,,,,,,,,,,,,,,,,,,,,,,,,,,,,,,,,,,,,,
Week 1,,-0.0552,-5520,,,,,,,,,,,,,,,,,,,,,,,,,,,,,,,,,,,,,
,,,,,,,,,,,,,,,,,,,,,,,,,,,,,,,,,,,,,,,,
2025-12-04 00:00:00,5,0.0344,3441,,,,,,,,,,,,,,,,,,,,,,,,,,,,,,,,,,,,,
2025-12-03 00:00:00,3,0.004,402,,,,,,,,,,,,,,,,,,,,,,,,,,,,,,,,,,,,,
2025-12-02 00:00:00,1,-0.0784,-7840,,,,,,,,,,,,,,,,,,,,,,,,,,,,,,,,,,,,,
2025-12-01 00:00:00,1,-0.0152,-1522,,,,,,,,,,,,,,,,,,,,,,,,,,,,,,,,,,,,,
,,,,,,,,,,,,,,,,,,,,,,,,,,,,,,,,,,,,,,,,
November,,-0.1027,-10270,,,,,,,,,,,,,,,,,,,,,,,,,,,,,,,,,,,,,
,,,,,,,,,,,,,,,,,,,,,,,,,,,,,,,,,,,,,,,,
Week 4,,0.0252,2523,,,,,,,,,,,,,,,,,,,,,,,,,,,,,,,,,,,,,
2025-11-28 00:00:00,1,-0.0258,-2581,,,,,,,,,,,,,,,,,,,,,,,,,,,,,,,,,,,,,
2025-11-26 00:00:00,5,0.0111,1106,,,,,,,,,,,,,,,,,,,,,,,,,,,,,,,,,,,,,
2025-11-25 00:00:00,53,0.0245,2453,,,,,,,,,,,,,,,,,,,,,,,,,,,,,,,,,,,,,
2025-11-24 00:00:00,170,0.0154,1544,,,,,,,,,,,,,,,,,,,,,,,,,,,,,,,,,,,,,
,,,,,,,,,,,,,,,,,,,,,,,,,,,,,,,,,,,,,,,,
Week 3,,-0.2004,-20039,,,,,,,,,,,,,,,,,,,,,,,,,,,,,,,,,,,,,
,,,,,,,,,,,,,,,,,,,,,,,,,,,,,,,,,,,,,,,,
2025-11-21 00:00:00,16,0.0092,918,,,,,,,,,,,,,,,,,,,,,,,,,,,,,,,,,,,,,
2025-11-20 00:00:00,1,0.0088,876,,,,,,,,,,,,,,,,,,,,,,,,,,,,,,,,,,,,,
2025-11-19 00:00:00,8,0.02,1999,,,,,,,,,,,,,,,,,,,,,,,,,,,,,,,,,,,,,
2025-11-18 00:00:00,2,-0.2391,-23906,,,,,,,,,,,,,,,,,,,,,,,,,,,,,,,,,,,,,
2025-11-17 00:00:00,2,0.0007,74,,,,,,,,,,,,,,,,,,,,,,,,,,,,,,,,,,,,,
,,,,,,,,,,,,,,,,,,,,,,,,,,,,,,,,,,,,,,,,
Week 2,,0.0417,4171,,,,,,,,,,,,,,,,,,,,,,,,,,,,,,,,,,,,,
,,,,,,,,,,,,,,,,,,,,,,,,,,,,,,,,,,,,,,,,
2025-11-11 00:00:00,6,0.0244,2437,,,,,,,,,,,,,,,,,,,,,,,,,,,,,,,,,,,,,
2025-11-10 00:00:00,22,0.0173,1734,,,,,,,,,,,,,,,,,,,,,,,,,,,,,,,,,,,,,
,,,,,,,,,,,,,,,,,,,,,,,,,,,,,,,,,,,,,,,,
Week 1,,0.0307,3075,,,,,,,,,,,,,,,,,,,,,,,,,,,,,,,,,,,,,
,,,,,,,,,,,,,,,,,,,,,,,,,,,,,,,,,,,,,,,,
2025-11-07 00:00:00,18,0.0057,566,,,,,,,,,,,,,,,,,,,,,,,,,,,,,,,,,,,,,
2025-11-06 00:00:00,12,0.0025,252,,,,,,,,,,,,,,,,,,,,,,,,,,,,,,,,,,,,,
2025-11-05 00:00:00,22,0.0028,284,,,,,,,,,,,,,,,,,,,,,,,,,,,,,,,,,,,,,
2025-11-04 00:00:00,18,0.0025,252,,,,,,,,,,,,,,,,,,,,,,,,,,,,,,,,,,,,,
2025-11-03 00:00:00,3,0.0172,1720,,,,,,,,,,,,,,,,,,,,,,,,,,,,,,,,,,,,,
,,,,,,,,,,,,,,,,,,,,,,,,,,,,,,,,,,,,,,,,
October,,0.2912,29122,,,,,,,,,,,,,,,,,,,,,,,,,,,,,,,,,,,,,
,,,,,,,,,,,,,,,,,,,,,,,,,,,,,,,,,,,,,,,,
Week 5,,0.1579,15790,,,,,,,,,,,,,,,,,,,,,,,,,,,,,,,,,,,,,
,,,,,,,,,,,,,,,,,,,,,,,,,,,,,,,,,,,,,,,,
2025-10-31 00:00:00,6,0.0022,218,,,,,,,,,,,,,,,,,,,,,,,,,,,,,,,,,,,,,
2025-10-30 00:00:00,3,0.0264,2635,,,,,,,,,,,,,,,,,,,,,,,,,,,,,,,,,,,,,
2025-10-29 00:00:00,2,0.027,2704,,,,,,,,,,,,,,,,,,,,,,,,,,,,,,,,,,,,,
2025-10-28 00:00:00,2,0.0006,58,,,,,,,,,,,,,,,,,,,,,,,,,,,,,,,,,,,,,
2025-10-27 00:00:00,1,0.1017,10175,,,,,,,,,,,,,,,,,,,,,,,,,,,,,,,,,,,,,
,,,,,,,,,,,,,,,,,,,,,,,,,,,,,,,,,,,,,,,,
Week 4,,0.066,6603,,,,,,,,,,,,,,,,,,,,,,,,,,,,,,,,,,,,,
,,,,,,,,,,,,,,,,,,,,,,,,,,,,,,,,,,,,,,,,
2025-10-24 00:00:00,7,0.0071,714,,,,,,,,,,,,,,,,,,,,,,,,,,,,,,,,,,,,,
2025-10-23 00:00:00,4,0.0003,31,,,,,,,,,,,,,,,,,,,,,,,,,,,,,,,,,,,,,
2025-10-22 00:00:00,4,-0.0047,-472,,,,,,,,,,,,,,,,,,,,,,,,,,,,,,,,,,,,,
2025-10-21 00:00:00,6,0.0422,4222,,,,,,,,,,,,,,,,,,,,,,,,,,,,,,,,,,,,,
2025-10-20 00:00:00,37,0.0211,2108,,,,,,,,,,,,,,,,,,,,,,,,,,,,,,,,,,,,,
,,,,,,,,,,,,,,,,,,,,,,,,,,,,,,,,,,,,,,,,
Week 3,,-0.0251,-2510,,,,,,,,,,,,,,,,,,,,,,,,,,,,,,,,,,,,,
,,,,,,,,,,,,,,,,,,,,,,,,,,,,,,,,,,,,,,,,
2025-10-17 00:00:00,5,-0.009,-903,,,,,,,,,,,,,,,,,,,,,,,,,,,,,,,,,,,,,
2025-10-15 00:00:00,29,0.0255,2555,,,,,,,,,,,,,,,,,,,,,,,,,,,,,,,,,,,,,
2025-10-14 00:00:00,85,0.0234,2339,,,,,,,,,,,,,,,,,,,,,,,,,,,,,,,,,,,,,
2025-10-13 00:00:00,1,-0.065,-6501,,,,,,,,,,,,,,,,,,,,,,,,,,,,,,,,,,,,,
,,,,,,,,,,,,,,,,,,,,,,,,,,,,,,,,,,,,,,,,
Week 2,,0.0699,6987,,,,,,,,,,,,,,,,,,,,,,,,,,,,,,,,,,,,,
,,,,,,,,,,,,,,,,,,,,,,,,,,,,,,,,,,,,,,,,
2025-10-10 00:00:00,3,0.0892,8917,,,,,,,,,,,,,,,,,,,,,,,,,,,,,,,,,,,,,
2025-10-09 00:00:00,4,-0.0241,-2409,,,,,,,,,,,,,,,,,,,,,,,,,,,,,,,,,,,,,
2025-10-08 00:00:00,1,-0.0075,-751,,,,,,,,,,,,,,,,,,,,,,,,,,,,,,,,,,,,,
2025-10-07 00:00:00,10,-0.005,-497,,,,,,,,,,,,,,,,,,,,,,,,,,,,,,,,,,,,,
2025-10-06 00:00:00,3,0.0173,1727,,,,,,,,,,,,,,,,,,,,,,,,,,,,,,,,,,,,,
,,,,,,,,,,,,,,,,,,,,,,,,,,,,,,,,,,,,,,,,
Week 1,,0.0225,2251,,,,,,,,,,,,,,,,,,,,,,,,,,,,,,,,,,,,,
,,,,,,,,,,,,,,,,,,,,,,,,,,,,,,,,,,,,,,,,
2025-10-03 00:00:00,8,0.0098,983,,,,,,,,,,,,,,,,,,,,,,,,,,,,,,,,,,,,,
2025-10-02 00:00:00,1,0.0052,525,,,,,,,,,,,,,,,,,,,,,,,,,,,,,,,,,,,,,
2025-10-01 00:00:00,2,0.0074,743,,,,,,,,,,,,,,,,,,,,,,,,,,,,,,,,,,,,,
,,,,,,,,,,,,,,,,,,,,,,,,,,,,,,,,,,,,,,,,
September,,0.087,8698,,,,,,,,,,,,,,,,,,,,,,,,,,,,,,,,,,,,,
,,,,,,,,,,,,,,,,,,,,,,,,,,,,,,,,,,,,,,,,
Week 5,,0.0329,3292,,,,,,,,,,,,,,,,,,,,,,,,,,,,,,,,,,,,,
,,,,,,,,,,,,,,,,,,,,,,,,,,,,,,,,,,,,,,,,
2025-09-30 00:00:00,1,0.0108,1079,,,,,,,,,,,,,,,,,,,,,,,,,,,,,,,,,,,,,
2025-09-29 00:00:00,9,0.0221,2214,,,,,,,,,,,,,,,,,,,,,,,,,,,,,,,,,,,,,
,,,,,,,,,,,,,,,,,,,,,,,,,,,,,,,,,,,,,,,,
Week 4,,0.04,4004,,,,,,,,,,,,,,,,,,,,,,,,,,,,,,,,,,,,,
,,,,,,,,,,,,,,,,,,,,,,,,,,,,,,,,,,,,,,,,
2025-09-26 00:00:00,20,0.0064,636,,,,,,,,,,,,,,,,,,,,,,,,,,,,,,,,,,,,,
2025-09-24 00:00:00,16,0.0157,1573,,,,,,,,,,,,,,,,,,,,,,,,,,,,,,,,,,,,,
2025-09-23 00:00:00,1,-0.0039,-389,,,,,,,,,,,,,,,,,,,,,,,,,,,,,,,,,,,,,
2025-09-22 00:00:00,3,0.0218,2184,,,,,,,,,,,,,,,,,,,,,,,,,,,,,,,,,,,,,
,,,,,,,,,,,,,,,,,,,,,,,,,,,,,,,,,,,,,,,,
Week 3,,-0.0285,-2850,,,,,,,,,,,,,,,,,,,,,,,,,,,,,,,,,,,,,
,,,,,,,,,,,,,,,,,,,,,,,,,,,,,,,,,,,,,,,,
2025-09-19 00:00:00,3,0.007,704,,,,,,,,,,,,,,,,,,,,,,,,,,,,,,,,,,,,,
2025-09-18 00:00:00,2,-0.0111,-1113,,,,,,,,,,,,,,,,,,,,,,,,,,,,,,,,,,,,,
2025-09-17 00:00:00,1,0.003,305,,,,,,,,,,,,,,,,,,,,,,,,,,,,,,,,,,,,,
2025-09-16 00:00:00,5,-0.0228,-2284,,,,,,,,,,,,,,,,,,,,,,,,,,,,,,,,,,,,,
2025-09-15 00:00:00,3,-0.0046,-462,,,,,,,,,,,,,,,,,,,,,,,,,,,,,,,,,,,,,
,,,,,,,,,,,,,,,,,,,,,,,,,,,,,,,,,,,,,,,,
Week 2,,0.0247,2474,,,,,,,,,,,,,,,,,,,,,,,,,,,,,,,,,,,,,
,,,,,,,,,,,,,,,,,,,,,,,,,,,,,,,,,,,,,,,,
2025-09-12 00:00:00,2,-0.0003,-29,,,,,,,,,,,,,,,,,,,,,,,,,,,,,,,,,,,,,
2025-09-11 00:00:00,2,0.0007,66,,,,,,,,,,,,,,,,,,,,,,,,,,,,,,,,,,,,,
2025-09-10 00:00:00,8,0.024,2396,,,,,,,,,,,,,,,,,,,,,,,,,,,,,,,,,,,,,
2025-09-09 00:00:00,1,0.0004,40,,,,,,,,,,,,,,,,,,,,,,,,,,,,,,,,,,,,,
,,,,,,,,,,,,,,,,,,,,,,,,,,,,,,,,,,,,,,,,
Week 1,,0.0178,1779,,,,,,,,,,,,,,,,,,,,,,,,,,,,,,,,,,,,,
,,,,,,,,,,,,,,,,,,,,,,,,,,,,,,,,,,,,,,,,
2025-09-05 00:00:00,2,0.015,1496,,,,,,,,,,,,,,,,,,,,,,,,,,,,,,,,,,,,,
2025-09-04 00:00:00,8,0.0047,466,,,,,,,,,,,,,,,,,,,,,,,,,,,,,,,,,,,,,
2025-09-03 00:00:00,5,0.0039,394,,,,,,,,,,,,,,,,,,,,,,,,,,,,,,,,,,,,,
2025-09-02 00:00:00,3,-0.0058,-577,,,,,,,,,,,,,,,,,,,,,,,,,,,,,,,,,,,,,
,,,,,,,,,,,,,,,,,,,,,,,,,,,,,,,,,,,,,,,,
August,,0.1442,14424,,,,,,,,,,,,,,,,,,,,,,,,,,,,,,,,,,,,,
,,,,,,,,,,,,,,,,,,,,,,,,,,,,,,,,,,,,,,,,
Week 5,,-0.0627,-6272,,,,,,,,,,,,,,,,,,,,,,,,,,,,,,,,,,,,,
,,,,,,,,,,,,,,,,,,,,,,,,,,,,,,,,,,,,,,,,
2025-08-29 00:00:00,2,-0.076,-7595,,,,,,,,,,,,,,,,,,,,,,,,,,,,,,,,,,,,,
2025-08-28 00:00:00,2,-0.0035,-354,,,,,,,,,,,,,,,,,,,,,,,,,,,,,,,,,,,,,
2025-08-27 00:00:00,2,0.0168,1677,,,,,,,,,,,,,,,,,,,,,,,,,,,,,,,,,,,,,
,,,,,,,,,,,,,,,,,,,,,,,,,,,,,,,,,,,,,,,,
Week 4,,0.0329,3287,,,,,,,,,,,,,,,,,,,,,,,,,,,,,,,,,,,,,
,,,,,,,,,,,,,,,,,,,,,,,,,,,,,,,,,,,,,,,,
2025-08-22 00:00:00,12,0.0107,1075,,,,,,,,,,,,,,,,,,,,,,,,,,,,,,,,,,,,,
2025-08-21 00:00:00,5,0.0057,566,,,,,,,,,,,,,,,,,,,,,,,,,,,,,,,,,,,,,
2025-08-20 00:00:00,5,0.0165,1646,,,,,,,,,,,,,,,,,,,,,,,,,,,,,,,,,,,,,
,,,,,,,,,,,,,,,,,,,,,,,,,,,,,,,,,,,,,,,,
Week 3,,0.056,5601,,,,,,,,,,,,,,,,,,,,,,,,,,,,,,,,,,,,,
,,,,,,,,,,,,,,,,,,,,,,,,,,,,,,,,,,,,,,,,
2025-08-15 00:00:00,2,0.023,2296,,,,,,,,,,,,,,,,,,,,,,,,,,,,,,,,,,,,,
2025-08-14 00:00:00,1,0.0044,436,,,,,,,,,,,,,,,,,,,,,,,,,,,,,,,,,,,,,
2025-08-13 00:00:00,2,0.0076,762,,,,,,,,,,,,,,,,,,,,,,,,,,,,,,,,,,,,,
2025-08-12 00:00:00,5,0.0197,1972,,,,,,,,,,,,,,,,,,,,,,,,,,,,,,,,,,,,,
2025-08-11 00:00:00,1,0.0014,136,,,,,,,,,,,,,,,,,,,,,,,,,,,,,,,,,,,,,
,,,,,,,,,,,,,,,,,,,,,,,,,,,,,,,,,,,,,,,,
Week 2,,0.0838,8380,,,,,,,,,,,,,,,,,,,,,,,,,,,,,,,,,,,,,
,,,,,,,,,,,,,,,,,,,,,,,,,,,,,,,,,,,,,,,,
2025-08-08 00:00:00,1,0.0206,2058,,,,,,,,,,,,,,,,,,,,,,,,,,,,,,,,,,,,,
2025-08-07 00:00:00,5,0.0314,3137,,,,,,,,,,,,,,,,,,,,,,,,,,,,,,,,,,,,,
2025-08-06 00:00:00,3,0.0159,1593,,,,,,,,,,,,,,,,,,,,,,,,,,,,,,,,,,,,,
2025-08-04 00:00:00,72,0.0159,1591,,,,,,,,,,,,,,,,,,,,,,,,,,,,,,,,,,,,,
,,,,,,,,,,,,,,,,,,,,,,,,,,,,,,,,,,,,,,,,
Week 1 ,,0.0343,3429,,,,,,,,,,,,,,,,,,,,,,,,,,,,,,,,,,,,,
,,,,,,,,,,,,,,,,,,,,,,,,,,,,,,,,,,,,,,,,
2025-08-01 00:00:00,10,0.0343,3429,,,,,,,,,,,,,,,,,,,,,,,,,,,,,,,,,,,,,
,,,,,,,,,,,,,,,,,,,,,,,,,,,,,,,,,,,,,,,,
July,,0.1113,11126,,,,,,,,,,,,,,,,,,,,,,,,,,,,,,,,,,,,,
,,,,,,,,,,,,,,,,,,,,,,,,,,,,,,,,,,,,,,,,
Week 5,,0.0015,150,,,,,,,,,,,,,,,,,,,,,,,,,,,,,,,,,,,,,
,,,,,,,,,,,,,,,,,,,,,,,,,,,,,,,,,,,,,,,,
2025-07-31 00:00:00,2,0.0044,440,,,,,,,,,,,,,,,,,,,,,,,,,,,,,,,,,,,,,
2025-07-29 00:00:00,7,-0.0029,-290,,,,,,,,,,,,,,,,,,,,,,,,,,,,,,,,,,,,,
,,,,,,,,,,,,,,,,,,,,,,,,,,,,,,,,,,,,,,,,
Week 4,,0.0562,5617,,,,,,,,,,,,,,,,,,,,,,,,,,,,,,,,,,,,,
,,,,,,,,,,,,,,,,,,,,,,,,,,,,,,,,,,,,,,,,
2025-07-25 00:00:00,3,0.0074,741,,,,,,,,,,,,,,,,,,,,,,,,,,,,,,,,,,,,,
2025-07-24 00:00:00,1,0.0155,1551,,,,,,,,,,,,,,,,,,,,,,,,,,,,,,,,,,,,,
2025-07-23 00:00:00,2,0.0269,2688,,,,,,,,,,,,,,,,,,,,,,,,,,,,,,,,,,,,,
2025-07-22 00:00:00,3,0.0064,637,,,,,,,,,,,,,,,,,,,,,,,,,,,,,,,,,,,,,
2025-07-21 00:00:00,8,0,0,,,,,,,,,,,,,,,,,,,,,,,,,,,,,,,,,,,,,
,,,,,,,,,,,,,,,,,,,,,,,,,,,,,,,,,,,,,,,,
Week 3,,-0.0005,-48,,,,,,,,,,,,,,,,,,,,,,,,,,,,,,,,,,,,,
,,,,,,,,,,,,,,,,,,,,,,,,,,,,,,,,,,,,,,,,
2025-07-17 00:00:00,2,0.0098,981,,,,,,,,,,,,,,,,,,,,,,,,,,,,,,,,,,,,,
2025-07-16 00:00:00,2,0.016,1600,,,,,,,,,,,,,,,,,,,,,,,,,,,,,,,,,,,,,
2025-07-15 00:00:00,1,-0.0324,-3238,,,,,,,,,,,,,,,,,,,,,,,,,,,,,,,,,,,,,
2025-07-14 00:00:00,2,0.0061,609,,,,,,,,,,,,,,,,,,,,,,,,,,,,,,,,,,,,,
,,,,,,,,,,,,,,,,,,,,,,,,,,,,,,,,,,,,,,,,
Week 2,,0.0452,4516,,,,,,,,,,,,,,,,,,,,,,,,,,,,,,,,,,,,,
,,,,,,,,,,,,,,,,,,,,,,,,,,,,,,,,,,,,,,,,
2025-07-11 00:00:00,5,0.0282,2823,,,,,,,,,,,,,,,,,,,,,,,,,,,,,,,,,,,,,
2025-07-09 00:00:00,1,0.0016,160,,,,,,,,,,,,,,,,,,,,,,,,,,,,,,,,,,,,,
2025-07-07 00:00:00,16,0.0153,1533,,,,,,,,,,,,,,,,,,,,,,,,,,,,,,,,,,,,,
,,,,,,,,,,,,,,,,,,,,,,,,,,,,,,,,,,,,,,,,
Week 5,,0.0089,891,,,,,,,,,,,,,,,,,,,,,,,,,,,,,,,,,,,,,
,,,,,,,,,,,,,,,,,,,,,,,,,,,,,,,,,,,,,,,,
2025-07-03 00:00:00,1,0.0038,385,,,,,,,,,,,,,,,,,,,,,,,,,,,,,,,,,,,,,
2025-07-02 00:00:00,1,0.0085,848,,,,,,,,,,,,,,,,,,,,,,,,,,,,,,,,,,,,,
2025-07-01 00:00:00,1,-0.0034,-342,,,,,,,,,,,,,,,,,,,,,,,,,,,,,,,,,,,,,
,,,,,,,,,,,,,,,,,,,,,,,,,,,,,,,,,,,,,,,,
June,,0.1635,16354,,,,,,,,,,,,,,,,,,,,,,,,,,,,,,,,,,,,,
,,,,,,,,,,,,,,,,,,,,,,,,,,,,,,,,,,,,,,,,
Week 5,,0.0139,1388,,,,,,,,,,,,,,,,,,,,,,,,,,,,,,,,,,,,,
,,,,,,,,,,,,,,,,,,,,,,,,,,,,,,,,,,,,,,,,
2025-06-30 00:00:00,10,0.0139,1388,,,,,,,,,,,,,,,,,,,,,,,,,,,,,,,,,,,,,
,,,,,,,,,,,,,,,,,,,,,,,,,,,,,,,,,,,,,,,,
Week 4,,0.0274,2743,,,,,,,,,,,,,,,,,,,,,,,,,,,,,,,,,,,,,
,,,,,,,,,,,,,,,,,,,,,,,,,,,,,,,,,,,,,,,,
2025-06-27 00:00:00,3,0.0032,316,,,,,,,,,,,,,,,,,,,,,,,,,,,,,,,,,,,,,
2025-06-24 00:00:00,6,0.002,196,,,,,,,,,,,,,,,,,,,,,,,,,,,,,,,,,,,,,
2025-06-23 00:00:00,2,0.0223,2232,,,,,,,,,,,,,,,,,,,,,,,,,,,,,,,,,,,,,
,,,,,,,,,,,,,,,,,,,,,,,,,,,,,,,,,,,,,,,,
Week 3,,0.0391,3915,,,,,,,,,,,,,,,,,,,,,,,,,,,,,,,,,,,,,
,,,,,,,,,,,,,,,,,,,,,,,,,,,,,,,,,,,,,,,,
2025-06-20 00:00:00,2,0.0034,337,,,,,,,,,,,,,,,,,,,,,,,,,,,,,,,,,,,,,
2025-06-17 00:00:00,1,0.0013,135,,,,,,,,,,,,,,,,,,,,,,,,,,,,,,,,,,,,,
2025-06-16 00:00:00,4,0.0344,3443,,,,,,,,,,,,,,,,,,,,,,,,,,,,,,,,,,,,,
,,,,,,,,,,,,,,,,,,,,,,,,,,,,,,,,,,,,,,,,
Week 2,,0.0714,7144,,,,,,,,,,,,,,,,,,,,,,,,,,,,,,,,,,,,,
,,,,,,,,,,,,,,,,,,,,,,,,,,,,,,,,,,,,,,,,
2025-06-13 00:00:00,2,0.0655,6552,,,,,,,,,,,,,,,,,,,,,,,,,,,,,,,,,,,,,
2025-06-12 00:00:00,2,0.0059,592,,,,,,,,,,,,,,,,,,,,,,,,,,,,,,,,,,,,,
,,,,,,,,,,,,,,,,,,,,,,,,,,,,,,,,,,,,,,,,
Week 1,,0.0116,1164,,,,,,,,,,,,,,,,,,,,,,,,,,,,,,,,,,,,,
,,,,,,,,,,,,,,,,,,,,,,,,,,,,,,,,,,,,,,,,
2025-06-06 00:00:00,1,0.0007,67,,,,,,,,,,,,,,,,,,,,,,,,,,,,,,,,,,,,,
2025-06-04 00:00:00,1,-0.0003,-27,,,,,,,,,,,,,,,,,,,,,,,,,,,,,,,,,,,,,
2025-06-02 00:00:00,2,0.0112,1123,,,,,,,,,,,,,,,,,,,,,,,,,,,,,,,,,,,,,
,,,,,,,,,,,,,,,,,,,,,,,,,,,,,,,,,,,,,,,,
May,,0.132,13205,,,,,,,,,,,,,,,,,,,,,,,,,,,,,,,,,,,,,
,,,,,,,,,,,,,,,,,,,,,,,,,,,,,,,,,,,,,,,,
Week 5,,0.0528,5280,,,,,,,,,,,,,,,,,,,,,,,,,,,,,,,,,,,,,
,,,,,,,,,,,,,,,,,,,,,,,,,,,,,,,,,,,,,,,,
2025-05-29 00:00:00,5,0.018,1798,,,,,,,,,,,,,,,,,,,,,,,,,,,,,,,,,,,,,
2025-05-28 00:00:00,1,0.0102,1024,,,,,,,,,,,,,,,,,,,,,,,,,,,,,,,,,,,,,
2025-05-27 00:00:00,6,0.0246,2459,,,,,,,,,,,,,,,,,,,,,,,,,,,,,,,,,,,,,
,,,,,,,,,,,,,,,,,,,,,,,,,,,,,,,,,,,,,,,,
Week 4,,0.0318,3177,,,,,,,,,,,,,,,,,,,,,,,,,,,,,,,,,,,,,
,,,,,,,,,,,,,,,,,,,,,,,,,,,,,,,,,,,,,,,,
2025-05-23 00:00:00,3,0.0034,335,,,,,,,,,,,,,,,,,,,,,,,,,,,,,,,,,,,,,
2025-05-21 00:00:00,6,0.0268,2677,,,,,,,,,,,,,,,,,,,,,,,,,,,,,,,,,,,,,
2025-05-20 00:00:00,1,0.0016,164,,,,,,,,,,,,,,,,,,,,,,,,,,,,,,,,,,,,,
,,,,,,,,,,,,,,,,,,,,,,,,,,,,,,,,,,,,,,,,
Week 3,,0.0128,1282,,,,,,,,,,,,,,,,,,,,,,,,,,,,,,,,,,,,,
,,,,,,,,,,,,,,,,,,,,,,,,,,,,,,,,,,,,,,,,
2025-05-16 00:00:00,1,0.0004,41,,,,,,,,,,,,,,,,,,,,,,,,,,,,,,,,,,,,,
2025-05-15 00:00:00,18,0.0054,543,,,,,,,,,,,,,,,,,,,,,,,,,,,,,,,,,,,,,
2025-05-14 00:00:00,2,0.0054,538,,,,,,,,,,,,,,,,,,,,,,,,,,,,,,,,,,,,,
2025-05-12 00:00:00,2,0.0016,159,,,,,,,,,,,,,,,,,,,,,,,,,,,,,,,,,,,,,
,,,,,,,,,,,,,,,,,,,,,,,,,,,,,,,,,,,,,,,,
Week 2,,0.0242,2421,,,,,,,,,,,,,,,,,,,,,,,,,,,,,,,,,,,,,
,,,,,,,,,,,,,,,,,,,,,,,,,,,,,,,,,,,,,,,,
2025-05-07 00:00:00,2,0.0009,92,,,,,,,,,,,,,,,,,,,,,,,,,,,,,,,,,,,,,
2025-05-06 00:00:00,3,0.0233,2329,,,,,,,,,,,,,,,,,,,,,,,,,,,,,,,,,,,,,
,,,,,,,,,,,,,,,,,,,,,,,,,,,,,,,,,,,,,,,,
Week 5,,0.0104,1045,,,,,,,,,,,,,,,,,,,,,,,,,,,,,,,,,,,,,
,,,,,,,,,,,,,,,,,,,,,,,,,,,,,,,,,,,,,,,,
2025-05-02 00:00:00,3,0.0095,949,,,,,,,,,,,,,,,,,,,,,,,,,,,,,,,,,,,,,
2025-05-01 00:00:00,3,0.001,96,,,,,,,,,,,,,,,,,,,,,,,,,,,,,,,,,,,,,
,,,,,,,,,,,,,,,,,,,,,,,,,,,,,,,,,,,,,,,,
April,,0.2003,20027,,,,,,,,,,,,,,,,,,,,,,,,,,,,,,,,,,,,,
,,,,,,,,,,,,,,,,,,,,,,,,,,,,,,,,,,,,,,,,
Week 5,,0.004,402,,,,,,,,,,,,,,,,,,,,,,,,,,,,,,,,,,,,,
,,,,,,,,,,,,,,,,,,,,,,,,,,,,,,,,,,,,,,,,
2025-04-29 00:00:00,3,0.006,596,,,,,,,,,,,,,,,,,,,,,,,,,,,,,,,,,,,,,
2025-04-28 00:00:00,2,-0.0019,-194,,,,,,,,,,,,,,,,,,,,,,,,,,,,,,,,,,,,,
,,,,,,,,,,,,,,,,,,,,,,,,,,,,,,,,,,,,,,,,
Week 4,,0.0302,3016,,,,,,,,,,,,,,,,,,,,,,,,,,,,,,,,,,,,,
,,,,,,,,,,,,,,,,,,,,,,,,,,,,,,,,,,,,,,,,
2025-04-25 00:00:00,6,-0.0089,-891,,,,,,,,,,,,,,,,,,,,,,,,,,,,,,,,,,,,,
2025-04-24 00:00:00,4,0.0176,1764,,,,,,,,,,,,,,,,,,,,,,,,,,,,,,,,,,,,,
2025-04-23 00:00:00,13,0.0111,1112,,,,,,,,,,,,,,,,,,,,,,,,,,,,,,,,,,,,,
2025-04-22 00:00:00,70,0.0141,1405,,,,,,,,,,,,,,,,,,,,,,,,,,,,,,,,,,,,,
2025-04-21 00:00:00,2,-0.0037,-374,,,,,,,,,,,,,,,,,,,,,,,,,,,,,,,,,,,,,
,,,,,,,,,,,,,,,,,,,,,,,,,,,,,,,,,,,,,,,,
Week 3,,0.0629,6291,,,,,,,,,,,,,,,,,,,,,,,,,,,,,,,,,,,,,
,,,,,,,,,,,,,,,,,,,,,,,,,,,,,,,,,,,,,,,,
2025-04-17 00:00:00,23,0.0267,2674,,,,,,,,,,,,,,,,,,,,,,,,,,,,,,,,,,,,,
2025-04-16 00:00:00,4,0.0199,1986,,,,,,,,,,,,,,,,,,,,,,,,,,,,,,,,,,,,,
2025-04-15 00:00:00,7,0.0045,446,,,,,,,,,,,,,,,,,,,,,,,,,,,,,,,,,,,,,
2025-04-14 00:00:00,117,0.0119,1185,,,,,,,,,,,,,,,,,,,,,,,,,,,,,,,,,,,,,
,,,,,,,,,,,,,,,,,,,,,,,,,,,,,,,,,,,,,,,,
Week 2,,0.0749,7490,,,,,,,,,,,,,,,,,,,,,,,,,,,,,,,,,,,,,
,,,,,,,,,,,,,,,,,,,,,,,,,,,,,,,,,,,,,,,,
2025-04-11 00:00:00,44,0.0105,1047,,,,,,,,,,,,,,,,,,,,,,,,,,,,,,,,,,,,,
2025-04-10 00:00:00,4,0.0001,15,,,,,,,,,,,,,,,,,,,,,,,,,,,,,,,,,,,,,
2025-04-09 00:00:00,489,0.0294,2943,,,,,,,,,,,,,,,,,,,,,,,,,,,,,,,,,,,,,
2025-04-08 00:00:00,2,0.0008,82,,,,,,,,,,,,,,,,,,,,,,,,,,,,,,,,,,,,,
2025-04-07 00:00:00,3,0.034,3403,,,,,,,,,,,,,,,,,,,,,,,,,,,,,,,,,,,,,
,,,,,,,,,,,,,,,,,,,,,,,,,,,,,,,,,,,,,,,,
Week 5,,0.0283,2829,,,,,,,,,,,,,,,,,,,,,,,,,,,,,,,,,,,,,
,,,,,,,,,,,,,,,,,,,,,,,,,,,,,,,,,,,,,,,,
2025-04-04 00:00:00,3,0.008,798,,,,,,,,,,,,,,,,,,,,,,,,,,,,,,,,,,,,,
2025-04-02 00:00:00,25,0.0164,1637,,,,,,,,,,,,,,,,,,,,,,,,,,,,,,,,,,,,,
2025-04-01 00:00:00,32,0.0039,393,,,,,,,,,,,,,,,,,,,,,,,,,,,,,,,,,,,,,
,,,,,,,,,,,,,,,,,,,,,,,,,,,,,,,,,,,,,,,,
March,,0.0074,742,,,,,,,,,,,,,,,,,,,,,,,,,,,,,,,,,,,,,
,,,,,,,,,,,,,,,,,,,,,,,,,,,,,,,,,,,,,,,,
Week 5,,0.0177,1770,,,,,,,,,,,,,,,,,,,,,,,,,,,,,,,,,,,,,
2025-03-31 00:00:00,2,0.0177,1770,,,,,,,,,,,,,,,,,,,,,,,,,,,,,,,,,,,,,
,,,,,,,,,,,,,,,,,,,,,,,,,,,,,,,,,,,,,,,,
Week 4,,0.0396,3962,,,,,,,,,,,,,,,,,,,,,,,,,,,,,,,,,,,,,
,,,,,,,,,,,,,,,,,,,,,,,,,,,,,,,,,,,,,,,,
2025-03-28 00:00:00,16,0,4,,,,,,,,,,,,,,,,,,,,,,,,,,,,,,,,,,,,,
2025-03-27 00:00:00,2,0.0155,1549,,,,,,,,,,,,,,,,,,,,,,,,,,,,,,,,,,,,,
2025-03-26 00:00:00,1,0.0005,49,,,,,,,,,,,,,,,,,,,,,,,,,,,,,,,,,,,,,
2025-03-24 00:00:00,26,0.0236,2360,,,,,,,,,,,,,,,,,,,,,,,,,,,,,,,,,,,,,
,,,,,,,,,,,,,,,,,,,,,,,,,,,,,,,,,,,,,,,,
Week 3,,-0.01,-1001,,,,,,,,,,,,,,,,,,,,,,,,,,,,,,,,,,,,,
,,,,,,,,,,,,,,,,,,,,,,,,,,,,,,,,,,,,,,,,
2025-03-21 00:00:00,2,0.0007,72,,,,,,,,,,,,,,,,,,,,,,,,,,,,,,,,,,,,,
2025-03-20 00:00:00,3,0.0004,37,,,,,,,,,,,,,,,,,,,,,,,,,,,,,,,,,,,,,
2025-03-19 00:00:00,42,0.0107,1069,,,,,,,,,,,,,,,,,,,,,,,,,,,,,,,,,,,,,
2025-03-18 00:00:00,1,0.0007,70,,,,,,,,,,,,,,,,,,,,,,,,,,,,,,,,,,,,,
2025-03-17 00:00:00,28,-0.0225,-2249,,,,,,,,,,,,,,,,,,,,,,,,,,,,,,,,,,,,,
,,,,,,,,,,,,,,,,,,,,,,,,,,,,,,,,,,,,,,,,
Week 2,,-0.0691,-6906,,,,,,,,,,,,,,,,,,,,,,,,,,,,,,,,,,,,,
,,,,,,,,,,,,,,,,,,,,,,,,,,,,,,,,,,,,,,,,
2025-03-14 00:00:00,186,-0.0346,-3463,,,,,,,,,,,,,,,,,,,,,,,,,,,,,,,,,,,,,
2025-03-13 00:00:00,3,0.0035,349,,,,,,,,,,,,,,,,,,,,,,,,,,,,,,,,,,,,,
2025-03-12 00:00:00,20,-0.0274,-2739,,,,,,,,,,,,,,,,,,,,,,,,,,,,,,,,,,,,,
2025-03-11 00:00:00,6,-0.0122,-1218,,,,,,,,,,,,,,,,,,,,,,,,,,,,,,,,,,,,,
2025-03-10 00:00:00,1,0.0016,165,,,,,,,,,,,,,,,,,,,,,,,,,,,,,,,,,,,,,
,,,,,,,,,,,,,,,,,,,,,,,,,,,,,,,,,,,,,,,,
Week 1,,0.0292,2918,,,,,,,,,,,,,,,,,,,,,,,,,,,,,,,,,,,,,
,,,,,,,,,,,,,,,,,,,,,,,,,,,,,,,,,,,,,,,,
2025-03-07 00:00:00,46,0.0047,474,,,,,,,,,,,,,,,,,,,,,,,,,,,,,,,,,,,,,
2025-03-05 00:00:00,54,0.0044,438,,,,,,,,,,,,,,,,,,,,,,,,,,,,,,,,,,,,,
2025-03-03 00:00:00,8,0.0201,2006,,,,,,,,,,,,,,,,,,,,,,,,,,,,,,,,,,,,,
,,,,,,,,,,,,,,,,,,,,,,,,,,,,,,,,,,,,,,,,
February,,0.1302,13024,,,,,,,,,,,,,,,,,,,,,,,,,,,,,,,,,,,,,
,,,,,,,,,,,,,,,,,,,,,,,,,,,,,,,,,,,,,,,,
Week 4,,0.0459,4586,,,,,,,,,,,,,,,,,,,,,,,,,,,,,,,,,,,,,
2025-02-28 00:00:00,10,0.0144,1437,,,,,,,,,,,,,,,,,,,,,,,,,,,,,,,,,,,,,
2025-02-26 00:00:00,20,0.0043,434,,,,,,,,,,,,,,,,,,,,,,,,,,,,,,,,,,,,,
2025-02-25 00:00:00,2,0.0272,2715,,,,,,,,,,,,,,,,,,,,,,,,,,,,,,,,,,,,,
,,,,,,,,,,,,,,,,,,,,,,,,,,,,,,,,,,,,,,,,
Week 3,,-0.0008,-79,,,,,,,,,,,,,,,,,,,,,,,,,,,,,,,,,,,,,
2025-02-19 00:00:00,1,-0.0008,-79,,,,,,,,,,,,,,,,,,,,,,,,,,,,,,,,,,,,,
,,,,,,,,,,,,,,,,,,,,,,,,,,,,,,,,,,,,,,,,
Week 2,,0.0466,4659,,,,,,,,,,,,,,,,,,,,,,,,,,,,,,,,,,,,,
,,,,,,,,,,,,,,,,,,,,,,,,,,,,,,,,,,,,,,,,
2025-02-14 00:00:00,3,0.0028,282,,,,,,,,,,,,,,,,,,,,,,,,,,,,,,,,,,,,,
2025-02-13 00:00:00,6,0.0033,334,,,,,,,,,,,,,,,,,,,,,,,,,,,,,,,,,,,,,
2025-02-12 00:00:00,3,0.0038,379,,,,,,,,,,,,,,,,,,,,,,,,,,,,,,,,,,,,,
2025-02-11 00:00:00,1,0.016,1605,,,,,,,,,,,,,,,,,,,,,,,,,,,,,,,,,,,,,
2025-02-10 00:00:00,2,0.0206,2060,,,,,,,,,,,,,,,,,,,,,,,,,,,,,,,,,,,,,
,,,,,,,,,,,,,,,,,,,,,,,,,,,,,,,,,,,,,,,,
Week 1,,0.0386,3857,,,,,,,,,,,,,,,,,,,,,,,,,,,,,,,,,,,,,
,,,,,,,,,,,,,,,,,,,,,,,,,,,,,,,,,,,,,,,,
2025-02-07 00:00:00,2,0.0122,1218,,,,,,,,,,,,,,,,,,,,,,,,,,,,,,,,,,,,,
2025-02-06 00:00:00,1,0.0004,41,,,,,,,,,,,,,,,,,,,,,,,,,,,,,,,,,,,,,
2025-02-04 00:00:00,4,0.022,2205,,,,,,,,,,,,,,,,,,,,,,,,,,,,,,,,,,,,,
2025-02-03 00:00:00,2,0.0039,394,,,,,,,,,,,,,,,,,,,,,,,,,,,,,,,,,,,,,
,,,,,,,,,,,,,,,,,,,,,,,,,,,,,,,,,,,,,,,,
January,,0.1907,19065,,,,,,,,,,,,,,,,,,,,,,,,,,,,,,,,,,,,,
,,,,,,,,,,,,,,,,,,,,,,,,,,,,,,,,,,,,,,,,
Week 5,,0.0322,3219,,,,,,,,,,,,,,,,,,,,,,,,,,,,,,,,,,,,,
,,,,,,,,,,,,,,,,,,,,,,,,,,,,,,,,,,,,,,,,
2025-01-31 00:00:00,1,0.0006,62,,,,,,,,,,,,,,,,,,,,,,,,,,,,,,,,,,,,,
2025-01-30 00:00:00,2,0.0138,1378,,,,,,,,,,,,,,,,,,,,,,,,,,,,,,,,,,,,,
2025-01-29 00:00:00,6,0.0114,1140,,,,,,,,,,,,,,,,,,,,,,,,,,,,,,,,,,,,,
2025-01-28 00:00:00,1,0.0008,83,,,,,,,,,,,,,,,,,,,,,,,,,,,,,,,,,,,,,
2025-01-27 00:00:00,2,0.0056,556,,,,,,,,,,,,,,,,,,,,,,,,,,,,,,,,,,,,,
,,,,,,,,,,,,,,,,,,,,,,,,,,,,,,,,,,,,,,,,
Week 4,,0.0887,8866,,,,,,,,,,,,,,,,,,,,,,,,,,,,,,,,,,,,,
,,,,,,,,,,,,,,,,,,,,,,,,,,,,,,,,,,,,,,,,
2025-01-24 00:00:00,1,0.0012,125,,,,,,,,,,,,,,,,,,,,,,,,,,,,,,,,,,,,,
2025-01-23 00:00:00,2,0.0022,219,,,,,,,,,,,,,,,,,,,,,,,,,,,,,,,,,,,,,
2025-01-22 00:00:00,1,0.0334,3340,,,,,,,,,,,,,,,,,,,,,,,,,,,,,,,,,,,,,
2025-01-21 00:00:00,6,0.0518,5183,,,,,,,,,,,,,,,,,,,,,,,,,,,,,,,,,,,,,
,,,,,,,,,,,,,,,,,,,,,,,,,,,,,,,,,,,,,,,,
Week 3,,0.0289,2890,,,,,,,,,,,,,,,,,,,,,,,,,,,,,,,,,,,,,
,,,,,,,,,,,,,,,,,,,,,,,,,,,,,,,,,,,,,,,,
2025-01-17 00:00:00,8,-0.0022,-216,,,,,,,,,,,,,,,,,,,,,,,,,,,,,,,,,,,,,
2025-01-16 00:00:00,2,0.0116,1155,,,,,,,,,,,,,,,,,,,,,,,,,,,,,,,,,,,,,
2025-01-15 00:00:00,79,0.0067,667,,,,,,,,,,,,,,,,,,,,,,,,,,,,,,,,,,,,,
2025-01-14 00:00:00,155,0.0086,861,,,,,,,,,,,,,,,,,,,,,,,,,,,,,,,,,,,,,
2025-01-13 00:00:00,35,0.0042,424,,,,,,,,,,,,,,,,,,,,,,,,,,,,,,,,,,,,,
,,,,,,,,,,,,,,,,,,,,,,,,,,,,,,,,,,,,,,,,
Week 2,,0.0409,4090,,,,,,,,,,,,,,,,,,,,,,,,,,,,,,,,,,,,,
,,,,,,,,,,,,,,,,,,,,,,,,,,,,,,,,,,,,,,,,
2025-01-10 00:00:00,1,0.0133,1329,,,,,,,,,,,,,,,,,,,,,,,,,,,,,,,,,,,,,
2025-01-08 00:00:00,7,0.0076,759,,,,,,,,,,,,,,,,,,,,,,,,,,,,,,,,,,,,,
2025-01-07 00:00:00,1,0.0114,1143,,,,,,,,,,,,,,,,,,,,,,,,,,,,,,,,,,,,,
2025-01-06 00:00:00,8,0.0086,859,,,,,,,,,,,,,,,,,,,,,,,,,,,,,,,,,,,,,
Best By Max DD (1BR),2024,1.102,0.26,,110223,,1,1.102,-0.263,,0.084,2281,190.0833333,0.79,0.7,707,0.007,3.26,3,18,2,11,1,6,3.8,1803,2.5,10.7,-15127,-0.151,-27422,-0.274,-27380,-0.274,0.79,0.781,0.811,1483,-2223,0.833
Date,# of Sold Branches,Profit % Realized Only,Profit $ Realized Only,,,,,,,,,,,,,,,,,,,,,,,,,,,,,,,,,,,,,
,,,,,,,,,,,,,,,,,,,,,,,,,,,,,,,,,,,,,,,,
2024 To Date,,1.1022,110223,,,,,,,,,,,,,,,,,,,,,,,,,,,,,,,,,,,,,
,,,,,,,,,,,,,,,,,,,,,,,,,,,,,,,,,,,,,,,,
December,,0.1546,15455,,,,,,,,,,,,,,,,,,,,,,,,,,,,,,,,,,,,,
,,,,,,,,,,,,,,,,,,,,,,,,,,,,,,,,,,,,,,,,
Week 5,,0.0097,974,,,,,,,,,,,,,,,,,,,,,,,,,,,,,,,,,,,,,
2024-12-31 00:00:00,14,0.0093,928,,,,,,,,,,,,,,,,,,,,,,,,,,,,,,,,,,,,,
2024-12-30 00:00:00,11,0.0005,46,,,,,,,,,,,,,,,,,,,,,,,,,,,,,,,,,,,,,
Week 4,,0.0431,4309,,,,,,,,,,,,,,,,,,,,,,,,,,,,,,,,,,,,,
2024-12-27 00:00:00,1,0.0458,4578,,,,,,,,,,,,,,,,,,,,,,,,,,,,,,,,,,,,,
2024-12-26 00:00:00,21,0.006,601,,,,,,,,,,,,,,,,,,,,,,,,,,,,,,,,,,,,,
2024-12-24 00:00:00,176,0.0029,293,,,,,,,,,,,,,,,,,,,,,,,,,,,,,,,,,,,,,
2024-12-23 00:00:00,31,-0.0116,-1163,,,,,,,,,,,,,,,,,,,,,,,,,,,,,,,,,,,,,
Week 3,,0.0079,791,,,,,,,,,,,,,,,,,,,,,,,,,,,,,,,,,,,,,
2024-12-20 00:00:00,132,0.0028,277,,,,,,,,,,,,,,,,,,,,,,,,,,,,,,,,,,,,,
2024-12-17 00:00:00,7,-0.0044,-438,,,,,,,,,,,,,,,,,,,,,,,,,,,,,,,,,,,,,
2024-12-16 00:00:00,1,0.0095,952,,,,,,,,,,,,,,,,,,,,,,,,,,,,,,,,,,,,,
Week 2,,0.0878,8782,,,,,,,,,,,,,,,,,,,,,,,,,,,,,,,,,,,,,
2024-12-11 00:00:00,10,0.02,2002,,,,,,,,,,,,,,,,,,,,,,,,,,,,,,,,,,,,,
2024-12-10 00:00:00,2,0.0603,6032,,,,,,,,,,,,,,,,,,,,,,,,,,,,,,,,,,,,,
2024-12-09 00:00:00,3,0.0075,747,,,,,,,,,,,,,,,,,,,,,,,,,,,,,,,,,,,,,
Week 1,,0.006,600,,,,,,,,,,,,,,,,,,,,,,,,,,,,,,,,,,,,,
2024-12-06 00:00:00,3,0.0126,1262,,,,,,,,,,,,,,,,,,,,,,,,,,,,,,,,,,,,,
2024-12-05 00:00:00,7,0.0035,348,,,,,,,,,,,,,,,,,,,,,,,,,,,,,,,,,,,,,
2024-12-04 00:00:00,1,0.0079,793,,,,,,,,,,,,,,,,,,,,,,,,,,,,,,,,,,,,,
2024-12-03 00:00:00,6,-0.018,-1804,,,,,,,,,,,,,,,,,,,,,,,,,,,,,,,,,,,,,
,,,,,,,,,,,,,,,,,,,,,,,,,,,,,,,,,,,,,,,,
November,,0.0977,9767,,,,,,,,,,,,,,,,,,,,,,,,,,,,,,,,,,,,,
,,,,,,,,,,,,,,,,,,,,,,,,,,,,,,,,,,,,,,,,
Week 5,,0.0244,2438,,,,,,,,,,,,,,,,,,,,,,,,,,,,,,,,,,,,,
2024-11-29 00:00:00,6,0.0143,1426,,,,,,,,,,,,,,,,,,,,,,,,,,,,,,,,,,,,,
2024-11-27 00:00:00,4,0.0049,490,,,,,,,,,,,,,,,,,,,,,,,,,,,,,,,,,,,,,
2024-11-26 00:00:00,5,-0.012,-1198,,,,,,,,,,,,,,,,,,,,,,,,,,,,,,,,,,,,,
2024-11-25 00:00:00,12,0.0172,1720,,,,,,,,,,,,,,,,,,,,,,,,,,,,,,,,,,,,,
Week 4,,0.0299,2986,,,,,,,,,,,,,,,,,,,,,,,,,,,,,,,,,,,,,
2024-11-22 00:00:00,10,0.0053,527,,,,,,,,,,,,,,,,,,,,,,,,,,,,,,,,,,,,,
2024-11-21 00:00:00,5,0.0024,237,,,,,,,,,,,,,,,,,,,,,,,,,,,,,,,,,,,,,
2024-11-20 00:00:00,8,0.0062,618,,,,,,,,,,,,,,,,,,,,,,,,,,,,,,,,,,,,,
2024-11-19 00:00:00,15,0.005,500,,,,,,,,,,,,,,,,,,,,,,,,,,,,,,,,,,,,,
2024-11-18 00:00:00,43,0.011,1104,,,,,,,,,,,,,,,,,,,,,,,,,,,,,,,,,,,,,
Week 3,,-0.0066,-664,,,,,,,,,,,,,,,,,,,,,,,,,,,,,,,,,,,,,
2024-11-15 00:00:00,5,0.0151,1510,,,,,,,,,,,,,,,,,,,,,,,,,,,,,,,,,,,,,
2024-11-14 00:00:00,15,0.002,204,,,,,,,,,,,,,,,,,,,,,,,,,,,,,,,,,,,,,
2024-11-13 00:00:00,3,0.0015,149,,,,,,,,,,,,,,,,,,,,,,,,,,,,,,,,,,,,,
2024-11-12 00:00:00,7,-0.0006,-63,,,,,,,,,,,,,,,,,,,,,,,,,,,,,,,,,,,,,
2024-11-11 00:00:00,3,-0.0246,-2463,,,,,,,,,,,,,,,,,,,,,,,,,,,,,,,,,,,,,
Week 2,,0.0482,4825,,,,,,,,,,,,,,,,,,,,,,,,,,,,,,,,,,,,,
2024-11-08 00:00:00,3,0.0054,537,,,,,,,,,,,,,,,,,,,,,,,,,,,,,,,,,,,,,
2024-11-07 00:00:00,46,0.0044,438,,,,,,,,,,,,,,,,,,,,,,,,,,,,,,,,,,,,,
2024-11-06 00:00:00,10,0.0102,1018,,,,,,,,,,,,,,,,,,,,,,,,,,,,,,,,,,,,,
2024-11-05 00:00:00,61,0.0133,1327,,,,,,,,,,,,,,,,,,,,,,,,,,,,,,,,,,,,,
2024-11-04 00:00:00,10,0.0151,1505,,,,,,,,,,,,,,,,,,,,,,,,,,,,,,,,,,,,,
Week 1,,0.0018,182,,,,,,,,,,,,,,,,,,,,,,,,,,,,,,,,,,,,,
2024-11-01 00:00:00,7,0.0018,182,,,,,,,,,,,,,,,,,,,,,,,,,,,,,,,,,,,,,
,,,,,,,,,,,,,,,,,,,,,,,,,,,,,,,,,,,,,,,,
October,,0.1661,16611,,,,,,,,,,,,,,,,,,,,,,,,,,,,,,,,,,,,,
,,,,,,,,,,,,,,,,,,,,,,,,,,,,,,,,,,,,,,,,
Week 5,,0.0933,9331,,,,,,,,,,,,,,,,,,,,,,,,,,,,,,,,,,,,,
2024-10-31 00:00:00,2,0.0791,7905,,,,,,,,,,,,,,,,,,,,,,,,,,,,,,,,,,,,,
2024-10-30 00:00:00,8,0.0013,133,,,,,,,,,,,,,,,,,,,,,,,,,,,,,,,,,,,,,
2024-10-29 00:00:00,6,0.0088,877,,,,,,,,,,,,,,,,,,,,,,,,,,,,,,,,,,,,,
2024-10-28 00:00:00,11,0.0042,415,,,,,,,,,,,,,,,,,,,,,,,,,,,,,,,,,,,,,
Week 4,,0.033,3296,,,,,,,,,,,,,,,,,,,,,,,,,,,,,,,,,,,,,
2024-10-25 00:00:00,9,0.001,101,,,,,,,,,,,,,,,,,,,,,,,,,,,,,,,,,,,,,
2024-10-24 00:00:00,36,0.0027,273,,,,,,,,,,,,,,,,,,,,,,,,,,,,,,,,,,,,,
2024-10-23 00:00:00,9,0.0067,669,,,,,,,,,,,,,,,,,,,,,,,,,,,,,,,,,,,,,
2024-10-22 00:00:00,3,0.0029,295,,,,,,,,,,,,,,,,,,,,,,,,,,,,,,,,,,,,,
2024-10-21 00:00:00,8,0.0196,1959,,,,,,,,,,,,,,,,,,,,,,,,,,,,,,,,,,,,,
Week 3,,0.0058,579,,,,,,,,,,,,,,,,,,,,,,,,,,,,,,,,,,,,,
2024-10-18 00:00:00,6,0.0004,37,,,,,,,,,,,,,,,,,,,,,,,,,,,,,,,,,,,,,
2024-10-17 00:00:00,2,0.0013,129,,,,,,,,,,,,,,,,,,,,,,,,,,,,,,,,,,,,,
2024-10-16 00:00:00,2,0.0082,821,,,,,,,,,,,,,,,,,,,,,,,,,,,,,,,,,,,,,
2024-10-15 00:00:00,29,-0.0047,-470,,,,,,,,,,,,,,,,,,,,,,,,,,,,,,,,,,,,,
2024-10-14 00:00:00,2,0.0006,61,,,,,,,,,,,,,,,,,,,,,,,,,,,,,,,,,,,,,
Week 2,,-0.0022,-217,,,,,,,,,,,,,,,,,,,,,,,,,,,,,,,,,,,,,
2024-10-11 00:00:00,7,0.0017,175,,,,,,,,,,,,,,,,,,,,,,,,,,,,,,,,,,,,,
2024-10-10 00:00:00,7,-0.0003,-27,,,,,,,,,,,,,,,,,,,,,,,,,,,,,,,,,,,,,
2024-10-09 00:00:00,4,0.0085,848,,,,,,,,,,,,,,,,,,,,,,,,,,,,,,,,,,,,,
2024-10-08 00:00:00,19,-0.0248,-2479,,,,,,,,,,,,,,,,,,,,,,,,,,,,,,,,,,,,,
2024-10-07 00:00:00,1,0.0127,1265,,,,,,,,,,,,,,,,,,,,,,,,,,,,,,,,,,,,,
Week 1,,0.0362,3623,,,,,,,,,,,,,,,,,,,,,,,,,,,,,,,,,,,,,
2024-10-04 00:00:00,2,-0.0032,-320,,,,,,,,,,,,,,,,,,,,,,,,,,,,,,,,,,,,,
2024-10-02 00:00:00,1,0.0014,141,,,,,,,,,,,,,,,,,,,,,,,,,,,,,,,,,,,,,
2024-10-01 00:00:00,2,0.038,3802,,,,,,,,,,,,,,,,,,,,,,,,,,,,,,,,,,,,,
,,,,,,,,,,,,,,,,,,,,,,,,,,,,,,,,,,,,,,,,
September,,0.1283,12832,,,,,,,,,,,,,,,,,,,,,,,,,,,,,,,,,,,,,
,,,,,,,,,,,,,,,,,,,,,,,,,,,,,,,,,,,,,,,,
Week 5,,-0.0293,-2928,,,,,,,,,,,,,,,,,,,,,,,,,,,,,,,,,,,,,
2024-09-30 00:00:00,1,-0.0293,-2928,,,,,,,,,,,,,,,,,,,,,,,,,,,,,,,,,,,,,
Week 4,,0.0181,1806,,,,,,,,,,,,,,,,,,,,,,,,,,,,,,,,,,,,,
2024-09-27 00:00:00,13,0.007,704,,,,,,,,,,,,,,,,,,,,,,,,,,,,,,,,,,,,,
2024-09-26 00:00:00,2,0.0518,5179,,,,,,,,,,,,,,,,,,,,,,,,,,,,,,,,,,,,,
2024-09-25 00:00:00,2,-0.0163,-1632,,,,,,,,,,,,,,,,,,,,,,,,,,,,,,,,,,,,,
2024-09-23 00:00:00,6,-0.0245,-2445,,,,,,,,,,,,,,,,,,,,,,,,,,,,,,,,,,,,,
Week 3,,0.0375,3748,,,,,,,,,,,,,,,,,,,,,,,,,,,,,,,,,,,,,
2024-09-20 00:00:00,1,0.0006,63,,,,,,,,,,,,,,,,,,,,,,,,,,,,,,,,,,,,,
2024-09-19 00:00:00,3,0.0158,1582,,,,,,,,,,,,,,,,,,,,,,,,,,,,,,,,,,,,,
2024-09-16 00:00:00,6,0.021,2102,,,,,,,,,,,,,,,,,,,,,,,,,,,,,,,,,,,,,
Week 2,,0.0627,6272,,,,,,,,,,,,,,,,,,,,,,,,,,,,,,,,,,,,,
2024-09-13 00:00:00,5,0.0039,388,,,,,,,,,,,,,,,,,,,,,,,,,,,,,,,,,,,,,
2024-09-12 00:00:00,22,-0.0023,-228,,,,,,,,,,,,,,,,,,,,,,,,,,,,,,,,,,,,,
2024-09-11 00:00:00,16,0.0189,1894,,,,,,,,,,,,,,,,,,,,,,,,,,,,,,,,,,,,,
2024-09-10 00:00:00,40,0.0221,2210,,,,,,,,,,,,,,,,,,,,,,,,,,,,,,,,,,,,,
2024-09-09 00:00:00,1,0.0201,2007,,,,,,,,,,,,,,,,,,,,,,,,,,,,,,,,,,,,,
Week 1,,0.0393,3934,,,,,,,,,,,,,,,,,,,,,,,,,,,,,,,,,,,,,
2024-09-06 00:00:00,3,0.0031,311,,,,,,,,,,,,,,,,,,,,,,,,,,,,,,,,,,,,,
2024-09-05 00:00:00,3,0.0178,1782,,,,,,,,,,,,,,,,,,,,,,,,,,,,,,,,,,,,,
2024-09-03 00:00:00,9,0.0184,1841,,,,,,,,,,,,,,,,,,,,,,,,,,,,,,,,,,,,,
,,,,,,,,,,,,,,,,,,,,,,,,,,,,,,,,,,,,,,,,
August,,0.2306,23060,,,,,,,,,,,,,,,,,,,,,,,,,,,,,,,,,,,,,
,,,,,,,,,,,,,,,,,,,,,,,,,,,,,,,,,,,,,,,,
Week 5,,0.0415,4145,,,,,,,,,,,,,,,,,,,,,,,,,,,,,,,,,,,,,
2024-08-30 00:00:00,2,0.0012,117,,,,,,,,,,,,,,,,,,,,,,,,,,,,,,,,,,,,,
2024-08-29 00:00:00,5,0.0502,5022,,,,,,,,,,,,,,,,,,,,,,,,,,,,,,,,,,,,,
2024-08-28 00:00:00,4,0.0018,181,,,,,,,,,,,,,,,,,,,,,,,,,,,,,,,,,,,,,
2024-08-27 00:00:00,5,-0.0118,-1175,,,,,,,,,,,,,,,,,,,,,,,,,,,,,,,,,,,,,
Week 4,,0.0251,2507,,,,,,,,,,,,,,,,,,,,,,,,,,,,,,,,,,,,,
2024-08-23 00:00:00,4,0.0228,2283,,,,,,,,,,,,,,,,,,,,,,,,,,,,,,,,,,,,,
2024-08-22 00:00:00,4,-0.0273,-2725,,,,,,,,,,,,,,,,,,,,,,,,,,,,,,,,,,,,,
2024-08-21 00:00:00,2,0.0044,440,,,,,,,,,,,,,,,,,,,,,,,,,,,,,,,,,,,,,
2024-08-20 00:00:00,4,0.0151,1506,,,,,,,,,,,,,,,,,,,,,,,,,,,,,,,,,,,,,
2024-08-19 00:00:00,2,0.01,1004,,,,,,,,,,,,,,,,,,,,,,,,,,,,,,,,,,,,,
Week 3,,0.0934,9343,,,,,,,,,,,,,,,,,,,,,,,,,,,,,,,,,,,,,
2024-08-16 00:00:00,6,0.0027,269,,,,,,,,,,,,,,,,,,,,,,,,,,,,,,,,,,,,,
2024-08-15 00:00:00,2,0.0077,772,,,,,,,,,,,,,,,,,,,,,,,,,,,,,,,,,,,,,
2024-08-14 00:00:00,7,0.0041,408,,,,,,,,,,,,,,,,,,,,,,,,,,,,,,,,,,,,,
2024-08-13 00:00:00,12,0.0542,5419,,,,,,,,,,,,,,,,,,,,,,,,,,,,,,,,,,,,,
2024-08-12 00:00:00,8,0.0248,2476,,,,,,,,,,,,,,,,,,,,,,,,,,,,,,,,,,,,,
Week 2,,0.0591,5913,,,,,,,,,,,,,,,,,,,,,,,,,,,,,,,,,,,,,
2024-08-09 00:00:00,84,0.0287,2866,,,,,,,,,,,,,,,,,,,,,,,,,,,,,,,,,,,,,
2024-08-08 00:00:00,41,0.0239,2391,,,,,,,,,,,,,,,,,,,,,,,,,,,,,,,,,,,,,
2024-08-07 00:00:00,40,-0.0007,-66,,,,,,,,,,,,,,,,,,,,,,,,,,,,,,,,,,,,,
2024-08-06 00:00:00,55,0.0035,350,,,,,,,,,,,,,,,,,,,,,,,,,,,,,,,,,,,,,
2024-08-05 00:00:00,4,0.0037,372,,,,,,,,,,,,,,,,,,,,,,,,,,,,,,,,,,,,,
Week 1,,0.0115,1152,,,,,,,,,,,,,,,,,,,,,,,,,,,,,,,,,,,,,
2024-08-01 00:00:00,2,0.0115,1152,,,,,,,,,,,,,,,,,,,,,,,,,,,,,,,,,,,,,
,,,,,,,,,,,,,,,,,,,,,,,,,,,,,,,,,,,,,,,,
July,,0.1452,14515,,,,,,,,,,,,,,,,,,,,,,,,,,,,,,,,,,,,,
,,,,,,,,,,,,,,,,,,,,,,,,,,,,,,,,,,,,,,,,
Week 5,,0.0524,5245,,,,,,,,,,,,,,,,,,,,,,,,,,,,,,,,,,,,,
2024-07-31 00:00:00,48,0.0176,1757,,,,,,,,,,,,,,,,,,,,,,,,,,,,,,,,,,,,,
2024-07-30 00:00:00,4,0.0157,1568,,,,,,,,,,,,,,,,,,,,,,,,,,,,,,,,,,,,,
2024-07-29 00:00:00,3,0.0192,1920,,,,,,,,,,,,,,,,,,,,,,,,,,,,,,,,,,,,,
Week 4,,0.0438,4380,,,,,,,,,,,,,,,,,,,,,,,,,,,,,,,,,,,,,
2024-07-26 00:00:00,21,0.0068,680,,,,,,,,,,,,,,,,,,,,,,,,,,,,,,,,,,,,,
2024-07-25 00:00:00,1,0.0029,293,,,,,,,,,,,,,,,,,,,,,,,,,,,,,,,,,,,,,
2024-07-24 00:00:00,2,0.0166,1664,,,,,,,,,,,,,,,,,,,,,,,,,,,,,,,,,,,,,
2024-07-22 00:00:00,14,0.0174,1743,,,,,,,,,,,,,,,,,,,,,,,,,,,,,,,,,,,,,
Week 3,,-0.0128,-1279,,,,,,,,,,,,,,,,,,,,,,,,,,,,,,,,,,,,,
2024-07-18 00:00:00,13,-0.0233,-2326,,,,,,,,,,,,,,,,,,,,,,,,,,,,,,,,,,,,,
2024-07-17 00:00:00,5,0.0051,513,,,,,,,,,,,,,,,,,,,,,,,,,,,,,,,,,,,,,
2024-07-16 00:00:00,2,0.0218,2180,,,,,,,,,,,,,,,,,,,,,,,,,,,,,,,,,,,,,
2024-07-15 00:00:00,2,-0.0165,-1646,,,,,,,,,,,,,,,,,,,,,,,,,,,,,,,,,,,,,
Week 2,,0.0283,2829,,,,,,,,,,,,,,,,,,,,,,,,,,,,,,,,,,,,,
2024-07-11 00:00:00,11,0.0064,644,,,,,,,,,,,,,,,,,,,,,,,,,,,,,,,,,,,,,
2024-07-10 00:00:00,3,0.0024,239,,,,,,,,,,,,,,,,,,,,,,,,,,,,,,,,,,,,,
2024-07-09 00:00:00,2,0.0126,1257,,,,,,,,,,,,,,,,,,,,,,,,,,,,,,,,,,,,,
2024-07-08 00:00:00,1,0.0069,689,,,,,,,,,,,,,,,,,,,,,,,,,,,,,,,,,,,,,
Week 1,,0.0334,3341,,,,,,,,,,,,,,,,,,,,,,,,,,,,,,,,,,,,,
2024-07-05 00:00:00,4,0.0018,181,,,,,,,,,,,,,,,,,,,,,,,,,,,,,,,,,,,,,
2024-07-03 00:00:00,28,0.0193,1928,,,,,,,,,,,,,,,,,,,,,,,,,,,,,,,,,,,,,
2024-07-02 00:00:00,6,0.001,102,,,,,,,,,,,,,,,,,,,,,,,,,,,,,,,,,,,,,
2024-07-01 00:00:00,4,0.0113,1129,,,,,,,,,,,,,,,,,,,,,,,,,,,,,,,,,,,,,
,,,,,,,,,,,,,,,,,,,,,,,,,,,,,,,,,,,,,,,,
June,,-0.1137,-11374,,,,,,,,,,,,,,,,,,,,,,,,,,,,,,,,,,,,,
,,,,,,,,,,,,,,,,,,,,,,,,,,,,,,,,,,,,,,,,
Week 4,,0.0033,326,,,,,,,,,,,,,,,,,,,,,,,,,,,,,,,,,,,,,
2024-06-28 00:00:00,2,0.0044,440,,,,,,,,,,,,,,,,,,,,,,,,,,,,,,,,,,,,,
2024-06-27 00:00:00,5,-0.0012,-120,,,,,,,,,,,,,,,,,,,,,,,,,,,,,,,,,,,,,
2024-06-26 00:00:00,2,-0.0136,-1358,,,,,,,,,,,,,,,,,,,,,,,,,,,,,,,,,,,,,
2024-06-24 00:00:00,14,0.0136,1364,,,,,,,,,,,,,,,,,,,,,,,,,,,,,,,,,,,,,
Week 3,,-0.1463,-14630,,,,,,,,,,,,,,,,,,,,,,,,,,,,,,,,,,,,,
2024-06-21 00:00:00,2,-0.1346,-13461,,,,,,,,,,,,,,,,,,,,,,,,,,,,,,,,,,,,,
2024-06-20 00:00:00,6,-0.0165,-1652,,,,,,,,,,,,,,,,,,,,,,,,,,,,,,,,,,,,,
2024-06-18 00:00:00,12,-0.0001,-15,,,,,,,,,,,,,,,,,,,,,,,,,,,,,,,,,,,,,
2024-06-17 00:00:00,9,0.005,497,,,,,,,,,,,,,,,,,,,,,,,,,,,,,,,,,,,,,
Week 2,,0.0114,1138,,,,,,,,,,,,,,,,,,,,,,,,,,,,,,,,,,,,,
2024-06-12 00:00:00,7,0.0033,334,,,,,,,,,,,,,,,,,,,,,,,,,,,,,,,,,,,,,
2024-06-11 00:00:00,8,0.006,600,,,,,,,,,,,,,,,,,,,,,,,,,,,,,,,,,,,,,
2024-06-10 00:00:00,2,0.002,204,,,,,,,,,,,,,,,,,,,,,,,,,,,,,,,,,,,,,
Week 1,,0.0179,1792,,,,,,,,,,,,,,,,,,,,,,,,,,,,,,,,,,,,,
2024-06-07 00:00:00,1,0.0089,886,,,,,,,,,,,,,,,,,,,,,,,,,,,,,,,,,,,,,
2024-06-06 00:00:00,5,0.0005,55,,,,,,,,,,,,,,,,,,,,,,,,,,,,,,,,,,,,,
2024-06-05 00:00:00,17,0.0017,168,,,,,,,,,,,,,,,,,,,,,,,,,,,,,,,,,,,,,
2024-06-04 00:00:00,2,0.0078,779,,,,,,,,,,,,,,,,,,,,,,,,,,,,,,,,,,,,,
2024-06-03 00:00:00,6,-0.001,-96,,,,,,,,,,,,,,,,,,,,,,,,,,,,,,,,,,,,,
,,,,,,,,,,,,,,,,,,,,,,,,,,,,,,,,,,,,,,,,
May,,0.2624,26240,,,,,,,,,,,,,,,,,,,,,,,,,,,,,,,,,,,,,
,,,,,,,,,,,,,,,,,,,,,,,,,,,,,,,,,,,,,,,,
Week 5,,0.0139,1395,,,,,,,,,,,,,,,,,,,,,,,,,,,,,,,,,,,,,
2024-05-31 00:00:00,11,0.013,1300,,,,,,,,,,,,,,,,,,,,,,,,,,,,,,,,,,,,,
2024-05-30 00:00:00,21,-0.0102,-1017,,,,,,,,,,,,,,,,,,,,,,,,,,,,,,,,,,,,,
2024-05-28 00:00:00,3,0.0111,1111,,,,,,,,,,,,,,,,,,,,,,,,,,,,,,,,,,,,,
Week 4,,0.0532,5316,,,,,,,,,,,,,,,,,,,,,,,,,,,,,,,,,,,,,
2024-05-24 00:00:00,2,-0.0119,-1188,,,,,,,,,,,,,,,,,,,,,,,,,,,,,,,,,,,,,
2024-05-23 00:00:00,2,0.0234,2342,,,,,,,,,,,,,,,,,,,,,,,,,,,,,,,,,,,,,
2024-05-22 00:00:00,9,0.0355,3554,,,,,,,,,,,,,,,,,,,,,,,,,,,,,,,,,,,,,
2024-05-21 00:00:00,2,0.0211,2106,,,,,,,,,,,,,,,,,,,,,,,,,,,,,,,,,,,,,
2024-05-20 00:00:00,2,-0.015,-1498,,,,,,,,,,,,,,,,,,,,,,,,,,,,,,,,,,,,,
Week 3,,0.015,1502,,,,,,,,,,,,,,,,,,,,,,,,,,,,,,,,,,,,,
2024-05-17 00:00:00,4,-0.0074,-739,,,,,,,,,,,,,,,,,,,,,,,,,,,,,,,,,,,,,
2024-05-14 00:00:00,2,0.019,1898,,,,,,,,,,,,,,,,,,,,,,,,,,,,,,,,,,,,,
2024-05-13 00:00:00,2,0.0034,342,,,,,,,,,,,,,,,,,,,,,,,,,,,,,,,,,,,,,
Week 2,,0.0495,4950,,,,,,,,,,,,,,,,,,,,,,,,,,,,,,,,,,,,,
2024-05-09 00:00:00,8,0.0086,856,,,,,,,,,,,,,,,,,,,,,,,,,,,,,,,,,,,,,
2024-05-08 00:00:00,4,0.0073,729,,,,,,,,,,,,,,,,,,,,,,,,,,,,,,,,,,,,,
2024-05-07 00:00:00,3,0.0208,2077,,,,,,,,,,,,,,,,,,,,,,,,,,,,,,,,,,,,,
2024-05-06 00:00:00,5,0.0129,1287,,,,,,,,,,,,,,,,,,,,,,,,,,,,,,,,,,,,,
Week 1,,0.1308,13078,,,,,,,,,,,,,,,,,,,,,,,,,,,,,,,,,,,,,
2024-05-03 00:00:00,2,0.0055,552,,,,,,,,,,,,,,,,,,,,,,,,,,,,,,,,,,,,,
2024-05-02 00:00:00,3,0.0089,886,,,,,,,,,,,,,,,,,,,,,,,,,,,,,,,,,,,,,
2024-05-01 00:00:00,1,0.1164,11639,,,,,,,,,,,,,,,,,,,,,,,,,,,,,,,,,,,,,
,,,,,,,,,,,,,,,,,,,,,,,,,,,,,,,,,,,,,,,,
April,,0.1019,10189,,,,,,,,,,,,,,,,,,,,,,,,,,,,,,,,,,,,,
,,,,,,,,,,,,,,,,,,,,,,,,,,,,,,,,,,,,,,,,
Week 5,,0.0012,121,,,,,,,,,,,,,,,,,,,,,,,,,,,,,,,,,,,,,
2024-04-30 00:00:00,2,0.0023,228,,,,,,,,,,,,,,,,,,,,,,,,,,,,,,,,,,,,,
2024-04-29 00:00:00,5,-0.0011,-107,,,,,,,,,,,,,,,,,,,,,,,,,,,,,,,,,,,,,
Week 4,,0.0442,4418,,,,,,,,,,,,,,,,,,,,,,,,,,,,,,,,,,,,,
2024-04-26 00:00:00,4,0.0083,829,,,,,,,,,,,,,,,,,,,,,,,,,,,,,,,,,,,,,
2024-04-25 00:00:00,4,0.0063,626,,,,,,,,,,,,,,,,,,,,,,,,,,,,,,,,,,,,,
2024-04-24 00:00:00,1,0.0073,728,,,,,,,,,,,,,,,,,,,,,,,,,,,,,,,,,,,,,
2024-04-23 00:00:00,102,0.0166,1660,,,,,,,,,,,,,,,,,,,,,,,,,,,,,,,,,,,,,
2024-04-22 00:00:00,100,0.0058,575,,,,,,,,,,,,,,,,,,,,,,,,,,,,,,,,,,,,,
Week 3,,0.0909,9094,,,,,,,,,,,,,,,,,,,,,,,,,,,,,,,,,,,,,
2024-04-19 00:00:00,39,0.0059,588,,,,,,,,,,,,,,,,,,,,,,,,,,,,,,,,,,,,,
2024-04-18 00:00:00,6,0.0005,47,,,,,,,,,,,,,,,,,,,,,,,,,,,,,,,,,,,,,
2024-04-17 00:00:00,42,0.0025,255,,,,,,,,,,,,,,,,,,,,,,,,,,,,,,,,,,,,,
2024-04-16 00:00:00,2,0.0449,4486,,,,,,,,,,,,,,,,,,,,,,,,,,,,,,,,,,,,,
2024-04-15 00:00:00,2,0.0372,3718,,,,,,,,,,,,,,,,,,,,,,,,,,,,,,,,,,,,,
Week 2,,-0.0534,-5338,,,,,,,,,,,,,,,,,,,,,,,,,,,,,,,,,,,,,
2024-04-12 00:00:00,9,-0.0031,-309,,,,,,,,,,,,,,,,,,,,,,,,,,,,,,,,,,,,,
2024-04-11 00:00:00,5,0.0028,280,,,,,,,,,,,,,,,,,,,,,,,,,,,,,,,,,,,,,
2024-04-10 00:00:00,4,-0.079,-7900,,,,,,,,,,,,,,,,,,,,,,,,,,,,,,,,,,,,,
2024-04-09 00:00:00,10,0.012,1203,,,,,,,,,,,,,,,,,,,,,,,,,,,,,,,,,,,,,
2024-04-08 00:00:00,2,0.0139,1389,,,,,,,,,,,,,,,,,,,,,,,,,,,,,,,,,,,,,
Week 1,,0.0189,1894,,,,,,,,,,,,,,,,,,,,,,,,,,,,,,,,,,,,,
2024-04-04 00:00:00,4,0.0241,2412,,,,,,,,,,,,,,,,,,,,,,,,,,,,,,,,,,,,,
2024-04-03 00:00:00,4,0.0021,208,,,,,,,,,,,,,,,,,,,,,,,,,,,,,,,,,,,,,
2024-04-01 00:00:00,2,-0.0073,-726,,,,,,,,,,,,,,,,,,,,,,,,,,,,,,,,,,,,,
,,,,,,,,,,,,,,,,,,,,,,,,,,,,,,,,,,,,,,,,
March,,-0.2738,-27380,,,,,,,,,,,,,,,,,,,,,,,,,,,,,,,,,,,,,
,,,,,,,,,,,,,,,,,,,,,,,,,,,,,,,,,,,,,,,,
Week 5,,-0.0541,-5411,,,,,,,,,,,,,,,,,,,,,,,,,,,,,,,,,,,,,
2024-03-28 00:00:00,2,-0.0003,-33,,,,,,,,,,,,,,,,,,,,,,,,,,,,,,,,,,,,,
2024-03-27 00:00:00,2,0.0004,37,,,,,,,,,,,,,,,,,,,,,,,,,,,,,,,,,,,,,
2024-03-26 00:00:00,3,-0.0542,-5415,,,,,,,,,,,,,,,,,,,,,,,,,,,,,,,,,,,,,
Week 4,,0.0564,5638,,,,,,,,,,,,,,,,,,,,,,,,,,,,,,,,,,,,,
2024-03-22 00:00:00,10,0.0103,1034,,,,,,,,,,,,,,,,,,,,,,,,,,,,,,,,,,,,,
2024-03-21 00:00:00,1,0.0043,429,,,,,,,,,,,,,,,,,,,,,,,,,,,,,,,,,,,,,
2024-03-20 00:00:00,5,0.0095,950,,,,,,,,,,,,,,,,,,,,,,,,,,,,,,,,,,,,,
2024-03-19 00:00:00,16,0.0019,186,,,,,,,,,,,,,,,,,,,,,,,,,,,,,,,,,,,,,
2024-03-18 00:00:00,3,0.0304,3040,,,,,,,,,,,,,,,,,,,,,,,,,,,,,,,,,,,,,
Week 3,,-0.0606,-6055,,,,,,,,,,,,,,,,,,,,,,,,,,,,,,,,,,,,,
2024-03-14 00:00:00,6,-0.008,-803,,,,,,,,,,,,,,,,,,,,,,,,,,,,,,,,,,,,,
2024-03-13 00:00:00,1,0.0013,133,,,,,,,,,,,,,,,,,,,,,,,,,,,,,,,,,,,,,
2024-03-12 00:00:00,3,-0.0539,-5386,,,,,,,,,,,,,,,,,,,,,,,,,,,,,,,,,,,,,
Week 2,,-0.2137,-21367,,,,,,,,,,,,,,,,,,,,,,,,,,,,,,,,,,,,,
2024-03-08 00:00:00,2,-0.2267,-22670,,,,,,,,,,,,,,,,,,,,,,,,,,,,,,,,,,,,,
2024-03-07 00:00:00,1,0.0049,486,,,,,,,,,,,,,,,,,,,,,,,,,,,,,,,,,,,,,
2024-03-05 00:00:00,5,0.0057,571,,,,,,,,,,,,,,,,,,,,,,,,,,,,,,,,,,,,,
2024-03-04 00:00:00,2,0.0025,246,,,,,,,,,,,,,,,,,,,,,,,,,,,,,,,,,,,,,
Week 5,,-0.0019,-185,,,,,,,,,,,,,,,,,,,,,,,,,,,,,,,,,,,,,
2024-03-01 00:00:00,2,-0.0019,-185,,,,,,,,,,,,,,,,,,,,,,,,,,,,,,,,,,,,,
,,,,,,,,,,,,,,,,,,,,,,,,,,,,,,,,,,,,,,,,
February,,0.1437,14371,,,,,,,,,,,,,,,,,,,,,,,,,,,,,,,,,,,,,
,,,,,,,,,,,,,,,,,,,,,,,,,,,,,,,,,,,,,,,,
Week 5,,0.0468,4680,,,,,,,,,,,,,,,,,,,,,,,,,,,,,,,,,,,,,
2024-02-29 00:00:00,2,0.0684,6836,,,,,,,,,,,,,,,,,,,,,,,,,,,,,,,,,,,,,
2024-02-28 00:00:00,4,0.0008,79,,,,,,,,,,,,,,,,,,,,,,,,,,,,,,,,,,,,,
2024-02-27 00:00:00,2,-0.0139,-1388,,,,,,,,,,,,,,,,,,,,,,,,,,,,,,,,,,,,,
2024-02-26 00:00:00,4,-0.0085,-847,,,,,,,,,,,,,,,,,,,,,,,,,,,,,,,,,,,,,
Week 4,,-0.0015,-146,,,,,,,,,,,,,,,,,,,,,,,,,,,,,,,,,,,,,
2024-02-22 00:00:00,4,0.0196,1958,,,,,,,,,,,,,,,,,,,,,,,,,,,,,,,,,,,,,
2024-02-20 00:00:00,10,-0.021,-2104,,,,,,,,,,,,,,,,,,,,,,,,,,,,,,,,,,,,,
Week 3,,0.087,8703,,,,,,,,,,,,,,,,,,,,,,,,,,,,,,,,,,,,,
2024-02-16 00:00:00,1,0.0076,764,,,,,,,,,,,,,,,,,,,,,,,,,,,,,,,,,,,,,
2024-02-15 00:00:00,17,0.0054,543,,,,,,,,,,,,,,,,,,,,,,,,,,,,,,,,,,,,,
2024-02-14 00:00:00,10,0.007,698,,,,,,,,,,,,,,,,,,,,,,,,,,,,,,,,,,,,,
2024-02-13 00:00:00,7,0.0623,6229,,,,,,,,,,,,,,,,,,,,,,,,,,,,,,,,,,,,,
2024-02-12 00:00:00,5,0.0047,469,,,,,,,,,,,,,,,,,,,,,,,,,,,,,,,,,,,,,
Week 2,,0.0121,1213,,,,,,,,,,,,,,,,,,,,,,,,,,,,,,,,,,,,,
2024-02-09 00:00:00,1,-0.0038,-375,,,,,,,,,,,,,,,,,,,,,,,,,,,,,,,,,,,,,
2024-02-06 00:00:00,8,0.0043,426,,,,,,,,,,,,,,,,,,,,,,,,,,,,,,,,,,,,,
2024-02-05 00:00:00,2,0.0116,1162,,,,,,,,,,,,,,,,,,,,,,,,,,,,,,,,,,,,,
Week 1,,-0.0008,-79,,,,,,,,,,,,,,,,,,,,,,,,,,,,,,,,,,,,,
2024-02-02 00:00:00,2,-0.0008,-79,,,,,,,,,,,,,,,,,,,,,,,,,,,,,,,,,,,,,
,,,,,,,,,,,,,,,,,,,,,,,,,,,,,,,,,,,,,,,,
January,,0.0594,5937,,,,,,,,,,,,,,,,,,,,,,,,,,,,,,,,,,,,,
,,,,,,,,,,,,,,,,,,,,,,,,,,,,,,,,,,,,,,,,
Week 5,,-0.0732,-7321,,,,,,,,,,,,,,,,,,,,,,,,,,,,,,,,,,,,,
2024-01-31 00:00:00,10,0.0065,648,,,,,,,,,,,,,,,,,,,,,,,,,,,,,,,,,,,,,
2024-01-29 00:00:00,2,-0.0797,-7969,,,,,,,,,,,,,,,,,,,,,,,,,,,,,,,,,,,,,
Week 4,,0.0228,2277,,,,,,,,,,,,,,,,,,,,,,,,,,,,,,,,,,,,,
2024-01-26 00:00:00,9,0.0032,324,,,,,,,,,,,,,,,,,,,,,,,,,,,,,,,,,,,,,
2024-01-25 00:00:00,1,0.0182,1817,,,,,,,,,,,,,,,,,,,,,,,,,,,,,,,,,,,,,
2024-01-24 00:00:00,2,-0.0175,-1746,,,,,,,,,,,,,,,,,,,,,,,,,,,,,,,,,,,,,
2024-01-23 00:00:00,17,0.0121,1213,,,,,,,,,,,,,,,,,,,,,,,,,,,,,,,,,,,,,
2024-01-22 00:00:00,10,0.0067,669,,,,,,,,,,,,,,,,,,,,,,,,,,,,,,,,,,,,,
Week 3,,0.0124,1237,,,,,,,,,,,,,,,,,,,,,,,,,,,,,,,,,,,,,
2024-01-19 00:00:00,8,-0.0008,-84,,,,,,,,,,,,,,,,,,,,,,,,,,,,,,,,,,,,,
2024-01-18 00:00:00,27,0.0067,668,,,,,,,,,,,,,,,,,,,,,,,,,,,,,,,,,,,,,
2024-01-16 00:00:00,2,0.0065,654,,,,,,,,,,,,,,,,,,,,,,,,,,,,,,,,,,,,,
Week 2,,0.0649,6489,,,,,,,,,,,,,,,,,,,,,,,,,,,,,,,,,,,,,
2024-01-12 00:00:00,7,0.0115,1149,,,,,,,,,,,,,,,,,,,,,,,,,,,,,,,,,,,,,
2024-01-11 00:00:00,5,0.0092,916,,,,,,,,,,,,,,,,,,,,,,,,,,,,,,,,,,,,,
2024-01-10 00:00:00,7,0.0194,1937,,,,,,,,,,,,,,,,,,,,,,,,,,,,,,,,,,,,,
2024-01-09 00:00:00,1,0.0057,574,,,,,,,,,,,,,,,,,,,,,,,,,,,,,,,,,,,,,
2024-01-08 00:00:00,12,0.0191,1913,,,,,,,,,,,,,,,,,,,,,,,,,,,,,,,,,,,,,
Week 1,,0.0325,3254,,,,,,,,,,,,,,,,,,,,,,,,,,,,,,,,,,,,,
2024-01-05 00:00:00,2,0.0128,1277,,,,,,,,,,,,,,,,,,,,,,,,,,,,,,,,,,,,,
2024-01-04 00:00:00,1,0.0198,1977,,,,,,,,,,,,,,,,,,,,,,,,,,,,,,,,,,,,,
,,,,,,,,,,,,,,,,,,,,,,,,,,,,,,,,,,,,,,,,
Best By Max DD (1BR),2023,1.021,0.27,,102076,,1,1.021,-0.17,,0.1,1605,133.75,0.718,0.6,462,0.005,3.54,6,16,6,9,1,6,2.6,1153,1.6,5.3,-29364,-0.294,-41274,-0.413,-34034,-0.34,0.718,0.732,0.706,1723,-2753,0.833
Date,# of Sold Branches,Profit % Realized Only,Profit $ Realized Only,,,,,,,,,,,,,,,,,,,,,,,,,,,,,,,,,,,,,
,,,,,,,,,,,,,,,,,,,,,,,,,,,,,,,,,,,,,,,,
2023 To Date,,1.0208,102076,,,,,,,,,,,,,,,,,,,,,,,,,,,,,,,,,,,,,
,,,,,,,,,,,,,,,,,,,,,,,,,,,,,,,,,,,,,,,,
December,,-0.3403,-34034,,,,,,,,,,,,,,,,,,,,,,,,,,,,,,,,,,,,,
,,,,,,,,,,,,,,,,,,,,,,,,,,,,,,,,,,,,,,,,
Week 5,,-0.0021,-206,,,,,,,,,,,,,,,,,,,,,,,,,,,,,,,,,,,,,
2023-12-29 00:00:00,6,-0.0102,-1025,,,,,,,,,,,,,,,,,,,,,,,,,,,,,,,,,,,,,
2023-12-28 00:00:00,1,0.0082,819,,,,,,,,,,,,,,,,,,,,,,,,,,,,,,,,,,,,,
2023-12-27 00:00:00,0,0,0,,,,,,,,,,,,,,,,,,,,,,,,,,,,,,,,,,,,,
2023-12-26 00:00:00,0,0,0,,,,,,,,,,,,,,,,,,,,,,,,,,,,,,,,,,,,,
,,,,,,,,,,,,,,,,,,,,,,,,,,,,,,,,,,,,,,,,
Week 4,,-0.0152,-1524,,,,,,,,,,,,,,,,,,,,,,,,,,,,,,,,,,,,,
2023-12-22 00:00:00,0,0,0,,,,,,,,,,,,,,,,,,,,,,,,,,,,,,,,,,,,,
2023-12-21 00:00:00,0,0,0,,,,,,,,,,,,,,,,,,,,,,,,,,,,,,,,,,,,,
2023-12-20 00:00:00,19,-0.0298,-2980,,,,,,,,,,,,,,,,,,,,,,,,,,,,,,,,,,,,,
2023-12-19 00:00:00,0,0,0,,,,,,,,,,,,,,,,,,,,,,,,,,,,,,,,,,,,,
2023-12-18 00:00:00,5,0.0146,1456,,,,,,,,,,,,,,,,,,,,,,,,,,,,,,,,,,,,,
,,,,,,,,,,,,,,,,,,,,,,,,,,,,,,,,,,,,,,,,
Week 3,,-0.2022,-20218,,,,,,,,,,,,,,,,,,,,,,,,,,,,,,,,,,,,,
2023-12-15 00:00:00,7,-0.0759,-7591,,,,,,,,,,,,,,,,,,,,,,,,,,,,,,,,,,,,,
2023-12-14 00:00:00,2,-0.1457,-14566,,,,,,,,,,,,,,,,,,,,,,,,,,,,,,,,,,,,,
2023-12-13 00:00:00,13,-0.0082,-823,,,,,,,,,,,,,,,,,,,,,,,,,,,,,,,,,,,,,
2023-12-12 00:00:00,3,-0.0039,-388,,,,,,,,,,,,,,,,,,,,,,,,,,,,,,,,,,,,,
2023-12-11 00:00:00,3,0.0315,3150,,,,,,,,,,,,,,,,,,,,,,,,,,,,,,,,,,,,,
,,,,,,,,,,,,,,,,,,,,,,,,,,,,,,,,,,,,,,,,
Week 2,,-0.1209,-12086,,,,,,,,,,,,,,,,,,,,,,,,,,,,,,,,,,,,,
2023-12-08 00:00:00,17,0.0185,1854,,,,,,,,,,,,,,,,,,,,,,,,,,,,,,,,,,,,,
2023-12-07 00:00:00,1,-0.0303,-3027,,,,,,,,,,,,,,,,,,,,,,,,,,,,,,,,,,,,,
2023-12-06 00:00:00,10,0.0072,715,,,,,,,,,,,,,,,,,,,,,,,,,,,,,,,,,,,,,
2023-12-05 00:00:00,1,0.0162,1617,,,,,,,,,,,,,,,,,,,,,,,,,,,,,,,,,,,,,
2023-12-04 00:00:00,2,-0.1325,-13246,,,,,,,,,,,,,,,,,,,,,,,,,,,,,,,,,,,,,
,,,,,,,,,,,,,,,,,,,,,,,,,,,,,,,,,,,,,,,,
Week 1,,0,0,,,,,,,,,,,,,,,,,,,,,,,,,,,,,,,,,,,,,
2023-12-01 00:00:00,0,0,0,,,,,,,,,,,,,,,,,,,,,,,,,,,,,,,,,,,,,
,,,,,,,,,,,,,,,,,,,,,,,,,,,,,,,,,,,,,,,,
November,,0.0436,4363,,,,,,,,,,,,,,,,,,,,,,,,,,,,,,,,,,,,,
,,,,,,,,,,,,,,,,,,,,,,,,,,,,,,,,,,,,,,,,
Week 5,,-0.0185,-1852,,,,,,,,,,,,,,,,,,,,,,,,,,,,,,,,,,,,,
2023-11-30 00:00:00,6,0.0059,588,,,,,,,,,,,,,,,,,,,,,,,,,,,,,,,,,,,,,
2023-11-29 00:00:00,1,-0.0006,-57,,,,,,,,,,,,,,,,,,,,,,,,,,,,,,,,,,,,,
2023-11-28 00:00:00,0,0,0,,,,,,,,,,,,,,,,,,,,,,,,,,,,,,,,,,,,,
2023-11-27 00:00:00,4,-0.0238,-2382,,,,,,,,,,,,,,,,,,,,,,,,,,,,,,,,,,,,,
,,,,,,,,,,,,,,,,,,,,,,,,,,,,,,,,,,,,,,,,
Week 4,,-0.0539,-5388,,,,,,,,,,,,,,,,,,,,,,,,,,,,,,,,,,,,,
2023-11-24 00:00:00,0,0,0,,,,,,,,,,,,,,,,,,,,,,,,,,,,,,,,,,,,,
2023-11-22 00:00:00,2,0.0019,189,,,,,,,,,,,,,,,,,,,,,,,,,,,,,,,,,,,,,
2023-11-21 00:00:00,2,-0.0558,-5577,,,,,,,,,,,,,,,,,,,,,,,,,,,,,,,,,,,,,
2023-11-20 00:00:00,0,0,0,,,,,,,,,,,,,,,,,,,,,,,,,,,,,,,,,,,,,
,,,,,,,,,,,,,,,,,,,,,,,,,,,,,,,,,,,,,,,,
Week 3,,0.0769,7689,,,,,,,,,,,,,,,,,,,,,,,,,,,,,,,,,,,,,
2023-11-17 00:00:00,3,0.0365,3654,,,,,,,,,,,,,,,,,,,,,,,,,,,,,,,,,,,,,
2023-11-16 00:00:00,1,0.0316,3161,,,,,,,,,,,,,,,,,,,,,,,,,,,,,,,,,,,,,
2023-11-15 00:00:00,1,0.0025,246,,,,,,,,,,,,,,,,,,,,,,,,,,,,,,,,,,,,,
2023-11-14 00:00:00,3,-0.0038,-382,,,,,,,,,,,,,,,,,,,,,,,,,,,,,,,,,,,,,
2023-11-13 00:00:00,10,0.0101,1011,,,,,,,,,,,,,,,,,,,,,,,,,,,,,,,,,,,,,
,,,,,,,,,,,,,,,,,,,,,,,,,,,,,,,,,,,,,,,,
Week 2,,0.0326,3263,,,,,,,,,,,,,,,,,,,,,,,,,,,,,,,,,,,,,
2023-11-10 00:00:00,5,0.0215,2151,,,,,,,,,,,,,,,,,,,,,,,,,,,,,,,,,,,,,
2023-11-09 00:00:00,10,0.0063,625,,,,,,,,,,,,,,,,,,,,,,,,,,,,,,,,,,,,,
2023-11-08 00:00:00,0,0,0,,,,,,,,,,,,,,,,,,,,,,,,,,,,,,,,,,,,,
2023-11-07 00:00:00,1,-0.0165,-1654,,,,,,,,,,,,,,,,,,,,,,,,,,,,,,,,,,,,,
2023-11-06 00:00:00,3,0.0214,2142,,,,,,,,,,,,,,,,,,,,,,,,,,,,,,,,,,,,,
,,,,,,,,,,,,,,,,,,,,,,,,,,,,,,,,,,,,,,,,
Week 1,,0.0065,650,,,,,,,,,,,,,,,,,,,,,,,,,,,,,,,,,,,,,
2023-11-03 00:00:00,0,0,0,,,,,,,,,,,,,,,,,,,,,,,,,,,,,,,,,,,,,
2023-11-02 00:00:00,14,0.0068,680,,,,,,,,,,,,,,,,,,,,,,,,,,,,,,,,,,,,,
2023-11-01 00:00:00,15,-0.0003,-30,,,,,,,,,,,,,,,,,,,,,,,,,,,,,,,,,,,,,
,,,,,,,,,,,,,,,,,,,,,,,,,,,,,,,,,,,,,,,,
October,,0.1743,17426,,,,,,,,,,,,,,,,,,,,,,,,,,,,,,,,,,,,,
,,,,,,,,,,,,,,,,,,,,,,,,,,,,,,,,,,,,,,,,
Week 5,,0.0169,1689,,,,,,,,,,,,,,,,,,,,,,,,,,,,,,,,,,,,,
2023-10-31 00:00:00,67,0.0111,1110,,,,,,,,,,,,,,,,,,,,,,,,,,,,,,,,,,,,,
2023-10-30 00:00:00,74,0.0058,578,,,,,,,,,,,,,,,,,,,,,,,,,,,,,,,,,,,,,
,,,,,,,,,,,,,,,,,,,,,,,,,,,,,,,,,,,,,,,,
Week 4,,0.0307,3072,,,,,,,,,,,,,,,,,,,,,,,,,,,,,,,,,,,,,
2023-10-27 00:00:00,3,0.0097,969,,,,,,,,,,,,,,,,,,,,,,,,,,,,,,,,,,,,,
2023-10-26 00:00:00,8,0.0037,373,,,,,,,,,,,,,,,,,,,,,,,,,,,,,,,,,,,,,
2023-10-25 00:00:00,0,0,0,,,,,,,,,,,,,,,,,,,,,,,,,,,,,,,,,,,,,
2023-10-24 00:00:00,15,0.0031,308,,,,,,,,,,,,,,,,,,,,,,,,,,,,,,,,,,,,,
2023-10-23 00:00:00,5,0.0142,1422,,,,,,,,,,,,,,,,,,,,,,,,,,,,,,,,,,,,,
,,,,,,,,,,,,,,,,,,,,,,,,,,,,,,,,,,,,,,,,
Week 3,,0.0656,6556,,,,,,,,,,,,,,,,,,,,,,,,,,,,,,,,,,,,,
2023-10-20 00:00:00,0,0,0,,,,,,,,,,,,,,,,,,,,,,,,,,,,,,,,,,,,,
2023-10-19 00:00:00,0,0,0,,,,,,,,,,,,,,,,,,,,,,,,,,,,,,,,,,,,,
2023-10-18 00:00:00,1,0.0437,4368,,,,,,,,,,,,,,,,,,,,,,,,,,,,,,,,,,,,,
2023-10-17 00:00:00,1,0.0092,919,,,,,,,,,,,,,,,,,,,,,,,,,,,,,,,,,,,,,
2023-10-16 00:00:00,3,0.0127,1269,,,,,,,,,,,,,,,,,,,,,,,,,,,,,,,,,,,,,
,,,,,,,,,,,,,,,,,,,,,,,,,,,,,,,,,,,,,,,,
Week 2,,0.0632,6324,,,,,,,,,,,,,,,,,,,,,,,,,,,,,,,,,,,,,
2023-10-13 00:00:00,2,0.0296,2960,,,,,,,,,,,,,,,,,,,,,,,,,,,,,,,,,,,,,
2023-10-12 00:00:00,1,0.0332,3319,,,,,,,,,,,,,,,,,,,,,,,,,,,,,,,,,,,,,
2023-10-11 00:00:00,2,0.0021,211,,,,,,,,,,,,,,,,,,,,,,,,,,,,,,,,,,,,,
2023-10-10 00:00:00,21,-0.0076,-760,,,,,,,,,,,,,,,,,,,,,,,,,,,,,,,,,,,,,
2023-10-09 00:00:00,58,0.0059,594,,,,,,,,,,,,,,,,,,,,,,,,,,,,,,,,,,,,,
,,,,,,,,,,,,,,,,,,,,,,,,,,,,,,,,,,,,,,,,
Week 1,,-0.0021,-214,,,,,,,,,,,,,,,,,,,,,,,,,,,,,,,,,,,,,
2023-10-06 00:00:00,143,0.0029,291,,,,,,,,,,,,,,,,,,,,,,,,,,,,,,,,,,,,,
2023-10-05 00:00:00,98,0.004,402,,,,,,,,,,,,,,,,,,,,,,,,,,,,,,,,,,,,,
2023-10-04 00:00:00,9,-0.0091,-906,,,,,,,,,,,,,,,,,,,,,,,,,,,,,,,,,,,,,
2023-10-03 00:00:00,0,0,0,,,,,,,,,,,,,,,,,,,,,,,,,,,,,,,,,,,,,
2023-10-02 00:00:00,0,0,0,,,,,,,,,,,,,,,,,,,,,,,,,,,,,,,,,,,,,
,,,,,,,,,,,,,,,,,,,,,,,,,,,,,,,,,,,,,,,,
September,,0.1471,14713,,,,,,,,,,,,,,,,,,,,,,,,,,,,,,,,,,,,,
,,,,,,,,,,,,,,,,,,,,,,,,,,,,,,,,,,,,,,,,
Week 5,,-0.0153,-1531,,,,,,,,,,,,,,,,,,,,,,,,,,,,,,,,,,,,,
2023-09-29 00:00:00,12,0.0046,458,,,,,,,,,,,,,,,,,,,,,,,,,,,,,,,,,,,,,
2023-09-28 00:00:00,114,0.0051,509,,,,,,,,,,,,,,,,,,,,,,,,,,,,,,,,,,,,,
2023-09-27 00:00:00,5,-0.0258,-2577,,,,,,,,,,,,,,,,,,,,,,,,,,,,,,,,,,,,,
2023-09-26 00:00:00,3,-0.0043,-426,,,,,,,,,,,,,,,,,,,,,,,,,,,,,,,,,,,,,
2023-09-25 00:00:00,2,0.005,504,,,,,,,,,,,,,,,,,,,,,,,,,,,,,,,,,,,,,
,,,,,,,,,,,,,,,,,,,,,,,,,,,,,,,,,,,,,,,,
Week 4,,0.1021,10206,,,,,,,,,,,,,,,,,,,,,,,,,,,,,,,,,,,,,
2023-09-22 00:00:00,6,0.0151,1508,,,,,,,,,,,,,,,,,,,,,,,,,,,,,,,,,,,,,
2023-09-21 00:00:00,1,0.0541,5412,,,,,,,,,,,,,,,,,,,,,,,,,,,,,,,,,,,,,
2023-09-20 00:00:00,0,0,0,,,,,,,,,,,,,,,,,,,,,,,,,,,,,,,,,,,,,
2023-09-19 00:00:00,1,0.0329,3286,,,,,,,,,,,,,,,,,,,,,,,,,,,,,,,,,,,,,
2023-09-18 00:00:00,0,0,0,,,,,,,,,,,,,,,,,,,,,,,,,,,,,,,,,,,,,
,,,,,,,,,,,,,,,,,,,,,,,,,,,,,,,,,,,,,,,,
Week 3,,0.0137,1370,,,,,,,,,,,,,,,,,,,,,,,,,,,,,,,,,,,,,
2023-09-15 00:00:00,1,0.0038,380,,,,,,,,,,,,,,,,,,,,,,,,,,,,,,,,,,,,,
2023-09-14 00:00:00,0,0,0,,,,,,,,,,,,,,,,,,,,,,,,,,,,,,,,,,,,,
2023-09-13 00:00:00,1,-0.0074,-740,,,,,,,,,,,,,,,,,,,,,,,,,,,,,,,,,,,,,
2023-09-12 00:00:00,1,0.0173,1731,,,,,,,,,,,,,,,,,,,,,,,,,,,,,,,,,,,,,
2023-09-11 00:00:00,0,0,0,,,,,,,,,,,,,,,,,,,,,,,,,,,,,,,,,,,,,
,,,,,,,,,,,,,,,,,,,,,,,,,,,,,,,,,,,,,,,,
Week 2,,0.0467,4669,,,,,,,,,,,,,,,,,,,,,,,,,,,,,,,,,,,,,
2023-09-08 00:00:00,1,0.0105,1047,,,,,,,,,,,,,,,,,,,,,,,,,,,,,,,,,,,,,
2023-09-07 00:00:00,1,0.0048,479,,,,,,,,,,,,,,,,,,,,,,,,,,,,,,,,,,,,,
2023-09-06 00:00:00,1,0.0314,3142,,,,,,,,,,,,,,,,,,,,,,,,,,,,,,,,,,,,,
2023-09-05 00:00:00,0,0,0,,,,,,,,,,,,,,,,,,,,,,,,,,,,,,,,,,,,,
,,,,,,,,,,,,,,,,,,,,,,,,,,,,,,,,,,,,,,,,
Week 1,,0,0,,,,,,,,,,,,,,,,,,,,,,,,,,,,,,,,,,,,,
2023-09-01 00:00:00,0,0,0,,,,,,,,,,,,,,,,,,,,,,,,,,,,,,,,,,,,,
,,,,,,,,,,,,,,,,,,,,,,,,,,,,,,,,,,,,,,,,
August,,0.2452,24519,,,,,,,,,,,,,,,,,,,,,,,,,,,,,,,,,,,,,
,,,,,,,,,,,,,,,,,,,,,,,,,,,,,,,,,,,,,,,,
Week 5,,0.0495,4949,,,,,,,,,,,,,,,,,,,,,,,,,,,,,,,,,,,,,
2023-08-31 00:00:00,2,0.0286,2861,,,,,,,,,,,,,,,,,,,,,,,,,,,,,,,,,,,,,
2023-08-30 00:00:00,0,0,0,,,,,,,,,,,,,,,,,,,,,,,,,,,,,,,,,,,,,
2023-08-29 00:00:00,6,0.0223,2235,,,,,,,,,,,,,,,,,,,,,,,,,,,,,,,,,,,,,
2023-08-28 00:00:00,13,-0.0015,-146,,,,,,,,,,,,,,,,,,,,,,,,,,,,,,,,,,,,,
,,,,,,,,,,,,,,,,,,,,,,,,,,,,,,,,,,,,,,,,
Week 4,,0.0335,3347,,,,,,,,,,,,,,,,,,,,,,,,,,,,,,,,,,,,,
2023-08-25 00:00:00,2,0.0161,1608,,,,,,,,,,,,,,,,,,,,,,,,,,,,,,,,,,,,,
2023-08-24 00:00:00,2,0.0143,1431,,,,,,,,,,,,,,,,,,,,,,,,,,,,,,,,,,,,,
2023-08-23 00:00:00,38,0.0033,329,,,,,,,,,,,,,,,,,,,,,,,,,,,,,,,,,,,,,
2023-08-22 00:00:00,10,0.0027,270,,,,,,,,,,,,,,,,,,,,,,,,,,,,,,,,,,,,,
2023-08-21 00:00:00,54,-0.0029,-290,,,,,,,,,,,,,,,,,,,,,,,,,,,,,,,,,,,,,
,,,,,,,,,,,,,,,,,,,,,,,,,,,,,,,,,,,,,,,,
Week 3,,0.1075,10753,,,,,,,,,,,,,,,,,,,,,,,,,,,,,,,,,,,,,
2023-08-18 00:00:00,1,0.0128,1284,,,,,,,,,,,,,,,,,,,,,,,,,,,,,,,,,,,,,
2023-08-17 00:00:00,0,0,0,,,,,,,,,,,,,,,,,,,,,,,,,,,,,,,,,,,,,
2023-08-16 00:00:00,0,0,0,,,,,,,,,,,,,,,,,,,,,,,,,,,,,,,,,,,,,
2023-08-15 00:00:00,1,0.0473,4734,,,,,,,,,,,,,,,,,,,,,,,,,,,,,,,,,,,,,
2023-08-14 00:00:00,5,0.0474,4735,,,,,,,,,,,,,,,,,,,,,,,,,,,,,,,,,,,,,
,,,,,,,,,,,,,,,,,,,,,,,,,,,,,,,,,,,,,,,,
Week 2,,0.0017,168,,,,,,,,,,,,,,,,,,,,,,,,,,,,,,,,,,,,,
2023-08-11 00:00:00,0,0,0,,,,,,,,,,,,,,,,,,,,,,,,,,,,,,,,,,,,,
2023-08-10 00:00:00,0,0,0,,,,,,,,,,,,,,,,,,,,,,,,,,,,,,,,,,,,,
2023-08-09 00:00:00,2,0.0017,168,,,,,,,,,,,,,,,,,,,,,,,,,,,,,,,,,,,,,
2023-08-08 00:00:00,0,0,0,,,,,,,,,,,,,,,,,,,,,,,,,,,,,,,,,,,,,
2023-08-07 00:00:00,0,0,0,,,,,,,,,,,,,,,,,,,,,,,,,,,,,,,,,,,,,
,,,,,,,,,,,,,,,,,,,,,,,,,,,,,,,,,,,,,,,,
Week 1,,0.053,5302,,,,,,,,,,,,,,,,,,,,,,,,,,,,,,,,,,,,,
2023-08-04 00:00:00,6,0.0248,2478,,,,,,,,,,,,,,,,,,,,,,,,,,,,,,,,,,,,,
2023-08-03 00:00:00,0,0,0,,,,,,,,,,,,,,,,,,,,,,,,,,,,,,,,,,,,,
2023-08-02 00:00:00,3,0.0179,1791,,,,,,,,,,,,,,,,,,,,,,,,,,,,,,,,,,,,,
2023-08-01 00:00:00,3,0.0103,1033,,,,,,,,,,,,,,,,,,,,,,,,,,,,,,,,,,,,,
,,,,,,,,,,,,,,,,,,,,,,,,,,,,,,,,,,,,,,,,
July,,-0.2383,-23829,,,,,,,,,,,,,,,,,,,,,,,,,,,,,,,,,,,,,
,,,,,,,,,,,,,,,,,,,,,,,,,,,,,,,,,,,,,,,,
Week 5,,0,0,,,,,,,,,,,,,,,,,,,,,,,,,,,,,,,,,,,,,
2023-07-31 00:00:00,0,0,0,,,,,,,,,,,,,,,,,,,,,,,,,,,,,,,,,,,,,
,,,,,,,,,,,,,,,,,,,,,,,,,,,,,,,,,,,,,,,,
Week 4,,-0.0098,-982,,,,,,,,,,,,,,,,,,,,,,,,,,,,,,,,,,,,,
2023-07-28 00:00:00,0,0,0,,,,,,,,,,,,,,,,,,,,,,,,,,,,,,,,,,,,,
2023-07-27 00:00:00,5,-0.0098,-982,,,,,,,,,,,,,,,,,,,,,,,,,,,,,,,,,,,,,
2023-07-26 00:00:00,0,0,0,,,,,,,,,,,,,,,,,,,,,,,,,,,,,,,,,,,,,
2023-07-25 00:00:00,0,0,0,,,,,,,,,,,,,,,,,,,,,,,,,,,,,,,,,,,,,
2023-07-24 00:00:00,0,0,0,,,,,,,,,,,,,,,,,,,,,,,,,,,,,,,,,,,,,
,,,,,,,,,,,,,,,,,,,,,,,,,,,,,,,,,,,,,,,,
Week 3,,0.0066,658,,,,,,,,,,,,,,,,,,,,,,,,,,,,,,,,,,,,,
2023-07-21 00:00:00,0,0,0,,,,,,,,,,,,,,,,,,,,,,,,,,,,,,,,,,,,,
2023-07-20 00:00:00,16,0.0176,1765,,,,,,,,,,,,,,,,,,,,,,,,,,,,,,,,,,,,,
2023-07-19 00:00:00,3,-0.0111,-1107,,,,,,,,,,,,,,,,,,,,,,,,,,,,,,,,,,,,,
2023-07-18 00:00:00,0,0,0,,,,,,,,,,,,,,,,,,,,,,,,,,,,,,,,,,,,,
2023-07-17 00:00:00,0,0,0,,,,,,,,,,,,,,,,,,,,,,,,,,,,,,,,,,,,,
,,,,,,,,,,,,,,,,,,,,,,,,,,,,,,,,,,,,,,,,
Week 2,,-0.0158,-1584,,,,,,,,,,,,,,,,,,,,,,,,,,,,,,,,,,,,,
2023-07-14 00:00:00,4,-0.0048,-481,,,,,,,,,,,,,,,,,,,,,,,,,,,,,,,,,,,,,
2023-07-13 00:00:00,0,0,0,,,,,,,,,,,,,,,,,,,,,,,,,,,,,,,,,,,,,
2023-07-12 00:00:00,1,0.0024,243,,,,,,,,,,,,,,,,,,,,,,,,,,,,,,,,,,,,,
2023-07-11 00:00:00,1,0.0165,1647,,,,,,,,,,,,,,,,,,,,,,,,,,,,,,,,,,,,,
2023-07-10 00:00:00,1,-0.0299,-2993,,,,,,,,,,,,,,,,,,,,,,,,,,,,,,,,,,,,,
,,,,,,,,,,,,,,,,,,,,,,,,,,,,,,,,,,,,,,,,
Week 1,,-0.2192,-21922,,,,,,,,,,,,,,,,,,,,,,,,,,,,,,,,,,,,,
2023-07-07 00:00:00,0,0,0,,,,,,,,,,,,,,,,,,,,,,,,,,,,,,,,,,,,,
2023-07-06 00:00:00,6,-0.0025,-250,,,,,,,,,,,,,,,,,,,,,,,,,,,,,,,,,,,,,
2023-07-05 00:00:00,2,-0.2167,-21671,,,,,,,,,,,,,,,,,,,,,,,,,,,,,,,,,,,,,
2023-07-03 00:00:00,0,0,0,,,,,,,,,,,,,,,,,,,,,,,,,,,,,,,,,,,,,
,,,,,,,,,,,,,,,,,,,,,,,,,,,,,,,,,,,,,,,,
June,,0.0632,6324,,,,,,,,,,,,,,,,,,,,,,,,,,,,,,,,,,,,,
,,,,,,,,,,,,,,,,,,,,,,,,,,,,,,,,,,,,,,,,
Week 5,,-0.0134,-1337,,,,,,,,,,,,,,,,,,,,,,,,,,,,,,,,,,,,,
2023-06-30 00:00:00,3,-0.0089,-892,,,,,,,,,,,,,,,,,,,,,,,,,,,,,,,,,,,,,
2023-06-29 00:00:00,2,-0.0181,-1815,,,,,,,,,,,,,,,,,,,,,,,,,,,,,,,,,,,,,
2023-06-28 00:00:00,2,-0.0174,-1743,,,,,,,,,,,,,,,,,,,,,,,,,,,,,,,,,,,,,
2023-06-27 00:00:00,1,0.0142,1419,,,,,,,,,,,,,,,,,,,,,,,,,,,,,,,,,,,,,
2023-06-26 00:00:00,1,0.0169,1694,,,,,,,,,,,,,,,,,,,,,,,,,,,,,,,,,,,,,
,,,,,,,,,,,,,,,,,,,,,,,,,,,,,,,,,,,,,,,,
Week 4,,-0.038,-3803,,,,,,,,,,,,,,,,,,,,,,,,,,,,,,,,,,,,,
2023-06-23 00:00:00,0,0,0,,,,,,,,,,,,,,,,,,,,,,,,,,,,,,,,,,,,,
2023-06-22 00:00:00,0,0,0,,,,,,,,,,,,,,,,,,,,,,,,,,,,,,,,,,,,,
2023-06-21 00:00:00,2,-0.026,-2603,,,,,,,,,,,,,,,,,,,,,,,,,,,,,,,,,,,,,
2023-06-20 00:00:00,11,-0.012,-1200,,,,,,,,,,,,,,,,,,,,,,,,,,,,,,,,,,,,,
,,,,,,,,,,,,,,,,,,,,,,,,,,,,,,,,,,,,,,,,
Week 3,,0.0016,161,,,,,,,,,,,,,,,,,,,,,,,,,,,,,,,,,,,,,
2023-06-16 00:00:00,1,-0.027,-2698,,,,,,,,,,,,,,,,,,,,,,,,,,,,,,,,,,,,,
2023-06-15 00:00:00,3,0.0073,728,,,,,,,,,,,,,,,,,,,,,,,,,,,,,,,,,,,,,
2023-06-14 00:00:00,0,0,0,,,,,,,,,,,,,,,,,,,,,,,,,,,,,,,,,,,,,
2023-06-13 00:00:00,0,0,0,,,,,,,,,,,,,,,,,,,,,,,,,,,,,,,,,,,,,
2023-06-12 00:00:00,1,0.0213,2130,,,,,,,,,,,,,,,,,,,,,,,,,,,,,,,,,,,,,
,,,,,,,,,,,,,,,,,,,,,,,,,,,,,,,,,,,,,,,,
Week 2,,0.092,9200,,,,,,,,,,,,,,,,,,,,,,,,,,,,,,,,,,,,,
2023-06-09 00:00:00,1,0.0005,52,,,,,,,,,,,,,,,,,,,,,,,,,,,,,,,,,,,,,
2023-06-08 00:00:00,0,0,0,,,,,,,,,,,,,,,,,,,,,,,,,,,,,,,,,,,,,
2023-06-07 00:00:00,1,0.0653,6527,,,,,,,,,,,,,,,,,,,,,,,,,,,,,,,,,,,,,
2023-06-06 00:00:00,0,0,0,,,,,,,,,,,,,,,,,,,,,,,,,,,,,,,,,,,,,
2023-06-05 00:00:00,3,0.0262,2620,,,,,,,,,,,,,,,,,,,,,,,,,,,,,,,,,,,,,
,,,,,,,,,,,,,,,,,,,,,,,,,,,,,,,,,,,,,,,,
Week 1,,0.021,2103,,,,,,,,,,,,,,,,,,,,,,,,,,,,,,,,,,,,,
2023-06-02 00:00:00,13,0.0119,1194,,,,,,,,,,,,,,,,,,,,,,,,,,,,,,,,,,,,,
2023-06-01 00:00:00,22,0.0091,909,,,,,,,,,,,,,,,,,,,,,,,,,,,,,,,,,,,,,
,,,,,,,,,,,,,,,,,,,,,,,,,,,,,,,,,,,,,,,,
May,,0.2799,27990,,,,,,,,,,,,,,,,,,,,,,,,,,,,,,,,,,,,,
,,,,,,,,,,,,,,,,,,,,,,,,,,,,,,,,,,,,,,,,
Week 5,,-0.0147,-1470,,,,,,,,,,,,,,,,,,,,,,,,,,,,,,,,,,,,,
2023-05-31 00:00:00,7,-0.0176,-1756,,,,,,,,,,,,,,,,,,,,,,,,,,,,,,,,,,,,,
2023-05-30 00:00:00,4,0.0029,286,,,,,,,,,,,,,,,,,,,,,,,,,,,,,,,,,,,,,
,,,,,,,,,,,,,,,,,,,,,,,,,,,,,,,,,,,,,,,,
Week 4,,0.0953,9532,,,,,,,,,,,,,,,,,,,,,,,,,,,,,,,,,,,,,
2023-05-26 00:00:00,5,-0.0034,-342,,,,,,,,,,,,,,,,,,,,,,,,,,,,,,,,,,,,,
2023-05-25 00:00:00,0,0,0,,,,,,,,,,,,,,,,,,,,,,,,,,,,,,,,,,,,,
2023-05-24 00:00:00,1,0.0995,9950,,,,,,,,,,,,,,,,,,,,,,,,,,,,,,,,,,,,,
2023-05-23 00:00:00,5,-0.0008,-75,,,,,,,,,,,,,,,,,,,,,,,,,,,,,,,,,,,,,
2023-05-22 00:00:00,0,0,0,,,,,,,,,,,,,,,,,,,,,,,,,,,,,,,,,,,,,
,,,,,,,,,,,,,,,,,,,,,,,,,,,,,,,,,,,,,,,,
Week 3,,0.1388,13882,,,,,,,,,,,,,,,,,,,,,,,,,,,,,,,,,,,,,
2023-05-19 00:00:00,1,0.0167,1672,,,,,,,,,,,,,,,,,,,,,,,,,,,,,,,,,,,,,
2023-05-18 00:00:00,6,0.0231,2308,,,,,,,,,,,,,,,,,,,,,,,,,,,,,,,,,,,,,
2023-05-17 00:00:00,3,0.0844,8445,,,,,,,,,,,,,,,,,,,,,,,,,,,,,,,,,,,,,
2023-05-16 00:00:00,0,0,0,,,,,,,,,,,,,,,,,,,,,,,,,,,,,,,,,,,,,
2023-05-15 00:00:00,3,0.0146,1457,,,,,,,,,,,,,,,,,,,,,,,,,,,,,,,,,,,,,
,,,,,,,,,,,,,,,,,,,,,,,,,,,,,,,,,,,,,,,,
Week 2,,0.0314,3143,,,,,,,,,,,,,,,,,,,,,,,,,,,,,,,,,,,,,
2023-05-12 00:00:00,0,0,0,,,,,,,,,,,,,,,,,,,,,,,,,,,,,,,,,,,,,
2023-05-11 00:00:00,0,0,0,,,,,,,,,,,,,,,,,,,,,,,,,,,,,,,,,,,,,
2023-05-10 00:00:00,3,0.0301,3008,,,,,,,,,,,,,,,,,,,,,,,,,,,,,,,,,,,,,
2023-05-09 00:00:00,0,0,0,,,,,,,,,,,,,,,,,,,,,,,,,,,,,,,,,,,,,
2023-05-08 00:00:00,2,0.0014,136,,,,,,,,,,,,,,,,,,,,,,,,,,,,,,,,,,,,,
,,,,,,,,,,,,,,,,,,,,,,,,,,,,,,,,,,,,,,,,
Week 1,,0.029,2902,,,,,,,,,,,,,,,,,,,,,,,,,,,,,,,,,,,,,
2023-05-05 00:00:00,31,0.0214,2138,,,,,,,,,,,,,,,,,,,,,,,,,,,,,,,,,,,,,
2023-05-04 00:00:00,1,0.0005,50,,,,,,,,,,,,,,,,,,,,,,,,,,,,,,,,,,,,,
2023-05-03 00:00:00,2,0.0071,714,,,,,,,,,,,,,,,,,,,,,,,,,,,,,,,,,,,,,
2023-05-02 00:00:00,0,0,0,,,,,,,,,,,,,,,,,,,,,,,,,,,,,,,,,,,,,
2023-05-01 00:00:00,0,0,0,,,,,,,,,,,,,,,,,,,,,,,,,,,,,,,,,,,,,
,,,,,,,,,,,,,,,,,,,,,,,,,,,,,,,,,,,,,,,,
April,,0.1105,11049,,,,,,,,,,,,,,,,,,,,,,,,,,,,,,,,,,,,,
,,,,,,,,,,,,,,,,,,,,,,,,,,,,,,,,,,,,,,,,
Week 4,,0.0547,5472,,,,,,,,,,,,,,,,,,,,,,,,,,,,,,,,,,,,,
2023-04-28 00:00:00,11,0.0251,2507,,,,,,,,,,,,,,,,,,,,,,,,,,,,,,,,,,,,,
2023-04-27 00:00:00,15,0.0099,991,,,,,,,,,,,,,,,,,,,,,,,,,,,,,,,,,,,,,
2023-04-26 00:00:00,3,0.0121,1208,,,,,,,,,,,,,,,,,,,,,,,,,,,,,,,,,,,,,
2023-04-25 00:00:00,0,0,0,,,,,,,,,,,,,,,,,,,,,,,,,,,,,,,,,,,,,
2023-04-24 00:00:00,1,0.0077,767,,,,,,,,,,,,,,,,,,,,,,,,,,,,,,,,,,,,,
,,,,,,,,,,,,,,,,,,,,,,,,,,,,,,,,,,,,,,,,
Week 3,,0.0667,6674,,,,,,,,,,,,,,,,,,,,,,,,,,,,,,,,,,,,,
2023-04-21 00:00:00,0,0,0,,,,,,,,,,,,,,,,,,,,,,,,,,,,,,,,,,,,,
2023-04-20 00:00:00,0,0,0,,,,,,,,,,,,,,,,,,,,,,,,,,,,,,,,,,,,,
2023-04-19 00:00:00,2,0.0667,6674,,,,,,,,,,,,,,,,,,,,,,,,,,,,,,,,,,,,,
2023-04-18 00:00:00,0,0,0,,,,,,,,,,,,,,,,,,,,,,,,,,,,,,,,,,,,,
2023-04-17 00:00:00,0,0,0,,,,,,,,,,,,,,,,,,,,,,,,,,,,,,,,,,,,,
,,,,,,,,,,,,,,,,,,,,,,,,,,,,,,,,,,,,,,,,
Week 2,,-0.0303,-3034,,,,,,,,,,,,,,,,,,,,,,,,,,,,,,,,,,,,,
2023-04-14 00:00:00,2,-0.0749,-7485,,,,,,,,,,,,,,,,,,,,,,,,,,,,,,,,,,,,,
2023-04-13 00:00:00,0,0,0,,,,,,,,,,,,,,,,,,,,,,,,,,,,,,,,,,,,,
2023-04-12 00:00:00,5,0.011,1102,,,,,,,,,,,,,,,,,,,,,,,,,,,,,,,,,,,,,
2023-04-11 00:00:00,0,0,0,,,,,,,,,,,,,,,,,,,,,,,,,,,,,,,,,,,,,
2023-04-10 00:00:00,2,0.0335,3349,,,,,,,,,,,,,,,,,,,,,,,,,,,,,,,,,,,,,
,,,,,,,,,,,,,,,,,,,,,,,,,,,,,,,,,,,,,,,,
Week 1,,0.0194,1937,,,,,,,,,,,,,,,,,,,,,,,,,,,,,,,,,,,,,
2023-04-06 00:00:00,4,-0.0141,-1407,,,,,,,,,,,,,,,,,,,,,,,,,,,,,,,,,,,,,
2023-04-05 00:00:00,7,0.0273,2725,,,,,,,,,,,,,,,,,,,,,,,,,,,,,,,,,,,,,
2023-04-04 00:00:00,1,0.0062,619,,,,,,,,,,,,,,,,,,,,,,,,,,,,,,,,,,,,,
2023-04-03 00:00:00,0,0,0,,,,,,,,,,,,,,,,,,,,,,,,,,,,,,,,,,,,,
,,,,,,,,,,,,,,,,,,,,,,,,,,,,,,,,,,,,,,,,
March,,0.0737,7366,,,,,,,,,,,,,,,,,,,,,,,,,,,,,,,,,,,,,
,,,,,,,,,,,,,,,,,,,,,,,,,,,,,,,,,,,,,,,,
Week 1,,0.0131,1314,,,,,,,,,,,,,,,,,,,,,,,,,,,,,,,,,,,,,
2023-03-31 00:00:00,0,0,0,,,,,,,,,,,,,,,,,,,,,,,,,,,,,,,,,,,,,
2023-03-30 00:00:00,0,0,0,,,,,,,,,,,,,,,,,,,,,,,,,,,,,,,,,,,,,
2023-03-29 00:00:00,7,0.0009,92,,,,,,,,,,,,,,,,,,,,,,,,,,,,,,,,,,,,,
2023-03-28 00:00:00,0,0,0,,,,,,,,,,,,,,,,,,,,,,,,,,,,,,,,,,,,,
2023-03-27 00:00:00,19,0.0122,1222,,,,,,,,,,,,,,,,,,,,,,,,,,,,,,,,,,,,,
,,,,,,,,,,,,,,,,,,,,,,,,,,,,,,,,,,,,,,,,
Week 4,,0.0503,5031,,,,,,,,,,,,,,,,,,,,,,,,,,,,,,,,,,,,,
2023-03-24 00:00:00,3,0.0219,2189,,,,,,,,,,,,,,,,,,,,,,,,,,,,,,,,,,,,,
2023-03-23 00:00:00,0,0,0,,,,,,,,,,,,,,,,,,,,,,,,,,,,,,,,,,,,,
2023-03-22 00:00:00,1,0.0077,769,,,,,,,,,,,,,,,,,,,,,,,,,,,,,,,,,,,,,
2023-03-21 00:00:00,52,0.0179,1791,,,,,,,,,,,,,,,,,,,,,,,,,,,,,,,,,,,,,
2023-03-20 00:00:00,30,0.0028,282,,,,,,,,,,,,,,,,,,,,,,,,,,,,,,,,,,,,,
,,,,,,,,,,,,,,,,,,,,,,,,,,,,,,,,,,,,,,,,
Week 3,,-0.0137,-1366,,,,,,,,,,,,,,,,,,,,,,,,,,,,,,,,,,,,,
2023-03-17 00:00:00,3,0.0062,615,,,,,,,,,,,,,,,,,,,,,,,,,,,,,,,,,,,,,
2023-03-16 00:00:00,97,-0.0071,-708,,,,,,,,,,,,,,,,,,,,,,,,,,,,,,,,,,,,,
2023-03-15 00:00:00,1,-0.0202,-2025,,,,,,,,,,,,,,,,,,,,,,,,,,,,,,,,,,,,,
2023-03-14 00:00:00,48,0.0045,454,,,,,,,,,,,,,,,,,,,,,,,,,,,,,,,,,,,,,
2023-03-13 00:00:00,2,0.003,297,,,,,,,,,,,,,,,,,,,,,,,,,,,,,,,,,,,,,
,,,,,,,,,,,,,,,,,,,,,,,,,,,,,,,,,,,,,,,,
Week 2,,0.0015,154,,,,,,,,,,,,,,,,,,,,,,,,,,,,,,,,,,,,,
2023-03-10 00:00:00,0,0,0,,,,,,,,,,,,,,,,,,,,,,,,,,,,,,,,,,,,,
2023-03-09 00:00:00,0,0,0,,,,,,,,,,,,,,,,,,,,,,,,,,,,,,,,,,,,,
2023-03-08 00:00:00,0,0,0,,,,,,,,,,,,,,,,,,,,,,,,,,,,,,,,,,,,,
2023-03-07 00:00:00,1,0.0015,154,,,,,,,,,,,,,,,,,,,,,,,,,,,,,,,,,,,,,
2023-03-06 00:00:00,0,0,0,,,,,,,,,,,,,,,,,,,,,,,,,,,,,,,,,,,,,
,,,,,,,,,,,,,,,,,,,,,,,,,,,,,,,,,,,,,,,,
Week 1,,0.0223,2233,,,,,,,,,,,,,,,,,,,,,,,,,,,,,,,,,,,,,
2023-03-03 00:00:00,4,0.0094,941,,,,,,,,,,,,,,,,,,,,,,,,,,,,,,,,,,,,,
2023-03-02 00:00:00,6,0.0121,1207,,,,,,,,,,,,,,,,,,,,,,,,,,,,,,,,,,,,,
2023-03-01 00:00:00,7,0.0008,85,,,,,,,,,,,,,,,,,,,,,,,,,,,,,,,,,,,,,
,,,,,,,,,,,,,,,,,,,,,,,,,,,,,,,,,,,,,,,,
February,,0.3216,32161,,,,,,,,,,,,,,,,,,,,,,,,,,,,,,,,,,,,,
,,,,,,,,,,,,,,,,,,,,,,,,,,,,,,,,,,,,,,,,
Week 5,,-0.0037,-369,,,,,,,,,,,,,,,,,,,,,,,,,,,,,,,,,,,,,
2023-02-28 00:00:00,6,-0.0024,-236,,,,,,,,,,,,,,,,,,,,,,,,,,,,,,,,,,,,,
2023-02-27 00:00:00,16,-0.0013,-133,,,,,,,,,,,,,,,,,,,,,,,,,,,,,,,,,,,,,
,,,,,,,,,,,,,,,,,,,,,,,,,,,,,,,,,,,,,,,,
Week 4,,0.0498,4977,,,,,,,,,,,,,,,,,,,,,,,,,,,,,,,,,,,,,
2023-02-24 00:00:00,2,0.0454,4541,,,,,,,,,,,,,,,,,,,,,,,,,,,,,,,,,,,,,
2023-02-23 00:00:00,4,0.0107,1066,,,,,,,,,,,,,,,,,,,,,,,,,,,,,,,,,,,,,
2023-02-22 00:00:00,2,0.0183,1832,,,,,,,,,,,,,,,,,,,,,,,,,,,,,,,,,,,,,
2023-02-21 00:00:00,2,-0.0246,-2463,,,,,,,,,,,,,,,,,,,,,,,,,,,,,,,,,,,,,
,,,,,,,,,,,,,,,,,,,,,,,,,,,,,,,,,,,,,,,,
Week 3,,0.0791,7905,,,,,,,,,,,,,,,,,,,,,,,,,,,,,,,,,,,,,
2023-02-17 00:00:00,2,0.0137,1374,,,,,,,,,,,,,,,,,,,,,,,,,,,,,,,,,,,,,
2023-02-16 00:00:00,1,-0.0083,-834,,,,,,,,,,,,,,,,,,,,,,,,,,,,,,,,,,,,,
2023-02-15 00:00:00,0,0,0,,,,,,,,,,,,,,,,,,,,,,,,,,,,,,,,,,,,,
2023-02-14 00:00:00,1,0.0737,7365,,,,,,,,,,,,,,,,,,,,,,,,,,,,,,,,,,,,,
2023-02-13 00:00:00,0,0,0,,,,,,,,,,,,,,,,,,,,,,,,,,,,,,,,,,,,,
,,,,,,,,,,,,,,,,,,,,,,,,,,,,,,,,,,,,,,,,
Week 2,,0.1207,12068,,,,,,,,,,,,,,,,,,,,,,,,,,,,,,,,,,,,,
2023-02-10 00:00:00,0,0,0,,,,,,,,,,,,,,,,,,,,,,,,,,,,,,,,,,,,,
2023-02-09 00:00:00,2,0.0471,4712,,,,,,,,,,,,,,,,,,,,,,,,,,,,,,,,,,,,,
2023-02-08 00:00:00,2,0.0017,172,,,,,,,,,,,,,,,,,,,,,,,,,,,,,,,,,,,,,
2023-02-07 00:00:00,6,0.0488,4880,,,,,,,,,,,,,,,,,,,,,,,,,,,,,,,,,,,,,
2023-02-06 00:00:00,9,0.023,2303,,,,,,,,,,,,,,,,,,,,,,,,,,,,,,,,,,,,,
,,,,,,,,,,,,,,,,,,,,,,,,,,,,,,,,,,,,,,,,
Week 1,,0.0758,7581,,,,,,,,,,,,,,,,,,,,,,,,,,,,,,,,,,,,,
2023-02-03 00:00:00,11,0.0156,1556,,,,,,,,,,,,,,,,,,,,,,,,,,,,,,,,,,,,,
2023-02-02 00:00:00,1,0.0603,6025,,,,,,,,,,,,,,,,,,,,,,,,,,,,,,,,,,,,,
2023-02-01 00:00:00,0,0,0,,,,,,,,,,,,,,,,,,,,,,,,,,,,,,,,,,,,,
,,,,,,,,,,,,,,,,,,,,,,,,,,,,,,,,,,,,,,,,
January,,0.1403,14027,,,,,,,,,,,,,,,,,,,,,,,,,,,,,,,,,,,,,
,,,,,,,,,,,,,,,,,,,,,,,,,,,,,,,,,,,,,,,,
Week 5,,0.0296,2957,,,,,,,,,,,,,,,,,,,,,,,,,,,,,,,,,,,,,
2023-01-31 00:00:00,1,0.015,1497,,,,,,,,,,,,,,,,,,,,,,,,,,,,,,,,,,,,,
2023-01-30 00:00:00,13,0.0146,1460,,,,,,,,,,,,,,,,,,,,,,,,,,,,,,,,,,,,,
,,,,,,,,,,,,,,,,,,,,,,,,,,,,,,,,,,,,,,,,
Week 4,,0,0,,,,,,,,,,,,,,,,,,,,,,,,,,,,,,,,,,,,,
2023-01-27 00:00:00,0,0,0,,,,,,,,,,,,,,,,,,,,,,,,,,,,,,,,,,,,,
2023-01-26 00:00:00,0,0,0,,,,,,,,,,,,,,,,,,,,,,,,,,,,,,,,,,,,,
2023-01-25 00:00:00,0,0,0,,,,,,,,,,,,,,,,,,,,,,,,,,,,,,,,,,,,,
2023-01-24 00:00:00,0,0,0,,,,,,,,,,,,,,,,,,,,,,,,,,,,,,,,,,,,,
2023-01-23 00:00:00,0,0,0,,,,,,,,,,,,,,,,,,,,,,,,,,,,,,,,,,,,,
,,,,,,,,,,,,,,,,,,,,,,,,,,,,,,,,,,,,,,,,
Week 3,,0.0517,5165,,,,,,,,,,,,,,,,,,,,,,,,,,,,,,,,,,,,,
2023-01-20 00:00:00,0,0,0,,,,,,,,,,,,,,,,,,,,,,,,,,,,,,,,,,,,,
2023-01-19 00:00:00,3,0.0261,2611,,,,,,,,,,,,,,,,,,,,,,,,,,,,,,,,,,,,,
2023-01-18 00:00:00,19,0.0041,406,,,,,,,,,,,,,,,,,,,,,,,,,,,,,,,,,,,,,
2023-01-17 00:00:00,2,0.0215,2149,,,,,,,,,,,,,,,,,,,,,,,,,,,,,,,,,,,,,
,,,,,,,,,,,,,,,,,,,,,,,,,,,,,,,,,,,,,,,,
Week 2,,0.0587,5867,,,,,,,,,,,,,,,,,,,,,,,,,,,,,,,,,,,,,
2023-01-13 00:00:00,0,0,0,,,,,,,,,,,,,,,,,,,,,,,,,,,,,,,,,,,,,
2023-01-12 00:00:00,2,0.0036,358,,,,,,,,,,,,,,,,,,,,,,,,,,,,,,,,,,,,,
2023-01-11 00:00:00,0,0,0,,,,,,,,,,,,,,,,,,,,,,,,,,,,,,,,,,,,,
2023-01-10 00:00:00,2,0.033,3302,,,,,,,,,,,,,,,,,,,,,,,,,,,,,,,,,,,,,
2023-01-09 00:00:00,1,0.0221,2206,,,,,,,,,,,,,,,,,,,,,,,,,,,,,,,,,,,,,
,,,,,,,,,,,,,,,,,,,,,,,,,,,,,,,,,,,,,,,,
Week 1,,0.0004,38,,,,,,,,,,,,,,,,,,,,,,,,,,,,,,,,,,,,,
2023-01-06 00:00:00,0,0,0,,,,,,,,,,,,,,,,,,,,,,,,,,,,,,,,,,,,,
2023-01-05 00:00:00,1,0.0004,38,,,,,,,,,,,,,,,,,,,,,,,,,,,,,,,,,,,,,
2023-01-04 00:00:00,0,0,0,,,,,,,,,,,,,,,,,,,,,,,,,,,,,,,,,,,,,
2023-01-03 00:00:00,0,0,0,,,,,,,,,,,,,,,,,,,,,,,,,,,,,,,,,,,,,
Best By Max DD (1BR),2022,1.286,-0.19,,128557,,1,1.286,-0.088,,0.245,6484,540.3333333,0.661,0.9,557,0.006,3.8,4,11,2,9,1,8,1.9,4284,1.8,15.2,-6154,-0.062,-3600,-0.036,-3679,-0.037,0.661,0.726,0.827,1936,-2128,0.917
Date,# of Sold Branches,Profit % Realized Only,Profit $ Realized Only,,,,,,,,,,,,,,,,,,,,,,,,,,,,,,,,,,,,,
2022 To Date,,1.2856,128557,,,,,,,,,,,,,,,,,,,,,,,,,,,,,,,,,,,,,
,,,,,,,,,,,,,,,,,,,,,,,,,,,,,,,,,,,,,,,,
December,,0.1856,18563,,,,,,,,,,,,,,,,,,,,,,,,,,,,,,,,,,,,,
,,,,,,,,,,,,,,,,,,,,,,,,,,,,,,,,,,,,,,,,
Week 5,,0.0285,2850,,,,,,,,,,,,,,,,,,,,,,,,,,,,,,,,,,,,,
2022-12-30 00:00:00,3,0.0125,1254,,,,,,,,,,,,,,,,,,,,,,,,,,,,,,,,,,,,,
2022-12-29 00:00:00,53,0.0171,1708,,,,,,,,,,,,,,,,,,,,,,,,,,,,,,,,,,,,,
2022-12-28 00:00:00,0,0,0,,,,,,,,,,,,,,,,,,,,,,,,,,,,,,,,,,,,,
2022-12-27 00:00:00,3,-0.0011,-112,,,,,,,,,,,,,,,,,,,,,,,,,,,,,,,,,,,,,
,,,,,,,,,,,,,,,,,,,,,,,,,,,,,,,,,,,,,,,,
Week 4,,0.0799,7992,,,,,,,,,,,,,,,,,,,,,,,,,,,,,,,,,,,,,
2022-12-23 00:00:00,5,0.0039,388,,,,,,,,,,,,,,,,,,,,,,,,,,,,,,,,,,,,,
2022-12-22 00:00:00,1,0.0559,5594,,,,,,,,,,,,,,,,,,,,,,,,,,,,,,,,,,,,,
2022-12-21 00:00:00,108,0.0118,1181,,,,,,,,,,,,,,,,,,,,,,,,,,,,,,,,,,,,,
2022-12-20 00:00:00,2,0.0076,764,,,,,,,,,,,,,,,,,,,,,,,,,,,,,,,,,,,,,
2022-12-19 00:00:00,1,0.0007,66,,,,,,,,,,,,,,,,,,,,,,,,,,,,,,,,,,,,,
,,,,,,,,,,,,,,,,,,,,,,,,,,,,,,,,,,,,,,,,
Week 3,,0.0135,1351,,,,,,,,,,,,,,,,,,,,,,,,,,,,,,,,,,,,,
2022-12-16 00:00:00,0,0,0,,,,,,,,,,,,,,,,,,,,,,,,,,,,,,,,,,,,,
2022-12-15 00:00:00,5,-0.0025,-252,,,,,,,,,,,,,,,,,,,,,,,,,,,,,,,,,,,,,
2022-12-14 00:00:00,0,0,0,,,,,,,,,,,,,,,,,,,,,,,,,,,,,,,,,,,,,
2022-12-13 00:00:00,9,0.0144,1436,,,,,,,,,,,,,,,,,,,,,,,,,,,,,,,,,,,,,
2022-12-12 00:00:00,26,0.0017,167,,,,,,,,,,,,,,,,,,,,,,,,,,,,,,,,,,,,,
,,,,,,,,,,,,,,,,,,,,,,,,,,,,,,,,,,,,,,,,
Week 2,,0.0637,6370,,,,,,,,,,,,,,,,,,,,,,,,,,,,,,,,,,,,,
2022-12-09 00:00:00,2,-0.0198,-1981,,,,,,,,,,,,,,,,,,,,,,,,,,,,,,,,,,,,,
2022-12-08 00:00:00,2,-0.017,-1698,,,,,,,,,,,,,,,,,,,,,,,,,,,,,,,,,,,,,
2022-12-07 00:00:00,6,0.0537,5369,,,,,,,,,,,,,,,,,,,,,,,,,,,,,,,,,,,,,
2022-12-06 00:00:00,3,0.0114,1138,,,,,,,,,,,,,,,,,,,,,,,,,,,,,,,,,,,,,
2022-12-05 00:00:00,5,0.0354,3542,,,,,,,,,,,,,,,,,,,,,,,,,,,,,,,,,,,,,
,,,,,,,,,,,,,,,,,,,,,,,,,,,,,,,,,,,,,,,,
Week 1,,0,0,,,,,,,,,,,,,,,,,,,,,,,,,,,,,,,,,,,,,
2022-12-02 00:00:00,0,0,0,,,,,,,,,,,,,,,,,,,,,,,,,,,,,,,,,,,,,
2022-12-01 00:00:00,0,0,0,,,,,,,,,,,,,,,,,,,,,,,,,,,,,,,,,,,,,
,,,,,,,,,,,,,,,,,,,,,,,,,,,,,,,,,,,,,,,,
November,,0.3125,31247,,,,,,,,,,,,,,,,,,,,,,,,,,,,,,,,,,,,,
,,,,,,,,,,,,,,,,,,,,,,,,,,,,,,,,,,,,,,,,
Week 5,,0.0656,6560,,,,,,,,,,,,,,,,,,,,,,,,,,,,,,,,,,,,,
2022-11-30 00:00:00,4,0.0122,1221,,,,,,,,,,,,,,,,,,,,,,,,,,,,,,,,,,,,,
2022-11-29 00:00:00,4,0.0142,1421,,,,,,,,,,,,,,,,,,,,,,,,,,,,,,,,,,,,,
2022-11-28 00:00:00,5,0.0392,3917,,,,,,,,,,,,,,,,,,,,,,,,,,,,,,,,,,,,,
,,,,,,,,,,,,,,,,,,,,,,,,,,,,,,,,,,,,,,,,
Week 4,,0.0255,2553,,,,,,,,,,,,,,,,,,,,,,,,,,,,,,,,,,,,,
2022-11-25 00:00:00,1,0.0169,1687,,,,,,,,,,,,,,,,,,,,,,,,,,,,,,,,,,,,,
2022-11-23 00:00:00,1,0.0023,234,,,,,,,,,,,,,,,,,,,,,,,,,,,,,,,,,,,,,
2022-11-22 00:00:00,1,0.0044,442,,,,,,,,,,,,,,,,,,,,,,,,,,,,,,,,,,,,,
2022-11-21 00:00:00,2,0.0019,190,,,,,,,,,,,,,,,,,,,,,,,,,,,,,,,,,,,,,
,,,,,,,,,,,,,,,,,,,,,,,,,,,,,,,,,,,,,,,,
Week 3,,0.0452,4521,,,,,,,,,,,,,,,,,,,,,,,,,,,,,,,,,,,,,
2022-11-18 00:00:00,2,0.0425,4249,,,,,,,,,,,,,,,,,,,,,,,,,,,,,,,,,,,,,
2022-11-17 00:00:00,3,-0.0001,-8,,,,,,,,,,,,,,,,,,,,,,,,,,,,,,,,,,,,,
2022-11-16 00:00:00,3,0.0064,637,,,,,,,,,,,,,,,,,,,,,,,,,,,,,,,,,,,,,
2022-11-15 00:00:00,4,-0.0036,-358,,,,,,,,,,,,,,,,,,,,,,,,,,,,,,,,,,,,,
2022-11-14 00:00:00,0,0,0,,,,,,,,,,,,,,,,,,,,,,,,,,,,,,,,,,,,,
,,,,,,,,,,,,,,,,,,,,,,,,,,,,,,,,,,,,,,,,
Week 2,,0.1054,10540,,,,,,,,,,,,,,,,,,,,,,,,,,,,,,,,,,,,,
2022-11-11 00:00:00,2,0.0113,1128,,,,,,,,,,,,,,,,,,,,,,,,,,,,,,,,,,,,,
2022-11-10 00:00:00,11,0.0453,4526,,,,,,,,,,,,,,,,,,,,,,,,,,,,,,,,,,,,,
2022-11-09 00:00:00,2,0.0305,3047,,,,,,,,,,,,,,,,,,,,,,,,,,,,,,,,,,,,,
2022-11-08 00:00:00,13,0.0041,406,,,,,,,,,,,,,,,,,,,,,,,,,,,,,,,,,,,,,
2022-11-07 00:00:00,5,0.0143,1433,,,,,,,,,,,,,,,,,,,,,,,,,,,,,,,,,,,,,
,,,,,,,,,,,,,,,,,,,,,,,,,,,,,,,,,,,,,,,,
Week 1,,0.0707,7074,,,,,,,,,,,,,,,,,,,,,,,,,,,,,,,,,,,,,
2022-11-04 00:00:00,17,0.0231,2308,,,,,,,,,,,,,,,,,,,,,,,,,,,,,,,,,,,,,
2022-11-03 00:00:00,0,0,0,,,,,,,,,,,,,,,,,,,,,,,,,,,,,,,,,,,,,
2022-11-02 00:00:00,7,0.0354,3544,,,,,,,,,,,,,,,,,,,,,,,,,,,,,,,,,,,,,
2022-11-01 00:00:00,9,0.0122,1222,,,,,,,,,,,,,,,,,,,,,,,,,,,,,,,,,,,,,
,,,,,,,,,,,,,,,,,,,,,,,,,,,,,,,,,,,,,,,,
October,,0.1219,12191,,,,,,,,,,,,,,,,,,,,,,,,,,,,,,,,,,,,,
,,,,,,,,,,,,,,,,,,,,,,,,,,,,,,,,,,,,,,,,
Week 5,,0.045,4504,,,,,,,,,,,,,,,,,,,,,,,,,,,,,,,,,,,,,
2022-10-31 00:00:00,6,0.045,4504,,,,,,,,,,,,,,,,,,,,,,,,,,,,,,,,,,,,,
,,,,,,,,,,,,,,,,,,,,,,,,,,,,,,,,,,,,,,,,
Week 4,,-0.0422,-4217,,,,,,,,,,,,,,,,,,,,,,,,,,,,,,,,,,,,,
2022-10-28 00:00:00,5,0.0036,363,,,,,,,,,,,,,,,,,,,,,,,,,,,,,,,,,,,,,
2022-10-27 00:00:00,5,-0.0051,-507,,,,,,,,,,,,,,,,,,,,,,,,,,,,,,,,,,,,,
2022-10-26 00:00:00,6,-0.0155,-1554,,,,,,,,,,,,,,,,,,,,,,,,,,,,,,,,,,,,,
2022-10-25 00:00:00,43,-0.0008,-85,,,,,,,,,,,,,,,,,,,,,,,,,,,,,,,,,,,,,
2022-10-24 00:00:00,14,-0.0243,-2434,,,,,,,,,,,,,,,,,,,,,,,,,,,,,,,,,,,,,
,,,,,,,,,,,,,,,,,,,,,,,,,,,,,,,,,,,,,,,,
Week 3,,0.0907,9066,,,,,,,,,,,,,,,,,,,,,,,,,,,,,,,,,,,,,
2022-10-21 00:00:00,28,0.0244,2441,,,,,,,,,,,,,,,,,,,,,,,,,,,,,,,,,,,,,
2022-10-20 00:00:00,10,0.0124,1238,,,,,,,,,,,,,,,,,,,,,,,,,,,,,,,,,,,,,
2022-10-19 00:00:00,0,0,0,,,,,,,,,,,,,,,,,,,,,,,,,,,,,,,,,,,,,
2022-10-18 00:00:00,61,0.0352,3522,,,,,,,,,,,,,,,,,,,,,,,,,,,,,,,,,,,,,
2022-10-17 00:00:00,30,0.0187,1866,,,,,,,,,,,,,,,,,,,,,,,,,,,,,,,,,,,,,
,,,,,,,,,,,,,,,,,,,,,,,,,,,,,,,,,,,,,,,,
Week 2,,0.01,1003,,,,,,,,,,,,,,,,,,,,,,,,,,,,,,,,,,,,,
2022-10-14 00:00:00,3,0.0012,121,,,,,,,,,,,,,,,,,,,,,,,,,,,,,,,,,,,,,
2022-10-13 00:00:00,126,0.0071,711,,,,,,,,,,,,,,,,,,,,,,,,,,,,,,,,,,,,,
2022-10-12 00:00:00,5,0.0037,373,,,,,,,,,,,,,,,,,,,,,,,,,,,,,,,,,,,,,
2022-10-11 00:00:00,6,0.001,97,,,,,,,,,,,,,,,,,,,,,,,,,,,,,,,,,,,,,
2022-10-10 00:00:00,3,-0.003,-299,,,,,,,,,,,,,,,,,,,,,,,,,,,,,,,,,,,,,
,,,,,,,,,,,,,,,,,,,,,,,,,,,,,,,,,,,,,,,,
Week 1,,0.0183,1834,,,,,,,,,,,,,,,,,,,,,,,,,,,,,,,,,,,,,
2022-10-07 00:00:00,0,0,0,,,,,,,,,,,,,,,,,,,,,,,,,,,,,,,,,,,,,
2022-10-06 00:00:00,1,0.0219,2190,,,,,,,,,,,,,,,,,,,,,,,,,,,,,,,,,,,,,
2022-10-05 00:00:00,4,-0.0189,-1890,,,,,,,,,,,,,,,,,,,,,,,,,,,,,,,,,,,,,
2022-10-04 00:00:00,78,0.0179,1788,,,,,,,,,,,,,,,,,,,,,,,,,,,,,,,,,,,,,
2022-10-03 00:00:00,285,-0.0025,-254,,,,,,,,,,,,,,,,,,,,,,,,,,,,,,,,,,,,,
,,,,,,,,,,,,,,,,,,,,,,,,,,,,,,,,,,,,,,,,
September,,0.02,1997,,,,,,,,,,,,,,,,,,,,,,,,,,,,,,,,,,,,,
,,,,,,,,,,,,,,,,,,,,,,,,,,,,,,,,,,,,,,,,
Week 5,,-0.0567,-5668,,,,,,,,,,,,,,,,,,,,,,,,,,,,,,,,,,,,,
2022-09-30 00:00:00,16,-0.0106,-1061,,,,,,,,,,,,,,,,,,,,,,,,,,,,,,,,,,,,,
2022-09-29 00:00:00,1,0.0152,1520,,,,,,,,,,,,,,,,,,,,,,,,,,,,,,,,,,,,,
2022-09-28 00:00:00,403,-0.0103,-1035,,,,,,,,,,,,,,,,,,,,,,,,,,,,,,,,,,,,,
2022-09-27 00:00:00,4,-0.0353,-3535,,,,,,,,,,,,,,,,,,,,,,,,,,,,,,,,,,,,,
2022-09-26 00:00:00,4,-0.0156,-1558,,,,,,,,,,,,,,,,,,,,,,,,,,,,,,,,,,,,,
,,,,,,,,,,,,,,,,,,,,,,,,,,,,,,,,,,,,,,,,
Week 4,,0.002,200,,,,,,,,,,,,,,,,,,,,,,,,,,,,,,,,,,,,,
2022-09-23 00:00:00,0,0,0,,,,,,,,,,,,,,,,,,,,,,,,,,,,,,,,,,,,,
2022-09-22 00:00:00,0,0,0,,,,,,,,,,,,,,,,,,,,,,,,,,,,,,,,,,,,,
2022-09-21 00:00:00,19,-0.0003,-27,,,,,,,,,,,,,,,,,,,,,,,,,,,,,,,,,,,,,
2022-09-20 00:00:00,0,0,0,,,,,,,,,,,,,,,,,,,,,,,,,,,,,,,,,,,,,
2022-09-19 00:00:00,75,0.0023,227,,,,,,,,,,,,,,,,,,,,,,,,,,,,,,,,,,,,,
,,,,,,,,,,,,,,,,,,,,,,,,,,,,,,,,,,,,,,,,
Week 3,,0.0315,3149,,,,,,,,,,,,,,,,,,,,,,,,,,,,,,,,,,,,,
2022-09-16 00:00:00,2,0.0013,134,,,,,,,,,,,,,,,,,,,,,,,,,,,,,,,,,,,,,
2022-09-15 00:00:00,1,0.0025,250,,,,,,,,,,,,,,,,,,,,,,,,,,,,,,,,,,,,,
2022-09-14 00:00:00,9,-0.0012,-117,,,,,,,,,,,,,,,,,,,,,,,,,,,,,,,,,,,,,
2022-09-13 00:00:00,1,0.024,2398,,,,,,,,,,,,,,,,,,,,,,,,,,,,,,,,,,,,,
2022-09-12 00:00:00,5,0.0049,486,,,,,,,,,,,,,,,,,,,,,,,,,,,,,,,,,,,,,
,,,,,,,,,,,,,,,,,,,,,,,,,,,,,,,,,,,,,,,,
Week 2,,0.0373,3729,,,,,,,,,,,,,,,,,,,,,,,,,,,,,,,,,,,,,
2022-09-09 00:00:00,56,0.019,1905,,,,,,,,,,,,,,,,,,,,,,,,,,,,,,,,,,,,,
2022-09-08 00:00:00,68,-0.0027,-272,,,,,,,,,,,,,,,,,,,,,,,,,,,,,,,,,,,,,
2022-09-07 00:00:00,246,0.0044,438,,,,,,,,,,,,,,,,,,,,,,,,,,,,,,,,,,,,,
2022-09-06 00:00:00,1,0.0166,1659,,,,,,,,,,,,,,,,,,,,,,,,,,,,,,,,,,,,,
,,,,,,,,,,,,,,,,,,,,,,,,,,,,,,,,,,,,,,,,
Week 1,,0.0059,587,,,,,,,,,,,,,,,,,,,,,,,,,,,,,,,,,,,,,
2022-09-02 00:00:00,42,0.0033,334,,,,,,,,,,,,,,,,,,,,,,,,,,,,,,,,,,,,,
2022-09-01 00:00:00,2,0.0025,253,,,,,,,,,,,,,,,,,,,,,,,,,,,,,,,,,,,,,
,,,,,,,,,,,,,,,,,,,,,,,,,,,,,,,,,,,,,,,,
August,,0.1853,18533,,,,,,,,,,,,,,,,,,,,,,,,,,,,,,,,,,,,,
,,,,,,,,,,,,,,,,,,,,,,,,,,,,,,,,,,,,,,,,
Week 5,,0,0,,,,,,,,,,,,,,,,,,,,,,,,,,,,,,,,,,,,,
2022-08-31 00:00:00,0,0,0,,,,,,,,,,,,,,,,,,,,,,,,,,,,,,,,,,,,,
2022-08-30 00:00:00,0,0,0,,,,,,,,,,,,,,,,,,,,,,,,,,,,,,,,,,,,,
2022-08-29 00:00:00,0,0,0,,,,,,,,,,,,,,,,,,,,,,,,,,,,,,,,,,,,,
,,,,,,,,,,,,,,,,,,,,,,,,,,,,,,,,,,,,,,,,
Week 4,,0.017,1700,,,,,,,,,,,,,,,,,,,,,,,,,,,,,,,,,,,,,
2022-08-26 00:00:00,1,-0.0069,-688,,,,,,,,,,,,,,,,,,,,,,,,,,,,,,,,,,,,,
2022-08-25 00:00:00,47,0.0101,1013,,,,,,,,,,,,,,,,,,,,,,,,,,,,,,,,,,,,,
2022-08-24 00:00:00,2,0.0112,1118,,,,,,,,,,,,,,,,,,,,,,,,,,,,,,,,,,,,,
2022-08-23 00:00:00,0,0,0,,,,,,,,,,,,,,,,,,,,,,,,,,,,,,,,,,,,,
2022-08-22 00:00:00,3,0.0026,257,,,,,,,,,,,,,,,,,,,,,,,,,,,,,,,,,,,,,
,,,,,,,,,,,,,,,,,,,,,,,,,,,,,,,,,,,,,,,,
Week 3,,0.036,3599,,,,,,,,,,,,,,,,,,,,,,,,,,,,,,,,,,,,,
2022-08-19 00:00:00,5,0.0054,539,,,,,,,,,,,,,,,,,,,,,,,,,,,,,,,,,,,,,
2022-08-18 00:00:00,0,0,0,,,,,,,,,,,,,,,,,,,,,,,,,,,,,,,,,,,,,
2022-08-17 00:00:00,6,0.0288,2883,,,,,,,,,,,,,,,,,,,,,,,,,,,,,,,,,,,,,
2022-08-16 00:00:00,1,0.0018,177,,,,,,,,,,,,,,,,,,,,,,,,,,,,,,,,,,,,,
2022-08-15 00:00:00,0,0,0,,,,,,,,,,,,,,,,,,,,,,,,,,,,,,,,,,,,,
,,,,,,,,,,,,,,,,,,,,,,,,,,,,,,,,,,,,,,,,
Week 2,,0.0234,2339,,,,,,,,,,,,,,,,,,,,,,,,,,,,,,,,,,,,,
2022-08-12 00:00:00,1,0.0014,140,,,,,,,,,,,,,,,,,,,,,,,,,,,,,,,,,,,,,
2022-08-11 00:00:00,1,0.002,197,,,,,,,,,,,,,,,,,,,,,,,,,,,,,,,,,,,,,
2022-08-10 00:00:00,1,0.0358,3585,,,,,,,,,,,,,,,,,,,,,,,,,,,,,,,,,,,,,
2022-08-09 00:00:00,8,-0.0158,-1582,,,,,,,,,,,,,,,,,,,,,,,,,,,,,,,,,,,,,
2022-08-08 00:00:00,0,0,0,,,,,,,,,,,,,,,,,,,,,,,,,,,,,,,,,,,,,
,,,,,,,,,,,,,,,,,,,,,,,,,,,,,,,,,,,,,,,,
Week 1,,0.109,10895,,,,,,,,,,,,,,,,,,,,,,,,,,,,,,,,,,,,,
2022-08-05 00:00:00,2,0.0129,1291,,,,,,,,,,,,,,,,,,,,,,,,,,,,,,,,,,,,,
2022-08-04 00:00:00,10,0.0105,1049,,,,,,,,,,,,,,,,,,,,,,,,,,,,,,,,,,,,,
2022-08-03 00:00:00,1,0.003,295,,,,,,,,,,,,,,,,,,,,,,,,,,,,,,,,,,,,,
2022-08-02 00:00:00,2,0.0524,5243,,,,,,,,,,,,,,,,,,,,,,,,,,,,,,,,,,,,,
2022-08-01 00:00:00,3,0.0302,3018,,,,,,,,,,,,,,,,,,,,,,,,,,,,,,,,,,,,,
,,,,,,,,,,,,,,,,,,,,,,,,,,,,,,,,,,,,,,,,
July,,0.0343,3432,,,,,,,,,,,,,,,,,,,,,,,,,,,,,,,,,,,,,
,,,,,,,,,,,,,,,,,,,,,,,,,,,,,,,,,,,,,,,,
Week 5,,-0.0103,-1032,,,,,,,,,,,,,,,,,,,,,,,,,,,,,,,,,,,,,
2022-07-29 00:00:00,3,0.0021,210,,,,,,,,,,,,,,,,,,,,,,,,,,,,,,,,,,,,,
2022-07-28 00:00:00,3,0.0094,942,,,,,,,,,,,,,,,,,,,,,,,,,,,,,,,,,,,,,
2022-07-27 00:00:00,6,-0.0465,-4648,,,,,,,,,,,,,,,,,,,,,,,,,,,,,,,,,,,,,
2022-07-26 00:00:00,7,0.0018,182,,,,,,,,,,,,,,,,,,,,,,,,,,,,,,,,,,,,,
2022-07-25 00:00:00,7,0.0228,2282,,,,,,,,,,,,,,,,,,,,,,,,,,,,,,,,,,,,,
,,,,,,,,,,,,,,,,,,,,,,,,,,,,,,,,,,,,,,,,
Week 4,,0.0173,1734,,,,,,,,,,,,,,,,,,,,,,,,,,,,,,,,,,,,,
2022-07-22 00:00:00,4,0.0096,958,,,,,,,,,,,,,,,,,,,,,,,,,,,,,,,,,,,,,
2022-07-21 00:00:00,7,-0.0174,-1740,,,,,,,,,,,,,,,,,,,,,,,,,,,,,,,,,,,,,
2022-07-20 00:00:00,5,0.0074,740,,,,,,,,,,,,,,,,,,,,,,,,,,,,,,,,,,,,,
2022-07-19 00:00:00,15,0.0204,2040,,,,,,,,,,,,,,,,,,,,,,,,,,,,,,,,,,,,,
2022-07-18 00:00:00,11,-0.0026,-264,,,,,,,,,,,,,,,,,,,,,,,,,,,,,,,,,,,,,
,,,,,,,,,,,,,,,,,,,,,,,,,,,,,,,,,,,,,,,,
Week 3,,0.0414,4138,,,,,,,,,,,,,,,,,,,,,,,,,,,,,,,,,,,,,
2022-07-15 00:00:00,151,0.0075,750,,,,,,,,,,,,,,,,,,,,,,,,,,,,,,,,,,,,,
2022-07-14 00:00:00,5,0.0214,2144,,,,,,,,,,,,,,,,,,,,,,,,,,,,,,,,,,,,,
2022-07-13 00:00:00,18,-0.0084,-838,,,,,,,,,,,,,,,,,,,,,,,,,,,,,,,,,,,,,
2022-07-12 00:00:00,3,0.0011,106,,,,,,,,,,,,,,,,,,,,,,,,,,,,,,,,,,,,,
2022-07-11 00:00:00,5,0.0197,1975,,,,,,,,,,,,,,,,,,,,,,,,,,,,,,,,,,,,,
,,,,,,,,,,,,,,,,,,,,,,,,,,,,,,,,,,,,,,,,
Week 2,,-0.0178,-1782,,,,,,,,,,,,,,,,,,,,,,,,,,,,,,,,,,,,,
2022-07-08 00:00:00,3,-0.0243,-2430,,,,,,,,,,,,,,,,,,,,,,,,,,,,,,,,,,,,,
2022-07-07 00:00:00,103,0.0061,611,,,,,,,,,,,,,,,,,,,,,,,,,,,,,,,,,,,,,
2022-07-06 00:00:00,27,-0.0056,-559,,,,,,,,,,,,,,,,,,,,,,,,,,,,,,,,,,,,,
2022-07-05 00:00:00,7,0.006,595,,,,,,,,,,,,,,,,,,,,,,,,,,,,,,,,,,,,,
,,,,,,,,,,,,,,,,,,,,,,,,,,,,,,,,,,,,,,,,
Week 1,,0.0037,374,,,,,,,,,,,,,,,,,,,,,,,,,,,,,,,,,,,,,
2022-07-01 00:00:00,53,0.0037,374,,,,,,,,,,,,,,,,,,,,,,,,,,,,,,,,,,,,,
,,,,,,,,,,,,,,,,,,,,,,,,,,,,,,,,,,,,,,,,
June,,0.1089,10887,,,,,,,,,,,,,,,,,,,,,,,,,,,,,,,,,,,,,
,,,,,,,,,,,,,,,,,,,,,,,,,,,,,,,,,,,,,,,,
Week 5,,-0.0219,-2192,,,,,,,,,,,,,,,,,,,,,,,,,,,,,,,,,,,,,
2022-06-30 00:00:00,3,0.0061,608,,,,,,,,,,,,,,,,,,,,,,,,,,,,,,,,,,,,,
2022-06-29 00:00:00,5,0.0019,189,,,,,,,,,,,,,,,,,,,,,,,,,,,,,,,,,,,,,
2022-06-28 00:00:00,9,-0.0037,-371,,,,,,,,,,,,,,,,,,,,,,,,,,,,,,,,,,,,,
2022-06-27 00:00:00,35,-0.0262,-2619,,,,,,,,,,,,,,,,,,,,,,,,,,,,,,,,,,,,,
,,,,,,,,,,,,,,,,,,,,,,,,,,,,,,,,,,,,,,,,
Week 4,,0.0324,3237,,,,,,,,,,,,,,,,,,,,,,,,,,,,,,,,,,,,,
2022-06-24 00:00:00,123,0.0262,2623,,,,,,,,,,,,,,,,,,,,,,,,,,,,,,,,,,,,,
2022-06-23 00:00:00,58,0.0013,128,,,,,,,,,,,,,,,,,,,,,,,,,,,,,,,,,,,,,
2022-06-22 00:00:00,15,0.0015,153,,,,,,,,,,,,,,,,,,,,,,,,,,,,,,,,,,,,,
2022-06-21 00:00:00,275,0.0033,333,,,,,,,,,,,,,,,,,,,,,,,,,,,,,,,,,,,,,
,,,,,,,,,,,,,,,,,,,,,,,,,,,,,,,,,,,,,,,,
Week 3,,0.0189,1892,,,,,,,,,,,,,,,,,,,,,,,,,,,,,,,,,,,,,
2022-06-17 00:00:00,26,-0.0016,-160,,,,,,,,,,,,,,,,,,,,,,,,,,,,,,,,,,,,,
2022-06-16 00:00:00,18,0.0174,1740,,,,,,,,,,,,,,,,,,,,,,,,,,,,,,,,,,,,,
2022-06-15 00:00:00,322,0.0013,127,,,,,,,,,,,,,,,,,,,,,,,,,,,,,,,,,,,,,
2022-06-14 00:00:00,4,0.0002,19,,,,,,,,,,,,,,,,,,,,,,,,,,,,,,,,,,,,,
2022-06-13 00:00:00,1,0.0017,167,,,,,,,,,,,,,,,,,,,,,,,,,,,,,,,,,,,,,
,,,,,,,,,,,,,,,,,,,,,,,,,,,,,,,,,,,,,,,,
Week 2,,0.0516,5163,,,,,,,,,,,,,,,,,,,,,,,,,,,,,,,,,,,,,
2022-06-10 00:00:00,1,0.0007,70,,,,,,,,,,,,,,,,,,,,,,,,,,,,,,,,,,,,,
2022-06-09 00:00:00,2,0.0331,3312,,,,,,,,,,,,,,,,,,,,,,,,,,,,,,,,,,,,,
2022-06-08 00:00:00,1,0.0101,1012,,,,,,,,,,,,,,,,,,,,,,,,,,,,,,,,,,,,,
2022-06-07 00:00:00,2,0.004,402,,,,,,,,,,,,,,,,,,,,,,,,,,,,,,,,,,,,,
2022-06-06 00:00:00,3,0.0037,366,,,,,,,,,,,,,,,,,,,,,,,,,,,,,,,,,,,,,
,,,,,,,,,,,,,,,,,,,,,,,,,,,,,,,,,,,,,,,,
Week 1,,0.0279,2787,,,,,,,,,,,,,,,,,,,,,,,,,,,,,,,,,,,,,
2022-06-03 00:00:00,0,0,0,,,,,,,,,,,,,,,,,,,,,,,,,,,,,,,,,,,,,
2022-06-02 00:00:00,2,0.0279,2787,,,,,,,,,,,,,,,,,,,,,,,,,,,,,,,,,,,,,
2022-06-01 00:00:00,1,0,0,,,,,,,,,,,,,,,,,,,,,,,,,,,,,,,,,,,,,
,,,,,,,,,,,,,,,,,,,,,,,,,,,,,,,,,,,,,,,,
May,,0.0919,9189,,,,,,,,,,,,,,,,,,,,,,,,,,,,,,,,,,,,,
,,,,,,,,,,,,,,,,,,,,,,,,,,,,,,,,,,,,,,,,
Week 5,,0.0012,125,,,,,,,,,,,,,,,,,,,,,,,,,,,,,,,,,,,,,
2022-05-31 00:00:00,1,0.0012,125,,,,,,,,,,,,,,,,,,,,,,,,,,,,,,,,,,,,,
,,,,,,,,,,,,,,,,,,,,,,,,,,,,,,,,,,,,,,,,
Week 4,,0.0701,7012,,,,,,,,,,,,,,,,,,,,,,,,,,,,,,,,,,,,,
2022-05-27 00:00:00,6,0.0215,2147,,,,,,,,,,,,,,,,,,,,,,,,,,,,,,,,,,,,,
2022-05-26 00:00:00,8,0.0126,1262,,,,,,,,,,,,,,,,,,,,,,,,,,,,,,,,,,,,,
2022-05-25 00:00:00,53,0.0161,1608,,,,,,,,,,,,,,,,,,,,,,,,,,,,,,,,,,,,,
2022-05-24 00:00:00,14,0.0035,350,,,,,,,,,,,,,,,,,,,,,,,,,,,,,,,,,,,,,
2022-05-23 00:00:00,68,0.0164,1644,,,,,,,,,,,,,,,,,,,,,,,,,,,,,,,,,,,,,
,,,,,,,,,,,,,,,,,,,,,,,,,,,,,,,,,,,,,,,,
Week 3,,-0.0031,-312,,,,,,,,,,,,,,,,,,,,,,,,,,,,,,,,,,,,,
2022-05-20 00:00:00,17,-0.005,-496,,,,,,,,,,,,,,,,,,,,,,,,,,,,,,,,,,,,,
2022-05-19 00:00:00,32,-0.0138,-1379,,,,,,,,,,,,,,,,,,,,,,,,,,,,,,,,,,,,,
2022-05-18 00:00:00,2,0.0079,791,,,,,,,,,,,,,,,,,,,,,,,,,,,,,,,,,,,,,
2022-05-17 00:00:00,87,0.0215,2148,,,,,,,,,,,,,,,,,,,,,,,,,,,,,,,,,,,,,
2022-05-16 00:00:00,20,-0.0138,-1375,,,,,,,,,,,,,,,,,,,,,,,,,,,,,,,,,,,,,
,,,,,,,,,,,,,,,,,,,,,,,,,,,,,,,,,,,,,,,,
Week 2,,0.0011,109,,,,,,,,,,,,,,,,,,,,,,,,,,,,,,,,,,,,,
2022-05-13 00:00:00,293,0.0039,393,,,,,,,,,,,,,,,,,,,,,,,,,,,,,,,,,,,,,
2022-05-12 00:00:00,2,-0.0055,-552,,,,,,,,,,,,,,,,,,,,,,,,,,,,,,,,,,,,,
2022-05-11 00:00:00,13,0.0038,380,,,,,,,,,,,,,,,,,,,,,,,,,,,,,,,,,,,,,
2022-05-10 00:00:00,13,-0.0033,-331,,,,,,,,,,,,,,,,,,,,,,,,,,,,,,,,,,,,,
2022-05-09 00:00:00,6,0.0022,218,,,,,,,,,,,,,,,,,,,,,,,,,,,,,,,,,,,,,
,,,,,,,,,,,,,,,,,,,,,,,,,,,,,,,,,,,,,,,,
Week 1,,0.0226,2256,,,,,,,,,,,,,,,,,,,,,,,,,,,,,,,,,,,,,
2022-05-06 00:00:00,2,0,0,,,,,,,,,,,,,,,,,,,,,,,,,,,,,,,,,,,,,
2022-05-05 00:00:00,0,0,0,,,,,,,,,,,,,,,,,,,,,,,,,,,,,,,,,,,,,
2022-05-04 00:00:00,79,0.0113,1134,,,,,,,,,,,,,,,,,,,,,,,,,,,,,,,,,,,,,
2022-05-03 00:00:00,146,0.0112,1122,,,,,,,,,,,,,,,,,,,,,,,,,,,,,,,,,,,,,
2022-05-02 00:00:00,0,0,0,,,,,,,,,,,,,,,,,,,,,,,,,,,,,,,,,,,,,
,,,,,,,,,,,,,,,,,,,,,,,,,,,,,,,,,,,,,,,,
April,,-0.0368,-3679,,,,,,,,,,,,,,,,,,,,,,,,,,,,,,,,,,,,,
,,,,,,,,,,,,,,,,,,,,,,,,,,,,,,,,,,,,,,,,
Week 5,,-0.1101,-11014,,,,,,,,,,,,,,,,,,,,,,,,,,,,,,,,,,,,,
2022-04-29 00:00:00,6,-0.003,-301,,,,,,,,,,,,,,,,,,,,,,,,,,,,,,,,,,,,,
2022-04-28 00:00:00,266,0.0105,1051,,,,,,,,,,,,,,,,,,,,,,,,,,,,,,,,,,,,,
2022-04-27 00:00:00,18,-0.0201,-2008,,,,,,,,,,,,,,,,,,,,,,,,,,,,,,,,,,,,,
2022-04-26 00:00:00,1,-0.0978,-9781,,,,,,,,,,,,,,,,,,,,,,,,,,,,,,,,,,,,,
2022-04-25 00:00:00,25,0.0003,25,,,,,,,,,,,,,,,,,,,,,,,,,,,,,,,,,,,,,
,,,,,,,,,,,,,,,,,,,,,,,,,,,,,,,,,,,,,,,,
Week 4,,0.0169,1686,,,,,,,,,,,,,,,,,,,,,,,,,,,,,,,,,,,,,
2022-04-22 00:00:00,1,0.0015,146,,,,,,,,,,,,,,,,,,,,,,,,,,,,,,,,,,,,,
2022-04-21 00:00:00,1,0.0119,1187,,,,,,,,,,,,,,,,,,,,,,,,,,,,,,,,,,,,,
2022-04-20 00:00:00,61,-0.0076,-755,,,,,,,,,,,,,,,,,,,,,,,,,,,,,,,,,,,,,
2022-04-19 00:00:00,61,0.0111,1109,,,,,,,,,,,,,,,,,,,,,,,,,,,,,,,,,,,,,
2022-04-18 00:00:00,0,0,0,,,,,,,,,,,,,,,,,,,,,,,,,,,,,,,,,,,,,
,,,,,,,,,,,,,,,,,,,,,,,,,,,,,,,,,,,,,,,,
Week 3,,0.0174,1742,,,,,,,,,,,,,,,,,,,,,,,,,,,,,,,,,,,,,
2022-04-14 00:00:00,1,0.0093,928,,,,,,,,,,,,,,,,,,,,,,,,,,,,,,,,,,,,,
2022-04-13 00:00:00,18,0.0082,819,,,,,,,,,,,,,,,,,,,,,,,,,,,,,,,,,,,,,
2022-04-12 00:00:00,36,-0.0001,-6,,,,,,,,,,,,,,,,,,,,,,,,,,,,,,,,,,,,,
2022-04-11 00:00:00,0,0,0,,,,,,,,,,,,,,,,,,,,,,,,,,,,,,,,,,,,,
,,,,,,,,,,,,,,,,,,,,,,,,,,,,,,,,,,,,,,,,
Week 2,,0.0391,3908,,,,,,,,,,,,,,,,,,,,,,,,,,,,,,,,,,,,,
2022-04-08 00:00:00,7,0.0051,506,,,,,,,,,,,,,,,,,,,,,,,,,,,,,,,,,,,,,
2022-04-07 00:00:00,2,0.0007,73,,,,,,,,,,,,,,,,,,,,,,,,,,,,,,,,,,,,,
2022-04-06 00:00:00,0,0,0,,,,,,,,,,,,,,,,,,,,,,,,,,,,,,,,,,,,,
2022-04-05 00:00:00,2,0.0328,3276,,,,,,,,,,,,,,,,,,,,,,,,,,,,,,,,,,,,,
2022-04-04 00:00:00,7,0.0005,53,,,,,,,,,,,,,,,,,,,,,,,,,,,,,,,,,,,,,
,,,,,,,,,,,,,,,,,,,,,,,,,,,,,,,,,,,,,,,,
Week 1,,0,0,,,,,,,,,,,,,,,,,,,,,,,,,,,,,,,,,,,,,
2022-04-01 00:00:00,0,0,0,,,,,,,,,,,,,,,,,,,,,,,,,,,,,,,,,,,,,
,,,,,,,,,,,,,,,,,,,,,,,,,,,,,,,,,,,,,,,,
March,,0.0673,6726,,,,,,,,,,,,,,,,,,,,,,,,,,,,,,,,,,,,,
,,,,,,,,,,,,,,,,,,,,,,,,,,,,,,,,,,,,,,,,
Week 1,,0.0073,727,,,,,,,,,,,,,,,,,,,,,,,,,,,,,,,,,,,,,
2022-03-31 00:00:00,12,0.0031,310,,,,,,,,,,,,,,,,,,,,,,,,,,,,,,,,,,,,,
2022-03-30 00:00:00,13,-0.0052,-522,,,,,,,,,,,,,,,,,,,,,,,,,,,,,,,,,,,,,
2022-03-29 00:00:00,22,0.002,200,,,,,,,,,,,,,,,,,,,,,,,,,,,,,,,,,,,,,
2022-03-28 00:00:00,2,0.0074,739,,,,,,,,,,,,,,,,,,,,,,,,,,,,,,,,,,,,,
,,,,,,,,,,,,,,,,,,,,,,,,,,,,,,,,,,,,,,,,
Week 4,,0.0068,680,,,,,,,,,,,,,,,,,,,,,,,,,,,,,,,,,,,,,
2022-03-25 00:00:00,0,0,0,,,,,,,,,,,,,,,,,,,,,,,,,,,,,,,,,,,,,
2022-03-24 00:00:00,1,0.0024,244,,,,,,,,,,,,,,,,,,,,,,,,,,,,,,,,,,,,,
2022-03-23 00:00:00,24,-0.0022,-216,,,,,,,,,,,,,,,,,,,,,,,,,,,,,,,,,,,,,
2022-03-22 00:00:00,1,0.0019,195,,,,,,,,,,,,,,,,,,,,,,,,,,,,,,,,,,,,,
2022-03-21 00:00:00,1,0.0046,458,,,,,,,,,,,,,,,,,,,,,,,,,,,,,,,,,,,,,
,,,,,,,,,,,,,,,,,,,,,,,,,,,,,,,,,,,,,,,,
Week 3,,0.1166,11657,,,,,,,,,,,,,,,,,,,,,,,,,,,,,,,,,,,,,
2022-03-18 00:00:00,9,0.0032,316,,,,,,,,,,,,,,,,,,,,,,,,,,,,,,,,,,,,,
2022-03-17 00:00:00,25,-0.0008,-82,,,,,,,,,,,,,,,,,,,,,,,,,,,,,,,,,,,,,
2022-03-16 00:00:00,105,0.0255,2552,,,,,,,,,,,,,,,,,,,,,,,,,,,,,,,,,,,,,
2022-03-15 00:00:00,54,0.0097,968,,,,,,,,,,,,,,,,,,,,,,,,,,,,,,,,,,,,,
2022-03-14 00:00:00,2,0.079,7902,,,,,,,,,,,,,,,,,,,,,,,,,,,,,,,,,,,,,
,,,,,,,,,,,,,,,,,,,,,,,,,,,,,,,,,,,,,,,,
Week 2,,-0.108,-10801,,,,,,,,,,,,,,,,,,,,,,,,,,,,,,,,,,,,,
2022-03-11 00:00:00,3,-0.0587,-5866,,,,,,,,,,,,,,,,,,,,,,,,,,,,,,,,,,,,,
2022-03-10 00:00:00,4,-0.0189,-1894,,,,,,,,,,,,,,,,,,,,,,,,,,,,,,,,,,,,,
2022-03-09 00:00:00,203,0.0082,821,,,,,,,,,,,,,,,,,,,,,,,,,,,,,,,,,,,,,
2022-03-08 00:00:00,5,-0.0386,-3861,,,,,,,,,,,,,,,,,,,,,,,,,,,,,,,,,,,,,
2022-03-07 00:00:00,0,0,0,,,,,,,,,,,,,,,,,,,,,,,,,,,,,,,,,,,,,
,,,,,,,,,,,,,,,,,,,,,,,,,,,,,,,,,,,,,,,,
Week 1,,0.0446,4463,,,,,,,,,,,,,,,,,,,,,,,,,,,,,,,,,,,,,
2022-03-04 00:00:00,2,0.0037,375,,,,,,,,,,,,,,,,,,,,,,,,,,,,,,,,,,,,,
2022-03-03 00:00:00,1,0.0159,1592,,,,,,,,,,,,,,,,,,,,,,,,,,,,,,,,,,,,,
2022-03-02 00:00:00,25,0.022,2201,,,,,,,,,,,,,,,,,,,,,,,,,,,,,,,,,,,,,
2022-03-01 00:00:00,9,0.003,296,,,,,,,,,,,,,,,,,,,,,,,,,,,,,,,,,,,,,
,,,,,,,,,,,,,,,,,,,,,,,,,,,,,,,,,,,,,,,,
February,,0.1768,17678,,,,,,,,,,,,,,,,,,,,,,,,,,,,,,,,,,,,,
,,,,,,,,,,,,,,,,,,,,,,,,,,,,,,,,,,,,,,,,
Week 5,,0.0024,242,,,,,,,,,,,,,,,,,,,,,,,,,,,,,,,,,,,,,
2022-02-28 00:00:00,14,0.0024,242,,,,,,,,,,,,,,,,,,,,,,,,,,,,,,,,,,,,,
,,,,,,,,,,,,,,,,,,,,,,,,,,,,,,,,,,,,,,,,
Week 4,,0.0703,7034,,,,,,,,,,,,,,,,,,,,,,,,,,,,,,,,,,,,,
2022-02-25 00:00:00,296,0.0269,2688,,,,,,,,,,,,,,,,,,,,,,,,,,,,,,,,,,,,,
2022-02-24 00:00:00,25,0.0252,2521,,,,,,,,,,,,,,,,,,,,,,,,,,,,,,,,,,,,,
2022-02-23 00:00:00,1,0.0007,66,,,,,,,,,,,,,,,,,,,,,,,,,,,,,,,,,,,,,
2022-02-22 00:00:00,4,0.0176,1759,,,,,,,,,,,,,,,,,,,,,,,,,,,,,,,,,,,,,
,,,,,,,,,,,,,,,,,,,,,,,,,,,,,,,,,,,,,,,,
Week 3,,0.0061,614,,,,,,,,,,,,,,,,,,,,,,,,,,,,,,,,,,,,,
2022-02-18 00:00:00,4,-0.0015,-148,,,,,,,,,,,,,,,,,,,,,,,,,,,,,,,,,,,,,
2022-02-17 00:00:00,35,-0.0042,-421,,,,,,,,,,,,,,,,,,,,,,,,,,,,,,,,,,,,,
2022-02-16 00:00:00,34,-0.0044,-435,,,,,,,,,,,,,,,,,,,,,,,,,,,,,,,,,,,,,
2022-02-15 00:00:00,32,0.0162,1618,,,,,,,,,,,,,,,,,,,,,,,,,,,,,,,,,,,,,
2022-02-14 00:00:00,0,0,0,,,,,,,,,,,,,,,,,,,,,,,,,,,,,,,,,,,,,
,,,,,,,,,,,,,,,,,,,,,,,,,,,,,,,,,,,,,,,,
Week 2,,0.039,3899,,,,,,,,,,,,,,,,,,,,,,,,,,,,,,,,,,,,,
2022-02-11 00:00:00,28,0.0036,359,,,,,,,,,,,,,,,,,,,,,,,,,,,,,,,,,,,,,
2022-02-10 00:00:00,1,-0.0053,-532,,,,,,,,,,,,,,,,,,,,,,,,,,,,,,,,,,,,,
2022-02-09 00:00:00,35,0.0078,779,,,,,,,,,,,,,,,,,,,,,,,,,,,,,,,,,,,,,
2022-02-08 00:00:00,22,0.0234,2335,,,,,,,,,,,,,,,,,,,,,,,,,,,,,,,,,,,,,
2022-02-07 00:00:00,5,0.0096,958,,,,,,,,,,,,,,,,,,,,,,,,,,,,,,,,,,,,,
,,,,,,,,,,,,,,,,,,,,,,,,,,,,,,,,,,,,,,,,
Week 1,,0.0589,5889,,,,,,,,,,,,,,,,,,,,,,,,,,,,,,,,,,,,,
2022-02-04 00:00:00,3,0.0188,1883,,,,,,,,,,,,,,,,,,,,,,,,,,,,,,,,,,,,,
2022-02-03 00:00:00,4,0.0438,4377,,,,,,,,,,,,,,,,,,,,,,,,,,,,,,,,,,,,,
2022-02-02 00:00:00,13,0.0048,480,,,,,,,,,,,,,,,,,,,,,,,,,,,,,,,,,,,,,
2022-02-01 00:00:00,30,-0.0085,-851,,,,,,,,,,,,,,,,,,,,,,,,,,,,,,,,,,,,,
,,,,,,,,,,,,,,,,,,,,,,,,,,,,,,,,,,,,,,,,
January,,0.0179,1792,,,,,,,,,,,,,,,,,,,,,,,,,,,,,,,,,,,,,
,,,,,,,,,,,,,,,,,,,,,,,,,,,,,,,,,,,,,,,,
Week 5,,-0.0063,-627,,,,,,,,,,,,,,,,,,,,,,,,,,,,,,,,,,,,,
2022-01-31 00:00:00,270,-0.0063,-627,,,,,,,,,,,,,,,,,,,,,,,,,,,,,,,,,,,,,
,,,,,,,,,,,,,,,,,,,,,,,,,,,,,,,,,,,,,,,,
Week 4,,-0.0409,-4087,,,,,,,,,,,,,,,,,,,,,,,,,,,,,,,,,,,,,
2022-01-28 00:00:00,83,-0.027,-2695,,,,,,,,,,,,,,,,,,,,,,,,,,,,,,,,,,,,,
2022-01-27 00:00:00,1,0.0007,70,,,,,,,,,,,,,,,,,,,,,,,,,,,,,,,,,,,,,
2022-01-26 00:00:00,1,-0.0065,-653,,,,,,,,,,,,,,,,,,,,,,,,,,,,,,,,,,,,,
2022-01-25 00:00:00,16,0.0001,8,,,,,,,,,,,,,,,,,,,,,,,,,,,,,,,,,,,,,
2022-01-24 00:00:00,9,-0.0082,-817,,,,,,,,,,,,,,,,,,,,,,,,,,,,,,,,,,,,,
,,,,,,,,,,,,,,,,,,,,,,,,,,,,,,,,,,,,,,,,
Week 3,,0.0276,2756,,,,,,,,,,,,,,,,,,,,,,,,,,,,,,,,,,,,,
2022-01-21 00:00:00,38,0.003,300,,,,,,,,,,,,,,,,,,,,,,,,,,,,,,,,,,,,,
2022-01-20 00:00:00,5,-0.0017,-168,,,,,,,,,,,,,,,,,,,,,,,,,,,,,,,,,,,,,
2022-01-19 00:00:00,7,-0.0017,-172,,,,,,,,,,,,,,,,,,,,,,,,,,,,,,,,,,,,,
2022-01-18 00:00:00,1,0.028,2797,,,,,,,,,,,,,,,,,,,,,,,,,,,,,,,,,,,,,
,,,,,,,,,,,,,,,,,,,,,,,,,,,,,,,,,,,,,,,,
Week 2,,0.0284,2838,,,,,,,,,,,,,,,,,,,,,,,,,,,,,,,,,,,,,
2022-01-14 00:00:00,2,0.008,801,,,,,,,,,,,,,,,,,,,,,,,,,,,,,,,,,,,,,
2022-01-13 00:00:00,4,0.0103,1027,,,,,,,,,,,,,,,,,,,,,,,,,,,,,,,,,,,,,
2022-01-12 00:00:00,4,0.0008,79,,,,,,,,,,,,,,,,,,,,,,,,,,,,,,,,,,,,,
2022-01-11 00:00:00,106,0.0045,450,,,,,,,,,,,,,,,,,,,,,,,,,,,,,,,,,,,,,
2022-01-10 00:00:00,3,0.0048,481,,,,,,,,,,,,,,,,,,,,,,,,,,,,,,,,,,,,,
,,,,,,,,,,,,,,,,,,,,,,,,,,,,,,,,,,,,,,,,
Week 1,,0.0091,911,,,,,,,,,,,,,,,,,,,,,,,,,,,,,,,,,,,,,
2022-01-07 00:00:00,2,0.0086,865,,,,,,,,,,,,,,,,,,,,,,,,,,,,,,,,,,,,,
2022-01-06 00:00:00,0,0,0,,,,,,,,,,,,,,,,,,,,,,,,,,,,,,,,,,,,,
2022-01-05 00:00:00,1,0.0005,47,,,,,,,,,,,,,,,,,,,,,,,,,,,,,,,,,,,,,
2022-01-04 00:00:00,0,0,0,,,,,,,,,,,,,,,,,,,,,,,,,,,,,,,,,,,,,
2022-01-03 00:00:00,0,0,0,,,,,,,,,,,,,,,,,,,,,,,,,,,,,,,,,,,,,
,,,,,,,,,,,,,,,,,,,,,,,,,,,,,,,,,,,,,,,,
Best By Max DD (1BR),2021,0.547,0.31,,54732,,1,0.547,-0.109,,0.051,3247,270.5833333,0.702,1,435,0.004,4.06,3,13,2,11,1,10,2.4,2279,2.4,14.1,-827,-0.008,-3719,-0.037,-8546,-0.086,0.702,0.787,0.808,1055,-1026,0.917
Date,# of Sold Branches,Profit % Realized Only,Profit $ Realized Only,,,,,,,,,,,,,,,,,,,,,,,,,,,,,,,,,,,,,
2021 To Date,,0.5473,54732,,,,,,,,,,,,,,,,,,,,,,,,,,,,,,,,,,,,,
,,,,,,,,,,,,,,,,,,,,,,,,,,,,,,,,,,,,,,,,
December,,0.0797,7970,,,,,,,,,,,,,,,,,,,,,,,,,,,,,,,,,,,,,
,,,,,,,,,,,,,,,,,,,,,,,,,,,,,,,,,,,,,,,,
Week 5,,0.0105,1052,,,,,,,,,,,,,,,,,,,,,,,,,,,,,,,,,,,,,
2021-12-31 00:00:00,9,0.0012,115,,,,,,,,,,,,,,,,,,,,,,,,,,,,,,,,,,,,,
2021-12-30 00:00:00,21,0.0053,525,,,,,,,,,,,,,,,,,,,,,,,,,,,,,,,,,,,,,
2021-12-29 00:00:00,3,0.0019,190,,,,,,,,,,,,,,,,,,,,,,,,,,,,,,,,,,,,,
2021-12-28 00:00:00,8,0.0008,77,,,,,,,,,,,,,,,,,,,,,,,,,,,,,,,,,,,,,
2021-12-27 00:00:00,6,0.0015,146,,,,,,,,,,,,,,,,,,,,,,,,,,,,,,,,,,,,,
,,,,,,,,,,,,,,,,,,,,,,,,,,,,,,,,,,,,,,,,
Week 4,,0.017,1698,,,,,,,,,,,,,,,,,,,,,,,,,,,,,,,,,,,,,
2021-12-23 00:00:00,4,0.0016,155,,,,,,,,,,,,,,,,,,,,,,,,,,,,,,,,,,,,,
2021-12-22 00:00:00,13,0.0033,333,,,,,,,,,,,,,,,,,,,,,,,,,,,,,,,,,,,,,
2021-12-21 00:00:00,33,0.0119,1190,,,,,,,,,,,,,,,,,,,,,,,,,,,,,,,,,,,,,
2021-12-20 00:00:00,1,0.0002,20,,,,,,,,,,,,,,,,,,,,,,,,,,,,,,,,,,,,,
,,,,,,,,,,,,,,,,,,,,,,,,,,,,,,,,,,,,,,,,
Week 3,,0.0112,1116,,,,,,,,,,,,,,,,,,,,,,,,,,,,,,,,,,,,,
2021-12-17 00:00:00,2,-0.0001,-9,,,,,,,,,,,,,,,,,,,,,,,,,,,,,,,,,,,,,
2021-12-16 00:00:00,25,0.0009,87,,,,,,,,,,,,,,,,,,,,,,,,,,,,,,,,,,,,,
2021-12-15 00:00:00,11,0.0077,768,,,,,,,,,,,,,,,,,,,,,,,,,,,,,,,,,,,,,
2021-12-14 00:00:00,0,0,0,,,,,,,,,,,,,,,,,,,,,,,,,,,,,,,,,,,,,
2021-12-13 00:00:00,12,0.0027,269,,,,,,,,,,,,,,,,,,,,,,,,,,,,,,,,,,,,,
,,,,,,,,,,,,,,,,,,,,,,,,,,,,,,,,,,,,,,,,
Week 2,,0.0265,2650,,,,,,,,,,,,,,,,,,,,,,,,,,,,,,,,,,,,,
2021-12-10 00:00:00,3,0.0097,973,,,,,,,,,,,,,,,,,,,,,,,,,,,,,,,,,,,,,
2021-12-09 00:00:00,2,0,0,,,,,,,,,,,,,,,,,,,,,,,,,,,,,,,,,,,,,
2021-12-08 00:00:00,2,0.0006,57,,,,,,,,,,,,,,,,,,,,,,,,,,,,,,,,,,,,,
2021-12-07 00:00:00,86,0.015,1500,,,,,,,,,,,,,,,,,,,,,,,,,,,,,,,,,,,,,
2021-12-06 00:00:00,74,0.0012,120,,,,,,,,,,,,,,,,,,,,,,,,,,,,,,,,,,,,,
,,,,,,,,,,,,,,,,,,,,,,,,,,,,,,,,,,,,,,,,
Week 1,,0.0145,1453,,,,,,,,,,,,,,,,,,,,,,,,,,,,,,,,,,,,,
2021-12-03 00:00:00,39,0.0034,337,,,,,,,,,,,,,,,,,,,,,,,,,,,,,,,,,,,,,
2021-12-02 00:00:00,8,0.0056,561,,,,,,,,,,,,,,,,,,,,,,,,,,,,,,,,,,,,,
2021-12-01 00:00:00,6,0.0056,555,,,,,,,,,,,,,,,,,,,,,,,,,,,,,,,,,,,,,
,,,,,,,,,,,,,,,,,,,,,,,,,,,,,,,,,,,,,,,,
November,,-0.0855,-8546,,,,,,,,,,,,,,,,,,,,,,,,,,,,,,,,,,,,,
,,,,,,,,,,,,,,,,,,,,,,,,,,,,,,,,,,,,,,,,
Week 5,,0.0055,552,,,,,,,,,,,,,,,,,,,,,,,,,,,,,,,,,,,,,
2021-11-30 00:00:00,18,0.0016,158,,,,,,,,,,,,,,,,,,,,,,,,,,,,,,,,,,,,,
2021-11-29 00:00:00,32,0.0039,394,,,,,,,,,,,,,,,,,,,,,,,,,,,,,,,,,,,,,
,,,,,,,,,,,,,,,,,,,,,,,,,,,,,,,,,,,,,,,,
Week 4,,0.0122,1224,,,,,,,,,,,,,,,,,,,,,,,,,,,,,,,,,,,,,
2021-11-26 00:00:00,36,0.002,199,,,,,,,,,,,,,,,,,,,,,,,,,,,,,,,,,,,,,
2021-11-24 00:00:00,15,0.0011,106,,,,,,,,,,,,,,,,,,,,,,,,,,,,,,,,,,,,,
2021-11-23 00:00:00,9,0.0022,221,,,,,,,,,,,,,,,,,,,,,,,,,,,,,,,,,,,,,
2021-11-22 00:00:00,15,0.007,698,,,,,,,,,,,,,,,,,,,,,,,,,,,,,,,,,,,,,
,,,,,,,,,,,,,,,,,,,,,,,,,,,,,,,,,,,,,,,,
Week 3,,0.0277,2769,,,,,,,,,,,,,,,,,,,,,,,,,,,,,,,,,,,,,
2021-11-19 00:00:00,6,0,-1,,,,,,,,,,,,,,,,,,,,,,,,,,,,,,,,,,,,,
2021-11-18 00:00:00,11,-0.0003,-27,,,,,,,,,,,,,,,,,,,,,,,,,,,,,,,,,,,,,
2021-11-17 00:00:00,17,-0.0022,-220,,,,,,,,,,,,,,,,,,,,,,,,,,,,,,,,,,,,,
2021-11-16 00:00:00,2,0.0265,2651,,,,,,,,,,,,,,,,,,,,,,,,,,,,,,,,,,,,,
2021-11-15 00:00:00,1,0.0037,367,,,,,,,,,,,,,,,,,,,,,,,,,,,,,,,,,,,,,
,,,,,,,,,,,,,,,,,,,,,,,,,,,,,,,,,,,,,,,,
Week 2,,-0.1463,-14635,,,,,,,,,,,,,,,,,,,,,,,,,,,,,,,,,,,,,
2021-11-12 00:00:00,10,0.0074,743,,,,,,,,,,,,,,,,,,,,,,,,,,,,,,,,,,,,,
2021-11-11 00:00:00,1,0.0077,766,,,,,,,,,,,,,,,,,,,,,,,,,,,,,,,,,,,,,
2021-11-10 00:00:00,1,-0.1606,-16058,,,,,,,,,,,,,,,,,,,,,,,,,,,,,,,,,,,,,
2021-11-09 00:00:00,23,-0.0018,-177,,,,,,,,,,,,,,,,,,,,,,,,,,,,,,,,,,,,,
2021-11-08 00:00:00,2,0.0009,91,,,,,,,,,,,,,,,,,,,,,,,,,,,,,,,,,,,,,
,,,,,,,,,,,,,,,,,,,,,,,,,,,,,,,,,,,,,,,,
Week 1,,0.0154,1543,,,,,,,,,,,,,,,,,,,,,,,,,,,,,,,,,,,,,
2021-11-05 00:00:00,7,-0.0114,-1144,,,,,,,,,,,,,,,,,,,,,,,,,,,,,,,,,,,,,
2021-11-04 00:00:00,30,0.0025,249,,,,,,,,,,,,,,,,,,,,,,,,,,,,,,,,,,,,,
2021-11-03 00:00:00,3,0.005,500,,,,,,,,,,,,,,,,,,,,,,,,,,,,,,,,,,,,,
2021-11-02 00:00:00,23,0.0005,52,,,,,,,,,,,,,,,,,,,,,,,,,,,,,,,,,,,,,
2021-11-01 00:00:00,11,0.0189,1886,,,,,,,,,,,,,,,,,,,,,,,,,,,,,,,,,,,,,
,,,,,,,,,,,,,,,,,,,,,,,,,,,,,,,,,,,,,,,,
October,,0.0878,8779,,,,,,,,,,,,,,,,,,,,,,,,,,,,,,,,,,,,,
,,,,,,,,,,,,,,,,,,,,,,,,,,,,,,,,,,,,,,,,
Week 5,,0.0502,5019,,,,,,,,,,,,,,,,,,,,,,,,,,,,,,,,,,,,,
2021-10-29 00:00:00,3,0.0062,616,,,,,,,,,,,,,,,,,,,,,,,,,,,,,,,,,,,,,
2021-10-28 00:00:00,1,0.0442,4422,,,,,,,,,,,,,,,,,,,,,,,,,,,,,,,,,,,,,
2021-10-27 00:00:00,23,0.0025,247,,,,,,,,,,,,,,,,,,,,,,,,,,,,,,,,,,,,,
2021-10-26 00:00:00,9,-0.0022,-224,,,,,,,,,,,,,,,,,,,,,,,,,,,,,,,,,,,,,
2021-10-25 00:00:00,27,-0.0004,-43,,,,,,,,,,,,,,,,,,,,,,,,,,,,,,,,,,,,,
,,,,,,,,,,,,,,,,,,,,,,,,,,,,,,,,,,,,,,,,
Week 4,,0.0009,86,,,,,,,,,,,,,,,,,,,,,,,,,,,,,,,,,,,,,
2021-10-22 00:00:00,8,-0.0018,-182,,,,,,,,,,,,,,,,,,,,,,,,,,,,,,,,,,,,,
2021-10-21 00:00:00,1,0.0009,85,,,,,,,,,,,,,,,,,,,,,,,,,,,,,,,,,,,,,
2021-10-20 00:00:00,10,-0.0004,-38,,,,,,,,,,,,,,,,,,,,,,,,,,,,,,,,,,,,,
2021-10-19 00:00:00,1,-0.0007,-71,,,,,,,,,,,,,,,,,,,,,,,,,,,,,,,,,,,,,
2021-10-18 00:00:00,2,0.0029,292,,,,,,,,,,,,,,,,,,,,,,,,,,,,,,,,,,,,,
,,,,,,,,,,,,,,,,,,,,,,,,,,,,,,,,,,,,,,,,
Week 3,,0.0195,1950,,,,,,,,,,,,,,,,,,,,,,,,,,,,,,,,,,,,,
2021-10-15 00:00:00,1,0.0123,1227,,,,,,,,,,,,,,,,,,,,,,,,,,,,,,,,,,,,,
2021-10-14 00:00:00,23,0.002,198,,,,,,,,,,,,,,,,,,,,,,,,,,,,,,,,,,,,,
2021-10-13 00:00:00,16,0.0039,392,,,,,,,,,,,,,,,,,,,,,,,,,,,,,,,,,,,,,
2021-10-12 00:00:00,37,0.0013,133,,,,,,,,,,,,,,,,,,,,,,,,,,,,,,,,,,,,,
2021-10-11 00:00:00,0,0,0,,,,,,,,,,,,,,,,,,,,,,,,,,,,,,,,,,,,,
,,,,,,,,,,,,,,,,,,,,,,,,,,,,,,,,,,,,,,,,
Week 2,,0.0169,1691,,,,,,,,,,,,,,,,,,,,,,,,,,,,,,,,,,,,,
2021-10-08 00:00:00,3,0.0102,1023,,,,,,,,,,,,,,,,,,,,,,,,,,,,,,,,,,,,,
2021-10-07 00:00:00,63,0.0095,952,,,,,,,,,,,,,,,,,,,,,,,,,,,,,,,,,,,,,
2021-10-06 00:00:00,25,0.0035,345,,,,,,,,,,,,,,,,,,,,,,,,,,,,,,,,,,,,,
2021-10-05 00:00:00,15,0.0075,752,,,,,,,,,,,,,,,,,,,,,,,,,,,,,,,,,,,,,
2021-10-04 00:00:00,6,-0.0138,-1382,,,,,,,,,,,,,,,,,,,,,,,,,,,,,,,,,,,,,
,,,,,,,,,,,,,,,,,,,,,,,,,,,,,,,,,,,,,,,,
Week 1,,0.0003,34,,,,,,,,,,,,,,,,,,,,,,,,,,,,,,,,,,,,,
2021-10-01 00:00:00,50,0.0003,34,,,,,,,,,,,,,,,,,,,,,,,,,,,,,,,,,,,,,
,,,,,,,,,,,,,,,,,,,,,,,,,,,,,,,,,,,,,,,,
September,,0.0062,622,,,,,,,,,,,,,,,,,,,,,,,,,,,,,,,,,,,,,
,,,,,,,,,,,,,,,,,,,,,,,,,,,,,,,,,,,,,,,,
Week 5,,-0.0041,-414,,,,,,,,,,,,,,,,,,,,,,,,,,,,,,,,,,,,,
2021-09-30 00:00:00,17,0.0037,369,,,,,,,,,,,,,,,,,,,,,,,,,,,,,,,,,,,,,
2021-09-29 00:00:00,22,-0.0063,-629,,,,,,,,,,,,,,,,,,,,,,,,,,,,,,,,,,,,,
2021-09-28 00:00:00,0,0,0,,,,,,,,,,,,,,,,,,,,,,,,,,,,,,,,,,,,,
2021-09-27 00:00:00,6,-0.0015,-154,,,,,,,,,,,,,,,,,,,,,,,,,,,,,,,,,,,,,
,,,,,,,,,,,,,,,,,,,,,,,,,,,,,,,,,,,,,,,,
Week 4,,0.0253,2529,,,,,,,,,,,,,,,,,,,,,,,,,,,,,,,,,,,,,
2021-09-24 00:00:00,2,0.0104,1040,,,,,,,,,,,,,,,,,,,,,,,,,,,,,,,,,,,,,
2021-09-23 00:00:00,39,0.0092,923,,,,,,,,,,,,,,,,,,,,,,,,,,,,,,,,,,,,,
2021-09-22 00:00:00,85,0.0078,781,,,,,,,,,,,,,,,,,,,,,,,,,,,,,,,,,,,,,
2021-09-21 00:00:00,30,-0.0036,-360,,,,,,,,,,,,,,,,,,,,,,,,,,,,,,,,,,,,,
2021-09-20 00:00:00,17,0.0015,146,,,,,,,,,,,,,,,,,,,,,,,,,,,,,,,,,,,,,
,,,,,,,,,,,,,,,,,,,,,,,,,,,,,,,,,,,,,,,,
Week 3,,-0.0229,-2287,,,,,,,,,,,,,,,,,,,,,,,,,,,,,,,,,,,,,
2021-09-17 00:00:00,4,-0.0378,-3783,,,,,,,,,,,,,,,,,,,,,,,,,,,,,,,,,,,,,
2021-09-16 00:00:00,5,0.0091,915,,,,,,,,,,,,,,,,,,,,,,,,,,,,,,,,,,,,,
2021-09-15 00:00:00,9,0.0018,178,,,,,,,,,,,,,,,,,,,,,,,,,,,,,,,,,,,,,
2021-09-14 00:00:00,8,0.0033,332,,,,,,,,,,,,,,,,,,,,,,,,,,,,,,,,,,,,,
2021-09-13 00:00:00,2,0.0007,71,,,,,,,,,,,,,,,,,,,,,,,,,,,,,,,,,,,,,
,,,,,,,,,,,,,,,,,,,,,,,,,,,,,,,,,,,,,,,,
Week 2,,-0.0143,-1432,,,,,,,,,,,,,,,,,,,,,,,,,,,,,,,,,,,,,
2021-09-10 00:00:00,1,0.0088,881,,,,,,,,,,,,,,,,,,,,,,,,,,,,,,,,,,,,,
2021-09-09 00:00:00,7,0.001,98,,,,,,,,,,,,,,,,,,,,,,,,,,,,,,,,,,,,,
2021-09-08 00:00:00,14,0.0003,32,,,,,,,,,,,,,,,,,,,,,,,,,,,,,,,,,,,,,
2021-09-07 00:00:00,3,-0.0244,-2442,,,,,,,,,,,,,,,,,,,,,,,,,,,,,,,,,,,,,
,,,,,,,,,,,,,,,,,,,,,,,,,,,,,,,,,,,,,,,,
Week 1,,0.0223,2225,,,,,,,,,,,,,,,,,,,,,,,,,,,,,,,,,,,,,
2021-09-03 00:00:00,1,0.0176,1758,,,,,,,,,,,,,,,,,,,,,,,,,,,,,,,,,,,,,
2021-09-02 00:00:00,8,-0.0004,-37,,,,,,,,,,,,,,,,,,,,,,,,,,,,,,,,,,,,,
2021-09-01 00:00:00,3,0.005,504,,,,,,,,,,,,,,,,,,,,,,,,,,,,,,,,,,,,,
,,,,,,,,,,,,,,,,,,,,,,,,,,,,,,,,,,,,,,,,
August,,0.0676,6760,,,,,,,,,,,,,,,,,,,,,,,,,,,,,,,,,,,,,
,,,,,,,,,,,,,,,,,,,,,,,,,,,,,,,,,,,,,,,,
Week 5,,0.0038,384,,,,,,,,,,,,,,,,,,,,,,,,,,,,,,,,,,,,,
2021-08-31 00:00:00,5,0.0038,384,,,,,,,,,,,,,,,,,,,,,,,,,,,,,,,,,,,,,
2021-08-30 00:00:00,0,0,0,,,,,,,,,,,,,,,,,,,,,,,,,,,,,,,,,,,,,
,,,,,,,,,,,,,,,,,,,,,,,,,,,,,,,,,,,,,,,,
Week 4,,0.0135,1348,,,,,,,,,,,,,,,,,,,,,,,,,,,,,,,,,,,,,
2021-08-27 00:00:00,30,0.002,196,,,,,,,,,,,,,,,,,,,,,,,,,,,,,,,,,,,,,
2021-08-26 00:00:00,2,0.0008,84,,,,,,,,,,,,,,,,,,,,,,,,,,,,,,,,,,,,,
2021-08-25 00:00:00,3,0.0008,80,,,,,,,,,,,,,,,,,,,,,,,,,,,,,,,,,,,,,
2021-08-24 00:00:00,4,0.0078,779,,,,,,,,,,,,,,,,,,,,,,,,,,,,,,,,,,,,,
2021-08-23 00:00:00,47,0.0021,209,,,,,,,,,,,,,,,,,,,,,,,,,,,,,,,,,,,,,
,,,,,,,,,,,,,,,,,,,,,,,,,,,,,,,,,,,,,,,,
Week 3,,0.02,1997,,,,,,,,,,,,,,,,,,,,,,,,,,,,,,,,,,,,,
2021-08-20 00:00:00,47,0.0044,440,,,,,,,,,,,,,,,,,,,,,,,,,,,,,,,,,,,,,
2021-08-19 00:00:00,3,-0.0003,-28,,,,,,,,,,,,,,,,,,,,,,,,,,,,,,,,,,,,,
2021-08-18 00:00:00,11,0.0152,1524,,,,,,,,,,,,,,,,,,,,,,,,,,,,,,,,,,,,,
2021-08-17 00:00:00,2,-0.0001,-14,,,,,,,,,,,,,,,,,,,,,,,,,,,,,,,,,,,,,
2021-08-16 00:00:00,4,0.0008,76,,,,,,,,,,,,,,,,,,,,,,,,,,,,,,,,,,,,,
,,,,,,,,,,,,,,,,,,,,,,,,,,,,,,,,,,,,,,,,
Week 2,,0.0137,1374,,,,,,,,,,,,,,,,,,,,,,,,,,,,,,,,,,,,,
2021-08-13 00:00:00,25,0.003,298,,,,,,,,,,,,,,,,,,,,,,,,,,,,,,,,,,,,,
2021-08-12 00:00:00,2,0.0003,35,,,,,,,,,,,,,,,,,,,,,,,,,,,,,,,,,,,,,
2021-08-11 00:00:00,23,-0.0017,-170,,,,,,,,,,,,,,,,,,,,,,,,,,,,,,,,,,,,,
2021-08-10 00:00:00,1,0.0005,50,,,,,,,,,,,,,,,,,,,,,,,,,,,,,,,,,,,,,
2021-08-09 00:00:00,6,0.0116,1161,,,,,,,,,,,,,,,,,,,,,,,,,,,,,,,,,,,,,
,,,,,,,,,,,,,,,,,,,,,,,,,,,,,,,,,,,,,,,,
Week 1,,0.0166,1658,,,,,,,,,,,,,,,,,,,,,,,,,,,,,,,,,,,,,
2021-08-06 00:00:00,4,-0.0107,-1065,,,,,,,,,,,,,,,,,,,,,,,,,,,,,,,,,,,,,
2021-08-05 00:00:00,0,0,0,,,,,,,,,,,,,,,,,,,,,,,,,,,,,,,,,,,,,
2021-08-04 00:00:00,2,0.0174,1736,,,,,,,,,,,,,,,,,,,,,,,,,,,,,,,,,,,,,
2021-08-03 00:00:00,1,0.0003,28,,,,,,,,,,,,,,,,,,,,,,,,,,,,,,,,,,,,,
2021-08-02 00:00:00,10,0.0096,959,,,,,,,,,,,,,,,,,,,,,,,,,,,,,,,,,,,,,
,,,,,,,,,,,,,,,,,,,,,,,,,,,,,,,,,,,,,,,,
July,,0.059,5901,,,,,,,,,,,,,,,,,,,,,,,,,,,,,,,,,,,,,
,,,,,,,,,,,,,,,,,,,,,,,,,,,,,,,,,,,,,,,,
Week 5,,-0.0118,-1184,,,,,,,,,,,,,,,,,,,,,,,,,,,,,,,,,,,,,
2021-07-30 00:00:00,5,0.0016,159,,,,,,,,,,,,,,,,,,,,,,,,,,,,,,,,,,,,,
2021-07-29 00:00:00,4,0.0067,673,,,,,,,,,,,,,,,,,,,,,,,,,,,,,,,,,,,,,
2021-07-28 00:00:00,29,-0.0048,-479,,,,,,,,,,,,,,,,,,,,,,,,,,,,,,,,,,,,,
2021-07-27 00:00:00,5,-0.0183,-1832,,,,,,,,,,,,,,,,,,,,,,,,,,,,,,,,,,,,,
2021-07-26 00:00:00,3,0.003,295,,,,,,,,,,,,,,,,,,,,,,,,,,,,,,,,,,,,,
,,,,,,,,,,,,,,,,,,,,,,,,,,,,,,,,,,,,,,,,
Week 4,,0.0255,2549,,,,,,,,,,,,,,,,,,,,,,,,,,,,,,,,,,,,,
2021-07-23 00:00:00,3,0.0031,306,,,,,,,,,,,,,,,,,,,,,,,,,,,,,,,,,,,,,
2021-07-22 00:00:00,11,0.0023,235,,,,,,,,,,,,,,,,,,,,,,,,,,,,,,,,,,,,,
2021-07-21 00:00:00,11,0.0083,833,,,,,,,,,,,,,,,,,,,,,,,,,,,,,,,,,,,,,
2021-07-20 00:00:00,82,0.0099,986,,,,,,,,,,,,,,,,,,,,,,,,,,,,,,,,,,,,,
2021-07-19 00:00:00,8,0.0019,189,,,,,,,,,,,,,,,,,,,,,,,,,,,,,,,,,,,,,
,,,,,,,,,,,,,,,,,,,,,,,,,,,,,,,,,,,,,,,,
Week 3,,0.0152,1517,,,,,,,,,,,,,,,,,,,,,,,,,,,,,,,,,,,,,
2021-07-16 00:00:00,0,0,0,,,,,,,,,,,,,,,,,,,,,,,,,,,,,,,,,,,,,
2021-07-15 00:00:00,5,0.0019,191,,,,,,,,,,,,,,,,,,,,,,,,,,,,,,,,,,,,,
2021-07-14 00:00:00,10,0.0018,182,,,,,,,,,,,,,,,,,,,,,,,,,,,,,,,,,,,,,
2021-07-13 00:00:00,9,0.0069,685,,,,,,,,,,,,,,,,,,,,,,,,,,,,,,,,,,,,,
2021-07-12 00:00:00,2,0.0046,459,,,,,,,,,,,,,,,,,,,,,,,,,,,,,,,,,,,,,
,,,,,,,,,,,,,,,,,,,,,,,,,,,,,,,,,,,,,,,,
Week 2,,0.0103,1031,,,,,,,,,,,,,,,,,,,,,,,,,,,,,,,,,,,,,
2021-07-09 00:00:00,49,0.0131,1309,,,,,,,,,,,,,,,,,,,,,,,,,,,,,,,,,,,,,
2021-07-08 00:00:00,8,0.0028,277,,,,,,,,,,,,,,,,,,,,,,,,,,,,,,,,,,,,,
2021-07-07 00:00:00,5,-0.0089,-887,,,,,,,,,,,,,,,,,,,,,,,,,,,,,,,,,,,,,
2021-07-06 00:00:00,8,0.0033,332,,,,,,,,,,,,,,,,,,,,,,,,,,,,,,,,,,,,,
,,,,,,,,,,,,,,,,,,,,,,,,,,,,,,,,,,,,,,,,
Week 1,,0.0199,1987,,,,,,,,,,,,,,,,,,,,,,,,,,,,,,,,,,,,,
2021-07-02 00:00:00,26,0.0027,275,,,,,,,,,,,,,,,,,,,,,,,,,,,,,,,,,,,,,
2021-07-01 00:00:00,3,0.0171,1712,,,,,,,,,,,,,,,,,,,,,,,,,,,,,,,,,,,,,
,,,,,,,,,,,,,,,,,,,,,,,,,,,,,,,,,,,,,,,,
June,,0.0881,8813,,,,,,,,,,,,,,,,,,,,,,,,,,,,,,,,,,,,,
,,,,,,,,,,,,,,,,,,,,,,,,,,,,,,,,,,,,,,,,
Week 5,,0.0021,208,,,,,,,,,,,,,,,,,,,,,,,,,,,,,,,,,,,,,
2021-06-30 00:00:00,20,-0.0001,-15,,,,,,,,,,,,,,,,,,,,,,,,,,,,,,,,,,,,,
2021-06-29 00:00:00,7,0.0014,139,,,,,,,,,,,,,,,,,,,,,,,,,,,,,,,,,,,,,
2021-06-28 00:00:00,10,0.0008,83,,,,,,,,,,,,,,,,,,,,,,,,,,,,,,,,,,,,,
,,,,,,,,,,,,,,,,,,,,,,,,,,,,,,,,,,,,,,,,
Week 4,,0.016,1602,,,,,,,,,,,,,,,,,,,,,,,,,,,,,,,,,,,,,
2021-06-25 00:00:00,7,0.0062,622,,,,,,,,,,,,,,,,,,,,,,,,,,,,,,,,,,,,,
2021-06-24 00:00:00,3,-0.0009,-85,,,,,,,,,,,,,,,,,,,,,,,,,,,,,,,,,,,,,
2021-06-23 00:00:00,3,0.0037,366,,,,,,,,,,,,,,,,,,,,,,,,,,,,,,,,,,,,,
2021-06-22 00:00:00,19,0.0026,260,,,,,,,,,,,,,,,,,,,,,,,,,,,,,,,,,,,,,
2021-06-21 00:00:00,125,0.0044,439,,,,,,,,,,,,,,,,,,,,,,,,,,,,,,,,,,,,,
,,,,,,,,,,,,,,,,,,,,,,,,,,,,,,,,,,,,,,,,
Week 3,,0.0292,2917,,,,,,,,,,,,,,,,,,,,,,,,,,,,,,,,,,,,,
2021-06-18 00:00:00,6,0.0085,851,,,,,,,,,,,,,,,,,,,,,,,,,,,,,,,,,,,,,
2021-06-17 00:00:00,5,0.0264,2639,,,,,,,,,,,,,,,,,,,,,,,,,,,,,,,,,,,,,
2021-06-16 00:00:00,1,0.0002,17,,,,,,,,,,,,,,,,,,,,,,,,,,,,,,,,,,,,,
2021-06-15 00:00:00,7,-0.0059,-591,,,,,,,,,,,,,,,,,,,,,,,,,,,,,,,,,,,,,
2021-06-14 00:00:00,0,0,0,,,,,,,,,,,,,,,,,,,,,,,,,,,,,,,,,,,,,
,,,,,,,,,,,,,,,,,,,,,,,,,,,,,,,,,,,,,,,,
Week 2,,0.0029,287,,,,,,,,,,,,,,,,,,,,,,,,,,,,,,,,,,,,,
2021-06-11 00:00:00,1,0.0007,69,,,,,,,,,,,,,,,,,,,,,,,,,,,,,,,,,,,,,
2021-06-10 00:00:00,6,-0.0005,-45,,,,,,,,,,,,,,,,,,,,,,,,,,,,,,,,,,,,,
2021-06-09 00:00:00,2,0.0009,90,,,,,,,,,,,,,,,,,,,,,,,,,,,,,,,,,,,,,
2021-06-08 00:00:00,8,0.0017,174,,,,,,,,,,,,,,,,,,,,,,,,,,,,,,,,,,,,,
2021-06-07 00:00:00,0,0,0,,,,,,,,,,,,,,,,,,,,,,,,,,,,,,,,,,,,,
,,,,,,,,,,,,,,,,,,,,,,,,,,,,,,,,,,,,,,,,
Week 1,,0.038,3798,,,,,,,,,,,,,,,,,,,,,,,,,,,,,,,,,,,,,
2021-06-04 00:00:00,18,0.0027,272,,,,,,,,,,,,,,,,,,,,,,,,,,,,,,,,,,,,,
2021-06-03 00:00:00,2,0.0332,3325,,,,,,,,,,,,,,,,,,,,,,,,,,,,,,,,,,,,,
2021-06-02 00:00:00,6,0.001,102,,,,,,,,,,,,,,,,,,,,,,,,,,,,,,,,,,,,,
2021-06-01 00:00:00,6,0.001,100,,,,,,,,,,,,,,,,,,,,,,,,,,,,,,,,,,,,,
,,,,,,,,,,,,,,,,,,,,,,,,,,,,,,,,,,,,,,,,
May,,0.0807,8071,,,,,,,,,,,,,,,,,,,,,,,,,,,,,,,,,,,,,
,,,,,,,,,,,,,,,,,,,,,,,,,,,,,,,,,,,,,,,,
Week 4,,0.0157,1573,,,,,,,,,,,,,,,,,,,,,,,,,,,,,,,,,,,,,
2021-05-28 00:00:00,2,0.0002,17,,,,,,,,,,,,,,,,,,,,,,,,,,,,,,,,,,,,,
2021-05-27 00:00:00,3,0.0115,1146,,,,,,,,,,,,,,,,,,,,,,,,,,,,,,,,,,,,,
2021-05-26 00:00:00,1,0.0013,126,,,,,,,,,,,,,,,,,,,,,,,,,,,,,,,,,,,,,
2021-05-25 00:00:00,11,0.002,204,,,,,,,,,,,,,,,,,,,,,,,,,,,,,,,,,,,,,
2021-05-24 00:00:00,8,0.0008,80,,,,,,,,,,,,,,,,,,,,,,,,,,,,,,,,,,,,,
,,,,,,,,,,,,,,,,,,,,,,,,,,,,,,,,,,,,,,,,
Week 3,,0.0209,2092,,,,,,,,,,,,,,,,,,,,,,,,,,,,,,,,,,,,,
2021-05-21 00:00:00,9,0.0007,69,,,,,,,,,,,,,,,,,,,,,,,,,,,,,,,,,,,,,
2021-05-20 00:00:00,9,-0.0017,-165,,,,,,,,,,,,,,,,,,,,,,,,,,,,,,,,,,,,,
2021-05-19 00:00:00,1,0.0006,58,,,,,,,,,,,,,,,,,,,,,,,,,,,,,,,,,,,,,
2021-05-18 00:00:00,2,0.036,3598,,,,,,,,,,,,,,,,,,,,,,,,,,,,,,,,,,,,,
2021-05-17 00:00:00,4,-0.0147,-1468,,,,,,,,,,,,,,,,,,,,,,,,,,,,,,,,,,,,,
,,,,,,,,,,,,,,,,,,,,,,,,,,,,,,,,,,,,,,,,
Week 2,,0.0514,5136,,,,,,,,,,,,,,,,,,,,,,,,,,,,,,,,,,,,,
2021-05-14 00:00:00,95,0.021,2095,,,,,,,,,,,,,,,,,,,,,,,,,,,,,,,,,,,,,
2021-05-13 00:00:00,13,0.0034,341,,,,,,,,,,,,,,,,,,,,,,,,,,,,,,,,,,,,,
2021-05-12 00:00:00,0,0,0,,,,,,,,,,,,,,,,,,,,,,,,,,,,,,,,,,,,,
2021-05-11 00:00:00,3,0.0267,2668,,,,,,,,,,,,,,,,,,,,,,,,,,,,,,,,,,,,,
2021-05-10 00:00:00,1,0.0003,32,,,,,,,,,,,,,,,,,,,,,,,,,,,,,,,,,,,,,
,,,,,,,,,,,,,,,,,,,,,,,,,,,,,,,,,,,,,,,,
Week 1,,-0.0073,-731,,,,,,,,,,,,,,,,,,,,,,,,,,,,,,,,,,,,,
2021-05-07 00:00:00,24,0.0046,458,,,,,,,,,,,,,,,,,,,,,,,,,,,,,,,,,,,,,
2021-05-06 00:00:00,6,0.0041,406,,,,,,,,,,,,,,,,,,,,,,,,,,,,,,,,,,,,,
2021-05-05 00:00:00,5,0.0007,66,,,,,,,,,,,,,,,,,,,,,,,,,,,,,,,,,,,,,
2021-05-04 00:00:00,5,-0.0232,-2316,,,,,,,,,,,,,,,,,,,,,,,,,,,,,,,,,,,,,
2021-05-03 00:00:00,5,0.0065,655,,,,,,,,,,,,,,,,,,,,,,,,,,,,,,,,,,,,,
,,,,,,,,,,,,,,,,,,,,,,,,,,,,,,,,,,,,,,,,
April,,0.0009,91,,,,,,,,,,,,,,,,,,,,,,,,,,,,,,,,,,,,,
,,,,,,,,,,,,,,,,,,,,,,,,,,,,,,,,,,,,,,,,
Week 5,,0.0094,940,,,,,,,,,,,,,,,,,,,,,,,,,,,,,,,,,,,,,
2021-04-30 00:00:00,15,0.0024,237,,,,,,,,,,,,,,,,,,,,,,,,,,,,,,,,,,,,,
2021-04-29 00:00:00,5,0.0035,355,,,,,,,,,,,,,,,,,,,,,,,,,,,,,,,,,,,,,
2021-04-28 00:00:00,3,0.0025,252,,,,,,,,,,,,,,,,,,,,,,,,,,,,,,,,,,,,,
2021-04-27 00:00:00,3,0.0003,32,,,,,,,,,,,,,,,,,,,,,,,,,,,,,,,,,,,,,
2021-04-26 00:00:00,3,0.0006,64,,,,,,,,,,,,,,,,,,,,,,,,,,,,,,,,,,,,,
,,,,,,,,,,,,,,,,,,,,,,,,,,,,,,,,,,,,,,,,
Week 4,,0.0276,2763,,,,,,,,,,,,,,,,,,,,,,,,,,,,,,,,,,,,,
2021-04-23 00:00:00,5,0.0043,432,,,,,,,,,,,,,,,,,,,,,,,,,,,,,,,,,,,,,
2021-04-22 00:00:00,3,0.0007,72,,,,,,,,,,,,,,,,,,,,,,,,,,,,,,,,,,,,,
2021-04-21 00:00:00,10,0.013,1305,,,,,,,,,,,,,,,,,,,,,,,,,,,,,,,,,,,,,
2021-04-20 00:00:00,13,0.0005,51,,,,,,,,,,,,,,,,,,,,,,,,,,,,,,,,,,,,,
2021-04-19 00:00:00,10,0.009,904,,,,,,,,,,,,,,,,,,,,,,,,,,,,,,,,,,,,,
,,,,,,,,,,,,,,,,,,,,,,,,,,,,,,,,,,,,,,,,
Week 3,,-0.0483,-4829,,,,,,,,,,,,,,,,,,,,,,,,,,,,,,,,,,,,,
2021-04-16 00:00:00,1,0.0005,47,,,,,,,,,,,,,,,,,,,,,,,,,,,,,,,,,,,,,
2021-04-15 00:00:00,22,0.0026,257,,,,,,,,,,,,,,,,,,,,,,,,,,,,,,,,,,,,,
2021-04-14 00:00:00,8,-0.0532,-5320,,,,,,,,,,,,,,,,,,,,,,,,,,,,,,,,,,,,,
2021-04-13 00:00:00,22,0.0019,187,,,,,,,,,,,,,,,,,,,,,,,,,,,,,,,,,,,,,
2021-04-12 00:00:00,0,0,0,,,,,,,,,,,,,,,,,,,,,,,,,,,,,,,,,,,,,
,,,,,,,,,,,,,,,,,,,,,,,,,,,,,,,,,,,,,,,,
Week 2,,0.0087,866,,,,,,,,,,,,,,,,,,,,,,,,,,,,,,,,,,,,,
2021-04-09 00:00:00,1,0.0008,76,,,,,,,,,,,,,,,,,,,,,,,,,,,,,,,,,,,,,
2021-04-08 00:00:00,16,0.003,300,,,,,,,,,,,,,,,,,,,,,,,,,,,,,,,,,,,,,
2021-04-07 00:00:00,3,0.0026,255,,,,,,,,,,,,,,,,,,,,,,,,,,,,,,,,,,,,,
2021-04-06 00:00:00,29,0.0024,239,,,,,,,,,,,,,,,,,,,,,,,,,,,,,,,,,,,,,
2021-04-05 00:00:00,5,0,-4,,,,,,,,,,,,,,,,,,,,,,,,,,,,,,,,,,,,,
,,,,,,,,,,,,,,,,,,,,,,,,,,,,,,,,,,,,,,,,
Week 1,,0.0035,350,,,,,,,,,,,,,,,,,,,,,,,,,,,,,,,,,,,,,
2021-04-01 00:00:00,33,0.0035,350,,,,,,,,,,,,,,,,,,,,,,,,,,,,,,,,,,,,,
,,,,,,,,,,,,,,,,,,,,,,,,,,,,,,,,,,,,,,,,
March,,0.0805,8054,,,,,,,,,,,,,,,,,,,,,,,,,,,,,,,,,,,,,
,,,,,,,,,,,,,,,,,,,,,,,,,,,,,,,,,,,,,,,,
Week 5,,0.0196,1963,,,,,,,,,,,,,,,,,,,,,,,,,,,,,,,,,,,,,
2021-03-31 00:00:00,23,0.0046,459,,,,,,,,,,,,,,,,,,,,,,,,,,,,,,,,,,,,,
2021-03-30 00:00:00,8,0.0097,967,,,,,,,,,,,,,,,,,,,,,,,,,,,,,,,,,,,,,
2021-03-29 00:00:00,1,0.0054,537,,,,,,,,,,,,,,,,,,,,,,,,,,,,,,,,,,,,,
,,,,,,,,,,,,,,,,,,,,,,,,,,,,,,,,,,,,,,,,
Week 4,,0.0277,2766,,,,,,,,,,,,,,,,,,,,,,,,,,,,,,,,,,,,,
2021-03-26 00:00:00,31,0.022,2199,,,,,,,,,,,,,,,,,,,,,,,,,,,,,,,,,,,,,
2021-03-25 00:00:00,10,0.0041,407,,,,,,,,,,,,,,,,,,,,,,,,,,,,,,,,,,,,,
2021-03-24 00:00:00,15,0.0018,177,,,,,,,,,,,,,,,,,,,,,,,,,,,,,,,,,,,,,
2021-03-23 00:00:00,23,0.0028,282,,,,,,,,,,,,,,,,,,,,,,,,,,,,,,,,,,,,,
2021-03-22 00:00:00,30,-0.003,-299,,,,,,,,,,,,,,,,,,,,,,,,,,,,,,,,,,,,,
,,,,,,,,,,,,,,,,,,,,,,,,,,,,,,,,,,,,,,,,
Week 3,,-0.0019,-187,,,,,,,,,,,,,,,,,,,,,,,,,,,,,,,,,,,,,
2021-03-19 00:00:00,16,0.0013,134,,,,,,,,,,,,,,,,,,,,,,,,,,,,,,,,,,,,,
2021-03-18 00:00:00,0,0,0,,,,,,,,,,,,,,,,,,,,,,,,,,,,,,,,,,,,,
2021-03-17 00:00:00,12,0.0029,286,,,,,,,,,,,,,,,,,,,,,,,,,,,,,,,,,,,,,
2021-03-16 00:00:00,13,-0.0064,-645,,,,,,,,,,,,,,,,,,,,,,,,,,,,,,,,,,,,,
2021-03-15 00:00:00,32,0.0004,39,,,,,,,,,,,,,,,,,,,,,,,,,,,,,,,,,,,,,
,,,,,,,,,,,,,,,,,,,,,,,,,,,,,,,,,,,,,,,,
Week 2,,0.0227,2273,,,,,,,,,,,,,,,,,,,,,,,,,,,,,,,,,,,,,
2021-03-12 00:00:00,0,0,0,,,,,,,,,,,,,,,,,,,,,,,,,,,,,,,,,,,,,
2021-03-11 00:00:00,30,0.0145,1449,,,,,,,,,,,,,,,,,,,,,,,,,,,,,,,,,,,,,
2021-03-10 00:00:00,20,-0.0026,-260,,,,,,,,,,,,,,,,,,,,,,,,,,,,,,,,,,,,,
2021-03-09 00:00:00,72,0.0025,254,,,,,,,,,,,,,,,,,,,,,,,,,,,,,,,,,,,,,
2021-03-08 00:00:00,8,0.0083,829,,,,,,,,,,,,,,,,,,,,,,,,,,,,,,,,,,,,,
,,,,,,,,,,,,,,,,,,,,,,,,,,,,,,,,,,,,,,,,
Week 1,,0.0124,1239,,,,,,,,,,,,,,,,,,,,,,,,,,,,,,,,,,,,,
2021-03-05 00:00:00,11,0.005,496,,,,,,,,,,,,,,,,,,,,,,,,,,,,,,,,,,,,,
2021-03-04 00:00:00,4,-0.0056,-564,,,,,,,,,,,,,,,,,,,,,,,,,,,,,,,,,,,,,
2021-03-03 00:00:00,1,-0.0017,-174,,,,,,,,,,,,,,,,,,,,,,,,,,,,,,,,,,,,,
2021-03-02 00:00:00,28,-0.0009,-90,,,,,,,,,,,,,,,,,,,,,,,,,,,,,,,,,,,,,
2021-03-01 00:00:00,73,0.0157,1571,,,,,,,,,,,,,,,,,,,,,,,,,,,,,,,,,,,,,
,,,,,,,,,,,,,,,,,,,,,,,,,,,,,,,,,,,,,,,,
February,,0.0195,1954,,,,,,,,,,,,,,,,,,,,,,,,,,,,,,,,,,,,,
,,,,,,,,,,,,,,,,,,,,,,,,,,,,,,,,,,,,,,,,
Week 4,,0.0321,3214,,,,,,,,,,,,,,,,,,,,,,,,,,,,,,,,,,,,,
2021-02-26 00:00:00,43,-0.0011,-108,,,,,,,,,,,,,,,,,,,,,,,,,,,,,,,,,,,,,
2021-02-25 00:00:00,2,0.0183,1834,,,,,,,,,,,,,,,,,,,,,,,,,,,,,,,,,,,,,
2021-02-24 00:00:00,22,0.0061,606,,,,,,,,,,,,,,,,,,,,,,,,,,,,,,,,,,,,,
2021-02-23 00:00:00,6,0.0082,818,,,,,,,,,,,,,,,,,,,,,,,,,,,,,,,,,,,,,
2021-02-22 00:00:00,9,0.0006,64,,,,,,,,,,,,,,,,,,,,,,,,,,,,,,,,,,,,,
,,,,,,,,,,,,,,,,,,,,,,,,,,,,,,,,,,,,,,,,
Week 3,,0.0258,2579,,,,,,,,,,,,,,,,,,,,,,,,,,,,,,,,,,,,,
2021-02-19 00:00:00,2,0.005,500,,,,,,,,,,,,,,,,,,,,,,,,,,,,,,,,,,,,,
2021-02-18 00:00:00,10,-0.0016,-158,,,,,,,,,,,,,,,,,,,,,,,,,,,,,,,,,,,,,
2021-02-17 00:00:00,13,-0.0021,-211,,,,,,,,,,,,,,,,,,,,,,,,,,,,,,,,,,,,,
2021-02-16 00:00:00,1,0.0245,2449,,,,,,,,,,,,,,,,,,,,,,,,,,,,,,,,,,,,,
,,,,,,,,,,,,,,,,,,,,,,,,,,,,,,,,,,,,,,,,
Week 2,,-0.0718,-7181,,,,,,,,,,,,,,,,,,,,,,,,,,,,,,,,,,,,,
2021-02-12 00:00:00,0,0,0,,,,,,,,,,,,,,,,,,,,,,,,,,,,,,,,,,,,,
2021-02-11 00:00:00,1,-0.0786,-7863,,,,,,,,,,,,,,,,,,,,,,,,,,,,,,,,,,,,,
2021-02-10 00:00:00,18,0.0025,251,,,,,,,,,,,,,,,,,,,,,,,,,,,,,,,,,,,,,
2021-02-09 00:00:00,3,0.0025,250,,,,,,,,,,,,,,,,,,,,,,,,,,,,,,,,,,,,,
2021-02-08 00:00:00,4,0.0018,181,,,,,,,,,,,,,,,,,,,,,,,,,,,,,,,,,,,,,
,,,,,,,,,,,,,,,,,,,,,,,,,,,,,,,,,,,,,,,,
Week 1,,0.0334,3341,,,,,,,,,,,,,,,,,,,,,,,,,,,,,,,,,,,,,
2021-02-05 00:00:00,11,-0.0003,-31,,,,,,,,,,,,,,,,,,,,,,,,,,,,,,,,,,,,,
2021-02-04 00:00:00,5,0.0113,1129,,,,,,,,,,,,,,,,,,,,,,,,,,,,,,,,,,,,,
2021-02-03 00:00:00,2,0.0002,24,,,,,,,,,,,,,,,,,,,,,,,,,,,,,,,,,,,,,
2021-02-02 00:00:00,26,0.0142,1424,,,,,,,,,,,,,,,,,,,,,,,,,,,,,,,,,,,,,
2021-02-01 00:00:00,30,0.008,796,,,,,,,,,,,,,,,,,,,,,,,,,,,,,,,,,,,,,
,,,,,,,,,,,,,,,,,,,,,,,,,,,,,,,,,,,,,,,,
January,,0.0626,6263,,,,,,,,,,,,,,,,,,,,,,,,,,,,,,,,,,,,,
,,,,,,,,,,,,,,,,,,,,,,,,,,,,,,,,,,,,,,,,
Week 5,,0.0257,2572,,,,,,,,,,,,,,,,,,,,,,,,,,,,,,,,,,,,,
2021-01-29 00:00:00,0,0,0,,,,,,,,,,,,,,,,,,,,,,,,,,,,,,,,,,,,,
2021-01-28 00:00:00,15,0.0053,531,,,,,,,,,,,,,,,,,,,,,,,,,,,,,,,,,,,,,
2021-01-27 00:00:00,3,0.0024,239,,,,,,,,,,,,,,,,,,,,,,,,,,,,,,,,,,,,,
2021-01-26 00:00:00,6,0.0136,1360,,,,,,,,,,,,,,,,,,,,,,,,,,,,,,,,,,,,,
2021-01-25 00:00:00,9,0.0044,443,,,,,,,,,,,,,,,,,,,,,,,,,,,,,,,,,,,,,
,,,,,,,,,,,,,,,,,,,,,,,,,,,,,,,,,,,,,,,,
Week 4,,0.027,2700,,,,,,,,,,,,,,,,,,,,,,,,,,,,,,,,,,,,,
2021-01-22 00:00:00,7,-0.0033,-334,,,,,,,,,,,,,,,,,,,,,,,,,,,,,,,,,,,,,
2021-01-21 00:00:00,4,0.0121,1208,,,,,,,,,,,,,,,,,,,,,,,,,,,,,,,,,,,,,
2021-01-20 00:00:00,10,0.0131,1308,,,,,,,,,,,,,,,,,,,,,,,,,,,,,,,,,,,,,
2021-01-19 00:00:00,11,0.0052,517,,,,,,,,,,,,,,,,,,,,,,,,,,,,,,,,,,,,,
,,,,,,,,,,,,,,,,,,,,,,,,,,,,,,,,,,,,,,,,
Week 3,,-0.0276,-2757,,,,,,,,,,,,,,,,,,,,,,,,,,,,,,,,,,,,,
2021-01-15 00:00:00,11,-0.031,-3102,,,,,,,,,,,,,,,,,,,,,,,,,,,,,,,,,,,,,
2021-01-14 00:00:00,4,0.001,98,,,,,,,,,,,,,,,,,,,,,,,,,,,,,,,,,,,,,
2021-01-13 00:00:00,40,-0.0005,-45,,,,,,,,,,,,,,,,,,,,,,,,,,,,,,,,,,,,,
2021-01-12 00:00:00,8,0.0029,293,,,,,,,,,,,,,,,,,,,,,,,,,,,,,,,,,,,,,
2021-01-11 00:00:00,0,0,0,,,,,,,,,,,,,,,,,,,,,,,,,,,,,,,,,,,,,
,,,,,,,,,,,,,,,,,,,,,,,,,,,,,,,,,,,,,,,,
Week 2,,0.0375,3747,,,,,,,,,,,,,,,,,,,,,,,,,,,,,,,,,,,,,
2021-01-08 00:00:00,2,0.0075,751,,,,,,,,,,,,,,,,,,,,,,,,,,,,,,,,,,,,,
2021-01-07 00:00:00,2,0.0167,1674,,,,,,,,,,,,,,,,,,,,,,,,,,,,,,,,,,,,,
2021-01-06 00:00:00,1,0.0132,1323,,,,,,,,,,,,,,,,,,,,,,,,,,,,,,,,,,,,,
2021-01-05 00:00:00,0,0,0,,,,,,,,,,,,,,,,,,,,,,,,,,,,,,,,,,,,,
2021-01-04 00:00:00,0,0,0,,,,,,,,,,,,,,,,,,,,,,,,,,,,,,,,,,,,,
Best By Max DD (1BR),2020,1.155,0.17,,115479,,1,1.155,-0.298,,0.337,4634,386.1666667,0.643,0.5,-392,-0.004,3.82,5,49,3,16,1,4,1.8,2980,0.8,-3.6,-29088,-0.291,-31351,-0.314,-25725,-0.257,0.643,0.825,0.827,2857,-6246,0.75
Date,# of Sold Branches,Profit % Realized Only,Profit $ Realized Only,,,,,,,,,,,,,,,,,,,,,,,,,,,,,,,,,,,,,
2020 To Date,,1.1544,115438,,,,,,,,,,,,,,,,,,,,,,,,,,,,,,,,,,,,,
,,,,,,,,,,,,,,,,,,,,,,,,,,,,,,,,,,,,,,,,
December,,-0.0092,-918,,,,,,,,,,,,,,,,,,,,,,,,,,,,,,,,,,,,,
,,,,,,,,,,,,,,,,,,,,,,,,,,,,,,,,,,,,,,,,
Week 5,,-0.089,-8895,,,,,,,,,,,,,,,,,,,,,,,,,,,,,,,,,,,,,
2020-12-31 00:00:00,2,0.0026,257,,,,,,,,,,,,,,,,,,,,,,,,,,,,,,,,,,,,,
2020-12-30 00:00:00,0,0,0,,,,,,,,,,,,,,,,,,,,,,,,,,,,,,,,,,,,,
2020-12-29 00:00:00,5,-0.0911,-9108,,,,,,,,,,,,,,,,,,,,,,,,,,,,,,,,,,,,,
2020-12-28 00:00:00,5,-0.0004,-44,,,,,,,,,,,,,,,,,,,,,,,,,,,,,,,,,,,,,
,,,,,,,,,,,,,,,,,,,,,,,,,,,,,,,,,,,,,,,,
Week 4,,0.0091,907,,,,,,,,,,,,,,,,,,,,,,,,,,,,,,,,,,,,,
2020-12-24 00:00:00,0,0,0,,,,,,,,,,,,,,,,,,,,,,,,,,,,,,,,,,,,,
2020-12-23 00:00:00,2,0.0111,1112,,,,,,,,,,,,,,,,,,,,,,,,,,,,,,,,,,,,,
2020-12-22 00:00:00,2,0.0032,321,,,,,,,,,,,,,,,,,,,,,,,,,,,,,,,,,,,,,
2020-12-21 00:00:00,4,-0.0053,-526,,,,,,,,,,,,,,,,,,,,,,,,,,,,,,,,,,,,,
,,,,,,,,,,,,,,,,,,,,,,,,,,,,,,,,,,,,,,,,
Week 3,,0.0043,431,,,,,,,,,,,,,,,,,,,,,,,,,,,,,,,,,,,,,
2020-12-18 00:00:00,3,-0.0017,-172,,,,,,,,,,,,,,,,,,,,,,,,,,,,,,,,,,,,,
2020-12-17 00:00:00,1,0,0,,,,,,,,,,,,,,,,,,,,,,,,,,,,,,,,,,,,,
2020-12-16 00:00:00,1,0.0025,247,,,,,,,,,,,,,,,,,,,,,,,,,,,,,,,,,,,,,
2020-12-15 00:00:00,3,0.0031,309,,,,,,,,,,,,,,,,,,,,,,,,,,,,,,,,,,,,,
2020-12-14 00:00:00,1,0.0005,48,,,,,,,,,,,,,,,,,,,,,,,,,,,,,,,,,,,,,
,,,,,,,,,,,,,,,,,,,,,,,,,,,,,,,,,,,,,,,,
Week 2,,0.0356,3556,,,,,,,,,,,,,,,,,,,,,,,,,,,,,,,,,,,,,
2020-12-11 00:00:00,7,0.0001,12,,,,,,,,,,,,,,,,,,,,,,,,,,,,,,,,,,,,,
2020-12-10 00:00:00,3,0.0009,89,,,,,,,,,,,,,,,,,,,,,,,,,,,,,,,,,,,,,
2020-12-09 00:00:00,3,0.0289,2895,,,,,,,,,,,,,,,,,,,,,,,,,,,,,,,,,,,,,
2020-12-08 00:00:00,3,0.0006,65,,,,,,,,,,,,,,,,,,,,,,,,,,,,,,,,,,,,,
2020-12-07 00:00:00,13,0.005,495,,,,,,,,,,,,,,,,,,,,,,,,,,,,,,,,,,,,,
,,,,,,,,,,,,,,,,,,,,,,,,,,,,,,,,,,,,,,,,
Week 1,,0.0308,3083,,,,,,,,,,,,,,,,,,,,,,,,,,,,,,,,,,,,,
2020-12-04 00:00:00,1,0.0005,47,,,,,,,,,,,,,,,,,,,,,,,,,,,,,,,,,,,,,
2020-12-03 00:00:00,15,0.0129,1292,,,,,,,,,,,,,,,,,,,,,,,,,,,,,,,,,,,,,
2020-12-02 00:00:00,1,0.0018,180,,,,,,,,,,,,,,,,,,,,,,,,,,,,,,,,,,,,,
2020-12-01 00:00:00,13,0.0156,1564,,,,,,,,,,,,,,,,,,,,,,,,,,,,,,,,,,,,,
,,,,,,,,,,,,,,,,,,,,,,,,,,,,,,,,,,,,,,,,
November,,0.0782,7822,,,,,,,,,,,,,,,,,,,,,,,,,,,,,,,,,,,,,
,,,,,,,,,,,,,,,,,,,,,,,,,,,,,,,,,,,,,,,,
Week 5,,0.0023,232,,,,,,,,,,,,,,,,,,,,,,,,,,,,,,,,,,,,,
2020-11-30 00:00:00,16,0.0023,232,,,,,,,,,,,,,,,,,,,,,,,,,,,,,,,,,,,,,
,,,,,,,,,,,,,,,,,,,,,,,,,,,,,,,,,,,,,,,,
Week 4,,-0.0113,-1134,,,,,,,,,,,,,,,,,,,,,,,,,,,,,,,,,,,,,
2020-11-27 00:00:00,8,-0.0265,-2654,,,,,,,,,,,,,,,,,,,,,,,,,,,,,,,,,,,,,
2020-11-25 00:00:00,6,0.0028,283,,,,,,,,,,,,,,,,,,,,,,,,,,,,,,,,,,,,,
2020-11-24 00:00:00,2,0.0096,957,,,,,,,,,,,,,,,,,,,,,,,,,,,,,,,,,,,,,
2020-11-23 00:00:00,1,0.0028,279,,,,,,,,,,,,,,,,,,,,,,,,,,,,,,,,,,,,,
,,,,,,,,,,,,,,,,,,,,,,,,,,,,,,,,,,,,,,,,
Week 3,,0.0124,1240,,,,,,,,,,,,,,,,,,,,,,,,,,,,,,,,,,,,,
2020-11-20 00:00:00,8,0.0064,638,,,,,,,,,,,,,,,,,,,,,,,,,,,,,,,,,,,,,
2020-11-19 00:00:00,3,0.0009,88,,,,,,,,,,,,,,,,,,,,,,,,,,,,,,,,,,,,,
2020-11-18 00:00:00,1,0.0014,135,,,,,,,,,,,,,,,,,,,,,,,,,,,,,,,,,,,,,
2020-11-17 00:00:00,7,0.0025,249,,,,,,,,,,,,,,,,,,,,,,,,,,,,,,,,,,,,,
2020-11-16 00:00:00,2,0.0013,130,,,,,,,,,,,,,,,,,,,,,,,,,,,,,,,,,,,,,
,,,,,,,,,,,,,,,,,,,,,,,,,,,,,,,,,,,,,,,,
Week 2,,0.0316,3162,,,,,,,,,,,,,,,,,,,,,,,,,,,,,,,,,,,,,
2020-11-13 00:00:00,2,0.0007,66,,,,,,,,,,,,,,,,,,,,,,,,,,,,,,,,,,,,,
2020-11-12 00:00:00,34,0.0095,954,,,,,,,,,,,,,,,,,,,,,,,,,,,,,,,,,,,,,
2020-11-11 00:00:00,9,0.007,705,,,,,,,,,,,,,,,,,,,,,,,,,,,,,,,,,,,,,
2020-11-10 00:00:00,10,-0.0013,-131,,,,,,,,,,,,,,,,,,,,,,,,,,,,,,,,,,,,,
2020-11-09 00:00:00,11,0.0157,1569,,,,,,,,,,,,,,,,,,,,,,,,,,,,,,,,,,,,,
,,,,,,,,,,,,,,,,,,,,,,,,,,,,,,,,,,,,,,,,
Week 1,,0.0432,4322,,,,,,,,,,,,,,,,,,,,,,,,,,,,,,,,,,,,,
2020-11-06 00:00:00,0,0,0,,,,,,,,,,,,,,,,,,,,,,,,,,,,,,,,,,,,,
2020-11-05 00:00:00,4,0.0034,345,,,,,,,,,,,,,,,,,,,,,,,,,,,,,,,,,,,,,
2020-11-04 00:00:00,67,0.0086,855,,,,,,,,,,,,,,,,,,,,,,,,,,,,,,,,,,,,,
2020-11-03 00:00:00,60,0.019,1898,,,,,,,,,,,,,,,,,,,,,,,,,,,,,,,,,,,,,
2020-11-02 00:00:00,209,0.0122,1224,,,,,,,,,,,,,,,,,,,,,,,,,,,,,,,,,,,,,
,,,,,,,,,,,,,,,,,,,,,,,,,,,,,,,,,,,,,,,,
October,,0.117,11698,,,,,,,,,,,,,,,,,,,,,,,,,,,,,,,,,,,,,
,,,,,,,,,,,,,,,,,,,,,,,,,,,,,,,,,,,,,,,,
Week 5,,0.0253,2528,,,,,,,,,,,,,,,,,,,,,,,,,,,,,,,,,,,,,
2020-10-30 00:00:00,8,0.0081,814,,,,,,,,,,,,,,,,,,,,,,,,,,,,,,,,,,,,,
2020-10-29 00:00:00,25,0.0134,1339,,,,,,,,,,,,,,,,,,,,,,,,,,,,,,,,,,,,,
2020-10-28 00:00:00,2,0.0005,54,,,,,,,,,,,,,,,,,,,,,,,,,,,,,,,,,,,,,
2020-10-27 00:00:00,12,0.0033,330,,,,,,,,,,,,,,,,,,,,,,,,,,,,,,,,,,,,,
2020-10-26 00:00:00,33,-0.0001,-8,,,,,,,,,,,,,,,,,,,,,,,,,,,,,,,,,,,,,
,,,,,,,,,,,,,,,,,,,,,,,,,,,,,,,,,,,,,,,,
Week 4,,0.0216,2163,,,,,,,,,,,,,,,,,,,,,,,,,,,,,,,,,,,,,
2020-10-23 00:00:00,26,0.0017,172,,,,,,,,,,,,,,,,,,,,,,,,,,,,,,,,,,,,,
2020-10-22 00:00:00,8,0.0025,246,,,,,,,,,,,,,,,,,,,,,,,,,,,,,,,,,,,,,
2020-10-21 00:00:00,6,0.0032,320,,,,,,,,,,,,,,,,,,,,,,,,,,,,,,,,,,,,,
2020-10-20 00:00:00,3,0.0016,163,,,,,,,,,,,,,,,,,,,,,,,,,,,,,,,,,,,,,
2020-10-19 00:00:00,3,0.0126,1262,,,,,,,,,,,,,,,,,,,,,,,,,,,,,,,,,,,,,
,,,,,,,,,,,,,,,,,,,,,,,,,,,,,,,,,,,,,,,,
Week 3,,0.036,3604,,,,,,,,,,,,,,,,,,,,,,,,,,,,,,,,,,,,,
2020-10-16 00:00:00,5,0.002,199,,,,,,,,,,,,,,,,,,,,,,,,,,,,,,,,,,,,,
2020-10-15 00:00:00,3,0.0008,82,,,,,,,,,,,,,,,,,,,,,,,,,,,,,,,,,,,,,
2020-10-14 00:00:00,3,0.0274,2741,,,,,,,,,,,,,,,,,,,,,,,,,,,,,,,,,,,,,
2020-10-13 00:00:00,21,0.0024,243,,,,,,,,,,,,,,,,,,,,,,,,,,,,,,,,,,,,,
2020-10-12 00:00:00,29,0.0034,340,,,,,,,,,,,,,,,,,,,,,,,,,,,,,,,,,,,,,
,,,,,,,,,,,,,,,,,,,,,,,,,,,,,,,,,,,,,,,,
Week 2,,0.0251,2511,,,,,,,,,,,,,,,,,,,,,,,,,,,,,,,,,,,,,
2020-10-09 00:00:00,14,0.0007,70,,,,,,,,,,,,,,,,,,,,,,,,,,,,,,,,,,,,,
2020-10-08 00:00:00,25,0.0045,451,,,,,,,,,,,,,,,,,,,,,,,,,,,,,,,,,,,,,
2020-10-07 00:00:00,1,0.0018,179,,,,,,,,,,,,,,,,,,,,,,,,,,,,,,,,,,,,,
2020-10-06 00:00:00,4,0.0014,142,,,,,,,,,,,,,,,,,,,,,,,,,,,,,,,,,,,,,
2020-10-05 00:00:00,19,0.0167,1670,,,,,,,,,,,,,,,,,,,,,,,,,,,,,,,,,,,,,
,,,,,,,,,,,,,,,,,,,,,,,,,,,,,,,,,,,,,,,,
Week 1,,0.0089,891,,,,,,,,,,,,,,,,,,,,,,,,,,,,,,,,,,,,,
2020-10-02 00:00:00,6,0.0062,625,,,,,,,,,,,,,,,,,,,,,,,,,,,,,,,,,,,,,
2020-10-01 00:00:00,31,0.0027,267,,,,,,,,,,,,,,,,,,,,,,,,,,,,,,,,,,,,,
,,,,,,,,,,,,,,,,,,,,,,,,,,,,,,,,,,,,,,,,
September,,0.2384,23842,,,,,,,,,,,,,,,,,,,,,,,,,,,,,,,,,,,,,
,,,,,,,,,,,,,,,,,,,,,,,,,,,,,,,,,,,,,,,,
Week 5,,0.0214,2138,,,,,,,,,,,,,,,,,,,,,,,,,,,,,,,,,,,,,
2020-09-30 00:00:00,12,0.0054,537,,,,,,,,,,,,,,,,,,,,,,,,,,,,,,,,,,,,,
2020-09-29 00:00:00,11,0.0016,160,,,,,,,,,,,,,,,,,,,,,,,,,,,,,,,,,,,,,
2020-09-28 00:00:00,141,0.0144,1441,,,,,,,,,,,,,,,,,,,,,,,,,,,,,,,,,,,,,
,,,,,,,,,,,,,,,,,,,,,,,,,,,,,,,,,,,,,,,,
Week 4,,0.0503,5028,,,,,,,,,,,,,,,,,,,,,,,,,,,,,,,,,,,,,
2020-09-25 00:00:00,93,0.0127,1265,,,,,,,,,,,,,,,,,,,,,,,,,,,,,,,,,,,,,
2020-09-24 00:00:00,1,0.0342,3420,,,,,,,,,,,,,,,,,,,,,,,,,,,,,,,,,,,,,
2020-09-23 00:00:00,0,0,0,,,,,,,,,,,,,,,,,,,,,,,,,,,,,,,,,,,,,
2020-09-22 00:00:00,21,0.0034,343,,,,,,,,,,,,,,,,,,,,,,,,,,,,,,,,,,,,,
2020-09-21 00:00:00,0,0,0,,,,,,,,,,,,,,,,,,,,,,,,,,,,,,,,,,,,,
,,,,,,,,,,,,,,,,,,,,,,,,,,,,,,,,,,,,,,,,
Week 3,,0.0297,2972,,,,,,,,,,,,,,,,,,,,,,,,,,,,,,,,,,,,,
2020-09-18 00:00:00,1,0.0006,59,,,,,,,,,,,,,,,,,,,,,,,,,,,,,,,,,,,,,
2020-09-17 00:00:00,1,0.0006,59,,,,,,,,,,,,,,,,,,,,,,,,,,,,,,,,,,,,,
2020-09-16 00:00:00,5,0.0037,374,,,,,,,,,,,,,,,,,,,,,,,,,,,,,,,,,,,,,
2020-09-15 00:00:00,10,0.0086,864,,,,,,,,,,,,,,,,,,,,,,,,,,,,,,,,,,,,,
2020-09-14 00:00:00,33,0.0162,1616,,,,,,,,,,,,,,,,,,,,,,,,,,,,,,,,,,,,,
,,,,,,,,,,,,,,,,,,,,,,,,,,,,,,,,,,,,,,,,
Week 2,,0.0715,7151,,,,,,,,,,,,,,,,,,,,,,,,,,,,,,,,,,,,,
2020-09-11 00:00:00,11,0.0051,507,,,,,,,,,,,,,,,,,,,,,,,,,,,,,,,,,,,,,
2020-09-10 00:00:00,3,0.0009,86,,,,,,,,,,,,,,,,,,,,,,,,,,,,,,,,,,,,,
2020-09-09 00:00:00,43,0.0107,1072,,,,,,,,,,,,,,,,,,,,,,,,,,,,,,,,,,,,,
2020-09-08 00:00:00,1,0.0549,5485,,,,,,,,,,,,,,,,,,,,,,,,,,,,,,,,,,,,,
,,,,,,,,,,,,,,,,,,,,,,,,,,,,,,,,,,,,,,,,
Week 1,,0.0655,6554,,,,,,,,,,,,,,,,,,,,,,,,,,,,,,,,,,,,,
2020-09-04 00:00:00,1,0.0026,265,,,,,,,,,,,,,,,,,,,,,,,,,,,,,,,,,,,,,
2020-09-03 00:00:00,13,0.0272,2717,,,,,,,,,,,,,,,,,,,,,,,,,,,,,,,,,,,,,
2020-09-02 00:00:00,3,0.0234,2344,,,,,,,,,,,,,,,,,,,,,,,,,,,,,,,,,,,,,
2020-09-01 00:00:00,10,0.0123,1229,,,,,,,,,,,,,,,,,,,,,,,,,,,,,,,,,,,,,
,,,,,,,,,,,,,,,,,,,,,,,,,,,,,,,,,,,,,,,,
August,,0.2728,27276,,,,,,,,,,,,,,,,,,,,,,,,,,,,,,,,,,,,,
,,,,,,,,,,,,,,,,,,,,,,,,,,,,,,,,,,,,,,,,
Week 5,,0.002,196,,,,,,,,,,,,,,,,,,,,,,,,,,,,,,,,,,,,,
2020-08-31 00:00:00,37,0.002,196,,,,,,,,,,,,,,,,,,,,,,,,,,,,,,,,,,,,,
,,,,,,,,,,,,,,,,,,,,,,,,,,,,,,,,,,,,,,,,
Week 4,,0.0686,6858,,,,,,,,,,,,,,,,,,,,,,,,,,,,,,,,,,,,,
2020-08-28 00:00:00,8,0.0033,325,,,,,,,,,,,,,,,,,,,,,,,,,,,,,,,,,,,,,
2020-08-27 00:00:00,2,0.0022,218,,,,,,,,,,,,,,,,,,,,,,,,,,,,,,,,,,,,,
2020-08-26 00:00:00,2,0.0003,28,,,,,,,,,,,,,,,,,,,,,,,,,,,,,,,,,,,,,
2020-08-25 00:00:00,1,0.0517,5174,,,,,,,,,,,,,,,,,,,,,,,,,,,,,,,,,,,,,
2020-08-24 00:00:00,14,0.0111,1112,,,,,,,,,,,,,,,,,,,,,,,,,,,,,,,,,,,,,
,,,,,,,,,,,,,,,,,,,,,,,,,,,,,,,,,,,,,,,,
Week 3,,0.0262,2625,,,,,,,,,,,,,,,,,,,,,,,,,,,,,,,,,,,,,
2020-08-21 00:00:00,7,0.0077,765,,,,,,,,,,,,,,,,,,,,,,,,,,,,,,,,,,,,,
2020-08-20 00:00:00,4,0.0111,1108,,,,,,,,,,,,,,,,,,,,,,,,,,,,,,,,,,,,,
2020-08-19 00:00:00,2,0.0016,161,,,,,,,,,,,,,,,,,,,,,,,,,,,,,,,,,,,,,
2020-08-18 00:00:00,24,0.0046,455,,,,,,,,,,,,,,,,,,,,,,,,,,,,,,,,,,,,,
2020-08-17 00:00:00,8,0.0013,135,,,,,,,,,,,,,,,,,,,,,,,,,,,,,,,,,,,,,
,,,,,,,,,,,,,,,,,,,,,,,,,,,,,,,,,,,,,,,,
Week 2,,0.1056,10562,,,,,,,,,,,,,,,,,,,,,,,,,,,,,,,,,,,,,
2020-08-14 00:00:00,1,0.0182,1822,,,,,,,,,,,,,,,,,,,,,,,,,,,,,,,,,,,,,
2020-08-13 00:00:00,1,0.0231,2309,,,,,,,,,,,,,,,,,,,,,,,,,,,,,,,,,,,,,
2020-08-12 00:00:00,3,-0.0001,-5,,,,,,,,,,,,,,,,,,,,,,,,,,,,,,,,,,,,,
2020-08-11 00:00:00,4,0.0942,9420,,,,,,,,,,,,,,,,,,,,,,,,,,,,,,,,,,,,,
2020-08-10 00:00:00,1,-0.0298,-2984,,,,,,,,,,,,,,,,,,,,,,,,,,,,,,,,,,,,,
,,,,,,,,,,,,,,,,,,,,,,,,,,,,,,,,,,,,,,,,
Week 1,,0.0704,7036,,,,,,,,,,,,,,,,,,,,,,,,,,,,,,,,,,,,,
2020-08-07 00:00:00,3,-0.0371,-3709,,,,,,,,,,,,,,,,,,,,,,,,,,,,,,,,,,,,,
2020-08-06 00:00:00,2,0.0305,3050,,,,,,,,,,,,,,,,,,,,,,,,,,,,,,,,,,,,,
2020-08-05 00:00:00,2,0.0018,178,,,,,,,,,,,,,,,,,,,,,,,,,,,,,,,,,,,,,
2020-08-04 00:00:00,2,0.06,5998,,,,,,,,,,,,,,,,,,,,,,,,,,,,,,,,,,,,,
2020-08-03 00:00:00,5,0.0152,1519,,,,,,,,,,,,,,,,,,,,,,,,,,,,,,,,,,,,,
,,,,,,,,,,,,,,,,,,,,,,,,,,,,,,,,,,,,,,,,
July,,-0.0037,-367,,,,,,,,,,,,,,,,,,,,,,,,,,,,,,,,,,,,,
,,,,,,,,,,,,,,,,,,,,,,,,,,,,,,,,,,,,,,,,
Week 5,,-0.1914,-19145,,,,,,,,,,,,,,,,,,,,,,,,,,,,,,,,,,,,,
2020-07-31 00:00:00,4,-0.0065,-646,,,,,,,,,,,,,,,,,,,,,,,,,,,,,,,,,,,,,
2020-07-30 00:00:00,1,-0.1884,-18838,,,,,,,,,,,,,,,,,,,,,,,,,,,,,,,,,,,,,
2020-07-29 00:00:00,3,0.0026,257,,,,,,,,,,,,,,,,,,,,,,,,,,,,,,,,,,,,,
2020-07-28 00:00:00,3,0.0008,82,,,,,,,,,,,,,,,,,,,,,,,,,,,,,,,,,,,,,
2020-07-27 00:00:00,0,0,0,,,,,,,,,,,,,,,,,,,,,,,,,,,,,,,,,,,,,
,,,,,,,,,,,,,,,,,,,,,,,,,,,,,,,,,,,,,,,,
Week 4,,0.0118,1183,,,,,,,,,,,,,,,,,,,,,,,,,,,,,,,,,,,,,
2020-07-24 00:00:00,1,0,0,,,,,,,,,,,,,,,,,,,,,,,,,,,,,,,,,,,,,
2020-07-23 00:00:00,0,0,0,,,,,,,,,,,,,,,,,,,,,,,,,,,,,,,,,,,,,
2020-07-22 00:00:00,1,0.0022,217,,,,,,,,,,,,,,,,,,,,,,,,,,,,,,,,,,,,,
2020-07-21 00:00:00,2,0.0097,966,,,,,,,,,,,,,,,,,,,,,,,,,,,,,,,,,,,,,
2020-07-20 00:00:00,0,0,0,,,,,,,,,,,,,,,,,,,,,,,,,,,,,,,,,,,,,
,,,,,,,,,,,,,,,,,,,,,,,,,,,,,,,,,,,,,,,,
Week 3,,0.0909,9090,,,,,,,,,,,,,,,,,,,,,,,,,,,,,,,,,,,,,
2020-07-17 00:00:00,5,0.0041,415,,,,,,,,,,,,,,,,,,,,,,,,,,,,,,,,,,,,,
2020-07-16 00:00:00,4,0.0184,1838,,,,,,,,,,,,,,,,,,,,,,,,,,,,,,,,,,,,,
2020-07-15 00:00:00,7,0.0508,5085,,,,,,,,,,,,,,,,,,,,,,,,,,,,,,,,,,,,,
2020-07-14 00:00:00,2,0.0172,1720,,,,,,,,,,,,,,,,,,,,,,,,,,,,,,,,,,,,,
2020-07-13 00:00:00,1,0.0003,32,,,,,,,,,,,,,,,,,,,,,,,,,,,,,,,,,,,,,
,,,,,,,,,,,,,,,,,,,,,,,,,,,,,,,,,,,,,,,,
Week 2,,0.0749,7487,,,,,,,,,,,,,,,,,,,,,,,,,,,,,,,,,,,,,
2020-07-10 00:00:00,3,0.0185,1850,,,,,,,,,,,,,,,,,,,,,,,,,,,,,,,,,,,,,
2020-07-09 00:00:00,1,0.0007,67,,,,,,,,,,,,,,,,,,,,,,,,,,,,,,,,,,,,,
2020-07-08 00:00:00,2,0.0013,131,,,,,,,,,,,,,,,,,,,,,,,,,,,,,,,,,,,,,
2020-07-07 00:00:00,1,0.0514,5136,,,,,,,,,,,,,,,,,,,,,,,,,,,,,,,,,,,,,
2020-07-06 00:00:00,2,0.003,303,,,,,,,,,,,,,,,,,,,,,,,,,,,,,,,,,,,,,
,,,,,,,,,,,,,,,,,,,,,,,,,,,,,,,,,,,,,,,,
Week 1,,0.0102,1019,,,,,,,,,,,,,,,,,,,,,,,,,,,,,,,,,,,,,
2020-07-02 00:00:00,4,0.004,399,,,,,,,,,,,,,,,,,,,,,,,,,,,,,,,,,,,,,
2020-07-01 00:00:00,6,0.0062,620,,,,,,,,,,,,,,,,,,,,,,,,,,,,,,,,,,,,,
,,,,,,,,,,,,,,,,,,,,,,,,,,,,,,,,,,,,,,,,
June,,0.1996,19965,,,,,,,,,,,,,,,,,,,,,,,,,,,,,,,,,,,,,
,,,,,,,,,,,,,,,,,,,,,,,,,,,,,,,,,,,,,,,,
Week 5,,0.0537,5369,,,,,,,,,,,,,,,,,,,,,,,,,,,,,,,,,,,,,
2020-06-30 00:00:00,24,0.0201,2010,,,,,,,,,,,,,,,,,,,,,,,,,,,,,,,,,,,,,
2020-06-29 00:00:00,17,0.0336,3359,,,,,,,,,,,,,,,,,,,,,,,,,,,,,,,,,,,,,
,,,,,,,,,,,,,,,,,,,,,,,,,,,,,,,,,,,,,,,,
Week 4,,0.0023,225,,,,,,,,,,,,,,,,,,,,,,,,,,,,,,,,,,,,,
2020-06-26 00:00:00,2,0.001,100,,,,,,,,,,,,,,,,,,,,,,,,,,,,,,,,,,,,,
2020-06-25 00:00:00,0,0,0,,,,,,,,,,,,,,,,,,,,,,,,,,,,,,,,,,,,,
2020-06-24 00:00:00,1,0.0007,66,,,,,,,,,,,,,,,,,,,,,,,,,,,,,,,,,,,,,
2020-06-23 00:00:00,3,-0.0014,-139,,,,,,,,,,,,,,,,,,,,,,,,,,,,,,,,,,,,,
2020-06-22 00:00:00,1,0.002,198,,,,,,,,,,,,,,,,,,,,,,,,,,,,,,,,,,,,,
,,,,,,,,,,,,,,,,,,,,,,,,,,,,,,,,,,,,,,,,
Week 3,,0.0898,8981,,,,,,,,,,,,,,,,,,,,,,,,,,,,,,,,,,,,,
2020-06-19 00:00:00,1,0.0067,673,,,,,,,,,,,,,,,,,,,,,,,,,,,,,,,,,,,,,
2020-06-18 00:00:00,0,0,0,,,,,,,,,,,,,,,,,,,,,,,,,,,,,,,,,,,,,
2020-06-17 00:00:00,1,-0.0017,-168,,,,,,,,,,,,,,,,,,,,,,,,,,,,,,,,,,,,,
2020-06-16 00:00:00,14,0.0298,2982,,,,,,,,,,,,,,,,,,,,,,,,,,,,,,,,,,,,,
2020-06-15 00:00:00,8,0.0549,5493,,,,,,,,,,,,,,,,,,,,,,,,,,,,,,,,,,,,,
,,,,,,,,,,,,,,,,,,,,,,,,,,,,,,,,,,,,,,,,
Week 2,,0.0155,1549,,,,,,,,,,,,,,,,,,,,,,,,,,,,,,,,,,,,,
2020-06-12 00:00:00,1,0.0002,23,,,,,,,,,,,,,,,,,,,,,,,,,,,,,,,,,,,,,
2020-06-11 00:00:00,4,0.0255,2551,,,,,,,,,,,,,,,,,,,,,,,,,,,,,,,,,,,,,
2020-06-10 00:00:00,11,-0.0097,-972,,,,,,,,,,,,,,,,,,,,,,,,,,,,,,,,,,,,,
2020-06-09 00:00:00,10,0.0023,230,,,,,,,,,,,,,,,,,,,,,,,,,,,,,,,,,,,,,
2020-06-08 00:00:00,15,-0.0028,-283,,,,,,,,,,,,,,,,,,,,,,,,,,,,,,,,,,,,,
,,,,,,,,,,,,,,,,,,,,,,,,,,,,,,,,,,,,,,,,
Week 1,,0.0384,3841,,,,,,,,,,,,,,,,,,,,,,,,,,,,,,,,,,,,,
2020-06-05 00:00:00,0,0,0,,,,,,,,,,,,,,,,,,,,,,,,,,,,,,,,,,,,,
2020-06-04 00:00:00,2,0.0234,2335,,,,,,,,,,,,,,,,,,,,,,,,,,,,,,,,,,,,,
2020-06-03 00:00:00,0,0,0,,,,,,,,,,,,,,,,,,,,,,,,,,,,,,,,,,,,,
2020-06-02 00:00:00,1,0.0052,520,,,,,,,,,,,,,,,,,,,,,,,,,,,,,,,,,,,,,
2020-06-01 00:00:00,2,0.0099,985,,,,,,,,,,,,,,,,,,,,,,,,,,,,,,,,,,,,,
,,,,,,,,,,,,,,,,,,,,,,,,,,,,,,,,,,,,,,,,
May,,0.1746,17464,,,,,,,,,,,,,,,,,,,,,,,,,,,,,,,,,,,,,
,,,,,,,,,,,,,,,,,,,,,,,,,,,,,,,,,,,,,,,,
Week 5,,0.0357,3572,,,,,,,,,,,,,,,,,,,,,,,,,,,,,,,,,,,,,
2020-05-29 00:00:00,1,0.0007,66,,,,,,,,,,,,,,,,,,,,,,,,,,,,,,,,,,,,,
2020-05-28 00:00:00,1,0.0045,449,,,,,,,,,,,,,,,,,,,,,,,,,,,,,,,,,,,,,
2020-05-27 00:00:00,0,0,0,,,,,,,,,,,,,,,,,,,,,,,,,,,,,,,,,,,,,
2020-05-26 00:00:00,7,0.0306,3056,,,,,,,,,,,,,,,,,,,,,,,,,,,,,,,,,,,,,
,,,,,,,,,,,,,,,,,,,,,,,,,,,,,,,,,,,,,,,,
Week 4,,0.0567,5665,,,,,,,,,,,,,,,,,,,,,,,,,,,,,,,,,,,,,
2020-05-22 00:00:00,3,0.0015,147,,,,,,,,,,,,,,,,,,,,,,,,,,,,,,,,,,,,,
2020-05-21 00:00:00,7,0.0138,1377,,,,,,,,,,,,,,,,,,,,,,,,,,,,,,,,,,,,,
2020-05-20 00:00:00,2,0.0068,681,,,,,,,,,,,,,,,,,,,,,,,,,,,,,,,,,,,,,
2020-05-19 00:00:00,2,0.0063,627,,,,,,,,,,,,,,,,,,,,,,,,,,,,,,,,,,,,,
2020-05-18 00:00:00,22,0.0283,2833,,,,,,,,,,,,,,,,,,,,,,,,,,,,,,,,,,,,,
,,,,,,,,,,,,,,,,,,,,,,,,,,,,,,,,,,,,,,,,
Week 3,,0.0298,2975,,,,,,,,,,,,,,,,,,,,,,,,,,,,,,,,,,,,,
2020-05-15 00:00:00,8,-0.0005,-50,,,,,,,,,,,,,,,,,,,,,,,,,,,,,,,,,,,,,
2020-05-14 00:00:00,9,0.0174,1739,,,,,,,,,,,,,,,,,,,,,,,,,,,,,,,,,,,,,
2020-05-13 00:00:00,2,0.0004,35,,,,,,,,,,,,,,,,,,,,,,,,,,,,,,,,,,,,,
2020-05-12 00:00:00,7,0.0025,251,,,,,,,,,,,,,,,,,,,,,,,,,,,,,,,,,,,,,
2020-05-11 00:00:00,3,0.01,999,,,,,,,,,,,,,,,,,,,,,,,,,,,,,,,,,,,,,
,,,,,,,,,,,,,,,,,,,,,,,,,,,,,,,,,,,,,,,,
Week 2,,0.0401,4012,,,,,,,,,,,,,,,,,,,,,,,,,,,,,,,,,,,,,
2020-05-08 00:00:00,14,0.027,2700,,,,,,,,,,,,,,,,,,,,,,,,,,,,,,,,,,,,,
2020-05-07 00:00:00,7,0.0062,624,,,,,,,,,,,,,,,,,,,,,,,,,,,,,,,,,,,,,
2020-05-06 00:00:00,1,0.0014,135,,,,,,,,,,,,,,,,,,,,,,,,,,,,,,,,,,,,,
2020-05-05 00:00:00,17,-0.0018,-175,,,,,,,,,,,,,,,,,,,,,,,,,,,,,,,,,,,,,
2020-05-04 00:00:00,8,0.0073,729,,,,,,,,,,,,,,,,,,,,,,,,,,,,,,,,,,,,,
,,,,,,,,,,,,,,,,,,,,,,,,,,,,,,,,,,,,,,,,
Week 1,,0.0124,1239,,,,,,,,,,,,,,,,,,,,,,,,,,,,,,,,,,,,,
2020-05-01 00:00:00,6,0.0124,1239,,,,,,,,,,,,,,,,,,,,,,,,,,,,,,,,,,,,,
,,,,,,,,,,,,,,,,,,,,,,,,,,,,,,,,,,,,,,,,
April,,0.1477,14766,,,,,,,,,,,,,,,,,,,,,,,,,,,,,,,,,,,,,
,,,,,,,,,,,,,,,,,,,,,,,,,,,,,,,,,,,,,,,,
Week 5,,-0.0237,-2375,,,,,,,,,,,,,,,,,,,,,,,,,,,,,,,,,,,,,
2020-04-30 00:00:00,6,-0.0739,-7386,,,,,,,,,,,,,,,,,,,,,,,,,,,,,,,,,,,,,
2020-04-29 00:00:00,13,0.0127,1269,,,,,,,,,,,,,,,,,,,,,,,,,,,,,,,,,,,,,
2020-04-28 00:00:00,2,0.0103,1028,,,,,,,,,,,,,,,,,,,,,,,,,,,,,,,,,,,,,
2020-04-27 00:00:00,14,0.0271,2714,,,,,,,,,,,,,,,,,,,,,,,,,,,,,,,,,,,,,
,,,,,,,,,,,,,,,,,,,,,,,,,,,,,,,,,,,,,,,,
Week 4,,-0.019,-1900,,,,,,,,,,,,,,,,,,,,,,,,,,,,,,,,,,,,,
2020-04-24 00:00:00,3,0.0021,214,,,,,,,,,,,,,,,,,,,,,,,,,,,,,,,,,,,,,
2020-04-23 00:00:00,5,-0.0262,-2622,,,,,,,,,,,,,,,,,,,,,,,,,,,,,,,,,,,,,
2020-04-22 00:00:00,7,0.005,496,,,,,,,,,,,,,,,,,,,,,,,,,,,,,,,,,,,,,
2020-04-21 00:00:00,0,0,0,,,,,,,,,,,,,,,,,,,,,,,,,,,,,,,,,,,,,
2020-04-20 00:00:00,1,0.0001,12,,,,,,,,,,,,,,,,,,,,,,,,,,,,,,,,,,,,,
,,,,,,,,,,,,,,,,,,,,,,,,,,,,,,,,,,,,,,,,
Week 3,,0.0351,3514,,,,,,,,,,,,,,,,,,,,,,,,,,,,,,,,,,,,,
2020-04-17 00:00:00,14,0.0208,2084,,,,,,,,,,,,,,,,,,,,,,,,,,,,,,,,,,,,,
2020-04-16 00:00:00,1,0.0034,340,,,,,,,,,,,,,,,,,,,,,,,,,,,,,,,,,,,,,
2020-04-15 00:00:00,1,-0.0016,-159,,,,,,,,,,,,,,,,,,,,,,,,,,,,,,,,,,,,,
2020-04-14 00:00:00,8,0.0125,1249,,,,,,,,,,,,,,,,,,,,,,,,,,,,,,,,,,,,,
2020-04-13 00:00:00,0,0,0,,,,,,,,,,,,,,,,,,,,,,,,,,,,,,,,,,,,,
,,,,,,,,,,,,,,,,,,,,,,,,,,,,,,,,,,,,,,,,
Week 2,,0.1502,15017,,,,,,,,,,,,,,,,,,,,,,,,,,,,,,,,,,,,,
2020-04-09 00:00:00,24,0.0619,6188,,,,,,,,,,,,,,,,,,,,,,,,,,,,,,,,,,,,,
2020-04-08 00:00:00,27,0.0359,3586,,,,,,,,,,,,,,,,,,,,,,,,,,,,,,,,,,,,,
2020-04-07 00:00:00,17,0.0148,1484,,,,,,,,,,,,,,,,,,,,,,,,,,,,,,,,,,,,,
2020-04-06 00:00:00,164,0.0376,3759,,,,,,,,,,,,,,,,,,,,,,,,,,,,,,,,,,,,,
,,,,,,,,,,,,,,,,,,,,,,,,,,,,,,,,,,,,,,,,
Week 1,,0.0051,510,,,,,,,,,,,,,,,,,,,,,,,,,,,,,,,,,,,,,
2020-04-03 00:00:00,9,-0.0037,-374,,,,,,,,,,,,,,,,,,,,,,,,,,,,,,,,,,,,,
2020-04-02 00:00:00,68,0.0026,260,,,,,,,,,,,,,,,,,,,,,,,,,,,,,,,,,,,,,
2020-04-01 00:00:00,4,0.0062,623,,,,,,,,,,,,,,,,,,,,,,,,,,,,,,,,,,,,,
,,,,,,,,,,,,,,,,,,,,,,,,,,,,,,,,,,,,,,,,
March,,-0.2577,-25766,,,,,,,,,,,,,,,,,,,,,,,,,,,,,,,,,,,,,
,,,,,,,,,,,,,,,,,,,,,,,,,,,,,,,,,,,,,,,,
Week 5,,0.0292,2915,,,,,,,,,,,,,,,,,,,,,,,,,,,,,,,,,,,,,
2020-03-31 00:00:00,16,0.0045,454,,,,,,,,,,,,,,,,,,,,,,,,,,,,,,,,,,,,,
2020-03-30 00:00:00,69,0.0246,2462,,,,,,,,,,,,,,,,,,,,,,,,,,,,,,,,,,,,,
,,,,,,,,,,,,,,,,,,,,,,,,,,,,,,,,,,,,,,,,
Week 4,,-0.0701,-7007,,,,,,,,,,,,,,,,,,,,,,,,,,,,,,,,,,,,,
2020-03-27 00:00:00,19,-0.0049,-488,,,,,,,,,,,,,,,,,,,,,,,,,,,,,,,,,,,,,
2020-03-26 00:00:00,176,0.0553,5532,,,,,,,,,,,,,,,,,,,,,,,,,,,,,,,,,,,,,
2020-03-25 00:00:00,66,-0.0385,-3851,,,,,,,,,,,,,,,,,,,,,,,,,,,,,,,,,,,,,
2020-03-24 00:00:00,406,-0.0217,-2172,,,,,,,,,,,,,,,,,,,,,,,,,,,,,,,,,,,,,
2020-03-23 00:00:00,42,-0.0603,-6027,,,,,,,,,,,,,,,,,,,,,,,,,,,,,,,,,,,,,
,,,,,,,,,,,,,,,,,,,,,,,,,,,,,,,,,,,,,,,,
Week 3,,-0.1687,-16873,,,,,,,,,,,,,,,,,,,,,,,,,,,,,,,,,,,,,
2020-03-20 00:00:00,60,-0.1174,-11739,,,,,,,,,,,,,,,,,,,,,,,,,,,,,,,,,,,,,
2020-03-19 00:00:00,52,-0.053,-5299,,,,,,,,,,,,,,,,,,,,,,,,,,,,,,,,,,,,,
2020-03-18 00:00:00,3,0.0025,254,,,,,,,,,,,,,,,,,,,,,,,,,,,,,,,,,,,,,
2020-03-17 00:00:00,140,0.0075,746,,,,,,,,,,,,,,,,,,,,,,,,,,,,,,,,,,,,,
2020-03-16 00:00:00,5,-0.0084,-836,,,,,,,,,,,,,,,,,,,,,,,,,,,,,,,,,,,,,
,,,,,,,,,,,,,,,,,,,,,,,,,,,,,,,,,,,,,,,,
Week 2,,-0.0751,-7512,,,,,,,,,,,,,,,,,,,,,,,,,,,,,,,,,,,,,
2020-03-13 00:00:00,317,-0.0533,-5326,,,,,,,,,,,,,,,,,,,,,,,,,,,,,,,,,,,,,
2020-03-12 00:00:00,1,0.0009,94,,,,,,,,,,,,,,,,,,,,,,,,,,,,,,,,,,,,,
2020-03-11 00:00:00,2,0.0083,831,,,,,,,,,,,,,,,,,,,,,,,,,,,,,,,,,,,,,
2020-03-10 00:00:00,265,-0.0318,-3182,,,,,,,,,,,,,,,,,,,,,,,,,,,,,,,,,,,,,
2020-03-09 00:00:00,1,0.0007,70,,,,,,,,,,,,,,,,,,,,,,,,,,,,,,,,,,,,,
,,,,,,,,,,,,,,,,,,,,,,,,,,,,,,,,,,,,,,,,
Week 1,,0.0271,2711,,,,,,,,,,,,,,,,,,,,,,,,,,,,,,,,,,,,,
2020-03-06 00:00:00,0,0,0,,,,,,,,,,,,,,,,,,,,,,,,,,,,,,,,,,,,,
2020-03-05 00:00:00,3,0.0066,656,,,,,,,,,,,,,,,,,,,,,,,,,,,,,,,,,,,,,
2020-03-04 00:00:00,108,0.0366,3659,,,,,,,,,,,,,,,,,,,,,,,,,,,,,,,,,,,,,
2020-03-03 00:00:00,18,0.0143,1427,,,,,,,,,,,,,,,,,,,,,,,,,,,,,,,,,,,,,
2020-03-02 00:00:00,459,-0.0303,-3031,,,,,,,,,,,,,,,,,,,,,,,,,,,,,,,,,,,,,
,,,,,,,,,,,,,,,,,,,,,,,,,,,,,,,,,,,,,,,,
February,,0.0565,5647,,,,,,,,,,,,,,,,,,,,,,,,,,,,,,,,,,,,,
,,,,,,,,,,,,,,,,,,,,,,,,,,,,,,,,,,,,,,,,
Week 4,,0.0307,3071,,,,,,,,,,,,,,,,,,,,,,,,,,,,,,,,,,,,,
2020-02-28 00:00:00,0,0,0,,,,,,,,,,,,,,,,,,,,,,,,,,,,,,,,,,,,,
2020-02-27 00:00:00,1,0.0054,541,,,,,,,,,,,,,,,,,,,,,,,,,,,,,,,,,,,,,
2020-02-26 00:00:00,1,0.0003,26,,,,,,,,,,,,,,,,,,,,,,,,,,,,,,,,,,,,,
2020-02-25 00:00:00,4,-0.0028,-276,,,,,,,,,,,,,,,,,,,,,,,,,,,,,,,,,,,,,
2020-02-24 00:00:00,1,0.0278,2780,,,,,,,,,,,,,,,,,,,,,,,,,,,,,,,,,,,,,
,,,,,,,,,,,,,,,,,,,,,,,,,,,,,,,,,,,,,,,,
Week 3,,0.0105,1049,,,,,,,,,,,,,,,,,,,,,,,,,,,,,,,,,,,,,
2020-02-21 00:00:00,8,-0.0033,-332,,,,,,,,,,,,,,,,,,,,,,,,,,,,,,,,,,,,,
2020-02-20 00:00:00,0,0,0,,,,,,,,,,,,,,,,,,,,,,,,,,,,,,,,,,,,,
2020-02-19 00:00:00,4,-0.0005,-53,,,,,,,,,,,,,,,,,,,,,,,,,,,,,,,,,,,,,
2020-02-18 00:00:00,1,0.0143,1433,,,,,,,,,,,,,,,,,,,,,,,,,,,,,,,,,,,,,
,,,,,,,,,,,,,,,,,,,,,,,,,,,,,,,,,,,,,,,,
Week 2,,0.019,1900,,,,,,,,,,,,,,,,,,,,,,,,,,,,,,,,,,,,,
2020-02-14 00:00:00,0,0,0,,,,,,,,,,,,,,,,,,,,,,,,,,,,,,,,,,,,,
2020-02-13 00:00:00,4,0.0012,120,,,,,,,,,,,,,,,,,,,,,,,,,,,,,,,,,,,,,
2020-02-12 00:00:00,9,0.0154,1538,,,,,,,,,,,,,,,,,,,,,,,,,,,,,,,,,,,,,
2020-02-11 00:00:00,10,0.0049,487,,,,,,,,,,,,,,,,,,,,,,,,,,,,,,,,,,,,,
2020-02-10 00:00:00,3,-0.0024,-245,,,,,,,,,,,,,,,,,,,,,,,,,,,,,,,,,,,,,
,,,,,,,,,,,,,,,,,,,,,,,,,,,,,,,,,,,,,,,,
Week 1,,-0.0037,-373,,,,,,,,,,,,,,,,,,,,,,,,,,,,,,,,,,,,,
2020-02-07 00:00:00,3,0.0015,154,,,,,,,,,,,,,,,,,,,,,,,,,,,,,,,,,,,,,
2020-02-06 00:00:00,2,0.0045,445,,,,,,,,,,,,,,,,,,,,,,,,,,,,,,,,,,,,,
2020-02-05 00:00:00,31,-0.0305,-3050,,,,,,,,,,,,,,,,,,,,,,,,,,,,,,,,,,,,,
2020-02-04 00:00:00,127,0.0123,1229,,,,,,,,,,,,,,,,,,,,,,,,,,,,,,,,,,,,,
2020-02-03 00:00:00,20,0.0085,848,,,,,,,,,,,,,,,,,,,,,,,,,,,,,,,,,,,,,
,,,,,,,,,,,,,,,,,,,,,,,,,,,,,,,,,,,,,,,,
January,,0.1401,14008,,,,,,,,,,,,,,,,,,,,,,,,,,,,,,,,,,,,,
,,,,,,,,,,,,,,,,,,,,,,,,,,,,,,,,,,,,,,,,
Week 5,,0.0192,1918,,,,,,,,,,,,,,,,,,,,,,,,,,,,,,,,,,,,,
2020-01-31 00:00:00,0,0,0,,,,,,,,,,,,,,,,,,,,,,,,,,,,,,,,,,,,,
2020-01-30 00:00:00,3,0.0001,6,,,,,,,,,,,,,,,,,,,,,,,,,,,,,,,,,,,,,
2020-01-29 00:00:00,1,0.0134,1336,,,,,,,,,,,,,,,,,,,,,,,,,,,,,,,,,,,,,
2020-01-28 00:00:00,62,0.0041,408,,,,,,,,,,,,,,,,,,,,,,,,,,,,,,,,,,,,,
2020-01-27 00:00:00,1,0.0017,167,,,,,,,,,,,,,,,,,,,,,,,,,,,,,,,,,,,,,
,,,,,,,,,,,,,,,,,,,,,,,,,,,,,,,,,,,,,,,,
Week 4,,0.0487,4868,,,,,,,,,,,,,,,,,,,,,,,,,,,,,,,,,,,,,
2020-01-24 00:00:00,0,0,0,,,,,,,,,,,,,,,,,,,,,,,,,,,,,,,,,,,,,
2020-01-23 00:00:00,3,0.011,1096,,,,,,,,,,,,,,,,,,,,,,,,,,,,,,,,,,,,,
2020-01-22 00:00:00,1,0.0098,983,,,,,,,,,,,,,,,,,,,,,,,,,,,,,,,,,,,,,
2020-01-21 00:00:00,9,0.0279,2788,,,,,,,,,,,,,,,,,,,,,,,,,,,,,,,,,,,,,
,,,,,,,,,,,,,,,,,,,,,,,,,,,,,,,,,,,,,,,,
Week 3,,0.0304,3035,,,,,,,,,,,,,,,,,,,,,,,,,,,,,,,,,,,,,
2020-01-17 00:00:00,1,0.0018,178,,,,,,,,,,,,,,,,,,,,,,,,,,,,,,,,,,,,,
2020-01-16 00:00:00,4,-0.0002,-18,,,,,,,,,,,,,,,,,,,,,,,,,,,,,,,,,,,,,
2020-01-15 00:00:00,4,0.0098,978,,,,,,,,,,,,,,,,,,,,,,,,,,,,,,,,,,,,,
2020-01-14 00:00:00,3,0.0088,879,,,,,,,,,,,,,,,,,,,,,,,,,,,,,,,,,,,,,
2020-01-13 00:00:00,8,0.0102,1018,,,,,,,,,,,,,,,,,,,,,,,,,,,,,,,,,,,,,
,,,,,,,,,,,,,,,,,,,,,,,,,,,,,,,,,,,,,,,,
Week 2,,0.0419,4187,,,,,,,,,,,,,,,,,,,,,,,,,,,,,,,,,,,,,
2020-01-10 00:00:00,2,0.0019,195,,,,,,,,,,,,,,,,,,,,,,,,,,,,,,,,,,,,,
2020-01-09 00:00:00,3,0.0064,637,,,,,,,,,,,,,,,,,,,,,,,,,,,,,,,,,,,,,
2020-01-08 00:00:00,4,0.0336,3355,,,,,,,,,,,,,,,,,,,,,,,,,,,,,,,,,,,,,
2020-01-07 00:00:00,0,0,0,,,,,,,,,,,,,,,,,,,,,,,,,,,,,,,,,,,,,
2020-01-06 00:00:00,0,0,0,,,,,,,,,,,,,,,,,,,,,,,,,,,,,,,,,,,,,
,,,,,,,,,,,,,,,,,,,,,,,,,,,,,,,,,,,,,,,,
Week 1,,0,0,,,,,,,,,,,,,,,,,,,,,,,,,,,,,,,,,,,,,
2020-01-03 00:00:00,0,0,0,,,,,,,,,,,,,,,,,,,,,,,,,,,,,,,,,,,,,
2020-01-02 00:00:00,0,0,0,,,,,,,,,,,,,,,,,,,,,,,,,,,,,,,,,,,,,
