All Etfs Universe Used For System 30 ,,,,
Ticker(2926),Exchange Code,Exchange,QuoteType,Name
AAAU,BTS,Cboe US,ETF,Goldman Sachs Physical Gold ETF
AAPW,BTS,Cboe US,ETF,Roundhill AAPL WeeklyPay ETF
AAPX,BTS,Cboe US,ETF,T-Rex 2X Long Apple Daily Target ETF
ABFL,BTS,Cboe US,ETF,Abacus FCF Leaders ETF
ABLG,BTS,Cboe US,ETF,Abacus FCF ETF Trust - Abacus FCF International Leaders ETF
ACIO,BTS,Cboe US,ETF,Aptus Collared Investment Opportunity ETF
ACWV,BTS,Cboe US,ETF,iShares MSCI Global Min Vol Factor ETF
ADME,BTS,Cboe US,ETF,Aptus Drawdown Managed Equity ETF
AESR,BTS,Cboe US,ETF,Anfield U.S. Equity Sector Rotation ETF
AFIF,BTS,Cboe US,ETF,Anfield Universal Fixed Income ETF
AMZP,BTS,Cboe US,ETF,Kurv Yield Premium Strategy Amazon ETF
AOCT,BTS,Cboe US,ETF,Innovator Equity Defined Protection ETF - 2 Yr to October 2026
APOC,BTS,Cboe US,ETF,Innovator Equity Defined Protection ETF - 6 Mo Apr/Oct
APRW,BTS,Cboe US,ETF,AllianzIM U.S. Equity Buffer20 Apr ETF
APRZ,BTS,Cboe US,ETF,TrueShares Structured Outcome (April) ETF
ARKB,BTS,Cboe US,ETF,ARK 21Shares Bitcoin ETF
ARKD,BTS,Cboe US,ETF,ARK DIET Q1 Buffer ETF
ARKF,BTS,Cboe US,ETF,ARK Blockchain & Fintech Innovation ETF
ARKG,BTS,Cboe US,ETF,ARK Genomic Revolution ETF
ARKK,BTS,Cboe US,ETF,ARK Innovation ETF
ARKQ,BTS,Cboe US,ETF,ARK Autonomous Technology & Robotics ETF
ARKW,BTS,Cboe US,ETF,ARK Next Generation Internet ETF
ARKX,BTS,Cboe US,ETF,ARK Space & Defense Innovation ETF
ATMP,BTS,Cboe US,ETF,Barclays ETN+ Select MLP ETN
AUGP,BTS,Cboe US,ETF,PGIM S&P 500 Buffer 12 ETF - Aug
AUGW,BTS,Cboe US,ETF,AllianzIM U.S. Equity Buffer20 Aug ETF
AUGZ,BTS,Cboe US,ETF,TrueShares Structured Outcome (August) ETF
BALI,BTS,Cboe US,ETF,iShares U.S. Large Cap Premium Income Active ETF
BALT,BTS,Cboe US,ETF,Innovator Defined Wealth Shield ETF
BAMD,BTS,Cboe US,ETF,Brookstone Dividend Stock ETF
BAMG,BTS,Cboe US,ETF,Brookstone Growth Stock ETF
BAMU,BTS,Cboe US,ETF,Brookstone Ultra-Short Bond ETF
BAMV,BTS,Cboe US,ETF,Brookstone Value Stock ETF
BAPR,BTS,Cboe US,ETF,Innovator U.S. Equity Buffer ETF - April
BAUG,BTS,Cboe US,ETF,Innovator U.S. Equity Buffer ETF - August
BBAX,BTS,Cboe US,ETF,JPMorgan BetaBuilders Developed Asia Pacific ex-Japan ETF
BBCA,BTS,Cboe US,ETF,JPMorgan BetaBuilders Canada ETF
BBEM,BTS,Cboe US,ETF,JPMorgan Betabuilders Emerging Markets Equity ETF
BBEU,BTS,Cboe US,ETF,JPMorgan BetaBuilders Europe ETF
BBHY,BTS,Cboe US,ETF,JPMorgan BetaBuilders USD High Yield Corporate Bond ETF
BBIN,BTS,Cboe US,ETF,JPMorgan BetaBuilders International Equity ETF
BBJP,BTS,Cboe US,ETF,JPMorgan BetaBuilders Japan ETF
BBRE,BTS,Cboe US,ETF,JPMorgan BetaBuilders MSCI U.S. REIT ETF
BBUS,BTS,Cboe US,ETF,JPMorgan BetaBuilders U.S. Equity ETF
BDEC,BTS,Cboe US,ETF,Innovator U.S. Equity Buffer ETF - December
BFEB,BTS,Cboe US,ETF,Innovator U.S. Equity Buffer ETF - February
BGLD,BTS,Cboe US,ETF,FT Vest Gold Strategy Quarterly Buffer ETF
BHYB,BTS,Cboe US,ETF,Xtrackers USD High Yield BB-B ex Financials ETF
BINV,BTS,Cboe US,ETF,Brandes International ETF
BITX,BTS,Cboe US,ETF,2x Bitcoin Strategy ETF
BJAN,BTS,Cboe US,ETF,Innovator U.S. Equity Buffer ETF - January
BJUL,BTS,Cboe US,ETF,Innovator U.S. Equity Buffer ETF - July
BJUN,BTS,Cboe US,ETF,Innovator U.S. Equity Buffer ETF - June
BKGI,BTS,Cboe US,ETF,Bny Mellon Global Infrastructure Income ETF
BMAR,BTS,Cboe US,ETF,Innovator U.S. Equity Buffer ETF - March
BMAY,BTS,Cboe US,ETF,Innovator U.S. Equity Buffer ETF- May
BNOV,BTS,Cboe US,ETF,Innovator U.S. Equity Buffer ETF - November
BOCT,BTS,Cboe US,ETF,Innovator U.S. Equity Buffer ETF October
BOXX,BTS,Cboe US,ETF,Alpha Architect 1-3 Month Box ETF
BRLN,BTS,Cboe US,ETF,iShares Floating Rate Loan Active ETF
BSEP,BTS,Cboe US,ETF,Innovator U.S. Equity Buffer ETF - September
BSMC,BTS,Cboe US,ETF,Brandes U.S. Small-Mid Cap Value ETF
BTCL,BTS,Cboe US,ETF,T-Rex 2X Long Bitcoin Daily Target ETF
BTCO,BTS,Cboe US,ETF,Invesco Galaxy Bitcoin ETF
BTCW,BTS,Cboe US,ETF,WisdomTree Bitcoin Fund
BTCZ,BTS,Cboe US,ETF,T-Rex 2X Inverse Bitcoin Daily Target ETF
BUFB,BTS,Cboe US,ETF,Innovator Laddered Allocation Buffer ETF
BUFD,BTS,Cboe US,ETF,FT Vest Laddered Deep Buffer ETF
BUFF,BTS,Cboe US,ETF,Innovator Laddered Allocation Power Buffer ETF
BUFG,BTS,Cboe US,ETF,FT Vest Buffered Allocation Growth ETF
BUFP,BTS,Cboe US,ETF,PGIM Laddered S&P 500 Buffer 12 ETF
BUFQ,BTS,Cboe US,ETF,FT Vest Laddered Nasdaq Buffer ETF
BUFR,BTS,Cboe US,ETF,FT Vest Laddered Buffer ETF
BUFS,BTS,Cboe US,ETF,FT Vest Laddered Small Cap Mode
BUFT,BTS,Cboe US,ETF,FT Vest Buffered Allocation Defensive ETF
BUFZ,BTS,Cboe US,ETF,FT Vest Laddered Moderate Buffer ETF
BUSA,BTS,Cboe US,ETF,Brandes U.S. Value ETF
BUYW,BTS,Cboe US,ETF,Main Buywrite ETF
CALF,BTS,Cboe US,ETF,Pacer US Small Cap Cash Cows 100 ETF
CAOS,BTS,Cboe US,ETF,Alpha Architect Tail Risk ETF
CEFS,BTS,Cboe US,ETF,Saba Closed-End Funds ETF
CEMB,BTS,Cboe US,ETF,iShares J.P. Morgan EM Corporate Bond ETF
CETH,BTS,Cboe US,ETF,21Shares Ethereum ETF
CLSE,BTS,Cboe US,ETF,Convergence Long/Short Equity ETF
CNYA,BTS,Cboe US,ETF,iShares MSCI China A ETF
COIW,BTS,Cboe US,ETF,Roundhill COIN WeeklyPay ETF
COWZ,BTS,Cboe US,ETF,Pacer US Cash Cows 100 ETF
CSM,BTS,Cboe US,ETF,ProShares Large Cap Core Plus
DAPR,BTS,Cboe US,ETF,FT Vest U.S. Equity Deep Buffer ETF - April
DAUG,BTS,Cboe US,ETF,FT Vest U.S. Equity Deep Buffer ETF - August
DDEC,BTS,Cboe US,ETF,FT Vest U.S. Equity Deep Buffer ETF - December
DDLS,BTS,Cboe US,ETF,WisdomTree Dynamic International SmallCap Equity ETF
DDWM,BTS,Cboe US,ETF,WisdomTree Dynamic International Equity ETF
DECT,BTS,Cboe US,ETF,Allianzim U.S. Equity Buffer10 Dec ETF
DECW,BTS,Cboe US,ETF,Allianzim U.S. Equity Buffer20 Dec ETF
DECZ,BTS,Cboe US,ETF,TrueShares Structured Outcome (December) ETF
DFEB,BTS,Cboe US,ETF,FT Vest U.S. Equity Deep Buffer ETF - February
DFIC,BTS,Cboe US,ETF,Dimensional International Core Equity 2 ETF
DFIS,BTS,Cboe US,ETF,Dimensional International Small Cap ETF
DFNL,BTS,Cboe US,ETF,Davis Select Financial ETF
DIHP,BTS,Cboe US,ETF,Dimensional International High Profitability ETF
DINT,BTS,Cboe US,ETF,Davis Select International ETF
DISV,BTS,Cboe US,ETF,Dimensional International Small Cap Value ETF
DIVB,BTS,Cboe US,ETF,iShares Core Dividend ETF
DJAN,BTS,Cboe US,ETF,FT Vest U.S. Equity Deep Buffer ETF - January
DJUL,BTS,Cboe US,ETF,FT Vest U.S. Equity Deep Buffer ETF - July
DJUN,BTS,Cboe US,ETF,FT Vest U.S. Equity Deep Buffer ETF - June
DMAR,BTS,Cboe US,ETF,FT Vest U.S. Equity Deep Buffer ETF - March
DMAY,BTS,Cboe US,ETF,FT Vest U.S. Equity Deep Buffer ETF - May
DNOV,BTS,Cboe US,ETF,FT Vest U.S. Equity Deep Buffer ETF - November
DOCT,BTS,Cboe US,ETF,FT Vest U.S. Equity Deep Buffer ETF - October
DRAG,BTS,Cboe US,ETF,Roundhill China Magnificent Seven ETF
DRSK,BTS,Cboe US,ETF,Aptus Defined Risk ETF
DSEP,BTS,Cboe US,ETF,FT Vest U.S. Equity Deep Buffer ETF - September
DUBS,BTS,Cboe US,ETF,Aptus Large Cap Enhanced Yield ETF
DUSA,BTS,Cboe US,ETF,Davis Select U.S. Equity ETF
DWLD,BTS,Cboe US,ETF,Davis Select Worldwide ETF
EALT,BTS,Cboe US,ETF,Innovator U.S. Equity 5 To 15 Buffer ETF - Quarterly
ECH,BTS,Cboe US,ETF,iShares MSCI Chile ETF
EDEN,BTS,Cboe US,ETF,iShares MSCI Denmark ETF
EEMV,BTS,Cboe US,ETF,iShares MSCI Emerging Markets Min Vol Factor ETF
EFAV,BTS,Cboe US,ETF,iShares MSCI EAFE Min Vol Factor ETF
EFG,BTS,Cboe US,ETF,iShares MSCI EAFE Growth ETF
EFNL,BTS,Cboe US,ETF,iShares MSCI Finland ETF
EFV,BTS,Cboe US,ETF,iShares MSCI EAFE Value ETF
EMGF,BTS,Cboe US,ETF,iShares Emerging Markets Equity Factor ETF
EMHY,BTS,Cboe US,ETF,iShares J.P. Morgan EM High Yield Bond ETF
EMTL,BTS,Cboe US,ETF,State Street DoubleLine Emerging Markets Fixed Income ETF
ENOR,BTS,Cboe US,ETF,iShares MSCI Norway ETF
EPRF,BTS,Cboe US,ETF,Innovator S&P Investment Grade Preferred ETF
ESG,BTS,Cboe US,ETF,FlexShares STOXX US ESG Select Index Fund
ESGV,BTS,Cboe US,ETF,Vanguard ESG U.S. Stock ETF
ESML,BTS,Cboe US,ETF,iShares ESG Aware MSCI USA Small-Cap ETF
ETHU,BTS,Cboe US,ETF,2x Ether ETF
ETHV,BTS,Cboe US,ETF,VanEck Ethereum ETF
ETQ,BTS,Cboe US,ETF,T-Rex 2X Inverse Ether Daily Target ETF
ETU,BTS,Cboe US,ETF,T-Rex 2X Long Ether Daily Target ETF
EYLD,BTS,Cboe US,ETF,Cambria Emerging Shareholder Yield ETF
EZBC,BTS,Cboe US,ETF,Franklin Bitcoin ETF
EZET,BTS,Cboe US,ETF,Franklin Ethereum ETF
EZU,BTS,Cboe US,ETF,iShares MSCI Eurozone ETF
FAPR,BTS,Cboe US,ETF,FT Vest U.S. Equity Buffer ETF - April
FAUG,BTS,Cboe US,ETF,FT Vest U.S. Equity Buffer ETF - August
FBCG,BTS,Cboe US,ETF,Fidelity Blue Chip Growth ETF
FBCV,BTS,Cboe US,ETF,Fidelity Blue Chip Value ETF
FBTC,BTS,Cboe US,ETF,Fidelity Wise Origin Bitcoin Fund
FCLD,BTS,Cboe US,ETF,Fidelity Cloud Computing ETF
FCPI,BTS,Cboe US,ETF,Fidelity Stocks for Inflation ETF
FDEC,BTS,Cboe US,ETF,FT Vest U.S. Equity Buffer ETF - December
FDEM,BTS,Cboe US,ETF,Fidelity Emerging Markets Multifactor ETF
FDEV,BTS,Cboe US,ETF,Fidelity International Multifactor ETF
FEBT,BTS,Cboe US,ETF,Allianzim U.S. Equity Buffer10 Feb ETF
FFEB,BTS,Cboe US,ETF,FT Vest U.S. Equity Buffer ETF - February
FFLC,BTS,Cboe US,ETF,Fidelity Covington Trust - Fidelity Fundamental Large Cap Core ETF
FFLG,BTS,Cboe US,ETF,Fidelity Covington Trust - Fidelity Fundamental Large Cap Growth ETF
FFOG,BTS,Cboe US,ETF,Franklin Focused Growth ETF
FFSM,BTS,Cboe US,ETF,Fidelity Covington Trust - Fidelity Fundamental Small-Mid Cap ETF
FHEQ,BTS,Cboe US,ETF,Fidelity Hedged Equity ETF
FIBR,BTS,Cboe US,ETF,iShares Systematic Bond ETF
FJAN,BTS,Cboe US,ETF,FT Vest U.S. Equity Buffer ETF - January
FJUL,BTS,Cboe US,ETF,FT Vest U.S. Equity Buffer ETF - July
FJUN,BTS,Cboe US,ETF,FT Vest U.S. Equity Buffer ETF - June
FLAO,BTS,Cboe US,ETF,AllianzIM U.S. Equity 6 Month Floor5 Apr/Oct ETF
FLBL,BTS,Cboe US,ETF,Franklin Senior Loan ETF
FLDR,BTS,Cboe US,ETF,Fidelity Low Duration Bond Factor ETF
FLHY,BTS,Cboe US,ETF,Franklin High Yield Corporate ETF
FLIA,BTS,Cboe US,ETF,Franklin International Aggregate Bond ETF
FLJJ,BTS,Cboe US,ETF,AllianzIM U.S. Equity 6 Month Floor5 Jan/Jul ETF
FLOT,BTS,Cboe US,ETF,iShares Floating Rate Bond ETF
FLQL,BTS,Cboe US,ETF,Franklin U.S. Large Cap Multifactor Index ETF
FLQM,BTS,Cboe US,ETF,Franklin U.S. Mid Cap Multifactor Index ETF
FLQS,BTS,Cboe US,ETF,Franklin U.S. Small Cap Multifactor Index ETF
FMAG,BTS,Cboe US,ETF,Fidelity Magellan ETF
FMAR,BTS,Cboe US,ETF,FT Vest U.S. Equity Buffer ETF - March
FMAY,BTS,Cboe US,ETF,FT Vest U.S. Equity Buffer ETF - May
FNOV,BTS,Cboe US,ETF,FT Vest U.S. Equity Buffer ETF - November
FOCT,BTS,Cboe US,ETF,FT Vest U.S. Equity Buffer ETF - October
FPFD,BTS,Cboe US,ETF,Fidelity Preferred Securities & Income ETF
FRDM,BTS,Cboe US,ETF,Freedom 100 Emerging Markets ETF
FSEP,BTS,Cboe US,ETF,FT Vest U.S. Equity Buffer ETF - September
FYLD,BTS,Cboe US,ETF,Cambria Foreign Shareholder Yield ETF
GAPR,BTS,Cboe US,ETF,FT Vest U.S. Equity Moderate Buffer ETF - April
GARP,BTS,Cboe US,ETF,iShares Trust - iShares MSCI USA Quality GARP ETF
GAUG,BTS,Cboe US,ETF,FT Vest U.S. Equity Moderate Buffer ETF - August
GCOW,BTS,Cboe US,ETF,Pacer Global Cash Cows Dividend ETF
GDE,BTS,Cboe US,ETF,WisdomTree Efficient Gold Plus Equity Strategy Fund
GDEC,BTS,Cboe US,ETF,FT Vest U.S. Equity Moderate Buffer ETF - December
GDMA,BTS,Cboe US,ETF,Gadsden Dynamic Multi-Asset ETF
GEMD,BTS,Cboe US,ETF,Goldman Sachs Access Emerging Markets USD Bond ETF
GFEB,BTS,Cboe US,ETF,FT Vest U.S. Equity Moderate Buffer ETF - February
GHYG,BTS,Cboe US,ETF,iShares US & Intl High Yield Corp Bond ETF
GJAN,BTS,Cboe US,ETF,FT Vest U.S. Equity Moderate Buffer ETF - January
GJUL,BTS,Cboe US,ETF,FT Vest U.S. Equity Moderate Buffer ETF - July
GJUN,BTS,Cboe US,ETF,FT Vest U.S. Equity Moderate Buffer ETF - June
GLOV,BTS,Cboe US,ETF,Goldman Sachs ActiveBeta World Equity ETF
GMAR,BTS,Cboe US,ETF,FT Vest U.S. Equity Moderate Buffer ETF - March
GMAY,BTS,Cboe US,ETF,FT Vest U.S. Equity Moderate Buffer ETF - May
GNOV,BTS,Cboe US,ETF,FT Vest U.S. Equity Moderate Buffer ETF - November
GOCT,BTS,Cboe US,ETF,FT Vest U.S. Equity Moderate Buffer ETF - October
GOLY,BTS,Cboe US,ETF,Strategy Shares - Strategy Shares Gold Enhanced Yield ETF
GOOX,BTS,Cboe US,ETF,T-Rex 2X Long Alphabet Daily Target ETF
GOP,BTS,Cboe US,ETF,Unusual Whales Subversive Republican Trading ETF
GOVT,BTS,Cboe US,ETF,iShares U.S. Treasury Bond ETF
GOVZ,BTS,Cboe US,ETF,iShares 25+ Year Treasury STRIPS Bond ETF
GSEP,BTS,Cboe US,ETF,FT Vest U.S. Equity Moderate Buffer ETF – September
GSEW,BTS,Cboe US,ETF,Goldman Sachs Equal Weight U.S. Large Cap Equity ETF
GSID,BTS,Cboe US,ETF,Goldman Sachs MarketBeta International Equity ETF
GSST,BTS,Cboe US,ETF,Goldman Sachs Ultra Short Bond ETF
GSUS,BTS,Cboe US,ETF,Goldman Sachs MarketBeta US Equity ETF
GTIP,BTS,Cboe US,ETF,Goldman Sachs Access Inflation Protected USD Bond ETF
GVAL,BTS,Cboe US,ETF,Cambria Global Value ETF
GVI,BTS,Cboe US,ETF,iShares Intermediate Government/Credit Bond ETF
HCRB,BTS,Cboe US,ETF,Hartford Core Bond ETF
HEEM,BTS,Cboe US,ETF,iShares Currency Hedged MSCI Emerging Markets ETF
HEFA,BTS,Cboe US,ETF,iShares Currency Hedged MSCI EAFE ETF
HEGD,BTS,Cboe US,ETF,Swan Hedged Equity US Large Cap ETF
HFGO,BTS,Cboe US,ETF,Hartford Large Cap Growth ETF
HFSI,BTS,Cboe US,ETF,Hartford Funds Exchange-Traded Trust - Hartford Strategic Income ETF
HIMU,BTS,Cboe US,ETF,iShares High Yield Muni Active ETF
HODL,BTS,Cboe US,ETF,VanEck Bitcoin ETF
HTUS,BTS,Cboe US,ETF,Hull Tactical US ETF
HYBL,BTS,Cboe US,ETF,State Street Blackstone High Income ETF
HYD,BTS,Cboe US,ETF,VanEck High Yield Muni ETF
HYDB,BTS,Cboe US,ETF,iShares High Yield Systematic Bond ETF
HYGW,BTS,Cboe US,ETF,iShares High Yield Corporate Bond Buywrite Strategy ETF
HYHG,BTS,Cboe US,ETF,ProShares High Yield—Interest Rate Hedged
HYIN,BTS,Cboe US,ETF,WisdomTree Private Credit & Alternative Income Fund
HYXU,BTS,Cboe US,ETF,iShares Euro High Yield Corporate Bond USD Hedged ETF
IAGG,BTS,Cboe US,ETF,iShares Core International Aggregate Bond ETF
IBHE,BTS,Cboe US,ETF,iShares iBonds 2025 Term High Yield and Income ETF
IBHF,BTS,Cboe US,ETF,iShares iBonds 2026 Term High Yield and Income ETF
IBHG,BTS,Cboe US,ETF,iShares iBonds 2027 Term High Yield and Income ETF
IBHH,BTS,Cboe US,ETF,iShares iBonds 2028 Term High Yield and Income ETF
IBHI,BTS,Cboe US,ETF,iShares iBonds 2029 Term High Yield and Income ETF
IBHK,BTS,Cboe US,ETF,iShares iBonds 2031 Term High Y
IBMN,BTS,Cboe US,ETF,iShares iBonds Dec 2025 Term Muni Bond ETF
IBMO,BTS,Cboe US,ETF,iShares iBonds Dec 2026 Term Muni Bond ETF
IBMP,BTS,Cboe US,ETF,iShares iBonds Dec 2027 Term Muni Bond ETF
IBMQ,BTS,Cboe US,ETF,iShares iBonds Dec 2028 Term Muni Bond ETF
IBMR,BTS,Cboe US,ETF,iShares iBonds Dec 2029 Term Muni Bond ETF
IBMS,BTS,Cboe US,ETF,iShares iBonds Dec 2030 Term Mu
ICF,BTS,Cboe US,ETF,iShares Select U.S. REIT ETF
ICLO,BTS,Cboe US,ETF,Invesco AAA CLO Floating Rate Note ETF
ICOW,BTS,Cboe US,ETF,Pacer Developed Markets International Cash Cows 100 ETF
ICSH,BTS,Cboe US,ETF,iShares Ultra Short Duration Bond Active ETF
ICVT,BTS,Cboe US,ETF,iShares Convertible Bond ETF
IDUB,BTS,Cboe US,ETF,Aptus International Enhanced Yield ETF
IDV,BTS,Cboe US,ETF,iShares International Select Dividend ETF
IEFA,BTS,Cboe US,ETF,iShares Core MSCI EAFE ETF
IEO,BTS,Cboe US,ETF,iShares U.S. Oil & Gas Exploration & Production ETF
IETC,BTS,Cboe US,ETF,iShares U.S. Tech Independence Focused ETF
IFRA,BTS,Cboe US,ETF,iShares U.S. Infrastructure ETF
IGE,BTS,Cboe US,ETF,iShares North American Natural Resources ETF
IGEB,BTS,Cboe US,ETF,iShares Investment Grade Systematic Bond ETF
IGHG,BTS,Cboe US,ETF,ProShares Investment Grade—Interest Rate Hedged
IGLD,BTS,Cboe US,ETF,FT Vest Gold Strategy Target Income ETF
IGRO,BTS,Cboe US,ETF,iShares International Dividend Growth ETF
IGV,BTS,Cboe US,ETF,iShares Expanded Tech-Software Sector ETF
INDA,BTS,Cboe US,ETF,iShares MSCI India ETF
IQDG,BTS,Cboe US,ETF,WisdomTree International Quality Dividend Growth Fund
IQM,BTS,Cboe US,ETF,Franklin Intelligent Machines ETF
ISPY,BTS,Cboe US,ETF,ProShares S&P 500 High Income ETF
ISVL,BTS,Cboe US,ETF,iShares International Developed Small Cap Value Factor ETF
ITA,BTS,Cboe US,ETF,iShares U.S. Aerospace & Defense ETF
ITB,BTS,Cboe US,ETF,iShares U.S. Home Construction ETF
ITM,BTS,Cboe US,ETF,VanEck Intermediate Muni ETF
IVVB,BTS,Cboe US,ETF,iShares Large Cap Deep Quarterly Laddered ETF
IVVM,BTS,Cboe US,ETF,iShares Large Cap Moderate Quarterly Laddered ETF
IVVW,BTS,Cboe US,ETF,iShares S&P 500 BuyWrite ETF
IWMI,BTS,Cboe US,ETF,NEOS Russell 2000 High Income ETF
IYJ,BTS,Cboe US,ETF,iShares U.S. Industrials ETF
IYLD,BTS,Cboe US,ETF,iShares Morningstar Multi-Asset Income ETF
IYRI,BTS,Cboe US,ETF,NEOS Real Estate High Income ET
IYT,BTS,Cboe US,ETF,iShares Transportation Average ETF
IYZ,BTS,Cboe US,ETF,iShares U.S. Telecommunications ETF
IZRL,BTS,Cboe US,ETF,ARK Israel Innovative Technology ETF
JAJL,BTS,Cboe US,ETF,Innovator Equity Defined Protection ETF - 6 Mo Jan/Jul
JANT,BTS,Cboe US,ETF,AllianzIM U.S. Equity Buffer10 Jan ETF
JANU,BTS,Cboe US,ETF,AllianzIM U.S. Equity Buffer15 Uncapped Jan ETF
JANW,BTS,Cboe US,ETF,AllianzIM U.S. Equity Buffer20 Jan ETF
JANZ,BTS,Cboe US,ETF,TrueShares Structured Outcome (January) ETF
JBBB,BTS,Cboe US,ETF,Janus Henderson B-BBB CLO ETF
JCPB,BTS,Cboe US,ETF,JPMorgan Core Plus Bond ETF
JCPI,BTS,Cboe US,ETF,JPMorgan Inflation Managed Bond ETF
JEMA,BTS,Cboe US,ETF,JPMorgan ActiveBuilders Emerging Markets Equity ETF
JMST,BTS,Cboe US,ETF,JPMorgan Ultra-Short Municipal Income ETF
JMUB,BTS,Cboe US,ETF,JPMorgan Municipal ETF
JPIB,BTS,Cboe US,ETF,JPMorgan International Bond Opportunities ETF
JPLD,BTS,Cboe US,ETF,J P Morgan Exchange-Traded Fund Trust - Limited Duration Bond ETF
JUCY,BTS,Cboe US,ETF,Aptus Enhanced Yield ETF
JULT,BTS,Cboe US,ETF,AllianzIM U.S. Equity Buffer10 Jul ETF
JULU,BTS,Cboe US,ETF,AllianzIM U.S. Equity Buffer15 Uncapped Jul ETF
JULW,BTS,Cboe US,ETF,AllianzIM U.S. Equity Buffer20 Jul ETF
JULZ,BTS,Cboe US,ETF,Trueshares Structured Outcome (July) ETF
JUNM,BTS,Cboe US,ETF,FT Vest U.S. Equity Max Buffer ETF - June
JUNW,BTS,Cboe US,ETF,AllianzIM U.S. Equity Buffer20 Jun ETF
KAPR,BTS,Cboe US,ETF,Innovator Russell 2000 Power Buffer ETF - April
KAUG,BTS,Cboe US,ETF,Innovator U.S. Small Cap Power Buffer ETF - August
KFEB,BTS,Cboe US,ETF,Innovator U.S. Small Cap Power Buffer ETF - February
KJAN,BTS,Cboe US,ETF,Innovator U.S. Small Cap Power Buffer ETF - January
KJUL,BTS,Cboe US,ETF,Innovator Russell 2000 Power Buffer ETF - July
KJUN,BTS,Cboe US,ETF,Innovator U.S. Small Cap Power Buffer ETF - June
KMAY,BTS,Cboe US,ETF,Innovator U.S. Small Cap Power Buffer ETF - May
KNG,BTS,Cboe US,ETF,FT Cboe Vest S&P 500 Dividend Aristocrats Target Income ETF
KOCT,BTS,Cboe US,ETF,Innovator U.S. Small Cap Power Buffer ETF - October
KWT,BTS,Cboe US,ETF,iShares MSCI Kuwait ETF
LEAD,BTS,Cboe US,ETF,Siren DIVCON Leaders Dividend ETF
LKOR,BTS,Cboe US,ETF,FlexShares Credit-Scored US Long Corporate Bond Index Fund
LQDI,BTS,Cboe US,ETF,iShares Inflation Hedged Corporate Bond ETF
LQDW,BTS,Cboe US,ETF,iShares Investment Grade Corporate Bond Buywrite Strategy ETF
LVHI,BTS,Cboe US,ETF,Franklin International Low Volatility High Dividend Index ETF
MAGS,BTS,Cboe US,ETF,Roundhill Magnificent Seven ETF
MAGX,BTS,Cboe US,ETF,Roundhill Daily 2X Long Magnificent Seven ETF
MAGY,BTS,Cboe US,ETF,Roundhill Magnificent Seven Covered Call ETF
MAMB,BTS,Cboe US,ETF,Monarch Ambassador Income ETF
MARM,BTS,Cboe US,ETF,FT Vest U.S. Equity Max Buffer ETF - March
MARW,BTS,Cboe US,ETF,Allianzim U.S. Equity Buffer20 Mar ETF
MARZ,BTS,Cboe US,ETF,TrueShares Structured Outcome (March) ETF
MAYW,BTS,Cboe US,ETF,AllianzIM U.S. Equity Buffer20 May ETF
MBCC,BTS,Cboe US,ETF,Monarch Blue Chips Core ETF
MEAR,BTS,Cboe US,ETF,iShares Short Maturity Municipal Bond Active ETF
MLN,BTS,Cboe US,ETF,VanEck Long Muni ETF
MOAT,BTS,Cboe US,ETF,VanEck Morningstar Wide Moat ETF
MOTI,BTS,Cboe US,ETF,VanEck Morningstar International Moat ETF
MPRO,BTS,Cboe US,ETF,Monarch ProCap ETF
MSFX,BTS,Cboe US,ETF,T-Rex 2X Long Microsoft Daily Target ETF
MSMR,BTS,Cboe US,ETF,McElhenny Sheffield Managed Risk ETF
MSSS,BTS,Cboe US,ETF,Monarch Select Subsector ETF
MSTB,BTS,Cboe US,ETF,LHA Market State Tactical Beta ETF
MSTU,BTS,Cboe US,ETF,T-Rex 2X Long MSTR Daily Target ETF
MSTZ,BTS,Cboe US,ETF,T-Rex 2X Inverse MSTR Daily Target ETF
MTUM,BTS,Cboe US,ETF,iShares MSCI USA Momentum Factor ETF
NANC,BTS,Cboe US,ETF,Unusual Whales Subversive Democratic Trading ETF
NAPR,BTS,Cboe US,ETF,Innovator Nasdaq-100 Power Buffer ETF - April
NAUG,BTS,Cboe US,ETF,Innovator Growth-100 Power Buffer ETF - August
NDEC,BTS,Cboe US,ETF,Innovator Growth-100 Power Buffer ETF - December
NDOW,BTS,Cboe US,ETF,Anydrus Advantage ETF
NEAR,BTS,Cboe US,ETF,iShares Short Duration Bond Active ETF
NFEB,BTS,Cboe US,ETF,Innovator Growth-100 Power Buffer ETF - February
NFLP,BTS,Cboe US,ETF,Kurv Yield Premium Strategy Netflix ETF
NFLU,BTS,Cboe US,ETF,T-REX 2X Long NFLX Daily Target ETF
NJAN,BTS,Cboe US,ETF,Innovator Growth-100 Power Buffer ETF - January
NJUL,BTS,Cboe US,ETF,Innovator Nasdaq-100 Power Buffer ETF - July
NJUN,BTS,Cboe US,ETF,Innovator Growth-100 Power Buffer ETF - June
NMAR,BTS,Cboe US,ETF,Innovator Growth-100 Power Buffer ETF - March
NMAY,BTS,Cboe US,ETF,Innovator Growth-100 Power Buffer ETF - May
NOBL,BTS,Cboe US,ETF,ProShares S&P 500 Dividend Aristocrats ETF
NOCT,BTS,Cboe US,ETF,Innovator Growth-100 Power Buffer ETF - October
NOVZ,BTS,Cboe US,ETF,TrueShares Structured Outcome (November) ETF
NUDM,BTS,Cboe US,ETF,Nuveen ESG International Developed Markets Equity ETF
NUDV,BTS,Cboe US,ETF,Nuveen ESG Dividend ETF
NUEM,BTS,Cboe US,ETF,Nuveen ESG Emerging Markets Equity ETF
NULG,BTS,Cboe US,ETF,Nuveen ESG Large-Cap Growth ETF
NULV,BTS,Cboe US,ETF,Nuveen ESG Large-Cap Value ETF
NUMG,BTS,Cboe US,ETF,Nuveen ESG Mid-Cap Growth ETF
NUMV,BTS,Cboe US,ETF,Nuveen ESG Mid-Cap Value ETF
NURE,BTS,Cboe US,ETF,Nuveen Short-Term REIT ETF
NUSC,BTS,Cboe US,ETF,Nuveen ESG Small-Cap ETF
NVDQ,BTS,Cboe US,ETF,T-Rex 2X Inverse NVIDIA Daily Target ETF
NVDX,BTS,Cboe US,ETF,T-Rex 2X Long NVIDIA Daily Target ETF
OCTT,BTS,Cboe US,ETF,AllianzIM U.S. Equity Buffer10 Oct ETF
OCTW,BTS,Cboe US,ETF,AllianzIM U.S. Equity Buffer20 Oct ETF
OCTZ,BTS,Cboe US,ETF,TrueShares Structured Outcome (October) ETF
OILK,BTS,Cboe US,ETF,ProShares K-1 Free Crude Oil ETF
OMFL,BTS,Cboe US,ETF,Invesco Russell 1000 Dynamic Multifactor ETF
OMFS,BTS,Cboe US,ETF,Invesco Russell 2000 Dynamic Multifactor ETF
OSCV,BTS,Cboe US,ETF,Opus Small Cap Value Plus ETF
OVB,BTS,Cboe US,ETF,Overlay Shares Core Bond ETF
OVL,BTS,Cboe US,ETF,Overlay Shares Large Cap Equity ETF
OVLH,BTS,Cboe US,ETF,Overlay Shares Hedged Large Cap Equity ETF
OVT,BTS,Cboe US,ETF,Overlay Shares Short Term Bond ETF
PAPR,BTS,Cboe US,ETF,Innovator U.S. Equity Power Buffer ETF - April
PAUG,BTS,Cboe US,ETF,Innovator U.S. Equity Power Buffer ETF - August
PAVE,BTS,Cboe US,ETF,Global X U.S. Infrastructure Development ETF
PAWZ,BTS,Cboe US,ETF,ProShares Pet Care ETF
PBDE,BTS,Cboe US,ETF,PGIM S&P 500 Buffer 20 ETF - December
PBFR,BTS,Cboe US,ETF,PGIM Laddered S&P 500 Buffer 20 ETF
PBJA,BTS,Cboe US,ETF,PGIM S&P 500 Buffer 20 ETF - January
PBJL,BTS,Cboe US,ETF,PGIM S&P 500 Buffer 20 ETF - July
PBL,BTS,Cboe US,ETF,PGIM Portfolio Ballast ETF
PBP,BTS,Cboe US,ETF,Invesco S&P 500 BuyWrite ETF
PBTP,BTS,Cboe US,ETF,Invesco 0-5 Yr US TIPS ETF
PBUS,BTS,Cboe US,ETF,Invesco MSCI USA ETF
PDEC,BTS,Cboe US,ETF,Innovator U.S. Equity Power Buffer ETF - December
PFEB,BTS,Cboe US,ETF,Innovator U.S. Equity Power Buffer ETF - February
PICK,BTS,Cboe US,ETF,iShares MSCI Global Metals & Mining Producers ETF
PJAN,BTS,Cboe US,ETF,Innovator U.S. Equity Power Buffer ETF - January
PJUL,BTS,Cboe US,ETF,Innovator U.S. Equity Power Buffer ETF - July
PJUN,BTS,Cboe US,ETF,Innovator U.S. Equity Power Buffer ETF - June
PLTW,BTS,Cboe US,ETF,Roundhill PLTR WeeklyPay ETF
PMAR,BTS,Cboe US,ETF,Innovator U.S. Equity Power Buffer ETF - March
PMAY,BTS,Cboe US,ETF,Innovator U.S. Equity Power Buffer ETF - May
PNOV,BTS,Cboe US,ETF,Innovator U.S. Equity Power Buffer ETF - November
POCT,BTS,Cboe US,ETF,Innovator U.S. Equity Power Buffer ETF October
PRNT,BTS,Cboe US,ETF,The 3D Printing ETF
PSCJ,BTS,Cboe US,ETF,Pacer Swan SOS Conservative (July) ETF
PSCW,BTS,Cboe US,ETF,Pacer Swan SOS Conservative (April) ETF
PSDM,BTS,Cboe US,ETF,PGIM Short Duration Multi-Secto
PSEP,BTS,Cboe US,ETF,Innovator U.S. Equity Power Buffer ETF - September
PSFF,BTS,Cboe US,ETF,Pacer Swan SOS Fund of Funds ETF
PSH,BTS,Cboe US,ETF,PGIM Short Duration High Yield ETF
PSMJ,BTS,Cboe US,ETF,Pacer Swan SOS Moderate (July) ETF
PSMO,BTS,Cboe US,ETF,Pacer Swan SOS Moderate (October) ETF
PSMR,BTS,Cboe US,ETF,Pacer Swan SOS Moderate (April) ETF
PTLC,BTS,Cboe US,ETF,Pacer Trendpilot US Large Cap ETF
PTMC,BTS,Cboe US,ETF,Pacer Trendpilot US Mid Cap ETF
QBER,BTS,Cboe US,ETF,TrueShares Quarterly Bear Hedge
QBUL,BTS,Cboe US,ETF,TrueShares Quarterly Bull Hedge
QCAP,BTS,Cboe US,ETF,FT Vest NASDAQ-100 Conservative Buffer ETF - April
QCJL,BTS,Cboe US,ETF,FT Vest NASDAQ-100 Conservative Buffer ETF - July
QCON,BTS,Cboe US,ETF,American Century Quality Convertible Securities ETF
QDEC,BTS,Cboe US,ETF,FT Vest Nasdaq-100 Buffer ETF – December
QDTE,BTS,Cboe US,ETF,Roundhill Innovation-100 0DTE Covered Call Strategy ETF
QETH,BTS,Cboe US,ETF,Invesco Galaxy Ethereum ETF
QHY,BTS,Cboe US,ETF,WisdomTree U.S. High Yield Corporate Bond Fund
QJUN,BTS,Cboe US,ETF,FT Vest Nasdaq-100 Buffer ETF - June
QLC,BTS,Cboe US,ETF,FlexShares US Quality Large Cap Index Fund
QMAR,BTS,Cboe US,ETF,FT Vest Nasdaq-100 Buffer ETF – March
QMMY,BTS,Cboe US,ETF,FT Vest NASDAQ-100 Moderate Buffer ETF - May
QPFF,BTS,Cboe US,ETF,American Century Quality Preferred ETF
QSPT,BTS,Cboe US,ETF,FT Vest Nasdaq-100 Buffer ETF – September
QTAP,BTS,Cboe US,ETF,Innovator Growth-100 Accelerated Plus ETF – April
QTJA,BTS,Cboe US,ETF,Innovator Growth Accelerated Plus ETF - January
QTOC,BTS,Cboe US,ETF,Innovator Growth Accelerated Plus ETF - October
QUAL,BTS,Cboe US,ETF,iShares MSCI USA Quality Factor ETF
QUVU,BTS,Cboe US,ETF,Hartford Quality Value ETF
RBUF,BTS,Cboe US,ETF,Innovator U.S. Small Cap 10 Buffer ETF - Quarterly
RDFI,BTS,Cboe US,ETF,Rareview Dynamic Fixed Income ETF
RDTE,BTS,Cboe US,ETF,Roundhill Russell 2000 0DTE Covered Call Strategy ETF
RDVI,BTS,Cboe US,ETF,FT Vest Rising Dividend Achievers Target Income ETF
REGL,BTS,Cboe US,ETF,ProShares S&P MidCap 400 Dividend Aristocrats ETF
REM,BTS,Cboe US,ETF,iShares Mortgage Real Estate Capped ETF
RSBT,BTS,Cboe US,ETF,Return Stacked Bonds & Managed Futures ETF
RSSB,BTS,Cboe US,ETF,Return Stacked Global Stocks & Bonds ETF
RSST,BTS,Cboe US,ETF,Return Stacked U.S. Stocks & Managed Futures ETF
SDVD,BTS,Cboe US,ETF,FT Vest SMID Rising Dividend Achievers Target Income ETF
SECT,BTS,Cboe US,ETF,Main Sector Rotation ETF
SEIM,BTS,Cboe US,ETF,SEI Enhanced US Large Cap Momentum Factor ETF
SEIQ,BTS,Cboe US,ETF,SEI Enhanced US Large Cap Quality Factor ETF
SEIV,BTS,Cboe US,ETF,SEI Enhanced US Large Cap Value Factor ETF
SELV,BTS,Cboe US,ETF,SEI Enhanced Low Volatility US Large Cap ETF
SEPW,BTS,Cboe US,ETF,AllianzIM U.S. Equity Buffer20 Sep ETF
SEPZ,BTS,Cboe US,ETF,TrueShares Structured Outcome (September) ETF
SFEB,BTS,Cboe US,ETF,FT Vest U.S. Small Cap Moderate Buffer ETF – February
SHYD,BTS,Cboe US,ETF,VanEck Short High Yield Muni ETF
SHYM,BTS,Cboe US,ETF,BlackRock ETF Trust II - iShares Short Duration High Yield Muni Active ETF
SIXD,BTS,Cboe US,ETF,AllianzIM U.S. Equity 6 Month Buffer10 Jun/Dec ETF
SIXF,BTS,Cboe US,ETF,Allianzim U.S. Equity 6 Month Buffer10 Feb/Aug ETF
SIXJ,BTS,Cboe US,ETF,AllianzIM U.S. Equity 6 Month Buffer10 Jan/Jul ETF
SIXO,BTS,Cboe US,ETF,AllianzIM U.S. Equity 6 Month Buffer10 Apr/Oct ETF
SIXP,BTS,Cboe US,ETF,Allianzim U.S. Equity 6 Month Buffer10 Mar/Sep ETF
SLVP,BTS,Cboe US,ETF,iShares MSCI Global Silver and Metals Miners ETF
SMAY,BTS,Cboe US,ETF,FT Vest U.S. Small Cap Moderate Buffer ETF - May
SMB,BTS,Cboe US,ETF,VanEck Short Muni ETF
SMDV,BTS,Cboe US,ETF,ProShares Russell 2000 Dividend Growers ETF
SMIN,BTS,Cboe US,ETF,iShares MSCI India Small-Cap ETF
SMMD,BTS,Cboe US,ETF,iShares Russell 2500 ETF
SMMV,BTS,Cboe US,ETF,iShares MSCI USA Small-Cap Min Vol Factor ETF
SMOT,BTS,Cboe US,ETF,VanEck Morningstar SMID Moat ETF
SNOV,BTS,Cboe US,ETF,FT Vest U.S. Small Cap Moderate Buffer ETF - November
SPBW,BTS,Cboe US,ETF,AllianzIM Buffer20 Allocation ETF
SPBX,BTS,Cboe US,ETF,AllianzIM 6 Month Buffer10 Allocation ETF
SPYI,BTS,Cboe US,ETF,Neos S&P 500(R) High Income ETF
STOT,BTS,Cboe US,ETF,State Street DoubleLine Short Duration Total Return Tactical ETF
SVAL,BTS,Cboe US,ETF,iShares US Small Cap Value Factor ETF
SVIX,BTS,Cboe US,ETF,-1x Short VIX Futures ETF
SVXY,BTS,Cboe US,ETF,ProShares Short VIX Short-Term Futures ETF
SYLD,BTS,Cboe US,ETF,Cambria Shareholder Yield ETF
TAIL,BTS,Cboe US,ETF,Cambria Tail Risk ETF
TBJL,BTS,Cboe US,ETF,Innovator 20+ Year Treasury Bond Buffer ETF – July
TDV,BTS,Cboe US,ETF,ProShares S&P Technology Dividend Aristocrats ETF
TDVI,BTS,Cboe US,ETF,FT Vest Technology Dividend Target Income ETF
TFJL,BTS,Cboe US,ETF,Innovator 20+ Year Treasury Bond 5 Floor ETF – Quarterly
TILT,BTS,Cboe US,ETF,FlexShares Morningstar US Market Factors Tilt Index Fund
TJAN,BTS,Cboe US,ETF,Innovator Equity Defined Protec
TJUL,BTS,Cboe US,ETF,Innovator Equity Defined Protection ETF – 2 Yr to July 2027
TLTW,BTS,Cboe US,ETF,iShares 20+ Year Treasury Bond Buywrite Strategy ETF
TMAT,BTS,Cboe US,ETF,Main Thematic Innovation ETF
TMFC,BTS,Cboe US,ETF,Motley Fool 100 Index ETF
TMFE,BTS,Cboe US,ETF,Motley Fool Capital Efficiency 100 Index ETF
TMFG,BTS,Cboe US,ETF,Motley Fool Global Opportunities ETF
TMFM,BTS,Cboe US,ETF,Motley Fool Mid-Cap Growth ETF
TMFS,BTS,Cboe US,ETF,Motley Fool Small-Cap Growth ETF
TOLL,BTS,Cboe US,ETF,Tema Durable Quality ETF
TRPA,BTS,Cboe US,ETF,Hartford Funds Exchange-Traded Trust - Hartford AAA CLO ETF
TRSY,BTS,Cboe US,ETF,Xtrackers US 0-1 Year Treasury ETF
TSLP,BTS,Cboe US,ETF,Kurv Yield Premium Strategy Tesla ETF
TSLT,BTS,Cboe US,ETF,T-Rex 2X Long Tesla Daily Target ETF
TSLW,BTS,Cboe US,ETF,Roundhill ETF Trust - Roundhill TSLA WeeklyPay ETF
TSLZ,BTS,Cboe US,ETF,T-Rex 2X Inverse Tesla Daily Target ETF
TUSI,BTS,Cboe US,ETF,Touchstone Ultra Short Income ETF
TYA,BTS,Cboe US,ETF,Simplify Intermediate Term Treasury Futures Strategy ETF
TYLD,BTS,Cboe US,ETF,Cambria Tactical Yield ETF
UAPR,BTS,Cboe US,ETF,Innovator U.S. Equity Ultra Buffer ETF - April
UAUG,BTS,Cboe US,ETF,Innovator U.S. Equity Ultra Buffer ETF - August
UDEC,BTS,Cboe US,ETF,Innovator U.S. Equity Ultra Buffer ETF - December
UFEB,BTS,Cboe US,ETF,Innovator U.S. Equity Ultra Buffer ETF - February
UJAN,BTS,Cboe US,ETF,Innovator U.S. Equity Ultra Buffer ETF - January
UJUL,BTS,Cboe US,ETF,Innovator U.S. Equity Ultra Buffer ETF - July
UJUN,BTS,Cboe US,ETF,Innovator U.S. Equity Ultra Buffer ETF - June
UMAR,BTS,Cboe US,ETF,Innovator U.S. Equity Ultra Buffer ETF - March
UMAY,BTS,Cboe US,ETF,Innovator U.S. Equity Ultra Buffer ETF - May
UNOV,BTS,Cboe US,ETF,Innovator U.S. Equity Ultra Buffer ETF - November
UOCT,BTS,Cboe US,ETF,Innovator U.S. Equity Ultra Buffer ETF October
URAN,BTS,Cboe US,ETF,Themes Uranium & Nuclear ETF
USEP,BTS,Cboe US,ETF,Innovator U.S. Equity Ultra Buffer ETF - September
USHY,BTS,Cboe US,ETF,iShares Broad USD High Yield Corporate Bond ETF
USMF,BTS,Cboe US,ETF,WisdomTree U.S. Multifactor Fund
USMV,BTS,Cboe US,ETF,iShares MSCI USA Min Vol Factor ETF
UVIX,BTS,Cboe US,ETF,2x Long VIX Futures ETF
UVXY,BTS,Cboe US,ETF,ProShares Ultra VIX Short-Term Futures ETF
VCEB,BTS,Cboe US,ETF,Vanguard ESG U.S. Corporate Bond ETF
VCRM,BTS,Cboe US,ETF,Vanguard Core Tax-Exempt Bond E
VEGN,BTS,Cboe US,ETF,US Vegan Climate ETF
VFMF,BTS,Cboe US,ETF,Vanguard U.S. Multifactor ETF Shares
VFMO,BTS,Cboe US,ETF,Vanguard U.S. Momentum Factor ETF ETF Shares
VFMV,BTS,Cboe US,ETF,Vanguard U.S. Minimum Volatility ETF ETF Shares
VFQY,BTS,Cboe US,ETF,Vanguard U.S. Quality Factor ETF Shares
VFVA,BTS,Cboe US,ETF,Vanguard U.S. Value Factor ETF Shares
VIXM,BTS,Cboe US,ETF,ProShares VIX Mid-Term Futures ETF
VIXY,BTS,Cboe US,ETF,ProShares VIX Short-Term Futures ETF
VLUE,BTS,Cboe US,ETF,iShares MSCI USA Value Factor ETF
VNM,BTS,Cboe US,ETF,VanEck Vietnam ETF
VSDM,BTS,Cboe US,ETF,Vanguard Short Duration Tax-Exe
VSGX,BTS,Cboe US,ETF,Vanguard ESG International Stock ETF
VTEC,BTS,Cboe US,ETF,Vanguard California Tax-Exempt Bond ETF
VTEI,BTS,Cboe US,ETF,Vanguard Intermediate-Term Tax-Exempt Bond ETF
VUSB,BTS,Cboe US,ETF,Vanguard Ultra-Short Bond ETF
VXX,BTS,Cboe US,ETF,iPath Series B S&P 500 VIX Short-Term Futures ETN
VXZ,BTS,Cboe US,ETF,iPath Series B S&P 500 VIX Mid-Term Futures ETN
WEED,BTS,Cboe US,ETF,Roundhill Cannabis ETF
WEEK,BTS,Cboe US,ETF,Roundhill Weekly T-Bill ETF
WTAI,BTS,Cboe US,ETF,WisdomTree Artificial Intelligence and Innovation Fund
XAPR,BTS,Cboe US,ETF,FT Vest U.S. Equity Enhance & Moderate Buffer ETF - April
XAUG,BTS,Cboe US,ETF,FT Vest U.S. Equity Enhance & Moderate Buffer ETF - August
XBAP,BTS,Cboe US,ETF,Innovator U.S. Equity Accelerated 9 Buffer ETFTM – April
XBJA,BTS,Cboe US,ETF,Innovator U.S. Equity Accelerated 9 Buffer ETF - January
XBJL,BTS,Cboe US,ETF,Innovator U.S. Equity Accelerated 9 Buffer ETF - July
XBOC,BTS,Cboe US,ETF,Innovator U.S. Equity Accelerated 9 Buffer ETF - October
XDEC,BTS,Cboe US,ETF,FT Vest U.S. Equity Enhance & Moderate Buffer ETF - December
XDIV,BTS,Cboe US,ETF,Roundhill S&P 500 No Dividend Target ETF
XDQQ,BTS,Cboe US,ETF,Innovator Growth-100 Accelerated ETF – Quarterly
XDSQ,BTS,Cboe US,ETF,Innovator U.S. Equity Accelerated ETF – Quarterly
XDTE,BTS,Cboe US,ETF,Roundhill S&P 500 0DTE Covered Call Strategy ETF
XEMD,BTS,Cboe US,ETF,BondBloxx JP Morgan USD Emerging Markets 1-10 Year Bond ETF
XIMR,BTS,Cboe US,ETF,FT Vest U.S. Equity Buffer & Premium Income ETF - March
XJH,BTS,Cboe US,ETF,iShares ESG Select Screened S&P Mid-Cap ETF
XJR,BTS,Cboe US,ETF,iShares ESG Select Screened S&P Small-Cap ETF
XJUL,BTS,Cboe US,ETF,FT Vest U.S. Equity Enhance & Moderate Buffer ETF - July
XJUN,BTS,Cboe US,ETF,FT Vest U.S. Equity Enhance & Moderate Buffer ETF - June
XMAR,BTS,Cboe US,ETF,FT Vest U.S. Equity Enhance & Moderate Buffer ETF - March
XMPT,BTS,Cboe US,ETF,VanEck CEF Municipal Income ETF
XOCT,BTS,Cboe US,ETF,FT Vest U.S. Equity Enhance & Moderate Buffer ETF - October
XSEP,BTS,Cboe US,ETF,FT Vest U.S. Equity Enhance & Moderate Buffer ETF - September
XSHD,BTS,Cboe US,ETF,Invesco S&P SmallCap High Dividend Low Volatility ETF
XSHQ,BTS,Cboe US,ETF,Invesco S&P SmallCap Quality ETF
XTAP,BTS,Cboe US,ETF,Innovator U.S. Equity Accelerated Plus ETF – April
XUSP,BTS,Cboe US,ETF,Innovator Uncapped Accelerated U.S. Equity ETF
XVV,BTS,Cboe US,ETF,iShares ESG Select Screened S&P 500 ETF
YBTC,BTS,Cboe US,ETF,Roundhill Bitcoin Covered Call Strategy ETF
YDEC,BTS,Cboe US,ETF,FT Vest International Equity Moderate Buffer ETF – December
YETH,BTS,Cboe US,ETF,Roundhill Ether Covered Call Strategy ETF
YMAR,BTS,Cboe US,ETF,FT Vest International Equity Moderate Buffer ETF - March
YSEP,BTS,Cboe US,ETF,FT Vest International Equity Moderate Buffer ETF - September
ZALT,BTS,Cboe US,ETF,Innovator U.S. Equity 10 Buffer ETF - Quarterly
ZAPR,BTS,Cboe US,ETF,Innovator Equity Defined Protec
ZAUG,BTS,Cboe US,ETF,Innovator Equity Defined Protection ETF - 1 Yr August
ZDEK,BTS,Cboe US,ETF,Innovator Equity Defined Protection ETF - 1 Yr December
ZECP,BTS,Cboe US,ETF,Zacks Earnings Consistent Portfolio ETF
ZFEB,BTS,Cboe US,ETF,Innovator Equity Defined Protection ETF - 1 Yr February
ZJUL,BTS,Cboe US,ETF,Innovator Equity Defined Protection ETF - 1 Yr July
ZJUN,BTS,Cboe US,ETF,Innovator Equity Defined Protection ETF - 1 Yr June
ZMAR,BTS,Cboe US,ETF,Innovator Equity Defined Protection ETF - 1 Yr March
ZMAY,BTS,Cboe US,ETF,Innovator Equity Defined Protection ETF - 1 Yr May
ZNOV,BTS,Cboe US,ETF,Innovator Equity Defined Protection ETF - 1 Yr November
ZOCT,BTS,Cboe US,ETF,Innovator Equity Defined Protection ETF - 1 Yr October
ZSEP,BTS,Cboe US,ETF,Innovator Equity Defined Protection ETF - 1 Yr September
ZVOL,BTS,Cboe US,ETF,Volatility Shares Trust - Volatility Premium Plus ETF
True,NMS,NASDAQ,EQUITY,"TrueCar, Inc."
BOND,NYQ,NYSE,ETF,PIMCO Active Bond Exchange-Traded Fund
BUXX,NYQ,NYSE,ETF,Strive Enhanced Income Short Maturity ETF
CPAI,NYQ,NYSE,ETF,Counterpoint Quantitative Equity ETF
DRLL,NYQ,NYSE,ETF,Strive U.S. Energy ETF
DSMC,NYQ,NYSE,ETF,Distillate Small/Mid Cash Flow ETF
EVTR,NYQ,NYSE,ETF,Eaton Vance Total Return Bond ETF
FEGE,NYQ,NYSE,ETF,First Eagle Global Equity ETF
FEOE,NYQ,NYSE,ETF,First Eagle Overseas Equity ETF
FIXT,NYQ,NYSE,ETF,TCW Core Plus Bond ETF
FLXR,NYQ,NYSE,ETF,TCW Flexible Income ETF
FTWO,NYQ,NYSE,ETF,Strive Natural Resources and Security ETF
GDIV,NYQ,NYSE,ETF,Harbor Dividend Growth Leaders ETF
GMMF,NYQ,NYSE,ETF,iShares Government Money Market ETF
HFGM,NYQ,NYSE,ETF,Unlimited HFGM Global Macro ETF
HGER,NYQ,NYSE,ETF,Harbor Commodity All-Weather Strategy ETF
HYTR,NYQ,NYSE,ETF,Counterpoint High Yield Trend ETF
INFO,NYQ,NYSE,ETF,Harbor PanAgora Dynamic Large Cap Core ETF
JBND,NYQ,NYSE,ETF,Jpmorgan Active Bond ETF
MDST,NYQ,NYSE,ETF,Westwood Salient Enhanced Midstream Income ETF
MMKT,NYQ,NYSE,ETF,Texas Capital Government Money Market ETF
PMMF,NYQ,NYSE,ETF,iShares Prime Money Market ETF
SGOV,NYQ,NYSE,ETF,iShares 0-3 Month Treasury Bond ETF
SHOC,NYQ,NYSE,ETF,Strive U.S. Semiconductor ETF
SHV,NYQ,NYSE,ETF,iShares 0–1 Year Treasury Bond ETF
STRV,NYQ,NYSE,ETF,Strive 500 ETF
STXE,NYQ,NYSE,ETF,Strive Emerging Markets Ex-China ETF
STXG,NYQ,NYSE,ETF,Strive 1000 Growth ETF
STXK,NYQ,NYSE,ETF,Strive Small-Cap ETF
STXT,NYQ,NYSE,ETF,Strive Total Return Bond ETF
STXV,NYQ,NYSE,ETF,Strive 1000 Value ETF
THLV,NYQ,NYSE,ETF,THOR Equal Weight Low Volatility ETF
TPYP,NYQ,NYSE,ETF,Tortoise North American Pipeline Fund
TPZ,NYQ,NYSE,ETF,Tortoise Electrification Infrastructure ETF
WINN,NYQ,NYSE,ETF,Harbor Long-Term Growers ETF
WLTG,NYQ,NYSE,ETF,WealthTrust DBS Long Term Growth ETF
CEF,ASE,NYSE American,EQUITY,Sprott Physical Gold and Silver Trust
PHYS,ASE,NYSE American,EQUITY,Sprott Physical Gold Trust
PSLV,ASE,NYSE American,EQUITY,Sprott Physical Silver Trust
SPPP,ASE,NYSE American,EQUITY,Sprott Physical Platinum & Palladium Tr
AAA,PCX,NYSEArca,ETF,Alternative Access First Priority CLO Bond ETF
ABEQ,PCX,NYSEArca,ETF,Absolute Select Value ETF
ABNY,PCX,NYSEArca,ETF,YieldMax ABNB Option Income Str
ACES,PCX,NYSEArca,ETF,ALPS Clean Energy ETF
ACLC,PCX,NYSEArca,ETF,American Century ETF Trust - American Century Large Cap Equity ETF
ACVF,PCX,NYSEArca,ETF,American Conservative Values ETF
ACVT,PCX,NYSEArca,ETF,Advent Convertible Bond ETF
ADPV,PCX,NYSEArca,ETF,Adaptiv Select ETF
AFIX,PCX,NYSEArca,ETF,Allspring Broad Market Core Bond ETF
AFK,PCX,NYSEArca,ETF,VanEck Africa Index ETF
AFLG,PCX,NYSEArca,ETF,First Trust Active Factor Large Cap ETF
AFMC,PCX,NYSEArca,ETF,First Trust Active Factor Mid Cap ETF
AFSM,PCX,NYSEArca,ETF,First Trust Active Factor Small Cap ETF
AGG,PCX,NYSEArca,ETF,iShares Core U.S. Aggregate Bond ETF
AGGH,PCX,NYSEArca,ETF,Simplify Aggregate Bond ETF
AGGY,PCX,NYSEArca,ETF,WisdomTree Yield Enhanced U.S. Aggregate Bond Fund
AGOX,PCX,NYSEArca,ETF,Adaptive Alpha Opportunities ETF
AGQ,PCX,NYSEArca,ETF,ProShares Ultra Silver
AGRH,PCX,NYSEArca,ETF,iShares Interest Rate Hedged U.S. Aggregate Bond ETF
AGRW,PCX,NYSEArca,ETF,Allspring LT Large Growth ETF
AGZ,PCX,NYSEArca,ETF,iShares Agency Bond ETF
AHLT,PCX,NYSEArca,ETF,American Beacon AHL Trend ETF
AIBU,PCX,NYSEArca,ETF,Direxion Daily AI And Big Data Bull 2X Shares
AIEQ,PCX,NYSEArca,ETF,Amplify AI Powered Equity ETF
AINP,PCX,NYSEArca,ETF,Allspring Income Plus ETF
AIS,PCX,NYSEArca,ETF,VistaShares Artificial Intelligence Supercycle ETF
AIVL,PCX,NYSEArca,ETF,WisdomTree U.S. Al Enhanced Value Fund
AIYY,PCX,NYSEArca,ETF,YieldMax AI Option Income Strategy ETF
ALAI,PCX,NYSEArca,ETF,Alger AI Enablers & Adopters ETF
ALTL,PCX,NYSEArca,ETF,Pacer Lunt Large Cap Alternator ETF
AMDY,PCX,NYSEArca,ETF,YieldMax AMD Option Income Strategy ETF
AMJB,PCX,NYSEArca,ETF,Alerian MLP Index ETN
AMLP,PCX,NYSEArca,ETF,Alerian MLP ETF
AMOM,PCX,NYSEArca,ETF,QRAFT AI-Enhanced U.S. Large Cap Momentum ETF
AMZA,PCX,NYSEArca,ETF,InfraCap MLP ETF
AMZY,PCX,NYSEArca,ETF,YieldMax AMZN Option Income Strategy ETF
AOA,PCX,NYSEArca,ETF,iShares Core 80/20 Aggressive Allocation ETF
AOK,PCX,NYSEArca,ETF,iShares Core 30/70 Conservative Allocation ETF
AOM,PCX,NYSEArca,ETF,iShares Core 40/60 Moderate Allocation ETF
AOR,PCX,NYSEArca,ETF,iShares Core 60/40 Balanced Allocation ETF
APCB,PCX,NYSEArca,ETF,ActivePassive Core Bond ETF
APIE,PCX,NYSEArca,ETF,ActivePassive International Equity ETF
APLU,PCX,NYSEArca,ETF,Allspring Core Plus ETF
APLY,PCX,NYSEArca,ETF,YieldMax AAPL Option Income Strategy ETF
APMU,PCX,NYSEArca,ETF,ActivePassive Intermediate Municipal Bond ETF
APUE,PCX,NYSEArca,ETF,ActivePassive U.S. Equity ETF
ARB,PCX,NYSEArca,ETF,AltShares Merger Arbitrage ETF
ARGT,PCX,NYSEArca,ETF,Global X MSCI Argentina ETF
ARTY,PCX,NYSEArca,ETF,iShares Future AI & Tech ETF
ASEA,PCX,NYSEArca,ETF,Global X FTSE Southeast Asia ETF
ASHR,PCX,NYSEArca,ETF,Xtrackers Harvest CSI 300 China A-Shares ETF
ASHS,PCX,NYSEArca,ETF,Xtrackers Harvest CSI 500 China A-Shares Small Cap ETF
ASLV,PCX,NYSEArca,ETF,Allspring Special Large Value ETF
ASMF,PCX,NYSEArca,ETF,Virtus AlphaSimplex Managed Fut
ATFV,PCX,NYSEArca,ETF,Alger 35 ETF
AUSF,PCX,NYSEArca,ETF,Global X Adaptive U.S. Factor ETF
AVDE,PCX,NYSEArca,ETF,Avantis International Equity ETF
AVDS,PCX,NYSEArca,ETF,Avantis International Small Cap Equity ETF
AVDV,PCX,NYSEArca,ETF,Avantis International Small Cap Value ETF
AVEE,PCX,NYSEArca,ETF,Avantis Emerging Markets Small Cap Equity ETF
AVEM,PCX,NYSEArca,ETF,Avantis Emerging Markets Equity ETF
AVES,PCX,NYSEArca,ETF,Avantis Emerging Markets Value ETF
AVGE,PCX,NYSEArca,ETF,Avantis All Equity Markets ETF
AVGV,PCX,NYSEArca,ETF,Avantis ALL Equity Markets Value ETF
AVIG,PCX,NYSEArca,ETF,Avantis Core Fixed Income ETF
AVIV,PCX,NYSEArca,ETF,Avantis International Large Cap Value ETF
AVLC,PCX,NYSEArca,ETF,Avantis U.S. Large Cap Equity E
AVLV,PCX,NYSEArca,ETF,Avantis US Large Cap Value ETF
AVMA,PCX,NYSEArca,ETF,Avantis Moderate Allocation ETF
AVMC,PCX,NYSEArca,ETF,Avantis U.S. Mid Cap Equity ETF
AVMU,PCX,NYSEArca,ETF,Avantis Core Municipal Fixed Income ETF
AVMV,PCX,NYSEArca,ETF,Avantis U.S. Mid Cap Value ETF
AVNM,PCX,NYSEArca,ETF,Avantis All International Markets Equity ETF
AVNV,PCX,NYSEArca,ETF,Avantis All International Markets Value ETF
AVRE,PCX,NYSEArca,ETF,Avantis Real Estate ETF
AVSC,PCX,NYSEArca,ETF,Avantis US Small Cap Equity ETF
AVSD,PCX,NYSEArca,ETF,Avantis Responsible International Equity ETF
AVSE,PCX,NYSEArca,ETF,Avantis Responsible Emerging Markets Equity ETF
AVSF,PCX,NYSEArca,ETF,Avantis Short-Term Fixed Income ETF
AVSU,PCX,NYSEArca,ETF,Avantis Responsible U.S. Equity ETF
AVUS,PCX,NYSEArca,ETF,Avantis US Equity ETF
AVUV,PCX,NYSEArca,ETF,Avantis US Small Cap Value ETF
AWAY,PCX,NYSEArca,ETF,Amplify Travel Tech ETF
AZNH,PCX,NYSEArca,ETF,Precidian ETFs Trust - AstraZeneca PLC ADRhedged
BAB,PCX,NYSEArca,ETF,Invesco Taxable Municipal Bond ETF
BABO,PCX,NYSEArca,ETF,YieldMax BABA Option Income Strategy ETF
BAI,PCX,NYSEArca,ETF,iShares A.I. Innovation and Tech Active ETF
BAR,PCX,NYSEArca,ETF,GraniteShares Gold Trust
BATT,PCX,NYSEArca,ETF,Amplify Lithium & Battery Technology ETF
BBAG,PCX,NYSEArca,ETF,JPMorgan BetaBuilders U.S. Aggregate Bond ETF
BBBI,PCX,NYSEArca,ETF,Bondbloxx BBB Rated 5-10 Year Corporate Bond ETF
BBBS,PCX,NYSEArca,ETF,Bondbloxx BBB Rated 1-5 Year Corporate Bond ETF
BBC,PCX,NYSEArca,ETF,Virtus LifeSci Biotech Clinical Trials ETF
BBLU,PCX,NYSEArca,ETF,Ea Bridgeway Blue Chip ETF
BBMC,PCX,NYSEArca,ETF,JPMorgan BetaBuilders U.S. Mid Cap Equity ETF
BBSC,PCX,NYSEArca,ETF,JPMorgan BetaBuilders U.S. Small Cap Equity ETF
BCD,PCX,NYSEArca,ETF,abrdn Bloomberg All Commodity Longer Dated Strategy K-1 Free ETF
BCI,PCX,NYSEArca,ETF,abrdn Bloomberg All Commodity Strategy K-1 Free ETF
BCIL,PCX,NYSEArca,ETF,Bancreek International Large Cap ETF
BDRY,PCX,NYSEArca,ETF,Breakwave Dry Bulk Shipping ETF
BENJ,PCX,NYSEArca,ETF,Horizon Landmark ETF
BERZ,PCX,NYSEArca,ETF,MicroSectors Solactive FANG & Innovation -3X Inverse Leveraged ETNs
BETH,PCX,NYSEArca,ETF,ProShares Bitcoin & Ether Market Cap Weight ETF
BETZ,PCX,NYSEArca,ETF,Roundhill Sports Betting & iGaming ETF
BFAP,PCX,NYSEArca,ETF,FT Vest Bitcoin Strategy Floor15 ETF - April
BFOR,PCX,NYSEArca,ETF,Barron's 400 ETF
BFRZ,PCX,NYSEArca,ETF,Innovator Equity Managed 100 Buffer ETF
BGIG,PCX,NYSEArca,ETF,Bahl & Gaynor Income Growth ETF
BIBL,PCX,NYSEArca,ETF,Inspire 100 ETF
BIDD,PCX,NYSEArca,ETF,iShares International Dividend Active ETF
BIL,PCX,NYSEArca,ETF,State Street SPDR Bloomberg 1-3 Month T-Bill ETF
BILS,PCX,NYSEArca,ETF,State Street SPDR Bloomberg 3-12 Month T-Bill ETF
BILZ,PCX,NYSEArca,ETF,PIMCO Ultra Short Government Active Exchange-Traded Fund
BINC,PCX,NYSEArca,ETF,iShares Flexible Income Active ETF
BITB,PCX,NYSEArca,ETF,Bitwise Bitcoin ETF
BITC,PCX,NYSEArca,ETF,Bitwise Trendwise Bitcoin and Treasuries Rotation Strategy ETF
BITI,PCX,NYSEArca,ETF,ProShares Short Bitcoin ETF
BITO,PCX,NYSEArca,ETF,ProShares Bitcoin ETF
BITQ,PCX,NYSEArca,ETF,Bitwise Crypto Industry Innovators ETF
BITU,PCX,NYSEArca,ETF,Proshares Ultra Bitcoin ETF
BIV,PCX,NYSEArca,ETF,Vanguard Intermediate-Term Bond Index Fund
BIZD,PCX,NYSEArca,ETF,VanEck BDC Income ETF
BKAG,PCX,NYSEArca,ETF,BNY Mellon Core Bond ETF
BKCI,PCX,NYSEArca,ETF,BNY Mellon Concentrated International ETF
BKDV,PCX,NYSEArca,ETF,BNY Mellon Dynamic Value ETF
BKEM,PCX,NYSEArca,ETF,BNY Mellon Emerging Markets Equity ETF
BKF,PCX,NYSEArca,ETF,iShares MSCI BIC ETF
BKHY,PCX,NYSEArca,ETF,BNY Mellon High Yield ETF
BKIE,PCX,NYSEArca,ETF,BNY Mellon International Equity ETF
BKLC,PCX,NYSEArca,ETF,BNY Mellon US Large Cap Core Equity ETF
BKLN,PCX,NYSEArca,ETF,Invesco Senior Loan ETF
BKMC,PCX,NYSEArca,ETF,BNY Mellon US Mid Cap Core Equity ETF
BKSE,PCX,NYSEArca,ETF,BNY Mellon US Small Cap Core Equity ETF
BKUI,PCX,NYSEArca,ETF,BNY Mellon Ultra Short Income ETF
BLCV,PCX,NYSEArca,ETF,iShares Large Cap Value Active ETF
BLES,PCX,NYSEArca,ETF,Inspire Global Hope ETF
BLOK,PCX,NYSEArca,ETF,Amplify Blockchain Technology ETF
BLV,PCX,NYSEArca,ETF,Vanguard Long-Term Bond Fund
BNDC,PCX,NYSEArca,ETF,FlexShares Core Select Bond Fund
BNDI,PCX,NYSEArca,ETF,Neos Enhanced Income Aggregate Bond ETF
BNDS,PCX,NYSEArca,ETF,Infrastructure Capital Bond Income ETF
BNKU,PCX,NYSEArca,ETF,MicroSectors™ U.S. Big Banks 3x Leveraged ETNs
BNO,PCX,NYSEArca,ETF,"United States Brent Oil Fund, LP"
BOAT,PCX,NYSEArca,ETF,SonicShares Global Shipping ETF
BOBP,PCX,NYSEArca,ETF,CORE16 Best of Breed Premier Index ETF
BOIL,PCX,NYSEArca,ETF,ProShares Ultra Bloomberg Natural Gas
BPI,PCX,NYSEArca,ETF,Grayscale Bitcoin Premium Income ETF
BRZU,PCX,NYSEArca,ETF,Direxion Daily MSCI Brazil Bull 2X Shares
BSTP,PCX,NYSEArca,ETF,Innovator Buffer Step-Up Strategy ETF
BSV,PCX,NYSEArca,ETF,Vanguard Short-Term Bond Index Fund ETF Shares
BTAL,PCX,NYSEArca,ETF,AGF U.S. Market Neutral Anti-Beta Fund
BTC,PCX,NYSEArca,ETF,Grayscale Bitcoin Mini Trust ETF
BTCC,PCX,NYSEArca,ETF,Grayscale Bitcoin Covered Call ETF
BUCK,PCX,NYSEArca,ETF,Simplify Treasury Option Income ETF
BUL,PCX,NYSEArca,ETF,Pacer US Cash Cows Growth ETF
BULZ,PCX,NYSEArca,ETF,MicroSectors Solactive FANG Innovation 3X Leveraged ETNs
BUZZ,PCX,NYSEArca,ETF,VanEck Social Sentiment ETF
BVAL,PCX,NYSEArca,ETF,Bluemonte Large Cap Value ETF
BWX,PCX,NYSEArca,ETF,SPDR Bloomberg International Treasury Bond ETF
BWZ,PCX,NYSEArca,ETF,SPDR Bloomberg Short Term International Treasury Bond ETF
BYLD,PCX,NYSEArca,ETF,iShares Yield Optimized Bond ETF
CAAA,PCX,NYSEArca,ETF,First Trust AAA CMBS ETF
CAFX,PCX,NYSEArca,ETF,Congress Intermediate Bond ETF
CAML,PCX,NYSEArca,ETF,Congress Large Cap Growth ETF
CANE,PCX,NYSEArca,ETF,Teucrium Sugar Fund
CAPE,PCX,NYSEArca,ETF,DoubleLine Shiller CAPE U.S. Equities ETF
CARK,PCX,NYSEArca,ETF,Castleark Large Growth ETF
CATF,PCX,NYSEArca,ETF,American Century California Municipal Bond ETF
CCMG,PCX,NYSEArca,ETF,Sequoia Global Value ETF
CCOR,PCX,NYSEArca,ETF,Core Alternative ETF
CCRV,PCX,NYSEArca,ETF,iShares Commodity Curve Carry Strategy ETF
CDX,PCX,NYSEArca,ETF,Simplify High Yield ETF
CERY,PCX,NYSEArca,ETF,State Street SPDR Bloomberg Enhanced Roll Yield Commodity Strategy No K-1 ETF
CGBL,PCX,NYSEArca,ETF,Capital Group Core Balanced ETF
CGCB,PCX,NYSEArca,ETF,Capital Group Core Bond ETF
CGCP,PCX,NYSEArca,ETF,Capital Group Core Plus Income ETF
CGCV,PCX,NYSEArca,ETF,Capital Group Conservative Equity ETF
CGDG,PCX,NYSEArca,ETF,Capital Group Dividend Growers ETF
CGDV,PCX,NYSEArca,ETF,Capital Group Dividend Value ETF
CGGE,PCX,NYSEArca,ETF,Capital Group Global Equity ETF
CGGO,PCX,NYSEArca,ETF,Capital Group Global Growth Equity ETF
CGGR,PCX,NYSEArca,ETF,Capital Group Growth ETF
CGHM,PCX,NYSEArca,ETF,Capital Group Municipal High-Income ETF
CGIB,PCX,NYSEArca,ETF,Capital Group International Bond ETF (USD-Hedged)
CGIC,PCX,NYSEArca,ETF,Capital Group International Core Equity ETF
CGIE,PCX,NYSEArca,ETF,Capital Group International Equity ETF
CGMM,PCX,NYSEArca,ETF,Capital Group U.S. Small and Mid Cap ETF
CGMS,PCX,NYSEArca,ETF,Capital Group U.S. Multi-Sector Income ETF
CGMU,PCX,NYSEArca,ETF,Capital Group Municipal Income ETF
CGNG,PCX,NYSEArca,ETF,Capital Group New Geography Equity ETF
CGSD,PCX,NYSEArca,ETF,Capital Group Short Duration Income ETF
CGSM,PCX,NYSEArca,ETF,Capital Group Short Duration Municipal Income ETF
CGUI,PCX,NYSEArca,ETF,Capital Group Ultra Short Income ETF
CGUS,PCX,NYSEArca,ETF,Capital Group Core Equity ETF
CGW,PCX,NYSEArca,ETF,Invesco S&P Global Water Index ETF
CGXU,PCX,NYSEArca,ETF,Capital Group International Focus Equity ETF
CHAT,PCX,NYSEArca,ETF,Roundhill Generative AI & Technology ETF
CHAU,PCX,NYSEArca,ETF,Direxion Daily CSI 300 China A Share Bull 2X Shares
CHIQ,PCX,NYSEArca,ETF,Global X MSCI China Consumer Discretionary ETF
CHPY,PCX,NYSEArca,ETF,YieldMax Semiconductor Portfolio Option Income ETF
CLIP,PCX,NYSEArca,ETF,Global X 1-3 Month T-Bill ETF
CLOB,PCX,NYSEArca,ETF,VanEck AA-BB CLO ETF
CLOI,PCX,NYSEArca,ETF,VanEck CLO ETF
CLOX,PCX,NYSEArca,ETF,Eldridge AAA CLO ETF
CLOZ,PCX,NYSEArca,ETF,Eldridge BBB-B CLO ETF
CMBS,PCX,NYSEArca,ETF,iShares CMBS ETF
CMDT,PCX,NYSEArca,ETF,PIMCO Commodity Strategy Active Exchange-Traded Fund
CMDY,PCX,NYSEArca,ETF,iShares Bloomberg Roll Select Commodity Strategy ETF
CMF,PCX,NYSEArca,ETF,iShares California Muni Bond ETF
CNBS,PCX,NYSEArca,ETF,Amplify Seymour Cannabis ETF
CNEQ,PCX,NYSEArca,ETF,Alger Concentrated Equity ETF
CNRG,PCX,NYSEArca,ETF,State Street SPDR S&P Kensho Clean Power ETF
CNXT,PCX,NYSEArca,ETF,VanEck ChiNext ETF
COAL,PCX,NYSEArca,ETF,Range Global Coal ETF
COLO,PCX,NYSEArca,ETF,Global X MSCI Colombia ETF
COM,PCX,NYSEArca,ETF,Direxion Auspice Broad Commodity Strategy ETF
COMB,PCX,NYSEArca,ETF,GraniteShares Bloomberg Commodity Broad Strategy No K-1 ETF
CONY,PCX,NYSEArca,ETF,YieldMax COIN Option Income Strategy ETF
COPX,PCX,NYSEArca,ETF,Global X Copper Miners ETF
COPY,PCX,NYSEArca,ETF,"Tweedy, Browne Insider + Value ETF"
CORN,PCX,NYSEArca,ETF,Teucrium Corn Fund
CORP,PCX,NYSEArca,ETF,PIMCO Investment Grade Corporate Bond Index Exchange-Traded Fund
CPER,PCX,NYSEArca,ETF,"United States Copper Index Fund, LP"
CPLB,PCX,NYSEArca,ETF,NYLI MacKay Core Plus Bond ETF
CPNJ,PCX,NYSEArca,ETF,Calamos Nasdaq-100 Structured Alt Protection ETF - June
CPNQ,PCX,NYSEArca,ETF,Calamos Nasdaq-100 Structured Alt Protection ETF - December
CPRY,PCX,NYSEArca,ETF,Calamos Russell 2000 Structured Alt Protection ETF - January
CPSA,PCX,NYSEArca,ETF,Calamos S&P 500 Structured Alt Protection ETF - August
CPSD,PCX,NYSEArca,ETF,Calamos S&P 500 Structured Alt Protection ETF - December
CPSJ,PCX,NYSEArca,ETF,Calamos S&P 500 Structured Alt Protection ETF - July
CPSM,PCX,NYSEArca,ETF,Calamos S&P 500 Structured Alt Protection ETF - May
CPSU,PCX,NYSEArca,ETF,Calamos S&P 500 Structured Alt Protection ETF - June
CQQQ,PCX,NYSEArca,ETF,Invesco China Technology ETF
CRAK,PCX,NYSEArca,ETF,VanEck Oil Refiners ETF
CRBN,PCX,NYSEArca,ETF,iShares Low Carbon Optimized MSCI ACWI ETF
CRDT,PCX,NYSEArca,ETF,Simplify Opportunistic Income ETF
CRPT,PCX,NYSEArca,ETF,First Trust SkyBridge Crypto Industry and Digital Economy ETF
CRSH,PCX,NYSEArca,ETF,YieldMax Short TSLA Option Inco
CRTC,PCX,NYSEArca,ETF,Xtrackers US National Critical Technologies ETF
CSD,PCX,NYSEArca,ETF,Invesco S&P Spin-Off ETF
CSHI,PCX,NYSEArca,ETF,NEOS Enhanced Income 1-3 Month T-Bill ETF
CSHP,PCX,NYSEArca,ETF,iShares Enhanced Short-Term Bond Active ETF
CSMD,PCX,NYSEArca,ETF,Congress SMID Growth ETF
CSPF,PCX,NYSEArca,ETF,Cohen & Steers Preferred and Income Opportunities Active ETF
CSRE,PCX,NYSEArca,ETF,Cohen & Steers Real Estate Active ETF
CTA,PCX,NYSEArca,ETF,Simplify Managed Futures Strategy ETF
CURE,PCX,NYSEArca,ETF,Direxion Daily Healthcare Bull 3X Shares
CVIE,PCX,NYSEArca,ETF,Calvert International Responsible Index ETF
CVLC,PCX,NYSEArca,ETF,Calvert US Large-Cap Core Responsible Index ETF
CVMC,PCX,NYSEArca,ETF,Calvert US Mid-Cap Core Responsible Index ETF
CVNY,PCX,NYSEArca,ETF,YieldMax CVNA Option Income Strategy ETF
CVRT,PCX,NYSEArca,ETF,Calamos Convertible Equity Alternative ETF
CVSB,PCX,NYSEArca,ETF,Calvert Ultra-Short Investment Grade ETF
CWB,PCX,NYSEArca,ETF,State Street SPDR Bloomberg Convertible Securities ETF
CWEB,PCX,NYSEArca,ETF,Direxion Daily CSI China Internet Bull 2X Shares
CWI,PCX,NYSEArca,ETF,State Street SPDR MSCI ACWI ex-US ETF
CWS,PCX,NYSEArca,ETF,AdvisorShares Focused Equity ETF
CZA,PCX,NYSEArca,ETF,Invesco Zacks Mid-Cap ETF
DABS,PCX,NYSEArca,ETF,DoubleLine Asset-Backed Securities ETF
DBA,PCX,NYSEArca,ETF,Invesco DB Agriculture Fund
DBAW,PCX,NYSEArca,ETF,Xtrackers MSCI All World ex US Hedged Equity ETF
DBB,PCX,NYSEArca,ETF,Invesco DB Base Metals Fund
DBC,PCX,NYSEArca,ETF,Invesco DB Commodity Index Tracking Fund
DBE,PCX,NYSEArca,ETF,Invesco DB Energy Fund
DBEF,PCX,NYSEArca,ETF,Xtrackers MSCI EAFE Hedged Equity ETF
DBEM,PCX,NYSEArca,ETF,Xtrackers MSCI Emerging Markets Hedged Equity ETF
DBEU,PCX,NYSEArca,ETF,Xtrackers MSCI Europe Hedged Equity ETF
DBEZ,PCX,NYSEArca,ETF,Xtrackers MSCI Eurozone Hedged Equity ETF
DBJP,PCX,NYSEArca,ETF,Xtrackers MSCI Japan Hedged Equity ETF
DBMF,PCX,NYSEArca,ETF,iMGP DBi Managed Futures Strategy ETF
DBND,PCX,NYSEArca,ETF,DoubleLine Opportunistic Core Bond ETF
DBO,PCX,NYSEArca,ETF,Invesco DB Oil Fund
DBP,PCX,NYSEArca,ETF,Invesco DB Precious Metals Fund
DCOR,PCX,NYSEArca,ETF,Dimensional US Core Equity 1 ETF
DCRE,PCX,NYSEArca,ETF,DoubleLine Commercial Real Estate Debt ETF
DDM,PCX,NYSEArca,ETF,ProShares Ultra Dow30
DEED,PCX,NYSEArca,ETF,First Trust Securitized Plus ETF
DEHP,PCX,NYSEArca,ETF,Dimensional Emerging Markets High Profitability ETF
DEM,PCX,NYSEArca,ETF,WisdomTree Emerging Markets High Dividend Fund
DES,PCX,NYSEArca,ETF,WisdomTree U.S. SmallCap Dividend Fund
DEUS,PCX,NYSEArca,ETF,Xtrackers Russell US Multifactor ETF
DEW,PCX,NYSEArca,ETF,WisdomTree Global High Dividend Fund
DEXC,PCX,NYSEArca,ETF,Dimensional Emerging Markets ex China Core Equity ETF
DFAC,PCX,NYSEArca,ETF,Dimensional U.S. Core Equity 2 ETF
DFAE,PCX,NYSEArca,ETF,Dimensional Emerging Core Equity Market ETF
DFAI,PCX,NYSEArca,ETF,Dimensional International Core Equity Market ETF
DFAR,PCX,NYSEArca,ETF,Dimensional US Real Estate ETF
DFAS,PCX,NYSEArca,ETF,Dimensional U.S. Small Cap ETF
DFAT,PCX,NYSEArca,ETF,Dimensional U.S. Targeted Value ETF
DFAU,PCX,NYSEArca,ETF,Dimensional US Core Equity Market ETF
DFAW,PCX,NYSEArca,ETF,Dimensional World Equity ETF
DFAX,PCX,NYSEArca,ETF,Dimensional World ex U.S. Core Equity 2 ETF
DFCA,PCX,NYSEArca,ETF,Dimensional California Municipal Bond ETF
DFCF,PCX,NYSEArca,ETF,Dimensional Core Fixed Income ETF
DFE,PCX,NYSEArca,ETF,WisdomTree Europe SmallCap Dividend Fund
DFEM,PCX,NYSEArca,ETF,Dimensional Emerging Markets Core Equity 2 ETF
DFEN,PCX,NYSEArca,ETF,Direxion Daily Aerospace & Defense Bull 3X Shares
DFEV,PCX,NYSEArca,ETF,Dimensional Emerging Markets Value ETF
DFGR,PCX,NYSEArca,ETF,Dimensional Global Real Estate ETF
DFII,PCX,NYSEArca,ETF,FT Vest Bitcoin Strategy & Target Income ETF
DFIP,PCX,NYSEArca,ETF,Dimensional Inflation-Protected Securities ETF
DFIV,PCX,NYSEArca,ETF,Dimensional International Value ETF
DFJ,PCX,NYSEArca,ETF,WisdomTree Japan SmallCap Dividend Fund
DFLV,PCX,NYSEArca,ETF,Dimensional US Large Cap Value ETF
DFNM,PCX,NYSEArca,ETF,Dimensional National Municipal Bond ETF
DFSB,PCX,NYSEArca,ETF,Dimensional Global Sustainability Fixed Income ETF
DFSD,PCX,NYSEArca,ETF,Dimensional Short-Duration Fixed Income ETF
DFSE,PCX,NYSEArca,ETF,Dimensional Emerging Markets Sustainability Core 1 ETF
DFSI,PCX,NYSEArca,ETF,Dimensional International Sustainability Core 1 ETF
DFSU,PCX,NYSEArca,ETF,Dimensional US Sustainability Core 1 ETF
DFSV,PCX,NYSEArca,ETF,Dimensional US Small Cap Value ETF
DFUS,PCX,NYSEArca,ETF,Dimensional U.S. Equity Market ETF
DFUV,PCX,NYSEArca,ETF,Dimensional US Marketwide Value ETF
DFVX,PCX,NYSEArca,ETF,Dimensional US Large Cap Vector ETF
DGP,PCX,NYSEArca,ETF,DB Gold Double Long ETN
DGRO,PCX,NYSEArca,ETF,iShares Core Dividend Growth ETF
DGS,PCX,NYSEArca,ETF,WisdomTree Emerging Markets SmallCap Dividend Fund
DGT,PCX,NYSEArca,ETF,State Street SPDR Global Dow ETF
DHS,PCX,NYSEArca,ETF,WisdomTree U.S. High Dividend Fund
DIA,PCX,NYSEArca,ETF,State Street SPDR Dow Jones Industrial Average ETF Trust
DIAL,PCX,NYSEArca,ETF,Columbia Diversified Fixed Income Allocation ETF
DIG,PCX,NYSEArca,ETF,ProShares Ultra Energy
DIM,PCX,NYSEArca,ETF,WisdomTree International MidCap Dividend Fund
DIPS,PCX,NYSEArca,ETF,YieldMax Short NVDA Option Income Strategy ETF
DISO,PCX,NYSEArca,ETF,YieldMax DIS Option Income Strategy ETF
DIV,PCX,NYSEArca,ETF,Global X SuperDividend U.S. ETF
DIVI,PCX,NYSEArca,ETF,Franklin International Core Dividend Tilt Index ETF
DIVO,PCX,NYSEArca,ETF,Amplify CWP Enhanced Dividend Income ETF
DIVP,PCX,NYSEArca,ETF,Cullen Enhanced Equity Income ETF
DIVZ,PCX,NYSEArca,ETF,Polen Dividend Income ETF
DJD,PCX,NYSEArca,ETF,Invesco Dow Jones Industrial Average Dividend ETF
DJIA,PCX,NYSEArca,ETF,Global X Dow 30 Covered Call ETF
DJP,PCX,NYSEArca,ETF,iPath Bloomberg Commodity Index Total Return(SM) ETN
DLN,PCX,NYSEArca,ETF,WisdomTree U.S. LargeCap Dividend Fund
DLS,PCX,NYSEArca,ETF,WisdomTree International SmallCap Dividend Fund
DMBS,PCX,NYSEArca,ETF,Doubleline Etf Trust - Mortgage ETF
DMX,PCX,NYSEArca,ETF,DoubleLine Multi-Sector Income ETF
DNL,PCX,NYSEArca,ETF,WisdomTree Global ex-U.S. Quality Growth Fund
DOG,PCX,NYSEArca,ETF,ProShares Short Dow30
DOL,PCX,NYSEArca,ETF,WisdomTree True Developed International Fund
DON,PCX,NYSEArca,ETF,WisdomTree U.S. MidCap Dividend Fund
DPST,PCX,NYSEArca,ETF,Direxion Daily Regional Banks Bull 3X Shares
DRIP,PCX,NYSEArca,ETF,Direxion Daily S&P Oil & Gas Exp. & Prod. Bear 2X Shares
DRN,PCX,NYSEArca,ETF,Direxion Daily Real Estate Bull 3X Shares
DRV,PCX,NYSEArca,ETF,Direxion Daily Real Estate Bear 3X Shares
DSI,PCX,NYSEArca,ETF,iShares ESG MSCI KLD 400 ETF
DSTL,PCX,NYSEArca,ETF,Distillate U.S. Fundamental Stability & Value ETF
DTD,PCX,NYSEArca,ETF,WisdomTree U.S. Total Dividend Fund
DTEC,PCX,NYSEArca,ETF,ALPS Disruptive Technologies ETF
DTH,PCX,NYSEArca,ETF,WisdomTree International High Dividend Fund
DUG,PCX,NYSEArca,ETF,ProShares UltraShort Energy ETF
DUHP,PCX,NYSEArca,ETF,Dimensional US High Profitability ETF
DULL,PCX,NYSEArca,ETF,MicroSectors Gold -3X Inverse Leveraged ETN
DUSB,PCX,NYSEArca,ETF,Dimensional Ultrashort Fixed Income ETF
DUSL,PCX,NYSEArca,ETF,Direxion Daily Industrials Bull 3X Shares
DUST,PCX,NYSEArca,ETF,Direxion Daily Gold Miners Index Bear 2X Shares
DVYE,PCX,NYSEArca,ETF,iShares Emerging Markets Dividend ETF
DWM,PCX,NYSEArca,ETF,WisdomTree International Equity Fund
DWX,PCX,NYSEArca,ETF,State Street SPDR S&P International Dividend ETF
DXD,PCX,NYSEArca,ETF,ProShares UltraShort Dow30
DXIV,PCX,NYSEArca,ETF,Dimensional International Vector Equity ETF
DXJ,PCX,NYSEArca,ETF,WisdomTree Japan Hedged Equity Fund
DXUV,PCX,NYSEArca,ETF,Dimensional US Vector Equity ETF
DYNF,PCX,NYSEArca,ETF,iShares U.S. Equity Factor Rotation Active ETF
EAGG,PCX,NYSEArca,ETF,iShares ESG U.S. Aggregate Bond ETF
EAGL,PCX,NYSEArca,ETF,Eagle Capital Select Equity ETF
EAPR,PCX,NYSEArca,ETF,Innovator Emerging Markets Power Buffer ETF - April
EBND,PCX,NYSEArca,ETF,SPDR Bloomberg Emerging Markets Local Bond ETF
ECML,PCX,NYSEArca,ETF,EA Series Trust - Euclidean Fundamental Value ETF
ECNS,PCX,NYSEArca,ETF,iShares MSCI China Small-Cap ETF
ECON,PCX,NYSEArca,ETF,Columbia Research Enhanced Emerging Economies ETF
EDC,PCX,NYSEArca,ETF,Direxion Daily MSCI Emerging Markets Bull 3X Shares
EDGF,PCX,NYSEArca,ETF,3EDGE Dynamic Fixed Income ETF
EDGH,PCX,NYSEArca,ETF,3EDGE Dynamic Hard Assets ETF
EDGI,PCX,NYSEArca,ETF,3EDGE Dynamic International Equity ETF
EDGU,PCX,NYSEArca,ETF,3EDGE Dynamic US Equity ETF
EDIV,PCX,NYSEArca,ETF,State Street SPDR S&P Emerging Markets Dividend ETF
EDOW,PCX,NYSEArca,ETF,First Trust Dow 30 Equal Weight ETF
EDV,PCX,NYSEArca,ETF,Vanguard Extended Duration Treasury Index Fund ETF Shares
EDZ,PCX,NYSEArca,ETF,Direxion Daily MSCI Emerging Markets Bear 3X Shares
EELV,PCX,NYSEArca,ETF,Invesco S&P Emerging Markets Low Volatility ETF
EEM,PCX,NYSEArca,ETF,iShares MSCI Emerging Markets ETF
EEMS,PCX,NYSEArca,ETF,iShares MSCI Emerging Markets Small-Cap ETF
EEMX,PCX,NYSEArca,ETF,State Street SPDR MSCI Emerging Markets Fossil Fuel Reserves Free ETF
EES,PCX,NYSEArca,ETF,WisdomTree U.S. SmallCap Earnings Fund
EET,PCX,NYSEArca,ETF,ProShares Ultra MSCI Emerging Markets
EETH,PCX,NYSEArca,ETF,ProShares Ether ETF
EEV,PCX,NYSEArca,ETF,ProShares UltraShort MSCI Emerging Markets
EFA,PCX,NYSEArca,ETF,iShares MSCI EAFE ETF
EFAA,PCX,NYSEArca,ETF,Invesco MSCI EAFE Income Advantage ETF
EFAX,PCX,NYSEArca,ETF,State Street SPDR MSCI EAFE Fossil Fuel Reserves Free ETF
EFIV,PCX,NYSEArca,ETF,State Street SPDR S&P 500 ESG ETF
EFO,PCX,NYSEArca,ETF,ProShares Ultra MSCI EAFE
EFZ,PCX,NYSEArca,ETF,ProShares Short MSCI EAFE
EGGY,PCX,NYSEArca,ETF,NestYield Dynamic Income ETF
EIDO,PCX,NYSEArca,ETF,iShares MSCI Indonesia ETF
EINC,PCX,NYSEArca,ETF,VanEck Energy Income ETF
EIPI,PCX,NYSEArca,ETF,FT Energy Income Partners Enhanced Income ETF
EIPX,PCX,NYSEArca,ETF,FT Energy Income Partners Strategy ETF
EIRL,PCX,NYSEArca,ETF,iShares MSCI Ireland ETF
EIS,PCX,NYSEArca,ETF,iShares MSCI Israel ETF
EJAN,PCX,NYSEArca,ETF,Innovator Emerging Markets Power Buffer ETF - January
EJUL,PCX,NYSEArca,ETF,Innovator Emerging Markets Power Buffer ETF - July
ELCV,PCX,NYSEArca,ETF,Eventide High Dividend ETF
ELD,PCX,NYSEArca,ETF,WisdomTree Emerging Markets Local Debt Fund
ELM,PCX,NYSEArca,ETF,Elm Market Navigator ETF
EMBD,PCX,NYSEArca,ETF,Global X Emerging Markets Bond ETF
EMC,PCX,NYSEArca,ETF,Global X Emerging Markets Great Consumer ETF
EMCS,PCX,NYSEArca,ETF,Xtrackers MSCI Emerging Markets Climate Selection ETF
EMHC,PCX,NYSEArca,ETF,State Street SPDR Bloomberg Emerging Markets USD Bond ETF
EMLC,PCX,NYSEArca,ETF,VanEck J.P. Morgan EM Local Currency Bond ETF
EMLP,PCX,NYSEArca,ETF,First Trust North American Energy Infrastructure Fund
EMM,PCX,NYSEArca,ETF,Global X Emerging Markets ex-China ETF
EMMF,PCX,NYSEArca,ETF,WisdomTree Emerging Markets Multifactor Fund
EMNT,PCX,NYSEArca,ETF,PIMCO Enhanced Short Maturity Active ESG Exchange-Traded Fund
EMQQ,PCX,NYSEArca,ETF,EMQQ The Emerging Markets Internet ETF
ENFR,PCX,NYSEArca,ETF,Alerian Energy Infrastructure ETF
EOCT,PCX,NYSEArca,ETF,Innovator Emerging Markets Power Buffer ETF - October
EPHE,PCX,NYSEArca,ETF,iShares MSCI Philippines ETF
EPI,PCX,NYSEArca,ETF,WisdomTree India Earnings Fund
EPOL,PCX,NYSEArca,ETF,iShares MSCI Poland ETF
EPP,PCX,NYSEArca,ETF,iShares MSCI Pacific ex Japan ETF
EPS,PCX,NYSEArca,ETF,WisdomTree U.S. LargeCap Fund
EPU,PCX,NYSEArca,ETF,iShares MSCI Peru ETF
EPV,PCX,NYSEArca,ETF,ProShares UltraShort FTSE Europe
EQAL,PCX,NYSEArca,ETF,Invesco Russell 1000 Equal Weight ETF
EQIN,PCX,NYSEArca,ETF,Columbia U.S. Equity Income ETF
EQL,PCX,NYSEArca,ETF,ALPS Equal Sector Weight ETF
EQTY,PCX,NYSEArca,ETF,Kovitz Core Equity ETF
EQWL,PCX,NYSEArca,ETF,Invesco S&P 100 Equal Weight ETF
ERTH,PCX,NYSEArca,ETF,Invesco MSCI Sustainable Future ETF
ERX,PCX,NYSEArca,ETF,Direxion Daily Energy Bull 2X Shares
ERY,PCX,NYSEArca,ETF,Direxion Daily Energy Bear 2X Shares
ETH,PCX,NYSEArca,ETF,Grayscale Ethereum Mini Trust ETF
ETHD,PCX,NYSEArca,ETF,Proshares UltraShort Ether ETF
ETHE,PCX,NYSEArca,ETF,Grayscale Ethereum Staking ETF
ETHO,PCX,NYSEArca,ETF,Amplify Etho Climate Leadership U.S. ETF
ETHT,PCX,NYSEArca,ETF,Proshares Ultra Ether ETF
ETHW,PCX,NYSEArca,ETF,Bitwise Ethereum ETF
EUDG,PCX,NYSEArca,ETF,WisdomTree Europe Quality Dividend Growth Fund
EUM,PCX,NYSEArca,ETF,ProShares Short MSCI Emerging Markets
EUO,PCX,NYSEArca,ETF,ProShares UltraShort Euro
EURL,PCX,NYSEArca,ETF,Direxion Daily FTSE Europe Bull 3X Shares
EUSA,PCX,NYSEArca,ETF,iShares MSCI USA Equal Weighted ETF
EUSB,PCX,NYSEArca,ETF,iShares ESG Advanced Universal USD Bond ETF
EUSM,PCX,NYSEArca,ETF,Eventide US Market ETF
EVIM,PCX,NYSEArca,ETF,Eaton Vance Intermediate Municipal Income ETF
EVLN,PCX,NYSEArca,ETF,Eaton Vance Floating-Rate ETF
EVSB,PCX,NYSEArca,ETF,Eaton Vance Ultra-Short Income ETF
EVSM,PCX,NYSEArca,ETF,Eaton Vance Short Duration Municipal Income ETF
EVX,PCX,NYSEArca,ETF,VanEck Environmental Services ETF
EWA,PCX,NYSEArca,ETF,iShares MSCI Australia ETF
EWC,PCX,NYSEArca,ETF,iShares MSCI Canada ETF
EWD,PCX,NYSEArca,ETF,iShares MSCI Sweden ETF
EWG,PCX,NYSEArca,ETF,iShares MSCI Germany ETF
EWH,PCX,NYSEArca,ETF,iShares MSCI Hong Kong ETF
EWI,PCX,NYSEArca,ETF,iShares MSCI Italy ETF
EWJ,PCX,NYSEArca,ETF,iShares MSCI Japan ETF
EWK,PCX,NYSEArca,ETF,iShares MSCI Belgium ETF
EWL,PCX,NYSEArca,ETF,iShares MSCI Switzerland ETF
EWM,PCX,NYSEArca,ETF,iShares MSCI Malaysia ETF
EWN,PCX,NYSEArca,ETF,iShares MSCI Netherlands ETF
EWO,PCX,NYSEArca,ETF,iShares MSCI Austria ETF
EWP,PCX,NYSEArca,ETF,iShares MSCI Spain ETF
EWQ,PCX,NYSEArca,ETF,iShares MSCI France ETF
EWS,PCX,NYSEArca,ETF,iShares MSCI Singapore ETF
EWT,PCX,NYSEArca,ETF,iShares MSCI Taiwan ETF
EWU,PCX,NYSEArca,ETF,iShares MSCI United Kingdom ETF
EWV,PCX,NYSEArca,ETF,ProShares UltraShort MSCI Japan
EWW,PCX,NYSEArca,ETF,iShares MSCI Mexico ETF
EWX,PCX,NYSEArca,ETF,State Street SPDR S&P Emerging Markets Small Cap ETF
EWY,PCX,NYSEArca,ETF,iShares MSCI South Korea ETF
EWZ,PCX,NYSEArca,ETF,iShares MSCI Brazil ETF
EXI,PCX,NYSEArca,ETF,iShares Global Industrials ETF
EZA,PCX,NYSEArca,ETF,iShares MSCI South Africa ETF
EZM,PCX,NYSEArca,ETF,WisdomTree U.S. MidCap Earnings Fund
FAN,PCX,NYSEArca,ETF,First Trust Global Wind Energy ETF
FAS,PCX,NYSEArca,ETF,Direxion Daily Financial Bull 3X Shares
FAZ,PCX,NYSEArca,ETF,Direxion Daily Financial Bear 3X Shares
FBND,PCX,NYSEArca,ETF,Fidelity Total Bond ETF
FBT,PCX,NYSEArca,ETF,First Trust NYSE Arca Biotechnology Index Fund
FBY,PCX,NYSEArca,ETF,YieldMax META Option Income Strategy ETF
FCG,PCX,NYSEArca,ETF,First Trust Natural Gas ETF
FCOM,PCX,NYSEArca,ETF,Fidelity MSCI Communication Services Index ETF
FCOR,PCX,NYSEArca,ETF,Fidelity Corporate Bond ETF
FCSH,PCX,NYSEArca,ETF,Federated Hermes Short Duration Corporate ETF
FDD,PCX,NYSEArca,ETF,First Trust STOXX European Select Dividend Index Fund
FDG,PCX,NYSEArca,ETF,American Century Focused Dynamic Growth ETF
FDHY,PCX,NYSEArca,ETF,Fidelity Enhanced High Yield ETF
FDIS,PCX,NYSEArca,ETF,Fidelity MSCI Consumer Discretionary Index ETF
FDL,PCX,NYSEArca,ETF,First Trust Morningstar Dividend Leaders Index Fund
FDLO,PCX,NYSEArca,ETF,Fidelity Low Volatility Factor ETF
FDLS,PCX,NYSEArca,ETF,Inspire Fidelis Multi Factor ETF
FDM,PCX,NYSEArca,ETF,First Trust Dow Jones Select MicroCap Index Fund
FDMO,PCX,NYSEArca,ETF,Fidelity Momentum Factor ETF
FDN,PCX,NYSEArca,ETF,First Trust Dow Jones Internet Index Fund
FDRR,PCX,NYSEArca,ETF,Fidelity Dividend ETF for Rising Rates
FDV,PCX,NYSEArca,ETF,Federated Hermes U.S. Strategic Dividend ETF
FDVV,PCX,NYSEArca,ETF,Fidelity High Dividend ETF
FELC,PCX,NYSEArca,ETF,Fidelity Enhanced Large Cap Core ETF
FELG,PCX,NYSEArca,ETF,Fidelity Enhanced Large Cap Growth ETF
FELV,PCX,NYSEArca,ETF,Fidelity Enhanced Large Cap Value ETF
FEMR,PCX,NYSEArca,ETF,Fidelity Enhanced Emerging Markets ETF
FENI,PCX,NYSEArca,ETF,Fidelity Enhanced International ETF
FENY,PCX,NYSEArca,ETF,Fidelity MSCI Energy Index ETF
FESM,PCX,NYSEArca,ETF,Fidelity Enhanced Small Cap ETF
FEZ,PCX,NYSEArca,ETF,State Street SPDR EURO STOXX 50 ETF
FFND,PCX,NYSEArca,ETF,One Global ETF
FFTY,PCX,NYSEArca,ETF,Innovator IBD 50 ETF
FGD,PCX,NYSEArca,ETF,First Trust Dow Jones Global Select Dividend Index Fund
FGDL,PCX,NYSEArca,ETF,Franklin Responsibly Sourced Gold ETF
FGSM,PCX,NYSEArca,ETF,Frontier Asset Global Small Cap Equity ETF
FHLC,PCX,NYSEArca,ETF,Fidelity MSCI Health Care Index ETF
FHYS,PCX,NYSEArca,ETF,Federated Hermes Short Duration High Yield ETF
FIAT,PCX,NYSEArca,ETF,YieldMax Short COIN Option Income Strategy ETF
FIAX,PCX,NYSEArca,ETF,Nicholas Fixed Income Alternative ETF
FIDI,PCX,NYSEArca,ETF,Fidelity International High Dividend ETF
FIDU,PCX,NYSEArca,ETF,Fidelity MSCI Industrials Index ETF
FIGB,PCX,NYSEArca,ETF,Fidelity Investment Grade Bond ETF
FIIG,PCX,NYSEArca,ETF,First Trust Intermediate Duration Investment Grade Corporate ETF
FILL,PCX,NYSEArca,ETF,iShares U.S. Power Infrastructure ETF
FISR,PCX,NYSEArca,ETF,State Street Fixed Income Sector Rotation ETF
FITE,PCX,NYSEArca,ETF,State Street SPDR S&P Kensho Future Security ETF
FIVA,PCX,NYSEArca,ETF,Fidelity International Value Factor ETF
FIW,PCX,NYSEArca,ETF,First Trust Water ETF
FLBR,PCX,NYSEArca,ETF,Franklin FTSE Brazil ETF
FLCA,PCX,NYSEArca,ETF,Franklin FTSE Canada ETF
FLCB,PCX,NYSEArca,ETF,Franklin U.S. Core Bond ETF
FLCC,PCX,NYSEArca,ETF,Federated Hermes MDT Large Cap Core ETF
FLCE,PCX,NYSEArca,ETF,Frontier Asset U.S. Large Cap Equity ETF
FLCG,PCX,NYSEArca,ETF,Federated Hermes MDT Large Cap Growth ETF
FLCH,PCX,NYSEArca,ETF,Franklin FTSE China ETF
FLCO,PCX,NYSEArca,ETF,Franklin Investment Grade Corporate ETF
FLEE,PCX,NYSEArca,ETF,Franklin FTSE Europe ETF
FLEU,PCX,NYSEArca,ETF,Franklin FTSE Eurozone ETF
FLGB,PCX,NYSEArca,ETF,Franklin FTSE United Kingdom ETF
FLGR,PCX,NYSEArca,ETF,Franklin FTSE Germany ETF
FLGV,PCX,NYSEArca,ETF,Franklin U.S. Treasury Bond ETF
FLIN,PCX,NYSEArca,ETF,Franklin FTSE India ETF
FLJH,PCX,NYSEArca,ETF,Franklin FTSE Japan Hedged ETF
FLJP,PCX,NYSEArca,ETF,Franklin FTSE Japan ETF
FLKR,PCX,NYSEArca,ETF,Franklin FTSE South Korea ETF
FLLA,PCX,NYSEArca,ETF,Franklin FTSE Latin America ETF
FLMB,PCX,NYSEArca,ETF,Franklin Municipal Green Bond ETF
FLMI,PCX,NYSEArca,ETF,Franklin Dynamic Municipal Bond ETF
FLMX,PCX,NYSEArca,ETF,Franklin FTSE Mexico ETF
FLRG,PCX,NYSEArca,ETF,Fidelity U.S. Multifactor ETF
FLRN,PCX,NYSEArca,ETF,State Street SPDR Bloomberg Investment Grade Floating Rate ETF
FLRT,PCX,NYSEArca,ETF,Pacer Aristotle Pacific Floating Rate High Income ETF
FLSP,PCX,NYSEArca,ETF,Franklin Systematic Style Premia ETF
FLSW,PCX,NYSEArca,ETF,Franklin FTSE Switzerland ETF
FLTB,PCX,NYSEArca,ETF,Fidelity Limited Term Bond ETF
FLTR,PCX,NYSEArca,ETF,VanEck IG Floating Rate ETF
FLTW,PCX,NYSEArca,ETF,Franklin FTSE Taiwan ETF
FLUD,PCX,NYSEArca,ETF,Franklin Ultra Short Bond ETF
FLV,PCX,NYSEArca,ETF,American Century Focused Large Cap Value ETF
FMAT,PCX,NYSEArca,ETF,Fidelity MSCI Materials Index ETF
FMDE,PCX,NYSEArca,ETF,Fidelity Enhanced Mid Cap ETF
FMF,PCX,NYSEArca,ETF,First Trust Managed Futures Strategy Fund
FNCL,PCX,NYSEArca,ETF,Fidelity MSCI Financials Index ETF
FNDA,PCX,NYSEArca,ETF,Schwab Fundamental U.S. Small Company ETF
FNDB,PCX,NYSEArca,ETF,Schwab Fundamental U.S. Broad Market ETF
FNDC,PCX,NYSEArca,ETF,Schwab Fundamental International Small Equity ETF
FNDE,PCX,NYSEArca,ETF,Schwab Fundamental Emerging Markets Equity ETF
FNDF,PCX,NYSEArca,ETF,Schwab Fundamental International Equity ETF
FNDX,PCX,NYSEArca,ETF,Schwab Fundamental U.S. Large Company ETF
FNGD,PCX,NYSEArca,ETF,MicroSectors FANG+ Index -3X Inverse Leveraged ETN
FNGG,PCX,NYSEArca,ETF,Direxion Daily NYSE FANG+ Bull 2X Shares
FNGO,PCX,NYSEArca,ETF,MicroSectors FANG+ Index 2X Leveraged ETN
FNGS,PCX,NYSEArca,ETF,MicroSectors FANG+ ETN
FNGU,PCX,NYSEArca,ETF,MicroSectors FANG+ 3X Leveraged
FOVL,PCX,NYSEArca,ETF,iShares Focused Value Factor ETF
FOXY,PCX,NYSEArca,ETF,Simplify Currency Strategy ETF
FPE,PCX,NYSEArca,ETF,First Trust Preferred Securities and Income ETF
FPEI,PCX,NYSEArca,ETF,First Trust Institutional Preferred Securities and Income ETF
FPX,PCX,NYSEArca,ETF,First Trust US Equity Opportunities ETF
FQAL,PCX,NYSEArca,ETF,Fidelity Quality Factor ETF
FREL,PCX,NYSEArca,ETF,Fidelity MSCI Real Estate Index ETF
FRI,PCX,NYSEArca,ETF,First Trust S&P REIT Index Fund
FRTY,PCX,NYSEArca,ETF,Alger Mid Cap 40 ETF
FSCC,PCX,NYSEArca,ETF,Federated Hermes MDT Small Cap Core ETF
FSEC,PCX,NYSEArca,ETF,Fidelity Investment Grade Securitized ETF
FSIG,PCX,NYSEArca,ETF,First Trust Limited Duration Investment Grade Corporate ETF
FSMB,PCX,NYSEArca,ETF,First Trust Short Duration Managed Municipal ETF
FSMD,PCX,NYSEArca,ETF,Fidelity Small-Mid Multifactor ETF
FSTA,PCX,NYSEArca,ETF,Fidelity MSCI Consumer Staples Index ETF
FSYD,PCX,NYSEArca,ETF,Fidelity Sustainable High Yield ETF
FTBI,PCX,NYSEArca,ETF,First Trust Balanced Income ETF
FTCB,PCX,NYSEArca,ETF,First Trust Core Investment Grade ETF
FTEC,PCX,NYSEArca,ETF,Fidelity MSCI Information Technology Index ETF
FTLS,PCX,NYSEArca,ETF,First Trust Long/Short Equity ETF
FTRB,PCX,NYSEArca,ETF,Federated Hermes Total Return Bond ETF
FTSD,PCX,NYSEArca,ETF,Franklin Short Duration U.S. Government ETF
FUMB,PCX,NYSEArca,ETF,First Trust Ultra Short Duration Municipal ETF
FUTY,PCX,NYSEArca,ETF,Fidelity MSCI Utilities Index ETF
FVAL,PCX,NYSEArca,ETF,Fidelity Value Factor ETF
FVD,PCX,NYSEArca,ETF,First Trust Value Line Dividend Index Fund
FWD,PCX,NYSEArca,ETF,AB Disruptors ETF
FXA,PCX,NYSEArca,ETF,Invesco CurrencyShares Australian Dollar Trust
FXB,PCX,NYSEArca,ETF,Invesco CurrencyShares British Pound Sterling Trust
FXC,PCX,NYSEArca,ETF,Invesco CurrencyShares Canadian Dollar Trust
FXD,PCX,NYSEArca,ETF,First Trust Consumer Discretionary AlphaDEX Fund
FXE,PCX,NYSEArca,ETF,Invesco CurrencyShares Euro Currency Trust
FXF,PCX,NYSEArca,ETF,Invesco CurrencyShares Swiss Franc Trust
FXG,PCX,NYSEArca,ETF,First Trust Consumer Staples AlphaDEX Fund
FXH,PCX,NYSEArca,ETF,First Trust Health Care AlphaDEX Fund
FXI,PCX,NYSEArca,ETF,iShares China Large-Cap ETF
FXL,PCX,NYSEArca,ETF,First Trust Technology AlphaDEX Fund
FXN,PCX,NYSEArca,ETF,First Trust Energy AlphaDEX Fund
FXO,PCX,NYSEArca,ETF,First Trust Financials AlphaDEX Fund
FXR,PCX,NYSEArca,ETF,First Trust Industrials/Producer Durables AlphaDEX Fund
FXU,PCX,NYSEArca,ETF,First Trust Utilities AlphaDEX Fund
FXY,PCX,NYSEArca,ETF,Invesco CurrencyShares Japanese Yen Trust
FXZ,PCX,NYSEArca,ETF,First Trust Materials AlphaDEX Fund
GABF,PCX,NYSEArca,ETF,Gabelli Financial Services Opportunities ETF
GAEM,PCX,NYSEArca,ETF,Simplify Gamma Emerging Market Bond ETF
GAL,PCX,NYSEArca,ETF,State Street Global Allocation ETF
GBF,PCX,NYSEArca,ETF,iShares Government/Credit Bond ETF
GBIL,PCX,NYSEArca,ETF,Goldman Sachs Access Treasury 0-1 Year ETF
GBTC,PCX,NYSEArca,ETF,Grayscale Bitcoin Trust ETF
GCAL,PCX,NYSEArca,ETF,Goldman Sachs Dynamic California Municipal Income ETF
GCC,PCX,NYSEArca,ETF,WisdomTree Enhanced Commodity Strategy Fund
GCOR,PCX,NYSEArca,ETF,Goldman Sachs Access U.S. Aggregate Bond ETF
GDX,PCX,NYSEArca,ETF,VanEck Gold Miners ETF
GDXD,PCX,NYSEArca,ETF,MicroSectors Gold Miners -3X Inverse Leveraged ETNs
GDXJ,PCX,NYSEArca,ETF,VanEck Junior Gold Miners ETF
GDXU,PCX,NYSEArca,ETF,MicroSectors Gold Miners 3X Leveraged ETNs
GDXY,PCX,NYSEArca,ETF,YieldMax Gold Miners Option Income Strategy ETF
GEM,PCX,NYSEArca,ETF,Goldman Sachs ActiveBeta Emerging Markets Equity ETF
GENT,PCX,NYSEArca,ETF,Genter Capital Taxable Quality Intermediate ETF
GGME,PCX,NYSEArca,ETF,Invesco Next Gen Media and Gaming ETF
GGUS,PCX,NYSEArca,ETF,Goldman Sachs MarketBeta Russell 1000 Growth Equity ETF
GHYB,PCX,NYSEArca,ETF,Goldman Sachs Access High Yield Corporate Bond ETF
GIAX,PCX,NYSEArca,ETF,Nicholas Global Equity and Income ETF
GIGB,PCX,NYSEArca,ETF,Goldman Sachs Access Investment Grade Corporate Bond ETF
GII,PCX,NYSEArca,ETF,State Street SPDR S&P Global Infrastructure ETF
GINN,PCX,NYSEArca,ETF,Goldman Sachs Innovate Equity ETF
GLD,PCX,NYSEArca,ETF,SPDR Gold Shares
GLDM,PCX,NYSEArca,ETF,SPDR Gold MiniShares
GLIN,PCX,NYSEArca,ETF,VanEck India Growth Leaders ETF
GLL,PCX,NYSEArca,ETF,ProShares UltraShort Gold
GLOF,PCX,NYSEArca,ETF,iShares Global Equity Factor ETF
GLRY,PCX,NYSEArca,ETF,Inspire Momentum ETF
GLTR,PCX,NYSEArca,ETF,abrdn Physical Precious Metals Basket Shares ETF
GMF,PCX,NYSEArca,ETF,State Street SPDR S&P Emerging Asia Pacific ETF
GMOI,PCX,NYSEArca,ETF,GMO International Value ETF
GMOV,PCX,NYSEArca,ETF,GMO U.S. Value ETF
GMUB,PCX,NYSEArca,ETF,Goldman Sachs Municipal Income ETF
GNR,PCX,NYSEArca,ETF,State Street SPDR S&P Global Natural Resources ETF
GOAU,PCX,NYSEArca,ETF,U.S. Global GO GOLD and Precious Metal Miners ETF
GOEX,PCX,NYSEArca,ETF,Global X Gold Explorers ETF
GOOY,PCX,NYSEArca,ETF,YieldMax GOOGL Option Income Strategy ETF
GPTY,PCX,NYSEArca,ETF,YieldMax AI & Tech Portfolio Option Income ETF
GQI,PCX,NYSEArca,ETF,Natixis Gateway Quality Income ETF
GQRE,PCX,NYSEArca,ETF,FlexShares Global Quality Real Estate Index Fund
GREK,PCX,NYSEArca,ETF,Global X MSCI Greece ETF
GRNB,PCX,NYSEArca,ETF,VanEck Green Bond ETF
GRNY,PCX,NYSEArca,ETF,Fundstrat Granny Shots US Large Cap ETF
GRPM,PCX,NYSEArca,ETF,Invesco S&P MidCap 400 GARP ETF
GSC,PCX,NYSEArca,ETF,Goldman Sachs Small Cap Equity ETF
GSEU,PCX,NYSEArca,ETF,Goldman Sachs ActiveBeta Europe Equity ETF
GSG,PCX,NYSEArca,ETF,iShares S&P GSCI Commodity-Indexed Trust
GSIE,PCX,NYSEArca,ETF,Goldman Sachs ActiveBeta International Equity ETF
GSJY,PCX,NYSEArca,ETF,Goldman Sachs ActiveBeta Japan Equity ETF
GSLC,PCX,NYSEArca,ETF,Goldman Sachs ActiveBeta U.S. Large Cap Equity ETF
GSPY,PCX,NYSEArca,ETF,Gotham Enhanced 500 ETF
GSSC,PCX,NYSEArca,ETF,Goldman Sachs ActiveBeta U.S. Small Cap Equity ETF
GSY,PCX,NYSEArca,ETF,Invesco Ultra Short Duration ETF
GTEK,PCX,NYSEArca,ETF,Goldman Sachs Future Tech Leaders Equity ETF
GTO,PCX,NYSEArca,ETF,Invesco Total Return Bond ETF
GUNR,PCX,NYSEArca,ETF,FlexShares Morningstar Global Upstream Natural Resources Index Fund
GUSH,PCX,NYSEArca,ETF,Direxion Daily S&P Oil & Gas Exp. & Prod. Bull 2X Shares
GVIP,PCX,NYSEArca,ETF,Goldman Sachs Hedge Industry VIP ETF
GVUS,PCX,NYSEArca,ETF,Goldman Sachs MarketBeta Russell 1000 Value Equity ETF
GWX,PCX,NYSEArca,ETF,State Street SPDR S&P International Small Cap ETF
GXC,PCX,NYSEArca,ETF,State Street SPDR S&P China ETF
HACK,PCX,NYSEArca,ETF,Amplify Cybersecurity ETF
HAP,PCX,NYSEArca,ETF,VanEck Natural Resources ETF
HARD,PCX,NYSEArca,ETF,Simplify Commodities Strategy No K-1 ETF
HAUZ,PCX,NYSEArca,ETF,Xtrackers International Real Estate ETF
HAWX,PCX,NYSEArca,ETF,iShares Currency Hedged MSCI ACWI ex U.S. ETF
HBTA,PCX,NYSEArca,ETF,Horizon Expedition Plus ETF
HCMT,PCX,NYSEArca,ETF,Direxion HCM Tactical Enhanced U.S. Equity Strategy ETF
HDEF,PCX,NYSEArca,ETF,Xtrackers MSCI EAFE High Dividend Yield Equity ETF
HDGE,PCX,NYSEArca,ETF,AdvisorShares Ranger Equity Bear ETF
HDMV,PCX,NYSEArca,ETF,First Trust Horizon Managed Volatility Developed International ETF
HDUS,PCX,NYSEArca,ETF,Hartford Disciplined US Equity ETF
HDV,PCX,NYSEArca,ETF,iShares Core High Dividend ETF
HEDJ,PCX,NYSEArca,ETF,WisdomTree Europe Hedged Equity Fund
HELO,PCX,NYSEArca,ETF,Jpmorgan Hedged Equity Laddered Overlay ETF
HEQT,PCX,NYSEArca,ETF,Simplify Hedged Equity ETF
HEWJ,PCX,NYSEArca,ETF,iShares Currency Hedged MSCI Japan ETF
HEZU,PCX,NYSEArca,ETF,iShares Currency Hedged MSCI Eurozone ETF
HFXI,PCX,NYSEArca,ETF,NYLI FTSE International Equity Currency Neutral ETF
HIBL,PCX,NYSEArca,ETF,Direxion Daily S&P 500 High Beta Bull 3X Shares
HIBS,PCX,NYSEArca,ETF,Direxion Daily S&P 500 High Beta Bear 3X Shares
HIDV,PCX,NYSEArca,ETF,AB US High Dividend ETF
HIGH,PCX,NYSEArca,ETF,Simplify Enhanced Income ETF
HIPS,PCX,NYSEArca,ETF,GraniteShares HIPS US High Income ETF
HMOP,PCX,NYSEArca,ETF,Hartford Municipal Opportunities ETF
HOLD,PCX,NYSEArca,EQUITY,Harbor Alpha Layering ETF
HOOY,PCX,NYSEArca,ETF,YieldMax HOOD Option Income Strategy ETF
HSBH,PCX,NYSEArca,ETF,HSBC Holdings PLC ADRhedged
HSCZ,PCX,NYSEArca,ETF,iShares Currency Hedged MSCI EAFE Small-Cap ETF
HTAB,PCX,NYSEArca,ETF,Hartford Schroders Tax-Aware Bond ETF
HTAX,PCX,NYSEArca,ETF,Nomura National High-Yield Municipal Bond ETF
HTRB,PCX,NYSEArca,ETF,Hartford Total Return Bond ETF
HUSV,PCX,NYSEArca,ETF,First Trust Horizon Managed Volatility Domestic ETF
HYBB,PCX,NYSEArca,ETF,iShares BB Rated Corporate Bond ETF
HYDW,PCX,NYSEArca,ETF,Xtrackers Low Beta High Yield Bond ETF
HYEM,PCX,NYSEArca,ETF,VanEck Emerging Markets High Yield Bond ETF
HYFI,PCX,NYSEArca,ETF,AB High Yield ETF
HYG,PCX,NYSEArca,ETF,iShares iBoxx $ High Yield Corporate Bond ETF
HYGH,PCX,NYSEArca,ETF,iShares Interest Rate Hedged High Yield Bond ETF
HYGV,PCX,NYSEArca,ETF,FlexShares High Yield Value-Scored Bond Index Fund
HYLB,PCX,NYSEArca,ETF,Xtrackers USD High Yield Corporate Bond ETF
HYMB,PCX,NYSEArca,ETF,State Street SPDR Nuveen ICE High Yield Municipal Bond ETF
HYS,PCX,NYSEArca,ETF,PIMCO 0-5 Year High Yield Corporate Bond Index Exchange-Traded Fund
HYSD,PCX,NYSEArca,ETF,Columbia Short Duration High Yield ETF
HYTI,PCX,NYSEArca,ETF,FT Vest High Yield & Target Income ETF
IAI,PCX,NYSEArca,ETF,iShares U.S. Broker-Dealers & Securities Exchanges ETF
IAK,PCX,NYSEArca,ETF,iShares U.S. Insurance ETF
IAPR,PCX,NYSEArca,ETF,Innovator International Developed Power Buffer ETF - April
IAT,PCX,NYSEArca,ETF,iShares U.S. Regional Banks ETF
IAU,PCX,NYSEArca,ETF,iShares Gold Trust
IAUG,PCX,NYSEArca,ETF,Innovator International Developed Power Buffer ETF - August
IAUM,PCX,NYSEArca,ETF,iShares Gold Trust Micro
IBCA,PCX,NYSEArca,ETF,iShares iBonds Dec 2035 Term Corporate ETF
IBD,PCX,NYSEArca,ETF,Inspire Corporate Bond ETF
IBDQ,PCX,NYSEArca,ETF,iShares iBonds Dec 2025 Term Corporate ETF
IBDR,PCX,NYSEArca,ETF,iShares iBonds Dec 2026 Term Corporate ETF
IBDS,PCX,NYSEArca,ETF,iShares iBonds Dec 2027 Term Corporate ETF
IBDT,PCX,NYSEArca,ETF,iShares iBonds Dec 2028 Term Corporate ETF
IBDU,PCX,NYSEArca,ETF,iShares iBonds Dec 2029 Term Corporate ETF
IBDV,PCX,NYSEArca,ETF,iShares iBonds Dec 2030 Term Corporate ETF
IBDW,PCX,NYSEArca,ETF,iShares iBonds Dec 2031 Term Corporate ETF
IBDX,PCX,NYSEArca,ETF,iShares iBonds Dec 2032 Term Corporate ETF
IBDY,PCX,NYSEArca,ETF,iShares iBonds Dec 2033 Term Corporate ETF
IBDZ,PCX,NYSEArca,ETF,iShares iBonds Dec 2034 Term Corporate ETF
IBIB,PCX,NYSEArca,ETF,iShares iBonds Oct 2025 Term TIPS ETF
IBIC,PCX,NYSEArca,ETF,iShares iBonds Oct 2026 Term TIPS ETF
IBID,PCX,NYSEArca,ETF,iShares iBonds Oct 2027 Term TIPS ETF
IBIE,PCX,NYSEArca,ETF,iShares iBonds Oct 2028 Term TIPS ETF
IBIG,PCX,NYSEArca,ETF,iShares iBonds Oct 2030 Term TIPS ETF
IBIK,PCX,NYSEArca,ETF,iShares iBonds Oct 2034 Term TIPS ETF
IBLC,PCX,NYSEArca,ETF,iShares Blockchain and Tech ETF
IBND,PCX,NYSEArca,ETF,SPDR Bloomberg International Corporate Bond ETF
IBUF,PCX,NYSEArca,ETF,Innovator International Developed 10 Buffer ETF - Quarterly
IBUY,PCX,NYSEArca,ETF,Amplify Online Retail ETF
ICAP,PCX,NYSEArca,ETF,Infrastructure Capital Equity Income Fund ETF
ICOI,PCX,NYSEArca,ETF,Bitwise COIN Option Income Strategy ETF
IDEV,PCX,NYSEArca,ETF,iShares Core MSCI International Developed Markets ETF
IDGT,PCX,NYSEArca,ETF,iShares U.S. Digital Infrastructure and Real Estate ETF
IDHQ,PCX,NYSEArca,ETF,Invesco S&P International Developed Quality ETF
IDLV,PCX,NYSEArca,ETF,Invesco S&P International Developed Low Volatility ETF
IDMO,PCX,NYSEArca,ETF,Invesco S&P International Developed Momentum ETF
IDNA,PCX,NYSEArca,ETF,iShares Genomics Immunology and Healthcare ETF
IDOG,PCX,NYSEArca,ETF,ALPS International Sector Dividend Dogs ETF
IDRV,PCX,NYSEArca,ETF,iShares Self-Driving EV and Tech ETF
IDU,PCX,NYSEArca,ETF,iShares U.S. Utilities ETF
IDVO,PCX,NYSEArca,ETF,Amplify CWP International Enhanced Dividend Income ETF
IDX,PCX,NYSEArca,ETF,VanEck Indonesia Index ETF
IEMG,PCX,NYSEArca,ETF,iShares Core MSCI Emerging Markets ETF
IEQ,PCX,NYSEArca,ETF,Lazard Active ETF Trust - Lazard International Dynamic Equity ETF
IEUR,PCX,NYSEArca,ETF,iShares Core MSCI Europe ETF
IEV,PCX,NYSEArca,ETF,iShares Europe ETF
IEZ,PCX,NYSEArca,ETF,iShares U.S. Oil Equipment & Services ETF
IG,PCX,NYSEArca,ETF,Principal Investment Grade Corporate Active ETF
IGBH,PCX,NYSEArca,ETF,iShares Interest Rate Hedged Long-Term Corporate Bond ETF
IGLB,PCX,NYSEArca,ETF,iShares 10+ Year Investment Grade Corporate Bond ETF
IGM,PCX,NYSEArca,ETF,iShares Expanded Tech Sector ETF
IGPT,PCX,NYSEArca,ETF,Invesco AI and Next Gen Software ETF
IGTR,PCX,NYSEArca,ETF,Innovator Gradient Tactical Rotation Strategy ETF
IHAK,PCX,NYSEArca,ETF,iShares Cybersecurity and Tech ETF
IHDG,PCX,NYSEArca,ETF,WisdomTree International Hedged Quality Dividend Growth Fund
IHE,PCX,NYSEArca,ETF,iShares U.S. Pharmaceuticals ETF
IHF,PCX,NYSEArca,ETF,iShares U.S. Healthcare Providers ETF
IHI,PCX,NYSEArca,ETF,iShares U.S. Medical Devices ETF
IHY,PCX,NYSEArca,ETF,VanEck International High Yield Bond ETF
IJAN,PCX,NYSEArca,ETF,Innovator International Developed Power Buffer ETF - January
IJH,PCX,NYSEArca,ETF,iShares Core S&P Mid-Cap ETF
IJJ,PCX,NYSEArca,ETF,iShares S&P Mid-Cap 400 Value ETF
IJK,PCX,NYSEArca,ETF,iShares S&P Mid-Cap 400 Growth ETF
IJR,PCX,NYSEArca,ETF,iShares Core S&P Small-Cap ETF
IJS,PCX,NYSEArca,ETF,iShares S&P Small-Cap 600 Value ETF
IJUL,PCX,NYSEArca,ETF,Innovator International Developed Power Buffer ETF - July
IJUN,PCX,NYSEArca,ETF,Innovator International Developed Power Buffer ETF - June
ILCB,PCX,NYSEArca,ETF,iShares Morningstar U.S. Equity ETF
ILCG,PCX,NYSEArca,ETF,iShares Morningstar Growth ETF
ILCV,PCX,NYSEArca,ETF,iShares Morningstar Value ETF
ILDR,PCX,NYSEArca,ETF,First Trust Innovation Leaders ETF
ILF,PCX,NYSEArca,ETF,iShares Latin America 40 ETF
ILOW,PCX,NYSEArca,ETF,AB International Low Volatility Equity ETF
ILTB,PCX,NYSEArca,ETF,iShares Core 10+ Year USD Bond ETF
IMAR,PCX,NYSEArca,ETF,Innovator International Developed Power Buffer ETF - March
IMAY,PCX,NYSEArca,ETF,Innovator International Developed Power Buffer ETF - May
IMCB,PCX,NYSEArca,ETF,iShares Morningstar Mid-Cap ETF
IMCG,PCX,NYSEArca,ETF,iShares Morningstar Mid-Cap Growth ETF
IMRA,PCX,NYSEArca,ETF,Bitwise MARA Option Income Strategy ETF
IMST,PCX,NYSEArca,ETF,Bitwise MSTR Option Income Strategy ETF
IMTB,PCX,NYSEArca,ETF,iShares Core 5-10 Year USD Bond ETF
IMTM,PCX,NYSEArca,ETF,iShares MSCI Intl Momentum Factor ETF
INCE,PCX,NYSEArca,ETF,Franklin Income Equity Focus ETF
INCM,PCX,NYSEArca,ETF,Franklin Income Focus ETF
INCO,PCX,NYSEArca,ETF,Columbia India Consumer ETF
INDL,PCX,NYSEArca,ETF,Direxion Daily MSCI India Bull 2x Shares
INDS,PCX,NYSEArca,ETF,Pacer Benchmark Industrial Real Estate SCTR ETF
INFL,PCX,NYSEArca,ETF,Horizon Kinetics Inflation Beneficiaries ETF
INMU,PCX,NYSEArca,ETF,iShares Intermediate Muni Income Active ETF
INQQ,PCX,NYSEArca,ETF,INQQ The India Internet ETF
INTF,PCX,NYSEArca,ETF,iShares International Equity Factor ETF
IOCT,PCX,NYSEArca,ETF,Innovator International Developed Power Buffer ETF- October
IOO,PCX,NYSEArca,ETF,iShares Global 100 ETF
IPAC,PCX,NYSEArca,ETF,iShares Core MSCI Pacific ETF
IPAY,PCX,NYSEArca,ETF,Amplify Digital Payments ETF
IPO,PCX,NYSEArca,ETF,Renaissance IPO ETF
IQDF,PCX,NYSEArca,ETF,FlexShares International Quality Dividend Index Fund
IQDY,PCX,NYSEArca,ETF,FlexShares International Quality Dividend Dynamic Index Fund
IQHI,PCX,NYSEArca,ETF,NYLI MacKay High Income ETF
IQLT,PCX,NYSEArca,ETF,iShares MSCI Intl Quality Factor ETF
IQSI,PCX,NYSEArca,ETF,NYLI Candriam International Equity ETF
IQSM,PCX,NYSEArca,ETF,NYLI Candriam U.S. Mid Cap Equity ETF
IQSU,PCX,NYSEArca,ETF,NYLI Candriam U.S. Large Cap Equity ETF
IRTR,PCX,NYSEArca,ETF,Ishares Lifepath Retirement ETF
ISCB,PCX,NYSEArca,ETF,iShares Morningstar Small-Cap ETF
ISCF,PCX,NYSEArca,ETF,iShares MSCI Intl Small-Cap Multifactor ETF
ISCG,PCX,NYSEArca,ETF,iShares Morningstar Small-Cap Growth ETF
ISCV,PCX,NYSEArca,ETF,iShares Morningstar Small-Cap Value ETF
ISEP,PCX,NYSEArca,ETF,Innovator International Developed Power Buffer ETF - September
ISMD,PCX,NYSEArca,ETF,Inspire Small/Mid Cap ETF
ISRA,PCX,NYSEArca,ETF,VanEck Israel ETF
ITDB,PCX,NYSEArca,ETF,Ishares Lifepath Target Date 2030 ETF
ITDC,PCX,NYSEArca,ETF,Ishares Lifepath Target Date 2035 ETF
ITDD,PCX,NYSEArca,ETF,Ishares Lifepath Target Date 2040 ETF
ITDE,PCX,NYSEArca,ETF,Ishares Lifepath Target Date 2045 ETF
ITDF,PCX,NYSEArca,ETF,Ishares Lifepath Target Date 2050 ETF
ITEQ,PCX,NYSEArca,ETF,Amplify Bluestar Israel Technology ETF
ITOT,PCX,NYSEArca,ETF,iShares Core S&P Total U.S. Stock Market ETF
IVE,PCX,NYSEArca,ETF,iShares S&P 500 Value ETF
IVES,PCX,NYSEArca,ETF,Dan IVES Wedbush AI Revolution ETF
IVLU,PCX,NYSEArca,ETF,iShares Edge MSCI Intl Value Factor ETF
IVOG,PCX,NYSEArca,ETF,Vanguard S&P Mid-Cap 400 Growth Index Fund ETF Shares
IVOL,PCX,NYSEArca,ETF,Quadratic Interest Rate Volatility and Inflation Hedge ETF New
IVOO,PCX,NYSEArca,ETF,Vanguard S&P Mid-Cap 400 Index Fund ETF Shares
IVOV,PCX,NYSEArca,ETF,Vanguard S&P Mid-Cap 400 Value Index Fund ETF Shares
IVV,PCX,NYSEArca,ETF,iShares Core S&P 500 ETF
IVW,PCX,NYSEArca,ETF,iShares S&P 500 Growth ETF
IWB,PCX,NYSEArca,ETF,iShares Russell 1000 ETF
IWC,PCX,NYSEArca,ETF,iShares Micro-Cap ETF
IWD,PCX,NYSEArca,ETF,iShares Russell 1000 Value ETF
IWF,PCX,NYSEArca,ETF,iShares Russell 1000 Growth ETF
IWL,PCX,NYSEArca,ETF,iShares Russell Top 200 ETF
IWLG,PCX,NYSEArca,ETF,NYLI Winslow Large Cap Growth ETF
IWM,PCX,NYSEArca,ETF,iShares Russell 2000 ETF
IWMY,PCX,NYSEArca,ETF,Defiance R2000 Target 30 Weekly Distribution ETF
IWN,PCX,NYSEArca,ETF,iShares Russell 2000 Value ETF
IWO,PCX,NYSEArca,ETF,iShares Russell 2000 Growth ETF
IWP,PCX,NYSEArca,ETF,iShares Russell Mid-Cap Growth ETF
IWR,PCX,NYSEArca,ETF,iShares Russell Mid-Cap ETF
IWS,PCX,NYSEArca,ETF,iShares Russell Mid-Cap Value ETF
IWV,PCX,NYSEArca,ETF,iShares Russell 3000 ETF
IWX,PCX,NYSEArca,ETF,iShares Russell Top 200 Value ETF
IWY,PCX,NYSEArca,ETF,iShares Russell Top 200 Growth ETF
IXC,PCX,NYSEArca,ETF,iShares Global Energy ETF
IXG,PCX,NYSEArca,ETF,iShares Global Financials ETF
IXJ,PCX,NYSEArca,ETF,iShares Global Healthcare ETF
IXN,PCX,NYSEArca,ETF,iShares Global Tech ETF
IXP,PCX,NYSEArca,ETF,iShares Global Comm Services ETF
IYC,PCX,NYSEArca,ETF,iShares US Consumer Discretionary ETF
IYE,PCX,NYSEArca,ETF,iShares U.S. Energy ETF
IYF,PCX,NYSEArca,ETF,iShares U.S. Financials ETF
IYG,PCX,NYSEArca,ETF,iShares U.S. Financial Services ETF
IYH,PCX,NYSEArca,ETF,iShares U.S. Healthcare ETF
IYK,PCX,NYSEArca,ETF,iShares US Consumer Staples ETF
IYM,PCX,NYSEArca,ETF,iShares U.S. Basic Materials ETF
IYR,PCX,NYSEArca,ETF,iShares U.S. Real Estate ETF
IYW,PCX,NYSEArca,ETF,iShares U.S. Technology ETF
IYY,PCX,NYSEArca,ETF,iShares Dow Jones U.S. ETF
JAAA,PCX,NYSEArca,ETF,Janus Henderson AAA CLO ETF
JAVA,PCX,NYSEArca,ETF,JPMorgan Active Value ETF
JDST,PCX,NYSEArca,ETF,Direxion Daily Junior Gold Miners Index Bear 2X Shares
JEMB,PCX,NYSEArca,ETF,Janus Henderson Emerging Market
JEPI,PCX,NYSEArca,ETF,JPMorgan Equity Premium Income ETF
JETS,PCX,NYSEArca,ETF,U.S. Global Jets ETF
JFLI,PCX,NYSEArca,ETF,JPMorgan Flexible Income ETF
JGRO,PCX,NYSEArca,ETF,JPMorgan Active Growth ETF
JGRW,PCX,NYSEArca,ETF,Jensen Quality Growth ETF
JHCB,PCX,NYSEArca,ETF,John Hancock Corporate Bond ETF
JHEM,PCX,NYSEArca,ETF,John Hancock Multifactor Emerging Markets ETF
JHMB,PCX,NYSEArca,ETF,John Hancock Mortgage Backed Securities ETF
JHMD,PCX,NYSEArca,ETF,John Hancock Multifactor Developed International ETF
JHML,PCX,NYSEArca,ETF,John Hancock Multifactor Large Cap ETF
JHMM,PCX,NYSEArca,ETF,John Hancock Multifactor Mid Cap ETF
JHPI,PCX,NYSEArca,ETF,John Hancock Preferred Income ETF
JHSC,PCX,NYSEArca,ETF,John Hancock Multifactor Small Cap ETF
JIG,PCX,NYSEArca,ETF,JPMorgan International Growth ETF
JIII,PCX,NYSEArca,ETF,Janus Henderson Income ETF
JIRE,PCX,NYSEArca,ETF,JPMorgan International Research Enhanced Equity ETF
JMBS,PCX,NYSEArca,ETF,Janus Henderson Mortgage-Backed Securities ETF
JMEE,PCX,NYSEArca,ETF,JPMorgan Small & Mid Cap Enhanced Equity ETF
JMHI,PCX,NYSEArca,ETF,J P Morgan Exchange-Traded Fund Trust - High Yield Municipal Etf Fund
JMOM,PCX,NYSEArca,ETF,JPMorgan U.S. Momentum Factor ETF
JMSI,PCX,NYSEArca,ETF,J P Morgan Exchange-Traded Fund Trust - Sustainable Municipal Income Etf Fund
JNK,PCX,NYSEArca,ETF,State Street SPDR Bloomberg High Yield Bond ETF
JNUG,PCX,NYSEArca,ETF,Direxion Daily Junior Gold Miners Index Bull 2X Shares
JOET,PCX,NYSEArca,ETF,Virtus Terranova U.S. Quality Momentum ETF
JPEM,PCX,NYSEArca,ETF,JPMorgan Diversified Return Emerging Markets Equity ETF
JPIE,PCX,NYSEArca,ETF,JPMorgan Income ETF
JPIN,PCX,NYSEArca,ETF,JPMorgan Diversified Return International Equity ETF
JPMB,PCX,NYSEArca,ETF,JPMorgan USD Emerging Markets Sovereign Bond ETF
JPME,PCX,NYSEArca,ETF,JPMorgan Diversified Return U.S. Mid Cap Equity ETF
JPMO,PCX,NYSEArca,ETF,YieldMax JPM Option Income Strategy ETF
JPRE,PCX,NYSEArca,ETF,JPMorgan Realty Income ETF
JPSE,PCX,NYSEArca,ETF,JPMorgan Diversified Return U.S. Small Cap Equity ETF
JPST,PCX,NYSEArca,ETF,JPMorgan Ultra-Short Income ETF
JPUS,PCX,NYSEArca,ETF,JPMorgan Diversified Return U.S. Equity ETF
JPXN,PCX,NYSEArca,ETF,iShares JPX-Nikkei 400 ETF
JQUA,PCX,NYSEArca,ETF,JPMorgan U.S. Quality Factor ETF
JSCP,PCX,NYSEArca,ETF,JPMorgan Short Duration Core Plus ETF
JSI,PCX,NYSEArca,ETF,Janus Henderson Securitized Income ETF
JSTC,PCX,NYSEArca,ETF,Adasina Social Justice All Cap Global ETF
JUST,PCX,NYSEArca,ETF,Goldman Sachs JUST U.S. Large Cap Equity ETF
JVAL,PCX,NYSEArca,ETF,JPMorgan U.S. Value Factor ETF
JXI,PCX,NYSEArca,ETF,iShares Global Utilities ETF
KARS,PCX,NYSEArca,ETF,KraneShares Electric Vehicles and Future Mobility Index ETF
KBA,PCX,NYSEArca,ETF,KraneShares Bosera MSCI China A 50 Connect Index ETF
KBE,PCX,NYSEArca,ETF,State Street SPDR S&P Bank ETF
KCCA,PCX,NYSEArca,ETF,KraneShares California Carbon Allowance ETF
KCE,PCX,NYSEArca,ETF,State Street SPDR S&P Capital Markets ETF
KCSH,PCX,NYSEArca,ETF,Kraneshares Sustainable Ultra Short Duration Index ETF
KDEF,PCX,NYSEArca,ETF,PLUS Korea Defense Industry Index ETF
KEMX,PCX,NYSEArca,ETF,KraneShares MSCI Emerging Markets ex China Index ETF
KGRN,PCX,NYSEArca,ETF,KraneShares MSCI China Clean Technology ETF
KIE,PCX,NYSEArca,ETF,State Street SPDR S&P Insurance ETF
KLIP,PCX,NYSEArca,ETF,KraneShares KWEB Covered Call Strategy ETF
KLMN,PCX,NYSEArca,ETF,Invesco MSCI North America Climate ETF
KMLM,PCX,NYSEArca,ETF,KraneShares Mount Lucas Managed Futures Index Strategy ETF
KNO,PCX,NYSEArca,ETF,AXS Knowledge Leaders ETF
KNRG,PCX,NYSEArca,ETF,Simplify Kayne Anderson Energy and Infrastructure Credit ETF
KOKU,PCX,NYSEArca,ETF,Xtrackers MSCI Kokusai Equity ETF
KOLD,PCX,NYSEArca,ETF,ProShares UltraShort Bloomberg Natural Gas
KOMP,PCX,NYSEArca,ETF,State Street SPDR S&P Kensho New Economies Composite ETF
KORP,PCX,NYSEArca,ETF,American Century Diversified Corporate Bond ETF
KORU,PCX,NYSEArca,ETF,Direxion Daily South Korea Bull 3X Shares
KRBN,PCX,NYSEArca,ETF,KraneShares Global Carbon ETF
KRE,PCX,NYSEArca,ETF,State Street SPDR S&P Regional Banking ETF
KSA,PCX,NYSEArca,ETF,iShares MSCI Saudi Arabia ETF
KSPY,PCX,NYSEArca,ETF,Kraneshares Hedgeye Hedged Equity Index ETF
KTEC,PCX,NYSEArca,ETF,KraneShares Hang Seng TECH Index ETF
KURE,PCX,NYSEArca,ETF,KraneShares MSCI All China Health Care Index ETF
KVLE,PCX,NYSEArca,ETF,KraneShares Value Line Dynamic Dividend Equity Index ETF
KWEB,PCX,NYSEArca,ETF,KraneShares CSI China Internet ETF
KXI,PCX,NYSEArca,ETF,iShares Global Consumer Staples ETF
LABD,PCX,NYSEArca,ETF,Direxion Daily S&P Biotech Bear 3X Shares
LABU,PCX,NYSEArca,ETF,Direxion Daily S&P Biotech Bull 3X Shares
LCTD,PCX,NYSEArca,ETF,iShares World ex U.S. Carbon Transition Readiness Aware Active ETF
LCTU,PCX,NYSEArca,ETF,iShares U.S. Carbon Transition Readiness Aware Active ETF
LDRT,PCX,NYSEArca,ETF,iShares iBonds 1-5 Year Treasury Ladder ETF
LDUR,PCX,NYSEArca,ETF,PIMCO Enhanced Low Duration Active Exchange-Traded Fund
LEMB,PCX,NYSEArca,ETF,iShares J.P. Morgan EM Local Currency Bond ETF
LFGY,PCX,NYSEArca,ETF,YieldMax Crypto Industry & Tech Portfolio Option Income ETF
LGDX,PCX,NYSEArca,ETF,Intech S&P Large Cap Diversified Alpha ETF
LGH,PCX,NYSEArca,ETF,HCM Defender 500 Index ETF
LGLV,PCX,NYSEArca,ETF,State Street SPDR US Large Cap Low Volatility Index ETF
LGOV,PCX,NYSEArca,ETF,First Trust Long Duration Opportunities ETF
LIT,PCX,NYSEArca,ETF,Global X Lithium & Battery Tech ETF
LLYX,PCX,NYSEArca,ETF,Defiance Daily Target 2X Long LLY ETF
LONZ,PCX,NYSEArca,ETF,PIMCO Senior Loan Active Exchange-Traded Fund
LOUP,PCX,NYSEArca,ETF,Innovator Deepwater Frontier Tech ETF
LOWV,PCX,NYSEArca,ETF,AB US Low Volatility Equity ETF
LPRE,PCX,NYSEArca,ETF,Long Pond Real Estate Select ETF
LQD,PCX,NYSEArca,ETF,iShares iBoxx $ Investment Grade Corporate Bond ETF
LQDH,PCX,NYSEArca,ETF,iShares Interest Rate Hedged Corporate Bond ETF
LQTI,PCX,NYSEArca,ETF,FT Vest Investment Grade & Target Income ETF
LRGC,PCX,NYSEArca,ETF,AB US Large Cap Strategic Equities ETF
LRGF,PCX,NYSEArca,ETF,iShares U.S. Equity Factor ETF
LRGG,PCX,NYSEArca,ETF,Nomura Focused Large Growth ETF
LRNZ,PCX,NYSEArca,ETF,"TrueShares Technology, AI and Deep Learning ETF"
LSAF,PCX,NYSEArca,ETF,LeaderSharesTM AlphaFactor US Core Equity ETF
LSAT,PCX,NYSEArca,ETF,LeaderShares AlphaFactor Tactical Focused ETF
LSGR,PCX,NYSEArca,ETF,Natixis Loomis Sayles Focused Growth ETF
LTL,PCX,NYSEArca,ETF,ProShares Ultra Communication Services
LTPZ,PCX,NYSEArca,ETF,PIMCO 15+ Year U.S. TIPS Index Exchange-Traded Fund
MADE,PCX,NYSEArca,ETF,iShares U.S. Manufacturing ETF
MARO,PCX,NYSEArca,ETF,YieldMax MARA Option Income Strategy ETF
MBOX,PCX,NYSEArca,ETF,Freedom Day Dividend ETF
MBSF,PCX,NYSEArca,ETF,Regan Floating Rate MBS ETF
MBSX,PCX,NYSEArca,ETF,Regan Fixed Rate MBS ETF
MDY,PCX,NYSEArca,ETF,State Street SPDR S&P MIDCAP 400 ETF Trust
MDYG,PCX,NYSEArca,ETF,State Street SPDR S&P 400 Mid Cap Growth ETF
MDYV,PCX,NYSEArca,ETF,State Street SPDR S&P 400 Mid Cap Value ETF
METV,PCX,NYSEArca,ETF,Roundhill Ball Metaverse ETF
MEXX,PCX,NYSEArca,ETF,Direxion Daily MSCI Mexico Bull 3X Shares
MFDX,PCX,NYSEArca,ETF,PIMCO RAFI Dynamic Multi-Factor International Equity ETF
MFUS,PCX,NYSEArca,ETF,PIMCO RAFI Dynamic Multi-Factor U.S. Equity ETF
MGC,PCX,NYSEArca,ETF,Vanguard Mega Cap Index Fund
MGK,PCX,NYSEArca,ETF,Vanguard Mega Cap Growth Index Fund
MGMT,PCX,NYSEArca,ETF,Ballast Small/Mid Cap ETF
MGNR,PCX,NYSEArca,ETF,American Beacon GLG Natural Resources ETF
MGOV,PCX,NYSEArca,ETF,First Trust Intermediate Government Opportunities ETF
MGV,PCX,NYSEArca,ETF,Vanguard Mega Cap Value Index Fund
MIDU,PCX,NYSEArca,ETF,Direxion Daily Mid Cap Bull 3X Shares
MINO,PCX,NYSEArca,ETF,PIMCO Municipal Income Opportunities Active Exchange-Traded Fund
MINT,PCX,NYSEArca,ETF,PIMCO Enhanced Short Maturity Active Exchange-Traded Fund
MINV,PCX,NYSEArca,ETF,Matthews Asia Innovators Active ETF
MISL,PCX,NYSEArca,ETF,First Trust Indxx Aerospace & Defense ETF
MJ,PCX,NYSEArca,ETF,Amplify Alternative Harvest ETF
MKOR,PCX,NYSEArca,ETF,Matthews Korea Active ETF
MLPA,PCX,NYSEArca,ETF,Global X MLP ETF
MLPX,PCX,NYSEArca,ETF,Global X MLP & Energy Infrastructure ETF
MMIN,PCX,NYSEArca,ETF,NYLI MacKay Muni Insured ETF
MMIT,PCX,NYSEArca,ETF,NYLI MacKay Muni Intermediate ETF
MMLG,PCX,NYSEArca,ETF,First Trust Multi-Manager Large Growth ETF
MMTM,PCX,NYSEArca,ETF,State Street SPDR S&P 1500 Momentum Tilt ETF
MNA,PCX,NYSEArca,ETF,NYLI Merger Arbitrage ETF
MNRS,PCX,NYSEArca,ETF,Grayscale Bitcoin Miners ETF
MOO,PCX,NYSEArca,ETF,VanEck Agribusiness ETF
MORT,PCX,NYSEArca,ETF,VanEck Mortgage REIT Income ETF
MRNY,PCX,NYSEArca,ETF,YieldMax MRNA Option Income Strategy ETF
MRSK,PCX,NYSEArca,ETF,Toews Agility Shares Managed Risk ETF
MSFO,PCX,NYSEArca,ETF,YieldMax MSFT Option Income Strategy ETF
MSLC,PCX,NYSEArca,ETF,Morgan Stanley Pathway Large Cap Equity ETF
MSOS,PCX,NYSEArca,ETF,AdvisorShares Pure US Cannabis ETF
MSOX,PCX,NYSEArca,ETF,AdvisorShares MSOS Daily Leveraged ETF
MSSM,PCX,NYSEArca,ETF,Morgan Stanley Pathway Small-Mid Cap Equity ETF
MSTY,PCX,NYSEArca,ETF,Yieldmax MSTR Option Income Strategy ETF
MTBA,PCX,NYSEArca,ETF,Simplify MBS ETF
MTGP,PCX,NYSEArca,ETF,WisdomTree Mortgage Plus Bond Fund
MUB,PCX,NYSEArca,ETF,iShares National Muni Bond ETF
MUNI,PCX,NYSEArca,ETF,PIMCO Intermediate Municipal Bond Active Exchange-Traded Fund
MUSI,PCX,NYSEArca,ETF,American Century Multisector Income ETF
MUST,PCX,NYSEArca,ETF,Columbia Multi-Sector Municipal Income ETF
MVV,PCX,NYSEArca,ETF,ProShares Ultra MidCap400
MXI,PCX,NYSEArca,ETF,iShares Global Materials ETF
MYY,PCX,NYSEArca,ETF,ProShares Short MidCap400
NACP,PCX,NYSEArca,ETF,Impact Shares NAACP Minority Empowerment ETF
NAIL,PCX,NYSEArca,ETF,Direxion Daily Homebuilders & Supplies Bull 3X Shares
NANR,PCX,NYSEArca,ETF,State Street SPDR S&P North American Natural Resources ETF
NBCM,PCX,NYSEArca,ETF,Neuberger Commodity Strategy ETF
NBCR,PCX,NYSEArca,ETF,Neuberger Core Equity ETF
NBOS,PCX,NYSEArca,ETF,Neuberger Option Strategy ETF
NBSD,PCX,NYSEArca,ETF,Neuberger Short Duration Income ETF
NBSM,PCX,NYSEArca,ETF,Neuberger Small-Mid Cap ETF
NCLO,PCX,NYSEArca,ETF,Nuveen AA-BBB CLO ETF
NFLT,PCX,NYSEArca,ETF,Virtus Newfleet Multi-Sector Bond ETF
NFLY,PCX,NYSEArca,ETF,YieldMax NFLX Option Income Strategy ETF
NFRA,PCX,NYSEArca,ETF,FlexShares STOXX Global Broad Infrastructure Index Fund
NHYM,PCX,NYSEArca,ETF,Nuveen High Yield Municipal Income ETF
NJNK,PCX,NYSEArca,ETF,Columbia U.S. High Yield ETF
NLR,PCX,NYSEArca,ETF,VanEck Uranium and Nuclear ETF
NORW,PCX,NYSEArca,ETF,Global X MSCI Norway ETF
NRGU,PCX,NYSEArca,ETF,Microsectors U.S. Big Oil 3x Leveraged ETNs
NTSI,PCX,NYSEArca,ETF,WisdomTree International Efficient Core Fund
NTSX,PCX,NYSEArca,ETF,WisdomTree U.S. Efficient Core Fund
NUBD,PCX,NYSEArca,ETF,Nuveen ESG U.S. Aggregate Bond ETF
NUGO,PCX,NYSEArca,ETF,Nuveen Growth Opportunities ETF
NUGT,PCX,NYSEArca,ETF,Direxion Daily Gold Miners Index Bull 2X Shares
NUHY,PCX,NYSEArca,ETF,Nuveen ESG High Yield Corporate Bond ETF
NUKZ,PCX,NYSEArca,ETF,Range Nuclear Renaissance ETF
NVDY,PCX,NYSEArca,ETF,YieldMax NVDA Option Income Strategy ETF
NVOX,PCX,NYSEArca,ETF,Defiance Daily Target 2X Long NVO ETF
NYF,PCX,NYSEArca,ETF,iShares New York Muni Bond ETF
OACP,PCX,NYSEArca,ETF,OneAscent Core Plus Bond ETF
OAEM,PCX,NYSEArca,ETF,OneAscent Emerging Markets ETF
OAIM,PCX,NYSEArca,ETF,OneAscent International Equity ETF
OAKM,PCX,NYSEArca,ETF,Oakmark U.S. Large Cap ETF
OALC,PCX,NYSEArca,ETF,OneAscent Large Cap Core ETF
OARK,PCX,NYSEArca,ETF,YieldMax Innovation Option Income Strategy ETF
OASC,PCX,NYSEArca,ETF,OneAscent Enhanced Small and Mid Cap ETF
OEF,PCX,NYSEArca,ETF,iShares S&P 100 ETF
OGIG,PCX,NYSEArca,ETF,ALPS O'Shares Global Internet Giants ETF Shares
OIH,PCX,NYSEArca,ETF,VanEck Oil Services ETF
OILD,PCX,NYSEArca,ETF,MicroSectorsTM Oil & Gas Exploration & Production -3X Inverse Leveraged ETNs
OILU,PCX,NYSEArca,ETF,MicroSectorsTM Oil & Gas Exploration & Production 3X Leveraged ETNs
OMAH,PCX,NYSEArca,ETF,VistaShares Target 15 Berkshire Select Income ETF
ONEV,PCX,NYSEArca,ETF,State Street SPDR Russell 1000 Low Volatility Focus ETF
ONEY,PCX,NYSEArca,ETF,State Street SPDR Russell 1000 Yield Focus ETF
ONLN,PCX,NYSEArca,ETF,ProShares Online Retail ETF
ONOF,PCX,NYSEArca,ETF,Global X Adaptive U.S. Risk Management ETF
OPER,PCX,NYSEArca,ETF,ClearShares Ultra-Short Maturity ETF
OPPE,PCX,NYSEArca,ETF,WisdomTree European Opportunities Fund
OSEA,PCX,NYSEArca,ETF,Harbor International Compounders ETF
OUNZ,PCX,NYSEArca,ETF,VanEck Merk Gold Trust
OUSA,PCX,NYSEArca,ETF,ALPS O'Shares U.S. Quality Dividend ETF Shares
OUSM,PCX,NYSEArca,ETF,ALPS O'Shares U.S. Small-Cap Quality Dividend ETF Shares
OWNB,PCX,NYSEArca,ETF,Bitwise Bitcoin Standard Corporations ETF
OWNS,PCX,NYSEArca,ETF,CCM Affordable Housing MBS ETF
PAAA,PCX,NYSEArca,ETF,PGIM AAA CLO ETF
PAB,PCX,NYSEArca,ETF,PGIM Active Aggregate Bond ETF
PALC,PCX,NYSEArca,ETF,Pacer Lunt Large Cap Multi-Factor Alternator ETF
PALL,PCX,NYSEArca,ETF,abrdn Physical Palladium Shares ETF
PAMC,PCX,NYSEArca,ETF,Pacer Lunt MidCap Multi-Factor Alternator ETF
PAPI,PCX,NYSEArca,ETF,Parametric Equity Premium Income ETF
PBD,PCX,NYSEArca,ETF,Invesco Global Clean Energy ETF
PBDC,PCX,NYSEArca,ETF,Putnam BDC Income ETF
PBE,PCX,NYSEArca,ETF,Invesco Biotechnology & Genome ETF
PBJ,PCX,NYSEArca,ETF,Invesco Food & Beverage ETF
PBW,PCX,NYSEArca,ETF,Invesco WilderHill Clean Energy ETF
PCEF,PCX,NYSEArca,ETF,Invesco CEF Income Composite ETF
PCGG,PCX,NYSEArca,ETF,Polen Capital Global Growth ETF
PCRB,PCX,NYSEArca,ETF,Putnam ESG Core Bond ETF -
PCY,PCX,NYSEArca,ETF,Invesco Emerging Markets Sovereign Debt ETF
PDN,PCX,NYSEArca,ETF,Invesco RAFI Developed Markets ex-U.S. Small-Mid ETF
PEJ,PCX,NYSEArca,ETF,Invesco Dynamic Leisure and Entertainment ETF
PEXL,PCX,NYSEArca,ETF,Pacer US Export Leaders ETF
PFFA,PCX,NYSEArca,ETF,Virtus InfraCap U.S. Preferred Stock ETF
PFFD,PCX,NYSEArca,ETF,Global X U.S. Preferred ETF
PFFR,PCX,NYSEArca,ETF,InfraCap REIT Preferred ETF
PFFV,PCX,NYSEArca,ETF,Global X Variable Rate Preferred ETF
PFIG,PCX,NYSEArca,ETF,Invesco Fundamental Investment Grade Corporate Bond ETF
PFIX,PCX,NYSEArca,ETF,Simplify Interest Rate Hedge ETF
PFLD,PCX,NYSEArca,ETF,AAM Low Duration Preferred and Income Securities ETF
PFRL,PCX,NYSEArca,ETF,PGIM Floating Rate Income ETF
PFUT,PCX,NYSEArca,ETF,Putnam Sustainable Future ETF
PFXF,PCX,NYSEArca,ETF,VanEck Preferred Securities ex Financials ETF
PGF,PCX,NYSEArca,ETF,Invesco Financial Preferred ETF
PGHY,PCX,NYSEArca,ETF,Invesco Global ex-US High Yield Corporate Bond ETF
PGRO,PCX,NYSEArca,ETF,Putnam Focused Large Cap Growth ETF
PGX,PCX,NYSEArca,ETF,Invesco Preferred ETF
PHB,PCX,NYSEArca,ETF,Invesco Fundamental High Yield® Corporate Bond ETF
PHDG,PCX,NYSEArca,ETF,Invesco S&P 500 Downside Hedged ETF
PHEQ,PCX,NYSEArca,ETF,Parametric Hedged Equity ETF
PHYD,PCX,NYSEArca,ETF,Putnam ESG High Yield ETF -
PHYL,PCX,NYSEArca,ETF,PGIM Active High Yield Bond ETF
PICB,PCX,NYSEArca,ETF,Invesco International Corporate Bond ETF
PILL,PCX,NYSEArca,ETF,Direxion Daily Pharmaceutical & Medical Bull 3X Shares ETF
PIN,PCX,NYSEArca,ETF,Invesco India ETF
PINK,PCX,NYSEArca,ETF,Simplify Health Care ETF
PJFG,PCX,NYSEArca,ETF,PGIM Jennison Focused Growth ETF
PJP,PCX,NYSEArca,ETF,Invesco Pharmaceuticals ETF
PKB,PCX,NYSEArca,ETF,Invesco Building & Construction ETF
PLDR,PCX,NYSEArca,ETF,Putnam Sustainable Leaders ETF
PLTM,PCX,NYSEArca,ETF,GraniteShares Platinum Trust
PLTY,PCX,NYSEArca,ETF,YieldMax PLTR Option Income Strategy ETF
POWA,PCX,NYSEArca,ETF,Invesco Bloomberg Pricing Power
PPA,PCX,NYSEArca,ETF,Invesco Aerospace & Defense ETF
PPIE,PCX,NYSEArca,ETF,Putnam Panagora ESG International Equity ETF -
PPLT,PCX,NYSEArca,ETF,abrdn Physical Platinum Shares ETF
PPTY,PCX,NYSEArca,ETF,Vident U.S. Diversified Real Estate ETF
PREF,PCX,NYSEArca,ETF,Principal Spectrum Preferred Securities Active ETF
PRF,PCX,NYSEArca,ETF,Invesco RAFI US 1000 ETF
PRFD,PCX,NYSEArca,ETF,PIMCO Preferred And Capital Securities Active Exchange-Traded Fund
PRIV,PCX,NYSEArca,ETF,State Street IG Public & Private Credit ETF
PRXG,PCX,NYSEArca,ETF,Praxis Impact Large Cap Growth ETF
PRXV,PCX,NYSEArca,ETF,Praxis Impact Large Cap Value ETF
PSI,PCX,NYSEArca,ETF,Invesco Semiconductors ETF
PSK,PCX,NYSEArca,ETF,State Street SPDR ICE Preferred Securities ETF
PSP,PCX,NYSEArca,ETF,Invesco Global Listed Private Equity ETF
PSQ,PCX,NYSEArca,ETF,ProShares Short QQQ
PSQA,PCX,NYSEArca,ETF,Palmer Square CLO Senior Debt ETF
PSQO,PCX,NYSEArca,ETF,Palmer Square Credit Opportunities ETF
PSR,PCX,NYSEArca,ETF,Invesco Active U.S. Real Estate Fund
PSTP,PCX,NYSEArca,ETF,Innovator Power Buffer Step-Up Strategy ETF
PTBD,PCX,NYSEArca,ETF,Pacer Trendpilot US Bond ETF
PTIN,PCX,NYSEArca,ETF,Pacer Trendpilot International ETF
PTL,PCX,NYSEArca,ETF,Inspire 500 ETF
PTRB,PCX,NYSEArca,ETF,PGIM Total Return Bond ETF
PULS,PCX,NYSEArca,ETF,PGIM Ultra Short Bond ETF
PULT,PCX,NYSEArca,ETF,Putnam ESG Ultra Short ETF -
PVAL,PCX,NYSEArca,ETF,Putnam Focused Large Cap Value ETF
PWB,PCX,NYSEArca,ETF,Invesco Dynamic Large Cap Growth ETF
PWV,PCX,NYSEArca,ETF,Invesco Dynamic Large Cap Value ETF
PWZ,PCX,NYSEArca,ETF,Invesco California AMT-Free Municipal Bond ETF
PXE,PCX,NYSEArca,ETF,Invesco Dynamic Energy Exploration & Production ETF
PXF,PCX,NYSEArca,ETF,Invesco RAFI Developed Markets ex-U.S. ETF
PXH,PCX,NYSEArca,ETF,Invesco RAFI Emerging Markets ETF
PXJ,PCX,NYSEArca,ETF,Invesco Oil & Gas Services ETF
PYLD,PCX,NYSEArca,ETF,PIMCO ETF Trust - PIMCO Multisector Bond Active Exchange-Traded Fund
PYPY,PCX,NYSEArca,ETF,Yieldmax PYPL Option Income Strategy ETF
PZA,PCX,NYSEArca,ETF,Invesco National AMT-Free Municipal Bond ETF
PZT,PCX,NYSEArca,ETF,Invesco New York AMT-Free Municipal Bond ETF
QAI,PCX,NYSEArca,ETF,NYLI Hedge Multi-Strategy Tracker ETF
QDEF,PCX,NYSEArca,ETF,FlexShares Quality Dividend Defensive Index Fund
QDF,PCX,NYSEArca,ETF,FlexShares Quality Dividend Index Fund
QDIV,PCX,NYSEArca,ETF,Global X S&P 500 Quality Dividend ETF
QDPL,PCX,NYSEArca,ETF,Pacer Metaurus US Large Cap Dividend Multiplier 400 ETF
QDVO,PCX,NYSEArca,ETF,Amplify CWP Growth & Income ETF
QEFA,PCX,NYSEArca,ETF,State Street SPDR MSCI EAFE StrategicFactors ETF
QFLR,PCX,NYSEArca,ETF,Innovator Nasdaq-100 Managed Floor ETF
QGRO,PCX,NYSEArca,ETF,American Century U.S. Quality Growth ETF
QGRW,PCX,NYSEArca,ETF,Wisdomtree U.S. Quality Growth Fund
QID,PCX,NYSEArca,ETF,ProShares UltraShort QQQ
QINT,PCX,NYSEArca,ETF,American Century Quality Diversified International ETF
QIS,PCX,NYSEArca,ETF,Simplify Multi-Qis Alternative ETF
QLD,PCX,NYSEArca,ETF,ProShares Ultra QQQ
QLTA,PCX,NYSEArca,ETF,iShares Aaa - A Rated Corporate Bond ETF
QLTI,PCX,NYSEArca,ETF,GMO International Quality ETF
QLTY,PCX,NYSEArca,ETF,GMO U.S. Quality ETF
QLV,PCX,NYSEArca,ETF,FlexShares US Quality Low Volatility Index Fund
QQH,PCX,NYSEArca,ETF,HCM Defender 100 Index ETF
QQQD,PCX,NYSEArca,ETF,Direxion Daily Magnificent 7 Bear 1X Shares
QQQU,PCX,NYSEArca,ETF,Direxion Daily Magnificent 7 Bull 2X Shares
QUS,PCX,NYSEArca,ETF,State Street SPDR MSCI USA StrategicFactors? ETF
QUSA,PCX,NYSEArca,ETF,VistaShares Target 15 USA Quality Income ETF
QVML,PCX,NYSEArca,ETF,Invesco S&P 500 QVM Multi-factor ETF
QWLD,PCX,NYSEArca,ETF,State Street SPDR MSCI World StrategicFactors ETF
RAAX,PCX,NYSEArca,ETF,VanEck Real Assets ETF
RAFE,PCX,NYSEArca,ETF,PIMCO RAFI ESG U.S. ETF PIMCO RAFI ESG U.S. ETF
RAVI,PCX,NYSEArca,ETF,FlexShares Ultra-Short Income Fund
RAYD,PCX,NYSEArca,ETF,Rayliant Wilshire NxtGen US Large Cap Equity ETF
RAYE,PCX,NYSEArca,ETF,Rayliant Wilshire NxtGen Emerging Markets Equity ETF
RDIV,PCX,NYSEArca,ETF,Invesco S&P Ultra Dividend Revenue ETF
RECS,PCX,NYSEArca,ETF,Columbia Research Enhanced Core ETF
REET,PCX,NYSEArca,ETF,iShares Global REIT ETF
REMX,PCX,NYSEArca,ETF,VanEck Rare Earth and Strategic Metals ETF
RETL,PCX,NYSEArca,ETF,Direxion Daily Retail Bull 3X Shares
REVS,PCX,NYSEArca,ETF,Columbia Research Enhanced Value ETF
REW,PCX,NYSEArca,ETF,ProShares UltraShort Technology
REZ,PCX,NYSEArca,ETF,iShares Residential and Multisector Real Estate ETF
RFG,PCX,NYSEArca,ETF,Invesco S&P MidCap 400 Pure Growth ETF
RFIX,PCX,NYSEArca,ETF,Simplify Bond Bull ETF
RFV,PCX,NYSEArca,ETF,Invesco S&P MidCap 400 Pure Value ETF
RIET,PCX,NYSEArca,ETF,Hoya Capital High Dividend Yield ETF
RIGS,PCX,NYSEArca,ETF,RiverFront Strategic Income Fund
RINF,PCX,NYSEArca,ETF,ProShares Inflation Expectations ETF
RIOX,PCX,NYSEArca,ETF,Defiance Daily Target 2X Long RIOT ETF
RISR,PCX,NYSEArca,ETF,FolioBeyond Alternative Income and Interest Rate Hedge ETF
RLY,PCX,NYSEArca,ETF,State Street Multi-Asset Real Return ETF
RMOP,PCX,NYSEArca,ETF,Rockefeller Opportunistic Municipal Bond ETF
ROBO,PCX,NYSEArca,ETF,Robo Global Robotics and Automation Index ETF
RODM,PCX,NYSEArca,ETF,Hartford Multifactor Developed Markets (ex-US) ETF
ROM,PCX,NYSEArca,ETF,ProShares Ultra Technology
ROUS,PCX,NYSEArca,ETF,Hartford Multifactor US Equity ETF
RPAR,PCX,NYSEArca,ETF,RPAR Risk Parity ETF
RPG,PCX,NYSEArca,ETF,Invesco S&P 500 Pure Growth ETF
RPV,PCX,NYSEArca,ETF,Invesco S&P 500 Pure Value ETF
RSHO,PCX,NYSEArca,ETF,Tema American Reshoring ETF
RSMC,PCX,NYSEArca,ETF,Rockefeller U.S. Small-Mid Cap ETF
RSMV,PCX,NYSEArca,ETF,Relative Strength Managed Volatility Strategy ETF
RSP,PCX,NYSEArca,ETF,Invesco S&P 500 Equal Weight ETF
RSPA,PCX,NYSEArca,ETF,Invesco S&P 500 Equal Weight Income Advantage ETF
RSPC,PCX,NYSEArca,ETF,Invesco S&P 500 Equal Weight Communication Services ETF
RSPD,PCX,NYSEArca,ETF,Invesco S&P 500 Equal Weight Consumer Discretionary ETF
RSPF,PCX,NYSEArca,ETF,Invesco S&P 500 Equal Weight Financials ETF
RSPG,PCX,NYSEArca,ETF,Invesco S&P 500 Equal Weight Energy ETF
RSPH,PCX,NYSEArca,ETF,Invesco S&P 500 Equal Weight Health Care ETF
RSPM,PCX,NYSEArca,ETF,Invesco S&P 500 Equal Weight Materials ETF
RSPN,PCX,NYSEArca,ETF,Invesco S&P 500 Equal Weight Industrials ETF
RSPR,PCX,NYSEArca,ETF,Invesco S&P 500 Equal Weight Real Estate ETF
RSPS,PCX,NYSEArca,ETF,Invesco S&P 500 Equal Weight Consumer Staples ETF
RSPT,PCX,NYSEArca,ETF,Invesco S&P 500 Equal Weight Technology ETF
RSPU,PCX,NYSEArca,ETF,Invesco S&P 500 Equal Weight Utilities ETF
RSSL,PCX,NYSEArca,ETF,Global X Russell 2000 ETF
RVNU,PCX,NYSEArca,ETF,Xtrackers Municipal Infrastructure Revenue Bond ETF
RWJ,PCX,NYSEArca,ETF,Invesco S&P SmallCap 600 Revenue ETF
RWK,PCX,NYSEArca,ETF,Invesco S&P MidCap 400 Revenue ETF
RWL,PCX,NYSEArca,ETF,Invesco S&P 500 Revenue ETF
RWM,PCX,NYSEArca,ETF,ProShares Short Russell2000
RWO,PCX,NYSEArca,ETF,State Street SPDR Dow Jones Global Real Estate ETF
RWR,PCX,NYSEArca,ETF,State Street SPDR Dow Jones REIT ETF
RWX,PCX,NYSEArca,ETF,State Street SPDR Dow Jones International Real Estate ETF
RXI,PCX,NYSEArca,ETF,iShares Global Consumer Discretionary ETF
RXL,PCX,NYSEArca,ETF,ProShares Ultra Health Care
RYLD,PCX,NYSEArca,ETF,Global X Russell 2000 Covered Call ETF
RZG,PCX,NYSEArca,ETF,Invesco S&P SmallCap 600 Pure Growth ETF
RZV,PCX,NYSEArca,ETF,Invesco S&P SmallCap 600 Pure Value ETF
SAMT,PCX,NYSEArca,ETF,Strategas Macro Thematic Opportunities ETF
SBAR,PCX,NYSEArca,ETF,Simplify Barrier Income ETF
SBIO,PCX,NYSEArca,ETF,ALPS Medical Breakthroughs ETF
SBIT,PCX,NYSEArca,ETF,ProShares UltraShort Bitcoin ETF
SBND,PCX,NYSEArca,ETF,Columbia Short Duration Bond ETF
SCC,PCX,NYSEArca,ETF,ProShares UltraShort Consumer Discretionary
SCCR,PCX,NYSEArca,ETF,Schwab Core Bond ETF
SCHA,PCX,NYSEArca,ETF,Schwab U.S. Small-Cap ETF
SCHB,PCX,NYSEArca,ETF,Schwab U.S. Broad Market ETF
SCHC,PCX,NYSEArca,ETF,Schwab International Small-Cap Equity ETF
SCHD,PCX,NYSEArca,ETF,Schwab U.S. Dividend Equity ETF
SCHE,PCX,NYSEArca,ETF,Schwab Emerging Markets Equity ETF
SCHF,PCX,NYSEArca,ETF,Schwab International Equity ETF
SCHG,PCX,NYSEArca,ETF,Schwab U.S. Large-Cap Growth ETF
SCHH,PCX,NYSEArca,ETF,Schwab U.S. REIT ETF
SCHI,PCX,NYSEArca,ETF,Schwab 5-10 Year Corporate Bond ETF
SCHJ,PCX,NYSEArca,ETF,Schwab 1-5 Year Corporate Bond ETF
SCHK,PCX,NYSEArca,ETF,Schwab 1000 ETF
SCHM,PCX,NYSEArca,ETF,Schwab U.S. Mid-Cap ETF
SCHO,PCX,NYSEArca,ETF,Schwab Short-Term U.S. Treasury ETF
SCHP,PCX,NYSEArca,ETF,Schwab U.S. TIPS ETF
SCHQ,PCX,NYSEArca,ETF,Schwab Long-Term U.S. Treasury ETF
SCHR,PCX,NYSEArca,ETF,Schwab Intermediate-Term U.S. Treasury ETF
SCHV,PCX,NYSEArca,ETF,Schwab U.S. Large-Cap Value ETF
SCHX,PCX,NYSEArca,ETF,Schwab U.S. Large-Cap ETF
SCHY,PCX,NYSEArca,ETF,Schwab International Dividend Equity ETF
SCHZ,PCX,NYSEArca,ETF,Schwab U.S. Aggregate Bond ETF
SCIO,PCX,NYSEArca,ETF,First Trust Structured Credit Income Opportunities ETF
SCJ,PCX,NYSEArca,ETF,iShares MSCI Japan Small-Cap ETF
SCMB,PCX,NYSEArca,ETF,Schwab Municipal Bond ETF
SCO,PCX,NYSEArca,ETF,ProShares UltraShort Bloomberg Crude Oil
SCUS,PCX,NYSEArca,ETF,Schwab Ultra-Short Income ETF
SCYB,PCX,NYSEArca,ETF,Schwab High Yield Bond ETF
SDCI,PCX,NYSEArca,ETF,USCF SummerHaven Dynamic Commodity Strategy No K-1 Fund
SDFI,PCX,NYSEArca,ETF,AB Short Duration Income ETF
SDIV,PCX,NYSEArca,ETF,Global X SuperDividend ETF
SDOG,PCX,NYSEArca,ETF,ALPS Sector Dividend Dogs ETF
SDOW,PCX,NYSEArca,ETF,ProShares UltraPro Short Dow30
SDP,PCX,NYSEArca,ETF,ProShares UltraShort Utilities
SDS,PCX,NYSEArca,ETF,ProShares UltraShort S&P500
SDY,PCX,NYSEArca,ETF,State Street SPDR S&P Dividend ETF
SEF,PCX,NYSEArca,ETF,ProShares Short Financials
SEIX,PCX,NYSEArca,ETF,Virtus Seix Senior Loan ETF
SEMG,PCX,NYSEArca,ETF,Suncoast Select Growth ETF
SEMI,PCX,NYSEArca,ETF,Columbia Select Technology ETF
SETH,PCX,NYSEArca,ETF,ProShares Short Ether ETF
SFLR,PCX,NYSEArca,ETF,Innovator Equity Managed Floor ETF
SFY,PCX,NYSEArca,ETF,SoFi Select 500 ETF
SFYF,PCX,NYSEArca,ETF,SoFi Social 50 ETF
SGDJ,PCX,NYSEArca,ETF,Sprott Junior Gold Miners ETF
SGDM,PCX,NYSEArca,ETF,Sprott Gold Miners ETF
SGLC,PCX,NYSEArca,ETF,SGI U.S. Large Cap Core ETF
SGOL,PCX,NYSEArca,ETF,abrdn Physical Gold Shares ETF
SH,PCX,NYSEArca,ETF,ProShares Short S&P500
SHE,PCX,NYSEArca,ETF,State Street SPDR MSCI USA Gender Diversity ETF
SHEH,PCX,NYSEArca,ETF,Shell PLC ADRhedged
SHLD,PCX,NYSEArca,ETF,Global X Defense Tech ETF
SHM,PCX,NYSEArca,ETF,State Street SPDR Nuveen ICE Short Term Municipal Bond ETF
SHNY,PCX,NYSEArca,ETF,MicroSectors Gold 3X Leveraged ETN
SHYG,PCX,NYSEArca,ETF,iShares 0-5 Year High Yield Corporate Bond ETF
SHYL,PCX,NYSEArca,ETF,Xtrackers Short Duration High Yield Bond ETF
SIHY,PCX,NYSEArca,ETF,Harbor Ares Systematic High-Yield ETF
SIL,PCX,NYSEArca,ETF,Global X Silver Miners ETF
SILJ,PCX,NYSEArca,ETF,Amplify Junior Silver Miners ETF
SIO,PCX,NYSEArca,ETF,Touchstone Strategic Income ETF
SIVR,PCX,NYSEArca,ETF,abrdn Physical Silver Shares ETF
SIXA,PCX,NYSEArca,ETF,ETC 6 Meridian Mega Cap Equity ETF
SIXH,PCX,NYSEArca,ETF,ETC 6 Meridian Hedged Equity-Index Option Strategy ETF
SIZE,PCX,NYSEArca,ETF,iShares MSCI USA Size Factor ETF
SJB,PCX,NYSEArca,ETF,ProShares Short High Yield
SJNK,PCX,NYSEArca,ETF,State Street SPDR Bloomberg Short Term High Yield Bond ETF
SKF,PCX,NYSEArca,ETF,ProShares UltraShort Financials
SLV,PCX,NYSEArca,ETF,iShares Silver Trust
SLX,PCX,NYSEArca,ETF,VanEck Steel ETF
SLYG,PCX,NYSEArca,ETF,State Street SPDR S&P 600 Small Cap Growth ETF
SLYV,PCX,NYSEArca,ETF,State Street SPDR S&P 600 Small Cap Value ETF
SMBS,PCX,NYSEArca,ETF,Schwab Mortgage-Backed Securities ETF
SMCY,PCX,NYSEArca,ETF,YieldMax SMCI Option Income Str
SMDD,PCX,NYSEArca,ETF,ProShares UltraPro Short MidCap400
SMDX,PCX,NYSEArca,ETF,Intech S&P Small-Mid Cap Diversified Alpha ETF
SMIG,PCX,NYSEArca,ETF,Bahl & Gaynor Small/Mid Cap Income Growth ETF
SMIZ,PCX,NYSEArca,ETF,Zacks Small/Mid Cap ETF
SMLF,PCX,NYSEArca,ETF,iShares U.S. Small-Cap Equity Factor ETF
SMLV,PCX,NYSEArca,ETF,State Street SPDR US Small Cap Low Volatility Index ETF
SMMU,PCX,NYSEArca,ETF,PIMCO Short Term Municipal Bond Active Exchange-Traded Fund
SMOG,PCX,NYSEArca,ETF,VanEck Low Carbon Energy ETF
SMTH,PCX,NYSEArca,ETF,ALPS Smith Core Plus Bond ETF
SNOY,PCX,NYSEArca,ETF,YieldMax SNOW Option Income Strategy ETF
SNPE,PCX,NYSEArca,ETF,Xtrackers S&P 500 Scored & Screened ETF
SNTH,PCX,NYSEArca,ETF,MRP SynthEquity ETF
SOFR,PCX,NYSEArca,ETF,Amplify Samsung SOFR ETF
SOVF,PCX,NYSEArca,ETF,Sovereign's Capital Flourish Fund
SOXL,PCX,NYSEArca,ETF,Direxion Daily Semiconductor Bull 3X Shares
SOXS,PCX,NYSEArca,ETF,Direxion Daily Semiconductor Bear 3X Shares
SOYB,PCX,NYSEArca,ETF,Teucrium Soybean Fund
SPAB,PCX,NYSEArca,ETF,State Street SPDR Portfolio Aggregate Bond ETF
SPBO,PCX,NYSEArca,ETF,State Street SPDR Portfolio Corporate Bond ETF
SPD,PCX,NYSEArca,ETF,Simplify US Equity PLUS Downside Convexity ETF
SPDN,PCX,NYSEArca,ETF,Direxion Daily S&P 500 Bear 1X Shares
SPDW,PCX,NYSEArca,ETF,State Street SPDR Portfolio Developed World ex-US ETF
SPEM,PCX,NYSEArca,ETF,State Street SPDR Portfolio Emerging Markets ETF
SPEU,PCX,NYSEArca,ETF,State Street SPDR Portfolio Europe ETF
SPFF,PCX,NYSEArca,ETF,Global X SuperIncome Preferred ETF
SPGM,PCX,NYSEArca,ETF,State Street SPDR Portfolio MSCI Global Stock Market ETF
SPGP,PCX,NYSEArca,ETF,Invesco S&P 500 GARP ETF
SPHB,PCX,NYSEArca,ETF,Invesco S&P 500 High Beta ETF
SPHD,PCX,NYSEArca,ETF,Invesco S&P 500 High Dividend Low Volatility ETF
SPHQ,PCX,NYSEArca,ETF,Invesco S&P 500 Quality ETF
SPHY,PCX,NYSEArca,ETF,State Street SPDR Portfolio High Yield Bond ETF
SPIB,PCX,NYSEArca,ETF,State Street SPDR Portfolio Intermediate Term Corporate Bond ETF
SPIP,PCX,NYSEArca,ETF,State Street SPDR Portfolio TIPS ETF
SPLB,PCX,NYSEArca,ETF,State Street SPDR Portfolio Long Term Corporate Bond ETF
SPLG,PCX,NYSEArca,ETF,State Street SPDR Portfolio S&P 500 ETF
SPLV,PCX,NYSEArca,ETF,Invesco S&P 500 Low Volatility ETF
SPMB,PCX,NYSEArca,ETF,State Street SPDR Portfolio Mortgage Backed Bond ETF
SPMD,PCX,NYSEArca,ETF,State Street SPDR Portfolio S&P 400 Mid Cap ETF
SPMO,PCX,NYSEArca,ETF,Invesco S&P 500 Momentum ETF
SPRE,PCX,NYSEArca,ETF,SP Funds S&P Global REIT Sharia ETF
SPSB,PCX,NYSEArca,ETF,State Street SPDR Portfolio Short Term Corporate Bond ETF
SPSK,PCX,NYSEArca,ETF,SP Funds Dow Jones Global Sukuk ETF
SPSM,PCX,NYSEArca,ETF,State Street SPDR Portfolio S&P 600 Small Cap ETF
SPTE,PCX,NYSEArca,ETF,SP Funds S&P Global Technology ETF
SPTI,PCX,NYSEArca,ETF,State Street SPDR Portfolio Intermediate Term Treasury ETF
SPTL,PCX,NYSEArca,ETF,State Street SPDR Portfolio Long Term Treasury ETF
SPTM,PCX,NYSEArca,ETF,State Street SPDR Portfolio S&P 1500 Composite Stock Market ETF
SPTS,PCX,NYSEArca,ETF,State Street SPDR Portfolio Short Term Treasury ETF
SPUC,PCX,NYSEArca,ETF,Simplify US Equity PLUS Upside Convexity ETF
SPUS,PCX,NYSEArca,ETF,SP Funds S&P 500 Sharia Industry Exclusions ETF
SPUU,PCX,NYSEArca,ETF,Direxion Daily S&P 500 Bull 2X Shares
SPVM,PCX,NYSEArca,ETF,Invesco S&P 500 Value with Momentum ETF
SPVU,PCX,NYSEArca,ETF,Invesco S&P 500® Enhanced Value ETF
SPWO,PCX,NYSEArca,ETF,SP Funds S&P World ETF
SPXL,PCX,NYSEArca,ETF,Direxion Daily S&P500 Bull 3X Shares
SPXS,PCX,NYSEArca,ETF,Direxion Daily S&P 500 Bear 3X Shares
SPXT,PCX,NYSEArca,ETF,ProShares S&P 500 ex-Technology ETF
SPXU,PCX,NYSEArca,ETF,ProShares UltraPro Short S&P500
SPY,PCX,NYSEArca,ETF,State Street SPDR S&P 500 ETF Trust
SPYC,PCX,NYSEArca,ETF,Simplify US Equity PLUS Convexity ETF
SPYD,PCX,NYSEArca,ETF,State Street SPDR Portfolio S&P 500 High Dividend ETF
SPYG,PCX,NYSEArca,ETF,State Street SPDR Portfolio S&P 500 Growth ETF
SPYT,PCX,NYSEArca,ETF,Defiance S&P 500 Target Income
SPYU,PCX,NYSEArca,ETF,MAX S&P 500 4X Leveraged ETN
SPYV,PCX,NYSEArca,ETF,State Street SPDR Portfolio S&P 500 Value ETF
SPYX,PCX,NYSEArca,ETF,State Street SPDR S&P 500 Fossil Fuel Reserves Free ETF
SQEW,PCX,NYSEArca,ETF,LeaderShares Equity Skew ETF
SRLN,PCX,NYSEArca,ETF,State Street Blackstone Senior Loan ETF
SRS,PCX,NYSEArca,ETF,ProShares UltraShort Real Estate
SRTY,PCX,NYSEArca,ETF,ProShares UltraPro Short Russell2000
SRVR,PCX,NYSEArca,ETF,Pacer Data & Infrastructure Real Estate ETF
SSG,PCX,NYSEArca,ETF,ProShares UltraShort Semiconductors
SSO,PCX,NYSEArca,ETF,ProShares Ultra S&P500
SSPY,PCX,NYSEArca,ETF,Stratified LargeCap Index ETF
SSUS,PCX,NYSEArca,ETF,Day Hagan Smart Sector ETF
STCE,PCX,NYSEArca,ETF,Schwab Crypto Thematic ETF
STIP,PCX,NYSEArca,ETF,iShares 0-5 Year TIPS Bond ETF
STPZ,PCX,NYSEArca,ETF,PIMCO 1-5 Year U.S. TIPS Index Exchange-Traded Fund
SUB,PCX,NYSEArca,ETF,iShares Short-Term National Muni Bond ETF
SUSA,PCX,NYSEArca,ETF,iShares ESG Optimized MSCI USA ETF
SVOL,PCX,NYSEArca,ETF,Simplify Volatility Premium ETF
SWAN,PCX,NYSEArca,ETF,Amplify BlackSwan Growth & Treasury Core ETF
SYFI,PCX,NYSEArca,ETF,AB Short Duration High Yield ETF
TACK,PCX,NYSEArca,ETF,Fairlead Tactical Sector Fund
TAFI,PCX,NYSEArca,ETF,AB Tax-Aware Short Duration Municipal ETF
TAFL,PCX,NYSEArca,ETF,AB Tax-Aware Long Municipal ETF
TAFM,PCX,NYSEArca,ETF,AB Tax-Aware Intermediate Municipal ETF
TAGG,PCX,NYSEArca,ETF,T. Rowe Price QM U.S. Bond ETF
TAN,PCX,NYSEArca,ETF,Invesco Solar ETF
TAXF,PCX,NYSEArca,ETF,American Century Diversified Municipal Bond ETF
TAXX,PCX,NYSEArca,ETF,Bondbloxx IR+M Tax-Aware Short Duration ETF
TBF,PCX,NYSEArca,ETF,ProShares Short 20+ Year Treasury
TBFG,PCX,NYSEArca,ETF,The Brinsmere Fund - Growth ETF
TBG,PCX,NYSEArca,ETF,TBG Dividend Focus ETF
TBLL,PCX,NYSEArca,ETF,Invesco Short Term Treasury ETF
TBT,PCX,NYSEArca,ETF,ProShares UltraShort 20+ Year Treasury
TBUX,PCX,NYSEArca,ETF,T. Rowe Price Ultra Short-Term Bond ETF
TBX,PCX,NYSEArca,ETF,ProShares Short 7-10 Year Treasury
TCAF,PCX,NYSEArca,ETF,T. Rowe Price Capital Appreciation Equity ETF
TCAL,PCX,NYSEArca,ETF,T. Rowe Price Capital Appreciation Premium Income ETF
TCHP,PCX,NYSEArca,ETF,T. Rowe Price Blue Chip Growth ETF
TCPB,PCX,NYSEArca,ETF,Thrivent Core Plus Bond ETF
TDTF,PCX,NYSEArca,ETF,FlexShares iBoxx 5-Year Target Duration TIPS Index Fund
TDTT,PCX,NYSEArca,ETF,FlexShares iBoxx 3-Year Target Duration TIPS Index Fund
TDVG,PCX,NYSEArca,ETF,T. Rowe Price Dividend Growth ETF
TECB,PCX,NYSEArca,ETF,iShares U.S. Tech Breakthrough Multisector ETF
TECL,PCX,NYSEArca,ETF,Direxion Daily Technology Bull 3X Shares
TECS,PCX,NYSEArca,ETF,Direxion Daily Technology Bear 3X Shares
TEK,PCX,NYSEArca,ETF,iShares Technology Opportunities Active ETF
TEQI,PCX,NYSEArca,ETF,T. Rowe Price Equity Income ETF
TESL,PCX,NYSEArca,ETF,Simplify Volt TSLA Revolution ETF
TFI,PCX,NYSEArca,ETF,State Street SPDR Nuveen ICE Municipal Bond ETF
TFLO,PCX,NYSEArca,ETF,iShares Treasury Floating Rate Bond ETF
TFLR,PCX,NYSEArca,ETF,T. Rowe Price Floating Rate ETF
TFPN,PCX,NYSEArca,ETF,Blueprint Chesapeake Multi-Asset Trend ETF
TGRT,PCX,NYSEArca,ETF,T. Rowe Price Growth ETF
TGRW,PCX,NYSEArca,ETF,T. Rowe Price Growth Stock ETF
THD,PCX,NYSEArca,ETF,iShares MSCI Thailand ETF
THNQ,PCX,NYSEArca,ETF,Robo Global Artificial Intelligence ETF
THRO,PCX,NYSEArca,ETF,iShares U.S. Thematic Rotation Active ETF
THTA,PCX,NYSEArca,ETF,SoFi Enhanced Yield ETF
THY,PCX,NYSEArca,ETF,Toews Agility Shares Dynamic Tactical Income ETF
THYF,PCX,NYSEArca,ETF,T. Rowe Price U.S. High Yield ETF
TIP,PCX,NYSEArca,ETF,iShares TIPS Bond ETF
TIPX,PCX,NYSEArca,ETF,State Street SPDR Bloomberg 1-10 Year TIPS ETF
TIPZ,PCX,NYSEArca,ETF,PIMCO Broad U.S. TIPS Index Exchange-Traded Fund
TLCI,PCX,NYSEArca,ETF,Touchstone International Equity ETF
TLH,PCX,NYSEArca,ETF,iShares 10-20 Year Treasury Bond ETF
TLTD,PCX,NYSEArca,ETF,FlexShares Morningstar Developed Markets ex-US Factor Tilt Index Fund
TLTE,PCX,NYSEArca,ETF,FlexShares Morningstar Emerging Markets Factor Tilt Index Fund
TMF,PCX,NYSEArca,ETF,Direxion Daily 20+ Year Treasury Bull 3X Shares
TMSL,PCX,NYSEArca,ETF,T. Rowe Price Small-Mid Cap ETF
TMV,PCX,NYSEArca,ETF,Direxion Daily 20+ Year Treasury Bear 3X Shares
TNA,PCX,NYSEArca,ETF,Direxion Daily Small Cap Bull 3X Shares
TOGA,PCX,NYSEArca,ETF,Tremblant Global ETF
TOK,PCX,NYSEArca,ETF,iShares MSCI Kokusai ETF
TOLZ,PCX,NYSEArca,ETF,ProShares DJ Brookfield Global Infrastructure ETF
TOPT,PCX,NYSEArca,ETF,iShares Top 20 U.S. Stocks ETF
TOTL,PCX,NYSEArca,ETF,State Street DoubleLine Total Return Tactical ETF
TOUS,PCX,NYSEArca,ETF,T. Rowe Price International Equity ETF
TOV,PCX,NYSEArca,ETF,JLens 500 Jewish Advocacy U.S. ETF
TPHD,PCX,NYSEArca,ETF,Timothy Plan High Dividend Stock ETF
TPIF,PCX,NYSEArca,ETF,Timothy Plan International ETF
TPLC,PCX,NYSEArca,ETF,Timothy Plan US Large/Mid Cap Core ETF
TPOR,PCX,NYSEArca,ETF,Direxion Daily Transportation Bull 3X Shares
TPSC,PCX,NYSEArca,ETF,Timothy Plan US Small Cap Core ETF
TRFK,PCX,NYSEArca,ETF,Pacer Data and Digital Revolution ETF
TRFM,PCX,NYSEArca,ETF,AAM Transformers ETF
TRND,PCX,NYSEArca,ETF,Pacer Trendpilot Fund of Funds ETF
TSLY,PCX,NYSEArca,ETF,YieldMax TSLA Option Income Strategy ETF
TSME,PCX,NYSEArca,ETF,Thrivent Small-Mid Cap Equity ETF
TSMY,PCX,NYSEArca,ETF,YieldMax TSM Option Income Strategy ETF
TSPA,PCX,NYSEArca,ETF,T. Rowe Price US Equity Research ETF
TTT,PCX,NYSEArca,ETF,ProShares UltraPro Short 20+ Year Treasury
TUA,PCX,NYSEArca,ETF,Simplify Short Term Treasury Futures Strategy ETF
TUSB,PCX,NYSEArca,ETF,Thrivent Ultra Short Bond ETF
TVAL,PCX,NYSEArca,ETF,T. Rowe Price Value ETF
TWM,PCX,NYSEArca,ETF,ProShares UltraShort Russell2000
TYD,PCX,NYSEArca,ETF,Direxion Daily 7-10 Year Treasury Bull 3X Shares
TYO,PCX,NYSEArca,ETF,Direxion Daily 7-10 Year Treasury Bear 3X Shares
TZA,PCX,NYSEArca,ETF,Direxion Daily Small Cap Bear 3X Shares
UBOT,PCX,NYSEArca,ETF,"Direxion Daily Robotics, Artificial Intelligence & Automation Index Bull 2X Shares"
UBT,PCX,NYSEArca,ETF,ProShares Ultra 20+ Year Treasury
UCC,PCX,NYSEArca,ETF,ProShares Ultra Consumer Discretionary
UCO,PCX,NYSEArca,ETF,ProShares Ultra Bloomberg Crude Oil
UCON,PCX,NYSEArca,ETF,First Trust Smith Unconstrained Plus Bond ETF
UDIV,PCX,NYSEArca,ETF,Franklin U.S. Core Dividend Tilt Index ETF
UDN,PCX,NYSEArca,ETF,Invesco DB US Dollar Index Bearish Fund
UDOW,PCX,NYSEArca,ETF,ProShares UltraPro Dow30
UGA,PCX,NYSEArca,ETF,"United States Gasoline Fund, LP"
UGE,PCX,NYSEArca,ETF,ProShares Ultra Consumer Staples
UGL,PCX,NYSEArca,ETF,ProShares Ultra Gold
UJB,PCX,NYSEArca,ETF,ProShares Ultra High Yield
ULE,PCX,NYSEArca,ETF,ProShares Ultra Euro
ULST,PCX,NYSEArca,ETF,State Street Ultra Short Term Bond ETF
ULTY,PCX,NYSEArca,ETF,YieldMax Ultra Option Income Strategy ETF
UMI,PCX,NYSEArca,ETF,USCF Midstream Energy Income Fund
UNG,PCX,NYSEArca,ETF,"United States Natural Gas Fund, LP"
UNL,PCX,NYSEArca,ETF,"United States 12 Month Natural Gas Fund, LP"
UPRO,PCX,NYSEArca,ETF,ProShares UltraPro S&P500
UPW,PCX,NYSEArca,ETF,ProShares Ultra Utilities
URA,PCX,NYSEArca,ETF,Global X Uranium ETF
URAA,PCX,NYSEArca,ETF,Direxion Daily Uranium Bull 2X ETF
URE,PCX,NYSEArca,ETF,ProShares Ultra Real Estate
URNM,PCX,NYSEArca,ETF,Sprott Uranium Miners ETF
URTH,PCX,NYSEArca,ETF,iShares MSCI World ETF
URTY,PCX,NYSEArca,ETF,ProShares UltraPro Russell2000
USAI,PCX,NYSEArca,ETF,Pacer American Energy Infrastructure ETF
USCA,PCX,NYSEArca,ETF,Xtrackers MSCI USA Climate Action Equity ETF
USCI,PCX,NYSEArca,ETF,"United States Commodity Index Fund, LP"
USD,PCX,NYSEArca,ETF,ProShares Ultra Semiconductors
USDU,PCX,NYSEArca,ETF,WisdomTree Bloomberg U.S. Dollar Bullish Fund
USFR,PCX,NYSEArca,ETF,WisdomTree Floating Rate Treasury Fund
USG,PCX,NYSEArca,ETF,USCF Gold Strategy Plus Income Fund
USL,PCX,NYSEArca,ETF,"United States 12 Month Oil Fund, LP"
USO,PCX,NYSEArca,ETF,"United States Oil Fund, LP"
USPX,PCX,NYSEArca,ETF,Franklin U.S. Equity Index ETF
USRT,PCX,NYSEArca,ETF,iShares Core U.S. REIT ETF
USSE,PCX,NYSEArca,ETF,Segall Bryant & Hamill Select Equity ETF
USSG,PCX,NYSEArca,ETF,Xtrackers MSCI USA Selection Equity ETF
UST,PCX,NYSEArca,ETF,ProShares Ultra 7-10 Year Treasury
UTES,PCX,NYSEArca,ETF,Virtus Reaves Utilities ETF
UTSL,PCX,NYSEArca,ETF,Direxion Daily Utilities Bull 3X Shares
UUP,PCX,NYSEArca,ETF,Invesco DB US Dollar Index Bullish Fund
UWM,PCX,NYSEArca,ETF,ProShares Ultra Russell2000
UYG,PCX,NYSEArca,ETF,ProShares Ultra Financials
UYM,PCX,NYSEArca,ETF,ProShares Ultra Materials
VALQ,PCX,NYSEArca,ETF,American Century U.S. Quality Value ETF
VAW,PCX,NYSEArca,ETF,Vanguard Materials Index Fund ETF Shares
VB,PCX,NYSEArca,ETF,Vanguard Small-Cap Index Fund ETF Shares
VBK,PCX,NYSEArca,ETF,Vanguard Small-Cap Growth Index Fund ETF Shares
VBND,PCX,NYSEArca,ETF,Vident U.S. Bond Strategy ETF
VBR,PCX,NYSEArca,ETF,Vanguard Small-Cap Value Index Fund ETF Shares
VCR,PCX,NYSEArca,ETF,Vanguard Consumer Discretionary Index Fund ETF Shares
VDC,PCX,NYSEArca,ETF,Vanguard Consumer Staples Index Fund ETF Shares
VDE,PCX,NYSEArca,ETF,Vanguard Energy Index Fund ETF Shares
VEA,PCX,NYSEArca,ETF,Vanguard FTSE Developed Markets Index Fund ETF Shares
VEGI,PCX,NYSEArca,ETF,iShares MSCI Agriculture Producers ETF
VEU,PCX,NYSEArca,ETF,Vanguard FTSE All-World ex-US Index Fund ETF Shares
VFH,PCX,NYSEArca,ETF,Vanguard Financials Index Fund ETF Shares
VGK,PCX,NYSEArca,ETF,Vanguard FTSE Europe ETF
VGT,PCX,NYSEArca,ETF,Vanguard Information Technology Index Fund ETF Shares
VHT,PCX,NYSEArca,ETF,Vanguard Health Care Index Fund ETF Shares
VIDI,PCX,NYSEArca,ETF,Vident International Equity Strategy ETF
VIG,PCX,NYSEArca,ETF,Vanguard Dividend Appreciation Index Fund ETF Shares
VIOG,PCX,NYSEArca,ETF,Vanguard S&P Small-Cap 600 Growth Index Fund ETF Shares
VIOO,PCX,NYSEArca,ETF,Vanguard S&P Small-Cap 600 Index Fund ETF Shares
VIOV,PCX,NYSEArca,ETF,Vanguard S&P Small-Cap 600 Value Index Fund ETF Shares
VIS,PCX,NYSEArca,ETF,Vanguard Industrials Index Fund ETF Shares
VLU,PCX,NYSEArca,ETF,State Street SPDR S&P 1500 Value Tilt ETF
VNAM,PCX,NYSEArca,ETF,Global X MSCI Vietnam ETF
VNLA,PCX,NYSEArca,ETF,Janus Henderson Short Duration Income ETF
VNQ,PCX,NYSEArca,ETF,Vanguard Real Estate Index Fund ETF Shares
VO,PCX,NYSEArca,ETF,Vanguard Mid-Cap Index Fund ETF Shares
VOE,PCX,NYSEArca,ETF,Vanguard Mid-Cap Value Index Fund ETF Shares
VOO,PCX,NYSEArca,ETF,Vanguard S&P 500 ETF
VOOG,PCX,NYSEArca,ETF,Vanguard S&P 500 Growth Index Fund ETF Shares
VOOV,PCX,NYSEArca,ETF,Vanguard S&P 500 Value Index Fund ETF Shares
VOT,PCX,NYSEArca,ETF,Vanguard Mid-Cap Growth Index Fund ETF Shares
VOX,PCX,NYSEArca,ETF,Vanguard Communication Services Index Fund ETF Shares
VPC,PCX,NYSEArca,ETF,Virtus Private Credit ETF
VPL,PCX,NYSEArca,ETF,Vanguard FTSE Pacific Index Fund ETF Shares
VPU,PCX,NYSEArca,ETF,Vanguard Utilities Index Fund ETF Shares
VRP,PCX,NYSEArca,ETF,Invesco Variable Rate Preferred ETF
VSLU,PCX,NYSEArca,ETF,Applied Finance Valuation Large Cap US ETF
VSS,PCX,NYSEArca,ETF,Vanguard FTSE All-World ex-US Small-Cap Index Fund ETF Shares
VT,PCX,NYSEArca,ETF,Vanguard Total World Stock Index Fund ETF Shares
VTEB,PCX,NYSEArca,ETF,Vanguard Tax-Exempt Bond Index Fund ETF Shares
VTES,PCX,NYSEArca,ETF,Vanguard Short-Term Tax-Exempt Bond ETF Shares
VTI,PCX,NYSEArca,ETF,Vanguard Total Stock Market Index Fund ETF Shares
VTV,PCX,NYSEArca,ETF,Vanguard Value Index Fund ETF Shares
VUG,PCX,NYSEArca,ETF,Vanguard Growth Index Fund ETF Shares
VUSE,PCX,NYSEArca,ETF,Vident U.S. Equity Strategy ETF
VV,PCX,NYSEArca,ETF,Vanguard Large Cap Index Fund
VWO,PCX,NYSEArca,ETF,Vanguard Emerging Markets Stock Index Fund
VXF,PCX,NYSEArca,ETF,Vanguard Extended Market Index Fund ETF Shares
VYM,PCX,NYSEArca,ETF,Vanguard High Dividend Yield Index Fund ETF Shares
WANT,PCX,NYSEArca,ETF,Direxion Daily Cnsmr Discret Bull 3XShrs
WAR,PCX,NYSEArca,ETF,U.S. Global Technology and Aerospace & Defense ETF
WCMI,PCX,NYSEArca,ETF,First Trust WCM International Equity ETF
WDIV,PCX,NYSEArca,ETF,State Street SPDR S&P Global Dividend ETF
WDTE,PCX,NYSEArca,ETF,Defiance S&P 500 Target 30 Weekly Distribution ETF
WEAT,PCX,NYSEArca,ETF,Teucrium Wheat Fund
WEBL,PCX,NYSEArca,ETF,Direxion Daily Dow Jones Internet Bull 3X Shares
WEBS,PCX,NYSEArca,ETF,Direxion Daily Dow Jones Internet Bear 3X Shares
WIP,PCX,NYSEArca,ETF,SPDR FTSE International Government Inflation-Protected Bond ETF
WNTR,PCX,NYSEArca,ETF,YieldMax MSTR Short Option Income Strategy ETF
WTIU,PCX,NYSEArca,ETF,MicroSectors Energy 3X Leveraged ETN
WTMF,PCX,NYSEArca,ETF,WisdomTree Managed Futures Strategy Fund
WTPI,PCX,NYSEArca,ETF,WisdomTree Equity Premium Income Fund
WTV,PCX,NYSEArca,ETF,WisdomTree U.S. Value Fund
WWJD,PCX,NYSEArca,ETF,Inspire International ETF
XAR,PCX,NYSEArca,ETF,State Street SPDR S&P Aerospace & Defense ETF
XBB,PCX,NYSEArca,ETF,BondBloxx BB Rated USD High Yield Corporate Bond ETF
XBI,PCX,NYSEArca,ETF,State Street SPDR S&P Biotech ETF
XC,PCX,NYSEArca,ETF,WisdomTree True Emerging Markets Fund
XCCC,PCX,NYSEArca,ETF,BondBloxx CCC Rated USD High Yield Corporate Bond ETF
XCEM,PCX,NYSEArca,ETF,Columbia EM Core ex-China ETF
XES,PCX,NYSEArca,ETF,State Street SPDR S&P Oil & Gas Equipment & Services ETF
XFIV,PCX,NYSEArca,ETF,Bondbloxx Bloomberg Five Year Target Duration US Treasury ETF
XHB,PCX,NYSEArca,ETF,State Street SPDR S&P Homebuilders ETF
XHE,PCX,NYSEArca,ETF,State Street SPDR S&P Health Care Equipment ETF
XHLF,PCX,NYSEArca,ETF,Bondbloxx Bloomberg Six Month Target Duration US Treasury ETF
XHS,PCX,NYSEArca,ETF,State Street SPDR S&P Health Care Services ETF
XIDV,PCX,NYSEArca,ETF,Franklin International Dividend Booster Index ETF
XITK,PCX,NYSEArca,ETF,State Street SPDR FactSet Innovative Technology ETF
XLB,PCX,NYSEArca,ETF,State Street Materials Select Sector SPDR ETF
XLC,PCX,NYSEArca,ETF,State Street Communication Services Select Sector SPDR ETF
XLE,PCX,NYSEArca,ETF,State Street Energy Select Sector SPDR ETF
XLF,PCX,NYSEArca,ETF,State Street Financial Select Sector SPDR ETF
XLG,PCX,NYSEArca,ETF,Invesco S&P 500 Top 50 ETF
XLI,PCX,NYSEArca,ETF,State Street Industrial Select Sector SPDR ETF
XLK,PCX,NYSEArca,ETF,State Street Technology Select Sector SPDR ETF
XLP,PCX,NYSEArca,ETF,State Street Consumer Staples Select Sector SPDR ETF
XLRE,PCX,NYSEArca,ETF,State Street Real Estate Select Sector SPDR ETF
XLSR,PCX,NYSEArca,ETF,State Street US Sector Rotation ETF
XLU,PCX,NYSEArca,ETF,State Street Utilities Select Sector SPDR ETF
XLV,PCX,NYSEArca,ETF,State Street Health Care Select Sector SPDR ETF
XLY,PCX,NYSEArca,ETF,State Street Consumer Discretionary Select Sector SPDR ETF
XME,PCX,NYSEArca,ETF,State Street SPDR S&P Metals & Mining ETF
XMHQ,PCX,NYSEArca,ETF,Invesco S&P MidCap Quality ETF
XMLV,PCX,NYSEArca,ETF,Invesco S&P MidCap Low Volatility ETF
XMMO,PCX,NYSEArca,ETF,Invesco S&P MidCap Momentum ETF
XMVM,PCX,NYSEArca,ETF,Invesco S&P MidCap Value with Momentum ETF
XNTK,PCX,NYSEArca,ETF,State Street SPDR NYSE Technology ETF
XOMO,PCX,NYSEArca,ETF,Yieldmax XOM Option Income Strategy ETF
XONE,PCX,NYSEArca,ETF,Bondbloxx Bloomberg One Year Target Duration US Treasury ETF
XOP,PCX,NYSEArca,ETF,State Street SPDR S&P Oil & Gas Exploration & Production ETF
XPAY,PCX,NYSEArca,ETF,Roundhill S&P 500 Target 20 Managed Distribution ETF
XPH,PCX,NYSEArca,ETF,State Street SPDR S&P Pharmaceuticals ETF
XRMI,PCX,NYSEArca,ETF,Global X S&P 500 Risk Managed Income ETF
XRT,PCX,NYSEArca,ETF,State Street SPDR S&P Retail ETF
XSD,PCX,NYSEArca,ETF,State Street SPDR S&P Semiconductor ETF
XSLV,PCX,NYSEArca,ETF,Invesco S&P SmallCap Low Volatility ETF
XSMO,PCX,NYSEArca,ETF,Invesco S&P SmallCap Momentum ETF
XSOE,PCX,NYSEArca,ETF,WisdomTree Emerging Markets ex-State-Owned Enterprises Fund
XSVM,PCX,NYSEArca,ETF,Invesco S&P SmallCap Value with Momentum ETF
XSVN,PCX,NYSEArca,ETF,Bondbloxx Bloomberg Seven Year Target Duration US Treasury ETF
XSW,PCX,NYSEArca,ETF,State Street SPDR S&P Software & Services ETF
XTEN,PCX,NYSEArca,ETF,Bondbloxx Bloomberg Ten Year Target Duration US Treasury ETF
XTL,PCX,NYSEArca,ETF,State Street SPDR S&P Telecom ETF
XTN,PCX,NYSEArca,ETF,State Street SPDR S&P Transportation ETF
XTRE,PCX,NYSEArca,ETF,Bondbloxx Bloomberg Three Year Target Duration US Treasury ETF
XTWO,PCX,NYSEArca,ETF,Bondbloxx Bloomberg Two Year Target Duration US Treasury ETF
XTWY,PCX,NYSEArca,ETF,Bondbloxx Bloomberg Twenty Year Target Duration US Treasury ETF
XUDV,PCX,NYSEArca,ETF,Franklin U.S. Dividend Booster Index ETF
XV,PCX,NYSEArca,ETF,Simplify Target 15 Distribution ETF
XXRP,PCX,NYSEArca,ETF,Teucrium 2x Long Daily XRP ETF
XYLD,PCX,NYSEArca,ETF,Global X S&P 500 Covered Call ETF
XYLG,PCX,NYSEArca,ETF,Global X S&P 500 Covered Call & Growth ETF
XYZY,PCX,NYSEArca,ETF,YieldMax XYZ Option Income Strategy ETF
YALL,PCX,NYSEArca,ETF,God Bless America ETF
YANG,PCX,NYSEArca,ETF,Direxion Daily FTSE China Bear 3X Shares
YBIT,PCX,NYSEArca,ETF,YieldMax Bitcoin Option Income Strategy ETF
YCL,PCX,NYSEArca,ETF,ProShares Ultra Yen
YCS,PCX,NYSEArca,ETF,ProShares UltraShort Yen
YEAR,PCX,NYSEArca,ETF,AB Ultra Short Income ETF
YFYA,PCX,NYSEArca,ETF,Yields for You Strategy A ETF
YGLD,PCX,NYSEArca,ETF,Simplify Gold Strategy PLUS Income ETF
YINN,PCX,NYSEArca,ETF,Direxion Daily FTSE China Bull 3X Shares
YLD,PCX,NYSEArca,ETF,Principal Active High Yield ETF
YMAG,PCX,NYSEArca,ETF,YieldMax Magnificent 7 Fund of Option Income ETFs
YMAX,PCX,NYSEArca,ETF,YieldMax Universe Fund of Option Income ETFs
YYY,PCX,NYSEArca,ETF,Amplify CEF High Income ETF
ZROZ,PCX,NYSEArca,ETF,PIMCO 25+ Year Zero Coupon U.S. Treasury Index Exchange-Traded Fund
ZSL,PCX,NYSEArca,ETF,ProShares UltraShort Silver
AADR,NGM,NasdaqGM,ETF,AdvisorShares Dorsey Wright ADR ETF
AAPB,NGM,NasdaqGM,ETF,GraniteShares 2x Long AAPL Daily ETF
AAPD,NGM,NasdaqGM,ETF,Direxion Daily AAPL Bear 1X Shares
AAPU,NGM,NasdaqGM,ETF,Direxion Daily AAPL Bull 2X Shares
AAXJ,NGM,NasdaqGM,ETF,iShares MSCI All Country Asia ex Japan ETF
ABIG,NGM,NasdaqGM,ETF,Argent Large Cap ETF
ACWI,NGM,NasdaqGM,ETF,iShares MSCI ACWI ETF
ACWX,NGM,NasdaqGM,ETF,iShares MSCI ACWI ex U.S. ETF
ADBG,NGM,NasdaqGM,ETF,Leverage Shares 2X Long ADBE Daily ETF
AFSC,NGM,NasdaqGM,ETF,abrdn Focused U.S. Small Cap Active ETF
AGGA,NGM,NasdaqGM,ETF,Astoria Dynamic Core US Fixed Income ETF
AGIX,NGM,NasdaqGM,ETF,KraneShares Artificial Intelligence and Technology ETF
AGNG,NGM,NasdaqGM,ETF,Global X Aging Population ETF
AGZD,NGM,NasdaqGM,ETF,WisdomTree Interest Rate Hedged U.S. Aggregate Bond Fund
AIA,NGM,NasdaqGM,ETF,iShares Asia 50 ETF
AIFD,NGM,NasdaqGM,ETF,TCW Artificial Intelligence ETF
AIPI,NGM,NasdaqGM,ETF,REX AI Equity Premium Income ETF
AIPO,NGM,NasdaqGM,ETF,Defiance AI & Power Infrastructure ETF
AIQ,NGM,NasdaqGM,ETF,Global X Artificial Intelligence & Technology ETF
AIRR,NGM,NasdaqGM,ETF,First Trust RBA American Industrial RenaissanceTM ETF
ALLW,NGM,NasdaqGM,ETF,State Street Bridgewater All Weather ETF
AMDD,NGM,NasdaqGM,ETF,Direxion Daily AMD Bear 1X Shares
AMDG,NGM,NasdaqGM,ETF,Leverage Shares 2X Long AMD Daily ETF
AMDL,NGM,NasdaqGM,ETF,GraniteShares 2x Long AMD Daily ETF
AMID,NGM,NasdaqGM,ETF,Argent Mid Cap ETF
AMUU,NGM,NasdaqGM,ETF,Direxion Daily AMD Bull 2X Shares
AMZD,NGM,NasdaqGM,ETF,Direxion Daily AMZN Bear 1X Shares
AMZU,NGM,NasdaqGM,ETF,Direxion Daily AMZN Bull 2X Shares
AMZZ,NGM,NasdaqGM,ETF,GraniteShares 2x Long AMZN Daily ETF
ANGL,NGM,NasdaqGM,ETF,VanEck Fallen Angel High Yield Bond ETF
AOHY,NGM,NasdaqGM,ETF,Angel Oak High Yield Opportunities ETF
APPX,NGM,NasdaqGM,ETF,Tradr 2X Long APP Daily ETF
ARMG,NGM,NasdaqGM,ETF,Leverage Shares 2X Long ARM Daily ETF
ASMG,NGM,NasdaqGM,ETF,Leverage Shares 2X Long ASML Daily ETF
AUMI,NGM,NasdaqGM,ETF,Themes Gold Miners ETF
AVGG,NGM,NasdaqGM,ETF,Leverage Shares 2X Long AVGO Daily ETF
AVGX,NGM,NasdaqGM,ETF,Defiance Daily Target 2X Long AVGO ETF
AVL,NGM,NasdaqGM,ETF,Direxion Daily AVGO Bull 2X Shares
AVS,NGM,NasdaqGM,ETF,Direxion Daily AVGO Bear 1X Shares
AVXC,NGM,NasdaqGM,ETF,Avantis Emerging Markets Ex-China Equity ETF
BABX,NGM,NasdaqGM,ETF,GraniteShares 2x Long BABA Daily ETF
BAFE,NGM,NasdaqGM,ETF,Brown Advisory Flexible Equity ETF
BBH,NGM,NasdaqGM,ETF,VanEck Biotech ETF
BGRN,NGM,NasdaqGM,ETF,iShares USD Green Bond ETF
BIB,NGM,NasdaqGM,ETF,ProShares Ultra Nasdaq Biotechnology
BIS,NGM,NasdaqGM,ETF,ProShares UltraShort Nasdaq Biotechnology
BITS,NGM,NasdaqGM,ETF,Global X Blockchain & Bitcoin Strategy ETF
BKCH,NGM,NasdaqGM,ETF,Global X Blockchain ETF
BLCN,NGM,NasdaqGM,ETF,Siren Nasdaq NexGen Economy ETF
BMAX,NGM,NasdaqGM,ETF,REX Bitcoin Corporate Treasury Convertible Bond ETF
BMDL,NGM,NasdaqGM,ETF,VictoryShares WestEnd Economic Cycle Bond ETF
BND,NGM,NasdaqGM,ETF,Vanguard Total Bond Market Index Fund
BNDW,NGM,NasdaqGM,ETF,Vanguard Total World Bond ETF
BNDX,NGM,NasdaqGM,ETF,Vanguard Total International Bond Index Fund
BOEU,NGM,NasdaqGM,ETF,Direxion Daily BA Bull 2X Shares
BOTZ,NGM,NasdaqGM,ETF,Global X Robotics & Artificial Intelligence ETF
BRHY,NGM,NasdaqGM,ETF,iShares High Yield Active ETF
BRKU,NGM,NasdaqGM,ETF,Direxion Daily BRKB Bull 2X Shares
BRNY,NGM,NasdaqGM,ETF,Burney U.S. Factor Rotation ETF
BRRR,NGM,NasdaqGM,ETF,CoinShares Bitcoin ETF
BRTR,NGM,NasdaqGM,ETF,iShares Total Return Active ETF
BSCP,NGM,NasdaqGM,ETF,Invesco BulletShares 2025 Corporate Bond ETF
BSCQ,NGM,NasdaqGM,ETF,Invesco BulletShares 2026 Corporate Bond ETF
BSCR,NGM,NasdaqGM,ETF,Invesco BulletShares 2027 Corporate Bond ETF
BSCS,NGM,NasdaqGM,ETF,Invesco BulletShares 2028 Corporate Bond ETF
BSCT,NGM,NasdaqGM,ETF,Invesco BulletShares 2029 Corporate Bond ETF
BSCU,NGM,NasdaqGM,ETF,Invesco BulletShares 2030 Corporate Bond ETF
BSCV,NGM,NasdaqGM,ETF,Invesco BulletShares 2031 Corporate Bond ETF
BSCW,NGM,NasdaqGM,ETF,Invesco Bulletshares 2032 Corporate Bond ETF
BSCX,NGM,NasdaqGM,ETF,Invesco Bulletshares 2033 Corporate Bond ETF
BSCY,NGM,NasdaqGM,ETF,Invesco BulletShares 2034 Corporate Bond ETF
BSJP,NGM,NasdaqGM,ETF,Invesco BulletShares 2025 High Yield Corporate Bond ETF
BSJQ,NGM,NasdaqGM,ETF,Invesco BulletShares 2026 High Yield Corporate Bond ETF
BSJR,NGM,NasdaqGM,ETF,Invesco BulletShares 2027 High Yield Corporate Bond ETF
BSJS,NGM,NasdaqGM,ETF,Invesco BulletShares 2028 High Yield Corporate Bond ETF
BSJT,NGM,NasdaqGM,ETF,Invesco BulletShares 2029 High Yield Corporate Bond ETF
BSJU,NGM,NasdaqGM,ETF,Invesco Bulletshares 2030 High Yield Corporate Bond ETF
BSMP,NGM,NasdaqGM,ETF,Invesco BulletShares (R) 2025 Municipal Bond ETF
BSMQ,NGM,NasdaqGM,ETF,Invesco BulletShares (R) 2026 Municipal Bond ETF
BSMR,NGM,NasdaqGM,ETF,Invesco BulletShares (R) 2027 Municipal Bond ETF
BSMS,NGM,NasdaqGM,ETF,Invesco BulletShares (R) 2028 Municipal Bond ETF
BSMT,NGM,NasdaqGM,ETF,Invesco BulletShares 2029 Municipal Bond ETF
BSMU,NGM,NasdaqGM,ETF,Invesco BulletShares 2030 Municipal Bond ETF
BSMV,NGM,NasdaqGM,ETF,Invesco BulletShares 2031 Municipal Bond ETF
BSMW,NGM,NasdaqGM,ETF,Invesco Bulletshares 2032 Municipal Bond ETF
BSMY,NGM,NasdaqGM,ETF,Invesco Bulletshares 2034 Municipal Bond ETF
BSSX,NGM,NasdaqGM,ETF,Invesco Bulletshares 2033 Municipal Bond ETF
BSVO,NGM,NasdaqGM,ETF,EA Bridgeway Omni Small-Cap Value ETF
BTF,NGM,NasdaqGM,ETF,CoinShares Bitcoin and Ether ETF
BTFX,NGM,NasdaqGM,ETF,CoinShares Bitcoin Leverage ETF
BTGD,NGM,NasdaqGM,ETF,STKd 100% Bitcoin & 100% Gold ETF
BUFC,NGM,NasdaqGM,ETF,AB Conservative Buffer ETF
BUFI,NGM,NasdaqGM,ETF,AB International Buffer ETF
BUFM,NGM,NasdaqGM,ETF,AB Moderate Buffer ETF
BUG,NGM,NasdaqGM,ETF,Global X Cybersecurity ETF
CALI,NGM,NasdaqGM,ETF,iShares Short-Term California Muni Active ETF
CANC,NGM,NasdaqGM,ETF,Tema Oncology ETF
CANQ,NGM,NasdaqGM,ETF,Calamos Nasdaq Equity & Income ETF
CARY,NGM,NasdaqGM,ETF,Angel Oak Income ETF
CATH,NGM,NasdaqGM,ETF,Global X S&P 500 Catholic Values ETF
CCNR,NGM,NasdaqGM,ETF,ALPS/CoreCommodity Natural Resources ETF
CDC,NGM,NasdaqGM,ETF,VictoryShares US EQ Income Enhanced Volatility Wtd ETF
CDL,NGM,NasdaqGM,ETF,VictoryShares US Large Cap High Div Volatility Wtd ETF
CEPI,NGM,NasdaqGM,ETF,REX Crypto Equity Premium Income ETF
CFA,NGM,NasdaqGM,ETF,VictoryShares US 500 Volatility Wtd ETF
CFO,NGM,NasdaqGM,ETF,VictoryShares US 500 Enhanced Volatility Wtd ETF
CHGX,NGM,NasdaqGM,ETF,Stance Sustainable Beta ETF
CIBR,NGM,NasdaqGM,ETF,First Trust NASDAQ Cybersecurity ETF
CLOA,NGM,NasdaqGM,ETF,iShares AAA CLO Active ETF
CLOU,NGM,NasdaqGM,ETF,Global X Cloud Computing ETF
CLSM,NGM,NasdaqGM,ETF,ETC Cabana Target Leading Sector Moderate ETF
COIG,NGM,NasdaqGM,ETF,Leverage Shares 2X Long COIN Daily ETF
COMT,NGM,NasdaqGM,ETF,iShares GSCI Commodity Dynamic Roll Strategy ETF
CONI,NGM,NasdaqGM,ETF,GraniteShares 2x Short COIN Daily ETF
CONL,NGM,NasdaqGM,ETF,GraniteShares 2x Long COIN Daily ETF
COPJ,NGM,NasdaqGM,ETF,Sprott Junior Copper Miners ETF
COPP,NGM,NasdaqGM,ETF,Sprott Copper Miners ETF
COWG,NGM,NasdaqGM,ETF,Pacer US Large Cap Cash Cows Growth Leaders ETF
CPLS,NGM,NasdaqGM,ETF,AB Core Plus Bond ETF
CRMG,NGM,NasdaqGM,ETF,Leverage Shares 2X Long CRM Daily ETF
CRWL,NGM,NasdaqGM,ETF,GraniteShares 2x Long CRWD Daily ETF
CSB,NGM,NasdaqGM,ETF,VictoryShares US Small Cap High Div Volatility Wtd ETF
CVNX,NGM,NasdaqGM,ETF,Defiance Daily Target 2X Long CVNA ETF
CXSE,NGM,NasdaqGM,ETF,WisdomTree China ex-State-Owned Enterprises Fund
DAPP,NGM,NasdaqGM,ETF,VanEck Digital Transformation ETF
DAX,NGM,NasdaqGM,ETF,Global X DAX Germany ETF
DDIV,NGM,NasdaqGM,ETF,First Trust Dorsey Wright Momentum & Dividend ETF
DFGP,NGM,NasdaqGM,ETF,Dimensional Global Core Plus Fixed Income ETF
DFGX,NGM,NasdaqGM,ETF,Dimensional International Core Fixed Income ETF
DGCB,NGM,NasdaqGM,ETF,Dimensional Global Credit ETF
DGRE,NGM,NasdaqGM,ETF,WisdomTree Emerging Markets Quality Dividend Growth Fund
DGRS,NGM,NasdaqGM,ETF,WisdomTree U.S. SmallCap Quality Dividend Growth Fund
DGRW,NGM,NasdaqGM,ETF,WisdomTree U.S. Quality Dividend Growth Fund
DLLL,NGM,NasdaqGM,ETF,GraniteShares 2x Long DELL Daily ETF
DMXF,NGM,NasdaqGM,ETF,iShares ESG Advanced MSCI EAFE Index ETF
DRIV,NGM,NasdaqGM,ETF,Global X Autonomous & Electric Vehicles ETF
DTCR,NGM,NasdaqGM,ETF,Global X Data Center & Digital Infrastructure ETF
DVOL,NGM,NasdaqGM,ETF,First Trust Dorsey Wright Momentum & Low Volatility ETF
DVY,NGM,NasdaqGM,ETF,iShares Select Dividend ETF
DWAS,NGM,NasdaqGM,ETF,Invesco DWA SmallCap Momentum ETF
DWSH,NGM,NasdaqGM,ETF,AdvisorShares Dorsey Wright Short ETF
EBI,NGM,NasdaqGM,ETF,Longview Advantage ETF
EBIZ,NGM,NasdaqGM,ETF,Global X E-commerce ETF
ECOW,NGM,NasdaqGM,ETF,Pacer Emerging Markets Cash Cows 100 ETF
EEMA,NGM,NasdaqGM,ETF,iShares MSCI Emerging Markets Asia ETF
EFAS,NGM,NasdaqGM,ETF,Global X MSCI SuperDividend EAFE ETF
EGGQ,NGM,NasdaqGM,ETF,NestYield Visionary ETF
ELFY,NGM,NasdaqGM,ETF,ALPS Electrification Infrastructure ETF
ELIL,NGM,NasdaqGM,ETF,Direxion Daily LLY Bull 2X Shares
EMB,NGM,NasdaqGM,ETF,iShares J.P. Morgan USD Emerging Markets Bond ETF
EMCB,NGM,NasdaqGM,ETF,WisdomTree Emerging Markets Corporate Bond Fund
EMEQ,NGM,NasdaqGM,ETF,Nomura Focused Emerging Markets Equity ETF
EMXC,NGM,NasdaqGM,ETF,iShares MSCI Emerging Markets ex China ETF
EMXF,NGM,NasdaqGM,ETF,iShares ESG Advanced MSCI EM ETF
ENZL,NGM,NasdaqGM,ETF,iShares MSCI New Zealand ETF
ERNZ,NGM,NasdaqGM,ETF,TrueShares Active Yield ETF
ESGD,NGM,NasdaqGM,ETF,iShares ESG Aware MSCI EAFE ETF
ESGE,NGM,NasdaqGM,ETF,iShares ESG Aware MSCI EM ETF
ESGU,NGM,NasdaqGM,ETF,iShares ESG Aware MSCI USA ETF
ESPO,NGM,NasdaqGM,ETF,VanEck Video Gaming and eSports ETF
ETHA,NGM,NasdaqGM,ETF,iShares Ethereum Trust ETF
EUFN,NGM,NasdaqGM,ETF,iShares MSCI Europe Financials ETF
EVSD,NGM,NasdaqGM,ETF,Eaton Vance Short Duration Income ETF
EVYM,NGM,NasdaqGM,ETF,Eaton Vance High Income Municipal ETF
EWJV,NGM,NasdaqGM,ETF,iShares MSCI Japan Value ETF
EWZS,NGM,NasdaqGM,ETF,iShares MSCI Brazil Small-Cap ETF
FAAR,NGM,NasdaqGM,ETF,First Trust Alternative Absolute Return Strategy ETF
FAD,NGM,NasdaqGM,ETF,First Trust Multi Cap Growth AlphaDEX Fund
FALN,NGM,NasdaqGM,ETF,iShares Fallen Angels USD Bond ETF
FBL,NGM,NasdaqGM,ETF,GraniteShares 2x Long META Daily ETF
FBOT,NGM,NasdaqGM,ETF,Fidelity Disruptive Automation ETF
FCAL,NGM,NasdaqGM,ETF,First Trust California Municipal High Income ETF
FCEF,NGM,NasdaqGM,ETF,First Trust Income Opportunity ETF
FCTE,NGM,NasdaqGM,ETF,SMI 3Fourteen Full-Cycle Trend ETF
FCVT,NGM,NasdaqGM,ETF,First Trust SSI Strategic Convertible Securities ETF
FDCF,NGM,NasdaqGM,ETF,Fidelity Disruptive Communications ETF
FDFF,NGM,NasdaqGM,ETF,Fidelity Disruptive Finance ETF
FDIF,NGM,NasdaqGM,ETF,Fidelity Disruptors ETF
FDIG,NGM,NasdaqGM,ETF,Fidelity Crypto Industry and Digital Payments ETF
FDIV,NGM,NasdaqGM,ETF,MarketDesk Focused U.S. Dividend ETF
FDNI,NGM,NasdaqGM,ETF,First Trust Dow Jones International Internet ETF
FDT,NGM,NasdaqGM,ETF,First Trust Developed Markets Ex-US AlphaDEX Fund
FDTX,NGM,NasdaqGM,ETF,Fidelity Disruptive Technology ETF
FEAT,NGM,NasdaqGM,ETF,YieldMax Dorsey Wright Featured 5 Income ETF
FEM,NGM,NasdaqGM,ETF,First Trust Emerging Markets AlphaDEX Fund
FEMB,NGM,NasdaqGM,ETF,First Trust Emerging Markets Local Currency Bond ETF
FEMS,NGM,NasdaqGM,ETF,First Trust Emerging Markets Small Cap AlphaDEX Fund
FEP,NGM,NasdaqGM,ETF,First Trust Europe AlphaDEX Fund
FEPI,NGM,NasdaqGM,ETF,REX FANG & Innovation Equity Premium Income ETF
FEUZ,NGM,NasdaqGM,ETF,First Trust Eurozone AlphaDEX ETF
FEX,NGM,NasdaqGM,ETF,First Trust Large Cap Core AlphaDEX Fund
FFUT,NGM,NasdaqGM,ETF,Fidelity Managed Futures ETF
FGM,NGM,NasdaqGM,ETF,First Trust Germany AlphaDEX Fund
FICS,NGM,NasdaqGM,ETF,First Trust International Developed Cap Strength ETF
FID,NGM,NasdaqGM,ETF,First Trust S&P International Dividend Aristocrats ETF
FINX,NGM,NasdaqGM,ETF,Global X FinTech ETF
FIVY,NGM,NasdaqGM,ETF,YieldMax Dorsey Wright Hybrid 5 Income ETF
FIXD,NGM,NasdaqGM,ETF,First Trust Smith Opportunistic Fixed Income ETF
FJP,NGM,NasdaqGM,ETF,First Trust Japan AlphaDEX Fund
FKU,NGM,NasdaqGM,ETF,First Trust United Kingdom AlphaDEX Fund
FLDB,NGM,NasdaqGM,ETF,Fidelity Low Duration Bond ETF
FMB,NGM,NasdaqGM,ETF,First Trust Managed Municipal ETF
FMET,NGM,NasdaqGM,ETF,Fidelity Metaverse ETF
FMHI,NGM,NasdaqGM,ETF,First Trust Municipal High Income ETF
FMTM,NGM,NasdaqGM,ETF,MarketDesk Focused U.S. Momentum ETF
FMUB,NGM,NasdaqGM,ETF,Fidelity Municipal Bond Opportunities ETF
FMUN,NGM,NasdaqGM,ETF,Fidelity Systematic Municipal Bond Index ETF
FNK,NGM,NasdaqGM,ETF,First Trust Mid Cap Value AlphaDEX Fund
FNX,NGM,NasdaqGM,ETF,First Trust Mid Cap Core AlphaDEX Fund
FNY,NGM,NasdaqGM,ETF,First Trust Mid Cap Growth AlphaDEX Fund
FPXI,NGM,NasdaqGM,ETF,First Trust International Equity Opportunities ETF
FSCS,NGM,NasdaqGM,ETF,First Trust SMID Capital Strength ETF
FTA,NGM,NasdaqGM,ETF,First Trust Large Cap Value AlphaDEX Fund
FTC,NGM,NasdaqGM,ETF,First Trust Large Cap Growth AlphaDEX Fund
FTCS,NGM,NasdaqGM,ETF,First Trust Capital Strength ETF
FTGC,NGM,NasdaqGM,ETF,First Trust Global Tactical Commodity Strategy Fund
FTGS,NGM,NasdaqGM,ETF,First Trust Growth Strength ETF
FTHI,NGM,NasdaqGM,ETF,First Trust BuyWrite Income ETF
FTQI,NGM,NasdaqGM,ETF,First Trust Nasdaq BuyWrite Income ETF
FTRI,NGM,NasdaqGM,ETF,First Trust Indxx Global Natural Resources Income ETF
FTSL,NGM,NasdaqGM,ETF,First Trust Senior Loan Fund
FTSM,NGM,NasdaqGM,ETF,First Trust Enhanced Short Maturity ETF
FTXG,NGM,NasdaqGM,ETF,First Trust Nasdaq Food & Beverage ETF
FTXH,NGM,NasdaqGM,ETF,First Trust Nasdaq Pharmaceuticals ETF
FTXL,NGM,NasdaqGM,ETF,First Trust Nasdaq Semiconductor ETF
FTXN,NGM,NasdaqGM,ETF,First Trust Nasdaq Oil & Gas ETF
FTXO,NGM,NasdaqGM,ETF,First Trust Nasdaq Bank ETF
FTXR,NGM,NasdaqGM,ETF,First Trust Nasdaq Transportation ETF
FV,NGM,NasdaqGM,ETF,First Trust Dorsey Wright Focus 5 ETF
FVC,NGM,NasdaqGM,ETF,First Trust Dorsey Wright Dynamic Focus 5 ETF
FYC,NGM,NasdaqGM,ETF,First Trust Small Cap Growth AlphaDEX Fund
FYT,NGM,NasdaqGM,ETF,First Trust Small Cap Value AlphaDEX Fund
FYX,NGM,NasdaqGM,ETF,First Trust Small Cap Core AlphaDEX Fund
GBUG,NGM,NasdaqGM,ETF,Sprott Active Gold & Silver Miners ETF
GFLW,NGM,NasdaqGM,ETF,VictoryShares Free Cash Flow Growth ETF
GGLL,NGM,NasdaqGM,ETF,Direxion Daily GOOGL Bull 2X Shares
GGLS,NGM,NasdaqGM,ETF,Direxion Daily GOOGL Bear 1X Shares
GLDI,NGM,NasdaqGM,ETF,UBS ETRACS Gold Shares Covered Call ETN
GNMA,NGM,NasdaqGM,ETF,iShares GNMA Bond ETF
GNOM,NGM,NasdaqGM,ETF,Global X Genomics & Biotechnology ETF
GOVI,NGM,NasdaqGM,ETF,Invesco Equal Weight 0-30 Years Treasury ETF
GPIQ,NGM,NasdaqGM,ETF,Goldman Sachs Nasdaq-100 Premium Income ETF
GPIX,NGM,NasdaqGM,ETF,Goldman Sachs S&P 500 Premium Income ETF
GPRF,NGM,NasdaqGM,ETF,Goldman Sachs Access U.S. Preferred Stock and Hybrid Securities ETF
GQQQ,NGM,NasdaqGM,ETF,Astoria US Quality Growth Kings ETF
GRID,NGM,NasdaqGM,ETF,First Trust NASDAQ Clean Edge Smart Grid Infrastructure Index Fund
GRW,NGM,NasdaqGM,ETF,TCW Durable Growth ETF
GSIB,NGM,NasdaqGM,ETF,Themes Global Systemically Important Banks ETF
HEAL,NGM,NasdaqGM,ETF,Global X HealthTech ETF
HERD,NGM,NasdaqGM,ETF,Pacer Cash Cows Fund of Funds ETF
HERO,NGM,NasdaqGM,ETF,Global X Video Games & Esports ETF
HIDE,NGM,NasdaqGM,ETF,Alpha Architect High Inflation And Deflation ETF
HIMZ,NGM,NasdaqGM,ETF,Defiance Daily Target 2X Long HIMS ETF
HISF,NGM,NasdaqGM,ETF,First Trust High Income Strategic Focus ETF
HLAL,NGM,NasdaqGM,ETF,Wahed FTSE USA Shariah ETF
HNDL,NGM,NasdaqGM,ETF,Strategy Shares Nasdaq 7 Handl Index ETF
HOOG,NGM,NasdaqGM,ETF,Leverage Shares 2X Long HOOD Daily ETF
HOOX,NGM,NasdaqGM,ETF,Defiance Daily Target 2X Long HOOD ETF
HYBI,NGM,NasdaqGM,ETF,NEOS Enhanced Income Credit Select ETF
HYDR,NGM,NasdaqGM,ETF,Global X Hydrogen ETF
HYLS,NGM,NasdaqGM,ETF,First Trust Tactical High Yield ETF
HYXF,NGM,NasdaqGM,ETF,iShares ESG Advanced High Yield Corporate Bond ETF
HYZD,NGM,NasdaqGM,ETF,WisdomTree Interest Rate Hedged High Yield Bond Fund
IBB,NGM,NasdaqGM,ETF,iShares Biotechnology ETF
IBBQ,NGM,NasdaqGM,ETF,Invesco Nasdaq Biotechnology ETF
IBGA,NGM,NasdaqGM,ETF,iShares iBonds Dec 2044 Term Treasury ETF
IBIT,NGM,NasdaqGM,ETF,iShares Bitcoin Trust ETF
IBOT,NGM,NasdaqGM,ETF,Vaneck Robotics ETF
IBTF,NGM,NasdaqGM,ETF,iShares iBonds Dec 2025 Term Treasury ETF
IBTG,NGM,NasdaqGM,ETF,iShares iBonds Dec 2026 Term Treasury ETF
IBTH,NGM,NasdaqGM,ETF,iShares iBonds Dec 2027 Term Treasury ETF
IBTI,NGM,NasdaqGM,ETF,iShares iBonds Dec 2028 Term Treasury ETF
IBTJ,NGM,NasdaqGM,ETF,iShares iBonds Dec 2029 Term Treasury ETF
IBTK,NGM,NasdaqGM,ETF,iShares iBonds Dec 2030 Term Treasury ETF
IBTL,NGM,NasdaqGM,ETF,iShares iBonds Dec 2031 Term Treasury ETF
IBTM,NGM,NasdaqGM,ETF,iShares iBonds Dec 2032 Term Treasury ETF
IBTO,NGM,NasdaqGM,ETF,Ishares Ibonds Dec 2033 Term Treasury ETF
IBTP,NGM,NasdaqGM,ETF,iShares iBonds Dec 2034 Term Treasury ETF
IBTQ,NGM,NasdaqGM,ETF,iShares iBonds Dec 2035 Term Treasury ETF
ICLN,NGM,NasdaqGM,ETF,iShares Global Clean Energy ETF
ICOP,NGM,NasdaqGM,ETF,iShares Copper and Metals Mining ETF
IDEF,NGM,NasdaqGM,ETF,iShares Defense Industrials Act
IEF,NGM,NasdaqGM,ETF,iShares 7-10 Year Treasury Bond ETF
IEI,NGM,NasdaqGM,ETF,iShares 3-7 Year Treasury Bond ETF
IEUS,NGM,NasdaqGM,ETF,iShares MSCI Europe Small-Cap ETF
IFGL,NGM,NasdaqGM,ETF,iShares International Developed Real Estate ETF
IFV,NGM,NasdaqGM,ETF,First Trust Dorsey Wright International Focus 5 ETF
IGF,NGM,NasdaqGM,ETF,iShares Global Infrastructure ETF
IGIB,NGM,NasdaqGM,ETF,iShares 5-10 Year Investment Grade Corporate Bond ETF
IGOV,NGM,NasdaqGM,ETF,iShares International Treasury Bond ETF
IGSB,NGM,NasdaqGM,ETF,iShares 1-5 Year Investment Grade Corporate Bond ETF
IHYF,NGM,NasdaqGM,ETF,Invesco High Yield Bond Factor ETF
IJT,NGM,NasdaqGM,ETF,iShares S&P Small-Cap 600 Growth ETF
IMCV,NGM,NasdaqGM,ETF,iShares Morningstar Mid-Cap Value ETF
IMOM,NGM,NasdaqGM,ETF,Alpha Architect International Quantitative Momentum ETF
INDY,NGM,NasdaqGM,ETF,iShares India 50 ETF
INTW,NGM,NasdaqGM,ETF,GraniteShares 2x Long INTC Daily ETF
IONL,NGM,NasdaqGM,ETF,GraniteShares 2x Long IONQ Daily ETF
IONX,NGM,NasdaqGM,ETF,Defiance Daily Target 2X Long IONQ ETF
IPKW,NGM,NasdaqGM,ETF,Invesco International BuyBack Achievers ETF
IQQQ,NGM,NasdaqGM,ETF,ProShares Nasdaq-100 High Income ETF
ISHG,NGM,NasdaqGM,ETF,iShares 1-3 Year International Treasury Bond ETF
ISTB,NGM,NasdaqGM,ETF,iShares Core 1-5 Year USD Bond ETF
IUS,NGM,NasdaqGM,ETF,Invesco RAFI Strategic US ETF
IUSB,NGM,NasdaqGM,ETF,iShares Core Universal USD Bond ETF
IUSG,NGM,NasdaqGM,ETF,iShares Core S&P U.S. Growth ETF
IUSV,NGM,NasdaqGM,ETF,iShares Core S&P U.S. Value ETF
IVAL,NGM,NasdaqGM,ETF,Alpha Architect International Quantitative Value ETF
IXUS,NGM,NasdaqGM,ETF,iShares Core MSCI Total International Stock ETF
JAPN,NGM,NasdaqGM,ETF,Horizon Kinetics Japan Owner Operator ETF
JEPQ,NGM,NasdaqGM,ETF,JPMorgan Nasdaq Equity Premium Income ETF
JGLO,NGM,NasdaqGM,ETF,Jpmorgan Global Select Equity ETF
JIVE,NGM,NasdaqGM,ETF,Jpmorgan International Value ETF
JMID,NGM,NasdaqGM,ETF,Janus Henderson Mid Cap Growth Alpha ETF
JPEF,NGM,NasdaqGM,ETF,JPMorgan Equity Focus ETF
JPY,NGM,NasdaqGM,ETF,Lazard Japanese Equity ETF
JSMD,NGM,NasdaqGM,ETF,Janus Henderson Small/Mid Cap Growth Alpha ETF
JSML,NGM,NasdaqGM,ETF,Janus Henderson Small Cap Growth Alpha ETF
JTEK,NGM,NasdaqGM,ETF,JPMorgan U.S. Tech Leaders ETF
KBWB,NGM,NasdaqGM,ETF,Invesco KBW Bank ETF
KBWD,NGM,NasdaqGM,ETF,Invesco KBW High Dividend Yield Financial ETF
KBWP,NGM,NasdaqGM,ETF,Invesco KBW Property & Casualty Insurance ETF
KBWY,NGM,NasdaqGM,ETF,Invesco KBW Premium Yield Equity REIT ETF
KOID,NGM,NasdaqGM,ETF,KraneShares Global Humanoid and Embodied Intelligence Index ETF
KPDD,NGM,NasdaqGM,ETF,KraneShares 2x Long PDD Daily ETF
KRMA,NGM,NasdaqGM,ETF,Global X Conscious Companies ETF
LAYS,NGM,NasdaqGM,ETF,STKd 150% NVDA & 150% AMD ETF
LCDL,NGM,NasdaqGM,ETF,GraniteShares 2x Long LCID Daily ETF
LDEM,NGM,NasdaqGM,ETF,iShares ESG MSCI EM Leaders ETF
LDSF,NGM,NasdaqGM,ETF,First Trust Low Duration Strategic Focus ETF
LEGR,NGM,NasdaqGM,ETF,First Trust Indxx Innovative Transaction & Process ETF
LEXI,NGM,NasdaqGM,ETF,Alexis Practical Tactical ETF
LGRO,NGM,NasdaqGM,ETF,Level Four Large Cap Growth Active ETF
LMBS,NGM,NasdaqGM,ETF,First Trust Low Duration Opportunities ETF
LOGO,NGM,NasdaqGM,ETF,Alpha Brands Consumption Leaders ETF
LRGE,NGM,NasdaqGM,ETF,ClearBridge Large Cap Growth Select ETF
LVHD,NGM,NasdaqGM,ETF,Franklin U.S. Low Volatility High Dividend Index ETF
MAXI,NGM,NasdaqGM,ETF,Simplify Bitcoin Strategy PLUS Income ETF
MBB,NGM,NasdaqGM,ETF,iShares MBS ETF
MBS,NGM,NasdaqGM,ETF,Angel Oak Mortgage-Backed Securities ETF
MCHI,NGM,NasdaqGM,ETF,iShares MSCI China ETF
MDIV,NGM,NasdaqGM,ETF,Multi-Asset Diversified Income Index Fund
METD,NGM,NasdaqGM,ETF,Direxion Daily META Bear 1X ETF
METU,NGM,NasdaqGM,ETF,Direxion Daily META Bull 2X ETF
MILN,NGM,NasdaqGM,ETF,Global X Millennials Consumer ETF
MODL,NGM,NasdaqGM,ETF,Victoryshares Westend U.S. Sector ETF
MOOD,NGM,NasdaqGM,ETF,Relative Sentiment Tactical Allocation ETF
MQQQ,NGM,NasdaqGM,ETF,Tradr 2X Long Innovation 100 Monthly ETF
MRAL,NGM,NasdaqGM,ETF,GraniteShares 2x Long MARA Daily ETF
MSFD,NGM,NasdaqGM,ETF,Direxion Daily MSFT Bear 1X Shares
MSFL,NGM,NasdaqGM,ETF,GraniteShares 2x Long MSFT Daily ETF
MSFU,NGM,NasdaqGM,ETF,Direxion Daily MSFT Bull 2X Shares
MST,NGM,NasdaqGM,ETF,Defiance Leveraged Long + Income MSTR ETF
MSTX,NGM,NasdaqGM,ETF,Defiance Daily Target 2X Long MSTR ETF
MUD,NGM,NasdaqGM,ETF,Direxion Daily MU Bear 1X Shares
MULL,NGM,NasdaqGM,ETF,GraniteShares 2x Long MU Daily ETF
MUU,NGM,NasdaqGM,ETF,Direxion Daily MU Bull 2X Shares
MVLL,NGM,NasdaqGM,ETF,GraniteShares 2x Long MRVL Daily ETF
MYCF,NGM,NasdaqGM,ETF,State Street My2026 Corporate Bond ETF
MYCG,NGM,NasdaqGM,ETF,State Street My2027 Corporate Bond ETF
NATO,NGM,NasdaqGM,ETF,Themes Transatlantic Defense ETF
NCIQ,NGM,NasdaqGM,ETF,Hashdex Nasdaq CME Crypto Index ETF
NFTY,NGM,NasdaqGM,ETF,First Trust India NIFTY 50 Equal Weight ETF
NFXL,NGM,NasdaqGM,ETF,Direxion Daily NFLX Bull 2X Shares
NFXS,NGM,NasdaqGM,ETF,Direxion Daily NFLX Bear 1X Shares
NIKL,NGM,NasdaqGM,ETF,Sprott Nickel Miners ETF
NIXT,NGM,NasdaqGM,ETF,Research Affiliates Deletions ETF
NSI,NGM,NasdaqGM,ETF,National Security Emerging Markets Index ETF
NVD,NGM,NasdaqGM,ETF,Graniteshares 2x Short NVDA Daily ETF
NVDD,NGM,NasdaqGM,ETF,Direxion Daily NVDA Bear 1X Shares
NVDG,NGM,NasdaqGM,ETF,Leverage Shares 2X Long NVDA Daily ETF
NVDL,NGM,NasdaqGM,ETF,GraniteShares 2x Long NVDA Daily ETF
NVDS,NGM,NasdaqGM,ETF,Tradr 1.5X Short NVDA Daily ETF
NVDU,NGM,NasdaqGM,ETF,Direxion Daily Nvda Bull 2X Shares
NVYY,NGM,NasdaqGM,ETF,GraniteShares YieldBOOST NVDA ETF
NXTG,NGM,NasdaqGM,ETF,First Trust IndXX NextG ETF
NZAC,NGM,NasdaqGM,ETF,State Street SPDR MSCI ACWI Climate Paris Aligned ETF
OBIL,NGM,NasdaqGM,ETF,F/m US Treasury 12 Month Bill ETF
ONEQ,NGM,NasdaqGM,ETF,Fidelity Nasdaq Composite Index ETF
OPPJ,NGM,NasdaqGM,ETF,WisdomTree Japan Opportunities Fund
ORCX,NGM,NasdaqGM,ETF,Defiance Daily Target 2X Long ORCL ETF
ORR,NGM,NasdaqGM,ETF,Militia Long/Short Equity ETF
OZEM,NGM,NasdaqGM,ETF,Roundhill Glp-1 & Weight Loss ETF
PABD,NGM,NasdaqGM,ETF,iShares Paris-Aligned Climate Optimized MSCI World ex USA ETF
PABU,NGM,NasdaqGM,ETF,iShares Paris-Aligned Climate Optimized MSCI USA ETF
PALU,NGM,NasdaqGM,ETF,Direxion Daily PANW Bull 2X Shares
PANG,NGM,NasdaqGM,ETF,Leverage Shares 2X Long PANW Daily ETF
PCMM,NGM,NasdaqGM,ETF,BondBloxx Private Credit CLO ETF
PDBA,NGM,NasdaqGM,ETF,Invesco Agriculture Commodity Strategy No K-1 ETF
PDBC,NGM,NasdaqGM,ETF,Invesco Optimum Yield Diversified Commodity Strategy No K-1 ETF
PDP,NGM,NasdaqGM,ETF,Invesco Dorsey Wright Momentum ETF
PEY,NGM,NasdaqGM,ETF,Invesco High Yield Equity Dividend Achievers ETF
PEZ,NGM,NasdaqGM,ETF,Invesco Dorsey Wright Consumer Cyclicals Momentum ETF
PFF,NGM,NasdaqGM,ETF,iShares Preferred and Income Securities ETF
PFM,NGM,NasdaqGM,ETF,Invesco Dividend Achievers ETF
PGJ,NGM,NasdaqGM,ETF,Invesco Golden Dragon China ETF
PHO,NGM,NasdaqGM,ETF,Invesco Water Resources ETF
PID,NGM,NasdaqGM,ETF,Invesco International Dividend Achievers ETF
PIE,NGM,NasdaqGM,ETF,Invesco Dorsey Wright Emerging Markets Momentum ETF
PIO,NGM,NasdaqGM,ETF,Invesco Global Water ETF
PIZ,NGM,NasdaqGM,ETF,Invesco Dorsey Wright Developed Markets Momentum ETF
PKW,NGM,NasdaqGM,ETF,Invesco BuyBack Achievers ETF
PLTD,NGM,NasdaqGM,ETF,Direxion Daily PLTR Bear 1X Shares
PLTG,NGM,NasdaqGM,ETF,Leverage Shares 2X Long PLTR Daily ETF
PLTU,NGM,NasdaqGM,ETF,Direxion Daily PLTR Bull 2X Shares
PMBS,NGM,NasdaqGM,ETF,PIMCO Mortgage-Backed Securities Active Exchange-Traded Fund
PNQI,NGM,NasdaqGM,ETF,Invesco NASDAQ Internet ETF
PPH,NGM,NasdaqGM,ETF,VanEck Pharmaceutical ETF
PRFZ,NGM,NasdaqGM,ETF,Invesco RAFI US 1500 Small-Mid ETF
PRN,NGM,NasdaqGM,ETF,Invesco Dorsey Wright Industrials Momentum ETF
PSC,NGM,NasdaqGM,ETF,Principal U.S. Small-Cap ETF
PSCE,NGM,NasdaqGM,ETF,Invesco S&P SmallCap Energy ETF
PSCH,NGM,NasdaqGM,ETF,Invesco S&P SmallCap Health Care ETF
PSCI,NGM,NasdaqGM,ETF,Invesco S&P SmallCap Industrials ETF
PSCT,NGM,NasdaqGM,ETF,Invesco S&P SmallCap Information Technology ETF
PSET,NGM,NasdaqGM,ETF,Principal Quality ETF
PSL,NGM,NasdaqGM,ETF,Invesco Dorsey Wright Consumer Staples Momentum ETF
PTF,NGM,NasdaqGM,ETF,Invesco Dorsey Wright Technology Momentum ETF
PTH,NGM,NasdaqGM,ETF,Invesco Dorsey Wright Healthcare Momentum ETF
PTIR,NGM,NasdaqGM,ETF,GraniteShares 2x Long PLTR Daily ETF
PTNQ,NGM,NasdaqGM,ETF,Pacer Trendpilot 100 ETF
PUI,NGM,NasdaqGM,ETF,Invesco Dorsey Wright Utilities Momentum ETF
PWRD,NGM,NasdaqGM,ETF,TCW Transform Systems ETF
PXI,NGM,NasdaqGM,ETF,Invesco DWA Energy Momentum ETF
PY,NGM,NasdaqGM,ETF,Principal Value ETF
PYPG,NGM,NasdaqGM,ETF,Leverage Shares 2X Long PYPL Daily ETF
QABA,NGM,NasdaqGM,ETF,First Trust NASDAQ ABA Community Bank Index Fund
QAT,NGM,NasdaqGM,ETF,iShares MSCI Qatar ETF
QBIG,NGM,NasdaqGM,ETF,Invesco Top QQQ ETF
QBUF,NGM,NasdaqGM,ETF,Innovator Nasdaq-100 10 Buffer ETF - Quarterly
QCLN,NGM,NasdaqGM,ETF,First Trust NASDAQ Clean Edge Green Energy Index Fund
QCML,NGM,NasdaqGM,ETF,GraniteShares 2x Long QCOM Daily ETF
QDTY,NGM,NasdaqGM,ETF,YieldMax Nasdaq 100 0DTE Covered Call Strategy ETF
QMOM,NGM,NasdaqGM,ETF,Alpha Architect U.S. Quantitative Momentum ETF
QQA,NGM,NasdaqGM,ETF,Invesco QQQ Income Advantage ETF
QQEW,NGM,NasdaqGM,ETF,First Trust Nasdaq-100 Select Equal Weight ETF
QQMG,NGM,NasdaqGM,ETF,Invesco ESG NASDAQ 100 ETF
QQQ,NGM,NasdaqGM,ETF,Invesco QQQ Trust
QQQE,NGM,NasdaqGM,ETF,Direxion NASDAQ-100 Equal Weighted Index Shares
QQQH,NGM,NasdaqGM,ETF,NEOS Nasdaq-100 Hedged Equity Income ETF
QQQI,NGM,NasdaqGM,ETF,NEOS NASDAQ-100(R) High Income ETF
QQQJ,NGM,NasdaqGM,ETF,Invesco NASDAQ Next Gen 100 ETF
QQQM,NGM,NasdaqGM,ETF,Invesco NASDAQ 100 ETF
QQQP,NGM,NasdaqGM,ETF,Tradr 2X Long Innovation 100 Quarterly ETF
QQQT,NGM,NasdaqGM,ETF,Defiance Nasdaq 100 Income Target ETF
QQQY,NGM,NasdaqGM,ETF,Defiance Nasdaq 100 Target 30 Weekly Distribution ETF
QQWZ,NGM,NasdaqGM,ETF,Pacer Cash COWZ 100-Nasdaq 100 Rotator ETF
QQXT,NGM,NasdaqGM,ETF,First Trust NASDAQ-100 Ex-Technology Sector Index Fund
QTEC,NGM,NasdaqGM,ETF,First Trust NASDAQ-100-Technology Sector Index Fund
QTOP,NGM,NasdaqGM,ETF,iShares Nasdaq Top 30 Stocks ETF
QTUM,NGM,NasdaqGM,ETF,Defiance Quantum ETF
QVAL,NGM,NasdaqGM,ETF,Alpha Architect U.S. Quantitative Value ETF
QYLD,NGM,NasdaqGM,ETF,Global X NASDAQ 100 Covered Call ETF
QYLG,NGM,NasdaqGM,ETF,Global X Nasdaq 100 Covered Call & Growth ETF
RAA,NGM,NasdaqGM,ETF,SMI 3Fourteen REAL Asset Allocation ETF
RBIL,NGM,NasdaqGM,ETF,F/m Ultrashort Treasury Inflation-Protected Security (TIPS) ETF
RDTL,NGM,NasdaqGM,ETF,GraniteShares 2x Long RDDT Daily ETF
RDTY,NGM,NasdaqGM,ETF,YieldMax Russell 2000 0DTE Covered Call Strategy ETF
RDVY,NGM,NasdaqGM,ETF,First Trust Rising Dividend Achievers ETF
REIT,NGM,NasdaqGM,ETF,ALPS Active REIT ETF
REMG,NGM,NasdaqGM,ETF,Russell Investments Emerging Markets Equity ETF
RFDI,NGM,NasdaqGM,ETF,First Trust RiverFront Dynamic Developed International ETF
RFEM,NGM,NasdaqGM,ETF,First Trust RiverFront Dynamic Emerging Markets ETF
RGLO,NGM,NasdaqGM,ETF,Russell Investments Global Equity ETF
RGTX,NGM,NasdaqGM,ETF,Defiance Daily Target 2X Long RGTI ETF
RIFR,NGM,NasdaqGM,ETF,Russell Investments Global Infrastructure ETF
RING,NGM,NasdaqGM,ETF,iShares MSCI Global Gold Miners ETF
RINT,NGM,NasdaqGM,ETF,Russell Investments International Developed Equity ETF
RKLX,NGM,NasdaqGM,ETF,Defiance Daily Target 2X Long RKLB ETF
RNIN,NGM,NasdaqGM,ETF,Bushido Capital US SMID Cap Equity ETF
ROBT,NGM,NasdaqGM,ETF,First Trust Nasdaq Artificial Intelligence and Robotics ETF
ROE,NGM,NasdaqGM,ETF,Astoria US Equal Weight Quality Kings ETF
RTH,NGM,NasdaqGM,ETF,VanEck Retail ETF
RUNN,NGM,NasdaqGM,ETF,Running Oak Efficient Growth ETF
RUSC,NGM,NasdaqGM,ETF,Russell Investments U.S. Small Cap Equity ETF
RVNL,NGM,NasdaqGM,ETF,GraniteShares 2x Long RIVN Daily ETF
SARK,NGM,NasdaqGM,ETF,Tradr 1X Short Innovation Daily ETF
SCZ,NGM,NasdaqGM,ETF,iShares MSCI EAFE Small-Cap ETF
SDG,NGM,NasdaqGM,ETF,iShares MSCI Global Sustainable Development Goals ETF
SDSI,NGM,NasdaqGM,ETF,American Century Short Duration Strategic Income ETF
SDTY,NGM,NasdaqGM,ETF,YieldMax S&P 500 0DTE Covered Call Strategy ETF
SDVY,NGM,NasdaqGM,ETF,First Trust SMID Cap Rising Dividend Achievers ETF
SEEM,NGM,NasdaqGM,ETF,SEI Select Emerging Markets Equity ETF
SEIE,NGM,NasdaqGM,ETF,SEI Select International Equity ETF
SEIS,NGM,NasdaqGM,ETF,SEI Select Small Cap ETF
SETM,NGM,NasdaqGM,ETF,Sprott Critical Materials ETF
SFLO,NGM,NasdaqGM,ETF,Victoryshares Small Cap Free Cash Flow ETF
SHY,NGM,NasdaqGM,ETF,iShares 1-3 Year Treasury Bond ETF
SIXG,NGM,NasdaqGM,ETF,Defiance Connective Technologies ETF
SKOR,NGM,NasdaqGM,ETF,FlexShares Credit-Scored US Corporate Bond Index Fund
SKRE,NGM,NasdaqGM,ETF,Tuttle Capital Daily 2X Inverse Regional Banks ETF
SKYY,NGM,NasdaqGM,ETF,First Trust Cloud Computing ETF
SLQD,NGM,NasdaqGM,ETF,iShares 0-5 Year Investment Grade Corporate Bond ETF
SLVO,NGM,NasdaqGM,ETF,UBS ETRACS Silver Shares Covered Call ETN
SLVR,NGM,NasdaqGM,ETF,Sprott Silver Miners & Physical Silver ETF
SMCL,NGM,NasdaqGM,ETF,GraniteShares 2x Long SMCI Daily ETF
SMCX,NGM,NasdaqGM,ETF,Defiance Daily Target 2X Long SMCI ETF
SMCZ,NGM,NasdaqGM,ETF,Defiance Daily Target 2X Short SMCI ETF
SMH,NGM,NasdaqGM,ETF,VanEck Semiconductor ETF
SMHX,NGM,NasdaqGM,ETF,VanEck Fabless Semiconductor ETF
SMRI,NGM,NasdaqGM,ETF,Bushido Capital US Equity ETF
SMST,NGM,NasdaqGM,ETF,Defiance Daily Target 2X Short MSTR ETF
SNSR,NGM,NasdaqGM,ETF,Global X Internet of Things ETF
SOCL,NGM,NasdaqGM,ETF,Global X Social Media ETF
SOFX,NGM,NasdaqGM,ETF,Defiance Daily Target 2X Long SOFI ETF
SOLT,NGM,NasdaqGM,ETF,2x Solana ETF
SOLZ,NGM,NasdaqGM,ETF,Solana ETF
SOXQ,NGM,NasdaqGM,ETF,Invesco PHLX Semiconductor ETF
SOXX,NGM,NasdaqGM,ETF,iShares Semiconductor ETF
SPBC,NGM,NasdaqGM,ETF,Simplify US Equity PLUS Bitcoin Strategy ETF
SPC,NGM,NasdaqGM,ETF,CrossingBridge Ultra-Short Duration ETF
SPRX,NGM,NasdaqGM,ETF,Spear Alpha ETF
SPYQ,NGM,NasdaqGM,ETF,Tradr 2X Long SPY Quarterly ETF
SQQQ,NGM,NasdaqGM,ETF,ProShares UltraPro Short QQQ
SRET,NGM,NasdaqGM,ETF,Global X SuperDividend REIT ETF
SUSB,NGM,NasdaqGM,ETF,iShares ESG 1-5 Year USD Corporate Bond ETF
SUSC,NGM,NasdaqGM,ETF,iShares ESG USD Corporate Bond ETF
SUSL,NGM,NasdaqGM,ETF,iShares ESG MSCI USA Leaders ETF
SWP,NGM,NasdaqGM,ETF,SWP Growth & Income ETF
TARK,NGM,NasdaqGM,ETF,Tradr 2X Long Innovation ETF
TBIL,NGM,NasdaqGM,ETF,F/m US Treasury 3 Month Bill Fund - ETF Class Shares
TCHI,NGM,NasdaqGM,ETF,iShares MSCI China Multisector Tech ETF
TDIV,NGM,NasdaqGM,ETF,First Trust NASDAQ Technology Dividend Index Fund
TDSB,NGM,NasdaqGM,ETF,ETC Cabana Target Beta ETF
TDSC,NGM,NasdaqGM,ETF,ETC Cabana Target Drawdown 10 ETF
TLT,NGM,NasdaqGM,ETF,iShares 20+ Year Treasury Bond ETF
TMB,NGM,NasdaqGM,ETF,Thornburg Multi Sector Bond ETF
TQQQ,NGM,NasdaqGM,ETF,ProShares UltraPro QQQ
TSDD,NGM,NasdaqGM,ETF,Graniteshares 2x Short TSLA Daily ETF
TSEL,NGM,NasdaqGM,ETF,Touchstone Sands Capital US Select Growth ETF
TSL,NGM,NasdaqGM,ETF,GraniteShares 1.25x Long Tsla Daily ETF
TSLG,NGM,NasdaqGM,ETF,Leverage Shares 2X Long TSLA Daily ETF
TSLL,NGM,NasdaqGM,ETF,Direxion Daily TSLA Bull 2X Shares
TSLQ,NGM,NasdaqGM,ETF,Tradr 2X Short TSLA Daily ETF
TSLR,NGM,NasdaqGM,ETF,Graniteshares 2x Long TSLA Daily ETF
TSLS,NGM,NasdaqGM,ETF,Direxion Daily TSLA Bear 1X Shares
TSMG,NGM,NasdaqGM,ETF,Leverage Shares 2X Long TSM Daily ETF
TSMU,NGM,NasdaqGM,ETF,GraniteShares 2x Long TSM Daily ETF
TSMX,NGM,NasdaqGM,ETF,Direxion Daily TSM Bull 2X Shares
TSMZ,NGM,NasdaqGM,ETF,Direxion Daily TSM Bear 1X Shares
TSPY,NGM,NasdaqGM,ETF,TappAlpha SPY Growth & Daily Income ETF
TSYY,NGM,NasdaqGM,ETF,GraniteShares YieldBOOST TSLA ETF
TTEQ,NGM,NasdaqGM,ETF,T. Rowe Price Technology ETF
TUG,NGM,NasdaqGM,ETF,STF Tactical Growth ETF
TUGN,NGM,NasdaqGM,ETF,STF Tactical Growth & Income ETF
TUR,NGM,NasdaqGM,ETF,iShares MSCI Turkey ETF
TXUE,NGM,NasdaqGM,ETF,Thornburg International Equity ETF
UAE,NGM,NasdaqGM,ETF,iShares MSCI UAE ETF
UBND,NGM,NasdaqGM,ETF,VictoryShares Core Plus Bond ETF
UBRL,NGM,NasdaqGM,ETF,GraniteShares 2x Long UBER Daily ETF
UEVM,NGM,NasdaqGM,ETF,VictoryShares Emerging Markets Value Momentum ETF
UFIV,NGM,NasdaqGM,ETF,F/m US Treasury 5 Year Note ETF
UFO,NGM,NasdaqGM,ETF,Procure Space ETF
UITB,NGM,NasdaqGM,ETF,VictoryShares Core Intermediate Bond ETF
UIVM,NGM,NasdaqGM,ETF,VictoryShares International Value Momentum ETF
ULVM,NGM,NasdaqGM,ETF,VictoryShares US Value Momentum ETF
UMMA,NGM,NasdaqGM,ETF,Wahed Dow Jones Islamic World ETF
UNIY,NGM,NasdaqGM,ETF,WisdomTree Voya Yield Enchanced USD Universal Bond Fund
URNJ,NGM,NasdaqGM,ETF,Sprott Junior Uranium Miners ETF
USCL,NGM,NasdaqGM,ETF,Ishares Climate Conscious & Transition MSCI USA ETF
USDX,NGM,NasdaqGM,ETF,SGI Enhanced Core ETF
USIG,NGM,NasdaqGM,ETF,iShares Broad USD Investment Grade Corporate Bond ETF
USMC,NGM,NasdaqGM,ETF,Principal U.S. Mega-Cap ETF
USOI,NGM,NasdaqGM,ETF,UBS ETRACS Crude Oil Shares Covered Call ETN
USOY,NGM,NasdaqGM,ETF,Defiance Oil Enhanced Options Income ETF
USTB,NGM,NasdaqGM,ETF,VictoryShares Short-Term Bond ETF
USVM,NGM,NasdaqGM,ETF,VictoryShares US Small Mid Cap Value Momentum ETF
USXF,NGM,NasdaqGM,ETF,iShares ESG Advanced MSCI USA ETF
UTEN,NGM,NasdaqGM,ETF,F/m US Treasury 10 Year Note ETF
UTHY,NGM,NasdaqGM,ETF,F/m US Treasury 30 Year Bond ETF
UTWO,NGM,NasdaqGM,ETF,F/m US Treasury 2 Year Note ETF
UYLD,NGM,NasdaqGM,ETF,Angel Oak Ultrashort Income ETF
VBIL,NGM,NasdaqGM,ETF,Vanguard 0-3 Month Treasury Bill ETF
VCIT,NGM,NasdaqGM,ETF,Vanguard Intermediate-Term Corporate Bond Index Fund ETF Shares
VCLT,NGM,NasdaqGM,ETF,Vanguard Long-Term Corporate Bond Index Fund ETF Shares
VCRB,NGM,NasdaqGM,ETF,Vanguard Core Bond ETF
VCSH,NGM,NasdaqGM,ETF,Vanguard Short-Term Corporate Bond Index Fund ETF Shares
VFLO,NGM,NasdaqGM,ETF,Victoryshares Free Cash Flow ETF
VGIT,NGM,NasdaqGM,ETF,Vanguard Intermediate-Term Treasury Index Fund ETF Shares
VGLT,NGM,NasdaqGM,ETF,Vanguard Long-Term Treasury Index Fund ETF Shares
VGSH,NGM,NasdaqGM,ETF,Vanguard Short-Term Treasury Index Fund ETF Shares
VGSR,NGM,NasdaqGM,ETF,Vert Global Sustainable Real Estate ETF
VGUS,NGM,NasdaqGM,ETF,Vanguard Ultra-Short Treasury ETF
VIGI,NGM,NasdaqGM,ETF,Vanguard International Dividend Appreciation Index Fund ETF Shares
VMBS,NGM,NasdaqGM,ETF,Vanguard Mortgage-Backed Securities Index Fund ETF Shares
VNQI,NGM,NasdaqGM,ETF,Vanguard Global ex-U.S. Real Estate Index Fund ETF Shares
VOLT,NGM,NasdaqGM,ETF,Tema Electrification ETF
VONE,NGM,NasdaqGM,ETF,Vanguard Russell 1000 Index Fund ETF Shares
VONG,NGM,NasdaqGM,ETF,Vanguard Russell 1000 Growth Index Fund ETF Shares
VONV,NGM,NasdaqGM,ETF,Vanguard Russell 1000 Value Index Fund ETF Shares
VOTE,NGM,NasdaqGM,ETF,TCW Transform 500 ETF
VPLS,NGM,NasdaqGM,ETF,Vanguard Core-Plus Bond ETF
VRIG,NGM,NasdaqGM,ETF,Invesco Variable Rate Investment Grade ETF
VRTL,NGM,NasdaqGM,ETF,GraniteShares 2x Long VRT Daily ETF
VSDA,NGM,NasdaqGM,ETF,VictoryShares Dividend Accelerator ETF
VSMV,NGM,NasdaqGM,ETF,VictoryShares US Multi-Factor Minimum Volatility ETF
VTC,NGM,NasdaqGM,ETF,Vanguard Total Corporate Bond ETF ETF Shares
VTHR,NGM,NasdaqGM,ETF,Vanguard Russell 3000 Index Fund ETF Shares
VTIP,NGM,NasdaqGM,ETF,Vanguard Short-Term Inflation-Protected Securities Index Fund ETF Shares
VTWG,NGM,NasdaqGM,ETF,Vanguard Russell 2000 Growth Index Fund ETF Shares
VTWO,NGM,NasdaqGM,ETF,Vanguard Russell 2000 Index Fund ETF Shares
VTWV,NGM,NasdaqGM,ETF,Vanguard Russell 2000 Value Index Fund ETF Shares
VWOB,NGM,NasdaqGM,ETF,Vanguard Emerging Markets Government Bond Index Fund
VXUS,NGM,NasdaqGM,ETF,Vanguard Total International Stock Index Fund ETF Shares
VYMI,NGM,NasdaqGM,ETF,Vanguard International High Dividend Yield Index Fund ETF Shares
WCBR,NGM,NasdaqGM,ETF,WisdomTree Cybersecurity Fund
WCLD,NGM,NasdaqGM,ETF,WisdomTree Cloud Computing Fund
WGMI,NGM,NasdaqGM,ETF,CoinShares Bitcoin Mining ETF
WISE,NGM,NasdaqGM,ETF,Themes Generative Artificial Intelligence ETF
WOOD,NGM,NasdaqGM,ETF,iShares Global Timber & Forestry ETF
WSML,NGM,NasdaqGM,ETF,iShares MSCI World Small-Cap ETF
WTBN,NGM,NasdaqGM,ETF,Wisdomtree Bianco Fixed Income Total Return Fund
XAIX,NGM,NasdaqGM,ETF,Xtrackers Artificial Intelligence and Big Data ETF
XBIL,NGM,NasdaqGM,ETF,F/m US Treasury 6 Month Bill ETF
XBTY,NGM,NasdaqGM,ETF,GraniteShares YieldBOOST Bitcoin ETF
XOVR,NGM,NasdaqGM,ETF,ERShares Private-Public Crossover ETF
XRPI,NGM,NasdaqGM,ETF,XRP ETF
XRPT,NGM,NasdaqGM,ETF,2x XRP ETF
XT,NGM,NasdaqGM,ETF,iShares Future Exponential Technologies ETF
XYZG,NGM,NasdaqGM,ETF,Leverage Shares 2X Long XYZ Daily ETF
YLDE,NGM,NasdaqGM,ETF,Franklin ClearBridge Enhanced Income ETF
YQQQ,NGM,NasdaqGM,ETF,YieldMax Short N100 Option Income Strategy ETF
YSPY,NGM,NasdaqGM,ETF,GraniteShares YieldBOOST SPY ETF
ZAP,NGM,NasdaqGM,ETF,Global X U.S. Electrification ETF
ZTEN,NGM,NasdaqGM,ETF,F/M 10-Year Investment Grade Corporate Bond ETF
ZTOP,NGM,NasdaqGM,ETF,F/m High Yield 100 ETF
ZTRE,NGM,NasdaqGM,ETF,F/M 3-Year Investment Grade Corporate Bond ETF
ZTWO,NGM,NasdaqGM,ETF,F/M 2-Year Investment Grade Corporate Bond ETF
