,,"Purpose of This Spreadsheet is to Outline the Methodology of System 30
Branches Traded in 2020 OOS",,,,,,,,,,,,,,,,,,,,,,,,,,,,,,,,,,,,,,,,,,,,,,,,,,,,,,,,,,,,,,,,,,,
Ticker (684),Condition (684),Profit %,IS Profit %,Profit $ Per Year,IS Profit $ Per Year,Time in market%,IS Time in market%,TIMAR%,IS TIMAR%,Max DD%,IS Max DD%,Total Trades,IS Total Trades,AVG Trades Per Month,IS AVG Trades Per Month,Win %,IS Win %,Risk to Reward Ratio,IS Risk to Reward Ratio,Avg P&L $,IS Avg P&L $,Avg P&L %,IS Avg P&L %,AVG Hold Period (days),IS AVG Hold Period (days),Max Consec. Losing Days,IS Max Consec. Losing Days,Max Consec. Winning Days,IS Max Consec. Winning Days,Max Consec. Losing Weeks,IS Max Consec. Losing Weeks,Max Consec. Winning Weeks,IS Max Consec. Winning Weeks,Max Consec. Losing Months,IS Max Consec. Losing Months,Max Consec. Winning Months,IS Max Consec. Winning Months,Win to Loss Ratio,IS Win to Loss Ratio,Total Profitable Trades,IS Total Profitable Trades,Profit Factor,IS Profit Factor,Sharpe Ratio,IS Sharpe Ratio,Losing Days Streak $ Loss,IS Losing Days Streak $ Loss,Losing Days Streak % Loss,IS Losing Days Streak % Loss,Losing Weeks Streak $ Loss,IS Losing Weeks Streak $ Loss,Losing Weeks Streak % Loss,IS Losing Weeks Streak % Loss,Losing Months Streak $ Loss,IS Losing Months Streak $ Loss,Losing Months Streak % Loss,IS Losing Months Streak % Loss,Winning Trades%,IS Winning Trades%,Winning Days%,IS Winning Days%,Winning Weeks%,IS Winning Weeks%,Avg Win Trade $,IS Avg Win Trade $,Avg Losing Trade $,IS Avg Losing Trade $,Winning Months%,IS Winning Months%
AAXJ,17d RSI AAXJ LT32 - L AAXJ,21.2 %,6.7 %,10604,3347,91.7 %,7.5 %,23.1 %,88.8 %,0.0 %,-4.5 %,4,6,0.3,0.5,100.0 %,83.3 %,,1.5,2651,546,5.3 %,1.1 %,1.8,2.2,0,1,4,3,0,1,3,3,0,0,1,2,,5,4,5,,7.3,11.9,2.3,0,-517,0.0 %,-1.0 %,0,-517,0.0 %,-1.0 %,0,0,0.0 %,0.0 %,100.0 %,83.3 %,100.0 %,83.3 %,100.0 %,80.0 %,2651,759,0,-517,100.0 %,100.0 %
ACWI,21d RSI ACWI LT42 - L ACWI,13.6 %,16.2 %,6821,8109,18.8 %,11.5 %,72.6 %,140.9 %,-7.8 %,-1.4 %,9,10,0.8,0.8,66.7 %,90.0 %,1.1,7.1,758,759,1.5 %,1.5 %,2.8,1.9,3,1,6,6,2,1,5,5,0,0,3,5,2,9,6,9,2.2,64.1,1.1,5.3,-11299,-120,-11.3 %,-0.2 %,-11299,-120,-11.3 %,-0.2 %,0,0,0.0 %,0.0 %,66.7 %,90.0 %,66.7 %,90.0 %,71.4 %,88.9 %,2079,857,-1883,-120,100.0 %,100.0 %
ACWV,19d RSI ACWV LT48 - L ACWV,10.0 %,7.7 %,4975,3840,27.1 %,6.0 %,36.8 %,129.0 %,-11.0 %,-0.2 %,14,7,1.2,0.6,64.3 %,100.0 %,0.9,,355,532,0.7 %,1.1 %,2.5,1.1,2,0,6,7,2,0,7,7,1,0,3,4,1.8,,9,7,1.6,,0.6,4.8,-14362,0,-14.4 %,0.0 %,-14362,0,-14.4 %,0.0 %,-1481,0,-1.5 %,0.0 %,64.3 %,100.0 %,64.3 %,100.0 %,70.0 %,100.0 %,1514,532,-1729,0,60.0 %,100.0 %
ACWX,20d RSI ACWX LT40 - L ACWX,7.3 %,7.9 %,3657,3967,16.8 %,9.9 %,43.7 %,80.0 %,-13.8 %,-3.3 %,8,9,0.7,0.8,62.5 %,77.8 %,0.9,1.7,457,430,0.9 %,0.9 %,3.1,1.8,3,2,4,5,2,1,4,5,1,0,2,4,1.7,3.5,5,7,1.5,5.8,0.5,2.1,-14101,0,-14.1 %,0.0 %,-14101,-807,-14.1 %,-1.6 %,-1527,0,-1.5 %,0.0 %,62.5 %,77.8 %,62.5 %,77.8 %,71.4 %,87.5 %,2142,668,-2350,-404,75.0 %,100.0 %
AGG,19d RSI AGG LT47 - L AGG,-1.5 %,1.4 %,-766,673,27.3 %,6.3 %,-5.6 %,21.2 %,-0.1 %,-0.1 %,9,5,0.8,0.4,66.7 %,100.0 %,0.2,,-85,134,-0.2 %,0.3 %,4.3,2.2,1,0,3,5,1,0,3,5,1,0,2,3,2,,6,5,0.5,,-0.6,6.8,-2669,0,-2.7 %,0.0 %,-2669,0,-2.7 %,0.0 %,-2669,0,-2.7 %,0.0 %,66.7 %,100.0 %,66.7 %,100.0 %,66.7 %,100.0 %,115,134,-485,0,60.0 %,100.0 %
AGQ,18d RSI AGQ LT36 - L AGQ,-7.3 %,11.9 %,-3660,5951,10.5 %,6.0 %,-69.5 %,200.0 %,-36.2 %,-2.4 %,4,6,0.3,0.5,75.0 %,83.3 %,0.3,1.8,-915,955,-1.8 %,1.9 %,3,1.5,1,1,2,3,1,0,2,5,1,0,1,3,3,5,3,5,0.8,9,-0.2,2.5,-38573,-713,-38.6 %,-1.4 %,-38573,0,-38.6 %,0.0 %,-15620,0,-15.6 %,0.0 %,75.0 %,83.3 %,75.0 %,83.3 %,75.0 %,100.0 %,5209,1288,-19286,-713,50.0 %,100.0 %
AIA,16d RSI AIA LT31 - L AIA,11.7 %,7.8 %,5827,3906,100.0 %,6.0 %,11.7 %,131.2 %,0.0 %,-0.9 %,2,5,0.2,0.4,100.0 %,100.0 %,,,2914,760,5.8 %,1.5 %,1,2,0,0,2,5,0,0,2,4,0,0,1,3,,,2,5,,,7.6,4.1,0,0,0.0 %,0.0 %,0,0,0.0 %,0.0 %,0,0,0.0 %,0.0 %,100.0 %,100.0 %,100.0 %,100.0 %,100.0 %,100.0 %,2914,760,0,0,100.0 %,100.0 %
AIRR,5d RSI AIRR LT21 - L AIRR,-0.3 %,13.3 %,-148,6672,15.4 %,6.3 %,-1.9 %,210.2 %,-11.7 %,-0.9 %,7,6,0.6,0.5,71.4 %,100.0 %,0.4,,-21,1058,-0.0 %,2.1 %,3.3,1.7,2,0,4,6,2,0,4,6,1,0,2,5,2.5,,5,6,1,,0,4.7,-12030,0,-12.0 %,0.0 %,-12030,0,-12.0 %,0.0 %,-9419,0,-9.4 %,0.0 %,71.4 %,100.0 %,71.4 %,100.0 %,71.4 %,100.0 %,1173,1058,-3008,0,75.0 %,100.0 %
AMLP,15d RSI AMLP LT23 - L AMLP,-53.4 %,3.6 %,-26711,1820,88.9 %,5.2 %,-60.1 %,70.6 %,-51.9 %,-3.4 %,2,3,0.2,0.2,0.0 %,66.7 %,0,4.2,-13355,605,-26.7 %,1.2 %,7,3.3,2,1,0,2,2,1,0,2,1,1,0,1,0,2,0,2,0,8.5,-1.6,1.5,-53421,-242,-53.4 %,-0.5 %,-53421,-242,-53.4 %,-0.5 %,-53421,-242,-53.4 %,-0.5 %,0.0 %,66.7 %,0.0 %,66.7 %,0.0 %,66.7 %,0,1028,-13355,-242,0.0 %,50.0 %
ANGL,10d RSI ANGL LT31 - L ANGL,-10.5 %,3.1 %,-5248,1552,12.4 %,6.8 %,-84.5 %,46.0 %,-13.1 %,-0.6 %,4,4,0.3,0.3,50.0 %,100.0 %,0.2,,-1312,384,-2.6 %,0.8 %,3.8,3.2,2,0,2,4,2,0,2,4,2,0,0,3,1,,2,4,0.2,,-0.8,12.1,-13477,0,-13.5 %,0.0 %,-13477,0,-13.5 %,0.0 %,-10497,0,-10.5 %,0.0 %,50.0 %,100.0 %,50.0 %,100.0 %,50.0 %,100.0 %,745,384,-3369,0,0.0 %,100.0 %
AOA,19d RSI AOA LT43 - L AOA,-2.8 %,14.2 %,-1382,7090,21.0 %,11.5 %,-13.2 %,123.2 %,-8.0 %,-0.9 %,8,10,0.7,0.8,62.5 %,90.0 %,0.4,33.9,-173,669,-0.3 %,1.3 %,3.8,1.9,3,1,5,6,2,1,4,5,1,0,3,5,1.7,9,5,9,0.7,304.9,-0.3,5.6,-10928,-22,-10.9 %,-0.0 %,-10928,-22,-10.9 %,-0.0 %,-6400,0,-6.4 %,0.0 %,62.5 %,90.0 %,62.5 %,90.0 %,66.7 %,88.9 %,816,746,-1821,-22,75.0 %,100.0 %
AOK,21d RSI AOK LT53 - L AOK,1.6 %,4.9 %,800,2470,47.0 %,12.7 %,3.4 %,38.9 %,-9.9 %,-0.4 %,20,9,1.7,0.8,80.0 %,88.9 %,0.3,17.5,40,269,0.1 %,0.5 %,3.3,2.6,2,1,12,5,2,1,8,5,1,0,4,5,4,8,16,8,1.1,140.3,0.1,5.9,-10614,-17,-10.6 %,-0.0 %,-8069,-17,-8.1 %,-0.0 %,-7236,0,-7.2 %,0.0 %,80.0 %,88.9 %,80.0 %,88.9 %,71.4 %,88.9 %,441,305,-1563,-17,66.7 %,100.0 %
AOM,18d RSI AOM LT49 - L AOM,-4.6 %,7.3 %,-2318,3636,30.6 %,13.1 %,-15.2 %,55.5 %,-11.0 %,-0.3 %,11,11,0.9,0.9,63.6 %,100.0 %,0.4,,-211,320,-0.4 %,0.6 %,4.1,2,2,0,5,11,2,0,3,10,1,0,4,5,1.8,,7,11,0.7,,-0.4,7,-12325,0,-12.3 %,0.0 %,-9599,0,-9.6 %,0.0 %,-8707,0,-8.7 %,0.0 %,63.6 %,100.0 %,63.6 %,100.0 %,62.5 %,100.0 %,627,320,-1677,0,80.0 %,100.0 %
AOR,20d RSI AOR LT44 - L AOR,2.2 %,9.1 %,1092,4527,21.0 %,9.9 %,10.4 %,91.3 %,-6.9 %,-0.7 %,10,9,0.8,0.8,60.0 %,100.0 %,0.8,,109,485,0.2 %,1.0 %,2.8,1.8,3,0,3,9,2,0,5,9,1,0,3,5,1.5,,6,9,1.2,,0.3,5.5,-9038,0,-9.0 %,0.0 %,-9038,0,-9.0 %,0.0 %,-2040,0,-2.0 %,0.0 %,60.0 %,100.0 %,60.0 %,100.0 %,71.4 %,100.0 %,1014,485,-1248,0,75.0 %,100.0 %
ARGT,4d RSI ARGT LT15 - L ARGT,-20.0 %,8.1 %,-10013,4033,14.8 %,5.2 %,-135.0 %,156.3 %,-19.7 %,-4.4 %,3,4,0.2,0.3,33.3 %,100.0 %,0,,-3338,980,-6.7 %,2.0 %,6.7,2.2,2,0,1,4,2,0,1,4,1,0,1,4,0.5,,1,4,0,,-1.3,7.2,-20397,0,-20.4 %,0.0 %,-20397,0,-20.4 %,0.0 %,-20397,0,-20.4 %,0.0 %,33.3 %,100.0 %,33.3 %,100.0 %,33.3 %,100.0 %,186,980,-5099,0,50.0 %,100.0 %
ARKG,13d RSI ARKG LT34 - L ARKG,3.7 %,5.5 %,1873,2753,100.0 %,5.6 %,3.7 %,99.1 %,0.0 %,-6.4 %,2,4,0.2,0.3,50.0 %,75.0 %,1.9,1.2,936,686,1.9 %,1.4 %,2,2.5,1,1,1,2,0,1,1,2,0,1,1,2,1,3,1,3,1.9,3.6,0.4,1.3,-4246,-1069,-4.2 %,-2.1 %,0,-1069,0.0 %,-2.1 %,0,-395,0.0 %,-0.8 %,50.0 %,75.0 %,50.0 %,75.0 %,100.0 %,75.0 %,3996,1271,-2123,-1069,100.0 %,66.7 %
ARKK,8d RSI ARKK LT24 - L ARKK,-3.2 %,13.5 %,-1623,6744,56.2 %,6.3 %,-5.8 %,212.4 %,-7.5 %,-4.2 %,2,5,0.2,0.4,50.0 %,100.0 %,0.6,,-811,1286,-1.6 %,2.6 %,3.5,2.2,1,0,1,5,1,0,1,5,1,0,0,4,1,,1,5,0.6,,-0.4,4.3,-7844,0,-7.8 %,0.0 %,-7844,0,-7.8 %,0.0 %,-3246,0,-3.2 %,0.0 %,50.0 %,100.0 %,50.0 %,100.0 %,50.0 %,100.0 %,2299,1286,-3922,0,0.0 %,100.0 %
ARKQ,8d RSI ARKQ LT23 - L ARKQ,0.9 %,8.0 %,448,4004,56.2 %,5.6 %,1.6 %,144.1 %,-3.0 %,-2.6 %,2,4,0.2,0.3,50.0 %,75.0 %,1.3,38.7,224,976,0.4 %,1.9 %,3.5,2.5,1,1,1,2,1,1,1,2,0,0,1,3,1,3,1,3,1.3,116.2,0.2,3.3,-3155,-34,-3.2 %,-0.1 %,-3155,-34,-3.2 %,-0.1 %,0,0,0.0 %,0.0 %,50.0 %,75.0 %,50.0 %,75.0 %,50.0 %,75.0 %,2025,1312,-1578,-34,100.0 %,100.0 %
ARKW,3d RSI ARKW LT10 - L ARKW,0.2 %,4.9 %,98,2430,100.0 %,5.2 %,0.2 %,94.2 %,0.0 %,-5.2 %,1,4,0.1,0.3,100.0 %,75.0 %,,1.2,98,608,0.2 %,1.2 %,4,2.2,0,1,1,2,0,1,1,2,0,1,1,2,,3,1,3,,3.5,0,1.2,0,-991,0.0 %,-2.0 %,0,-991,0.0 %,-2.0 %,0,-991,0.0 %,-2.0 %,100.0 %,75.0 %,100.0 %,75.0 %,100.0 %,75.0 %,98,1140,0,-991,100.0 %,75.0 %
ASHR,19d RSI ASHR LT39 - L ASHR,12.9 %,15.4 %,6455,7720,28.6 %,6.8 %,45.2 %,228.9 %,0.0 %,-3.5 %,3,6,0.2,0.5,100.0 %,100.0 %,,,2152,1213,4.3 %,2.4 %,3,1.8,0,0,3,6,0,0,3,6,0,0,2,2,,,3,6,,,4,6.3,0,0,0.0 %,0.0 %,0,0,0.0 %,0.0 %,0,0,0.0 %,0.0 %,100.0 %,100.0 %,100.0 %,100.0 %,100.0 %,100.0 %,2152,1213,0,0,100.0 %,100.0 %
BAB,17d RSI BAB LT41 - L BAB,-4.4 %,2.5 %,-2190,1255,14.7 %,6.8 %,-29.8 %,37.2 %,-0.4 %,-0.8 %,4,4,0.3,0.3,50.0 %,100.0 %,0.3,,-547,311,-1.1 %,0.6 %,5.2,3.2,1,0,1,4,1,0,1,4,2,0,1,3,1,,2,4,0.3,,-0.8,13.7,-5643,0,-5.6 %,0.0 %,-5643,0,-5.6 %,0.0 %,-5827,0,-5.8 %,0.0 %,50.0 %,100.0 %,50.0 %,100.0 %,50.0 %,100.0 %,408,311,-1503,0,33.3 %,100.0 %
BAR,3d RSI BAR LT12 - L BAR,-3.8 %,3.4 %,-1882,1678,8.5 %,6.8 %,-44.5 %,49.8 %,-1.7 %,-0.9 %,3,6,0.2,0.5,33.3 %,83.3 %,0.2,4.5,-627,276,-1.3 %,0.6 %,4,1.8,2,1,1,5,2,0,1,5,2,0,1,4,0.5,5,1,5,0.1,22.3,-1.8,3.1,-4155,-78,-4.2 %,-0.2 %,-4155,0,-4.2 %,0.0 %,-4155,0,-4.2 %,0.0 %,33.3 %,83.3 %,33.3 %,83.3 %,33.3 %,100.0 %,195,347,-1039,-78,33.3 %,100.0 %
BBHY,8d RSI BBHY LT30 - L BBHY,-8.5 %,2.0 %,-4225,1024,14.8 %,6.8 %,-57.2 %,30.4 %,-9.0 %,-0.4 %,5,5,0.4,0.4,20.0 %,100.0 %,0.3,,-845,203,-1.7 %,0.4 %,4.2,2.4,4,0,1,5,4,0,1,5,2,0,1,4,0.2,,1,5,0.1,,-1.6,3.4,-9014,0,-9.0 %,0.0 %,-9014,0,-9.0 %,0.0 %,-9014,0,-9.0 %,0.0 %,20.0 %,100.0 %,20.0 %,100.0 %,20.0 %,100.0 %,282,203,-1127,0,33.3 %,100.0 %
BCI,21d RSI BCI LT37 - L BCI,-13.1 %,4.3 %,-6551,2153,83.1 %,6.0 %,-15.8 %,72.3 %,-12.4 %,-1.0 %,7,5,0.6,0.4,28.6 %,80.0 %,0.4,4.5,-936,424,-1.9 %,0.8 %,6.6,2,3,1,1,3,5,1,1,3,2,0,1,4,0.4,4,2,4,0.2,18.1,-1.7,3.3,-11582,-124,-11.6 %,-0.2 %,-15183,-124,-15.2 %,-0.2 %,-15183,0,-15.2 %,0.0 %,28.6 %,80.0 %,28.6 %,80.0 %,16.7 %,80.0 %,606,561,-1553,-124,33.3 %,100.0 %
BIL,3d RSI BIL LT70 - L BIL,0.1 %,0.9 %,64,456,79.8 %,36.5 %,0.2 %,2.5 %,-0.0 %,-0.0 %,7,24,0.6,2,85.7 %,100.0 %,1.8,,9,19,0.0 %,0.0 %,19.1,2.8,1,0,5,24,1,0,5,22,1,0,3,12,6,,6,24,11,,3.6,16.7,-13,0,-0.0 %,0.0 %,-13,0,-0.0 %,0.0 %,-13,0,-0.0 %,0.0 %,85.7 %,100.0 %,85.7 %,100.0 %,85.7 %,100.0 %,12,19,-6,0,80.0 %,100.0 %
BIV,19d RSI BIV LT46 - L BIV,0.9 %,1.3 %,425,648,15.9 %,5.2 %,5.3 %,25.1 %,-0.0 %,-0.2 %,6,4,0.5,0.3,66.7 %,100.0 %,0.8,,71,161,0.1 %,0.3 %,3.7,2.2,1,0,2,4,1,0,2,4,1,0,2,3,2,,4,4,1.6,,0.4,4.9,-1384,0,-1.4 %,0.0 %,-146,0,-0.1 %,0.0 %,-146,0,-0.1 %,0.0 %,66.7 %,100.0 %,66.7 %,100.0 %,60.0 %,100.0 %,284,161,-356,0,66.7 %,100.0 %
BIZD,21d RSI BIZD LT48 - L BIZD,-32.7 %,13.9 %,-16362,6946,38.1 %,9.5 %,-85.8 %,145.9 %,-48.0 %,-1.3 %,11,8,0.9,0.7,54.5 %,100.0 %,0.3,,-1487,821,-3.0 %,1.6 %,5.3,2,2,0,3,8,2,0,3,6,1,0,3,4,1.2,,6,8,0.4,,-0.7,5.7,-51521,0,-51.5 %,0.0 %,-51521,0,-51.5 %,0.0 %,-51521,0,-51.5 %,0.0 %,54.5 %,100.0 %,54.5 %,100.0 %,50.0 %,100.0 %,1801,821,-5434,0,57.1 %,100.0 %
BKLN,20d RSI BKLN LT43 - L BKLN,-4.0 %,2.6 %,-1982,1302,18.1 %,6.3 %,-21.9 %,41.0 %,-11.4 %,-0.3 %,8,5,0.7,0.4,50.0 %,100.0 %,0.7,,-248,259,-0.5 %,0.5 %,3.1,2.2,4,0,4,5,3,0,3,4,1,0,2,4,1,,4,5,0.7,,-0.4,2,-12853,0,-12.9 %,0.0 %,-9540,0,-9.5 %,0.0 %,-8525,0,-8.5 %,0.0 %,50.0 %,100.0 %,50.0 %,100.0 %,50.0 %,100.0 %,1111,259,-1607,0,66.7 %,100.0 %
BLV,17d RSI BLV LT44 - L BLV,3.5 %,3.9 %,1746,1961,26.1 %,6.3 %,13.4 %,61.8 %,-0.8 %,-0.6 %,9,6,0.8,0.5,66.7 %,83.3 %,1.3,7.5,194,322,0.4 %,0.6 %,4,1.7,1,1,3,4,1,0,3,5,1,0,2,3,2,5,6,5,2.7,37.5,1.3,3.4,-818,-53,-0.8 %,-0.1 %,-818,0,-0.8 %,0.0 %,-751,0,-0.8 %,0.0 %,66.7 %,83.3 %,66.7 %,83.3 %,62.5 %,100.0 %,467,397,-351,-53,60.0 %,100.0 %
BND,20d RSI BND LT47 - L BND,0.6 %,1.3 %,311,632,23.7 %,5.2 %,2.6 %,24.5 %,-0.8 %,-0.1 %,11,4,0.9,0.3,72.7 %,100.0 %,0.5,,28,157,0.1 %,0.3 %,2.8,2.2,2,0,6,4,1,0,5,4,1,0,4,3,2.7,,8,4,1.4,,0.5,5.3,-1230,0,-1.2 %,0.0 %,-1230,0,-1.2 %,0.0 %,-1230,0,-1.2 %,0.0 %,72.7 %,100.0 %,72.7 %,100.0 %,77.8 %,100.0 %,128,157,-236,0,80.0 %,100.0 %
BNDX,18d RSI BNDX LT43 - L BNDX,-0.6 %,1.6 %,-302,810,8.0 %,7.1 %,-7.5 %,22.7 %,0.0 %,-0.1 %,2,7,0.2,0.6,50.0 %,100.0 %,0.2,,-151,115,-0.3 %,0.2 %,6,1.6,1,0,1,7,1,0,1,6,1,0,1,3,1,,1,7,0.2,,-1,9.9,-749,0,-0.7 %,0.0 %,-749,0,-0.7 %,0.0 %,-749,0,-0.7 %,0.0 %,50.0 %,100.0 %,50.0 %,100.0 %,50.0 %,100.0 %,73,115,-375,0,50.0 %,100.0 %
BNO,11d RSI BNO LT30 - L BNO,-37.1 %,7.9 %,-18562,3941,26.2 %,5.2 %,-141.5 %,152.8 %,-38.7 %,-4.2 %,11,3,0.9,0.2,27.3 %,100.0 %,0.5,,-1687,1285,-3.4 %,2.6 %,3.7,3.3,6,0,2,3,5,0,2,3,4,0,1,2,0.4,,3,3,0.2,,-1.9,3.3,-35996,0,-36.0 %,0.0 %,-35996,0,-36.0 %,0.0 %,-40922,0,-40.9 %,0.0 %,27.3 %,100.0 %,27.3 %,100.0 %,30.0 %,100.0 %,1392,1285,-2842,0,20.0 %,100.0 %
BOIL,10d RSI BOIL LT26 - L BOIL,2.5 %,41.8 %,1249,20893,13.6 %,8.7 %,18.4 %,478.6 %,-3.3 %,-6.1 %,5,7,0.4,0.6,60.0 %,85.7 %,0.8,3.5,250,2589,0.5 %,5.2 %,4.8,2.1,1,1,2,4,1,1,2,4,1,1,1,3,1.5,6,3,6,1.2,21,0.2,3.8,-10891,-906,-10.9 %,-1.8 %,-10891,-906,-10.9 %,-1.8 %,-3467,-906,-3.5 %,-1.8 %,60.0 %,85.7 %,60.0 %,85.7 %,60.0 %,85.7 %,2800,3171,-3575,-906,50.0 %,83.3 %
BOND,18d RSI BOND LT47 - L BOND,2.5 %,0.5 %,1225,226,20.0 %,5.2 %,12.3 %,8.7 %,0.0 %,-0.2 %,8,4,0.7,0.3,87.5 %,100.0 %,0.4,,153,56,0.3 %,0.1 %,3.2,2.2,1,0,7,4,0,0,6,4,0,0,5,3,7,,7,4,3,,1.3,1.6,-1205,0,-1.2 %,0.0 %,0,0,0.0 %,0.0 %,0,0,0.0 %,0.0 %,87.5 %,100.0 %,87.5 %,100.0 %,100.0 %,100.0 %,261,56,-603,0,100.0 %,100.0 %
BOTZ,18d RSI BOTZ LT37 - L BOTZ,10.5 %,18.3 %,5273,9167,95.2 %,9.5 %,11.1 %,192.5 %,-8.0 %,-5.2 %,5,9,0.4,0.8,40.0 %,100.0 %,3.3,,1055,946,2.1 %,1.9 %,3,1.7,2,0,1,9,1,0,1,7,0,0,1,4,0.7,,2,9,2.2,,0.6,6.1,-8221,0,-8.2 %,0.0 %,-8221,0,-8.2 %,0.0 %,0,0,0.0 %,0.0 %,40.0 %,100.0 %,40.0 %,100.0 %,66.7 %,100.0 %,4888,946,-1501,0,100.0 %,100.0 %
BSCQ,15d RSI BSCQ LT42 - L BSCQ,-6.3 %,1.5 %,-3150,756,11.0 %,5.2 %,-57.1 %,29.3 %,0.0 %,-0.2 %,3,2,0.2,0.2,66.7 %,100.0 %,0.2,,-1050,377,-2.1 %,0.8 %,4.3,5.5,1,0,2,2,1,0,1,2,1,0,1,2,2,,2,2,0.3,,-0.7,3.2,-9182,0,-9.2 %,0.0 %,-6356,0,-6.4 %,0.0 %,-6356,0,-6.4 %,0.0 %,66.7 %,100.0 %,66.7 %,100.0 %,50.0 %,100.0 %,720,377,-4591,0,50.0 %,100.0 %
BSCR,21d RSI BSCR LT51 - L BSCR,-4.0 %,1.3 %,-1980,655,24.7 %,8.7 %,-16.0 %,15.0 %,-0.3 %,-0.7 %,11,6,0.9,0.5,72.7 %,83.3 %,0.2,1.7,-180,109,-0.4 %,0.2 %,3,2.7,1,1,5,5,1,0,4,5,1,0,2,3,2.7,5,8,5,0.6,8.3,-0.4,2.6,-10389,-89,-10.4 %,-0.2 %,-7019,0,-7.0 %,0.0 %,-6522,0,-6.5 %,0.0 %,72.7 %,83.3 %,72.7 %,83.3 %,75.0 %,100.0 %,431,148,-1809,-89,60.0 %,100.0 %
BSV,18d RSI BSV LT48 - L BSV,-0.2 %,0.6 %,-109,291,15.5 %,8.3 %,-1.4 %,7.0 %,0.0 %,-0.2 %,6,5,0.5,0.4,83.3 %,100.0 %,0.1,,-18,58,-0.0 %,0.1 %,3.5,3.2,1,0,5,5,1,0,5,4,1,0,3,4,5,,5,5,0.7,,-0.3,5,-674,0,-0.7 %,0.0 %,-674,0,-0.7 %,0.0 %,-674,0,-0.7 %,0.0 %,83.3 %,100.0 %,83.3 %,100.0 %,83.3 %,100.0 %,46,58,-337,0,75.0 %,100.0 %
BTAL,15d RSI BTAL LT35 - L BTAL,-11.8 %,4.2 %,-5923,2119,21.0 %,6.8 %,-56.4 %,62.8 %,-6.7 %,-1.3 %,5,5,0.4,0.4,20.0 %,80.0 %,0.5,2.5,-1185,418,-2.4 %,0.8 %,4.6,2.4,2,1,1,3,2,1,1,3,4,0,0,4,0.2,4,1,4,0.1,10.1,-1.5,2.6,-7384,-230,-7.4 %,-0.5 %,-7384,-230,-7.4 %,-0.5 %,-11847,0,-11.8 %,0.0 %,20.0 %,80.0 %,20.0 %,80.0 %,20.0 %,80.0 %,920,580,-1711,-230,0.0 %,100.0 %
BWX,4d RSI BWX LT12 - L BWX,2.4 %,2.6 %,1196,1283,42.3 %,5.2 %,5.7 %,49.8 %,0.0 %,-0.3 %,2,3,0.2,0.2,100.0 %,100.0 %,,,598,425,1.2 %,0.8 %,4.5,3.3,0,0,2,3,0,0,2,3,0,0,2,3,,,2,3,,,2.7,3.3,0,0,0.0 %,0.0 %,0,0,0.0 %,0.0 %,0,0,0.0 %,0.0 %,100.0 %,100.0 %,100.0 %,100.0 %,100.0 %,100.0 %,598,425,0,0,100.0 %,100.0 %
BWZ,9d RSI BWZ LT32 - L BWZ,-1.7 %,2.7 %,-868,1367,16.1 %,6.8 %,-10.8 %,40.5 %,-1.2 %,-0.3 %,4,5,0.3,0.4,50.0 %,100.0 %,0.3,,-217,270,-0.4 %,0.5 %,5.5,2.4,1,0,1,5,1,0,1,5,2,0,1,5,1,,2,5,0.3,,-1.1,9.1,-1207,0,-1.2 %,0.0 %,-1207,0,-1.2 %,0.0 %,-1840,0,-1.8 %,0.0 %,50.0 %,100.0 %,50.0 %,100.0 %,50.0 %,100.0 %,161,270,-595,0,33.3 %,100.0 %
CALF,4d RSI CALF LT11 - L CALF,-25.1 %,2.3 %,-12533,1160,11.6 %,5.6 %,-215.8 %,41.8 %,-26.3 %,-2.8 %,3,4,0.2,0.3,66.7 %,75.0 %,0,,-4178,288,-8.4 %,0.6 %,6.7,2.5,1,1,1,2,1,1,1,2,1,1,1,2,2,3,2,3,0,,-1.1,3.3,-26381,0,-26.4 %,0.0 %,-26381,0,-26.4 %,0.0 %,-26381,0,-26.4 %,0.0 %,66.7 %,75.0 %,66.7 %,75.0 %,66.7 %,75.0 %,329,384,-13191,0,66.7 %,75.0 %
CEF,16d RSI CEF LT36 - L CEF,-6.1 %,3.1 %,-3040,1566,9.0 %,5.6 %,-67.6 %,56.4 %,0.0 %,-0.9 %,3,5,0.2,0.4,66.7 %,100.0 %,0.2,,-1013,310,-2.0 %,0.6 %,4.3,1.8,1,0,2,5,1,0,2,4,1,0,2,3,2,,2,5,0.3,,-0.7,3.8,-9174,0,-9.2 %,0.0 %,-9174,0,-9.2 %,0.0 %,-9174,0,-9.2 %,0.0 %,66.7 %,100.0 %,66.7 %,100.0 %,66.7 %,100.0 %,773,310,-4587,0,66.7 %,100.0 %
CHAU,21d RSI CHAU LT40 - L CHAU,14.7 %,38.7 %,7336,19356,33.3 %,8.3 %,44.0 %,464.5 %,0.0 %,-7.1 %,3,7,0.2,0.6,100.0 %,100.0 %,,,2445,2410,4.9 %,4.8 %,3.7,2,0,0,3,7,0,0,3,7,0,0,2,3,,,3,7,,,4.4,4.7,0,0,0.0 %,0.0 %,0,0,0.0 %,0.0 %,0,0,0.0 %,0.0 %,100.0 %,100.0 %,100.0 %,100.0 %,100.0 %,100.0 %,2445,2410,0,0,100.0 %,100.0 %
CIBR,17d RSI CIBR LT39 - L CIBR,-18.1 %,15.5 %,-9047,7764,14.8 %,7.1 %,-122.0 %,217.4 %,-13.9 %,-3.4 %,3,5,0.2,0.4,0.0 %,100.0 %,0,,-3016,1472,-6.0 %,2.9 %,8,2.6,3,0,0,5,3,0,0,5,2,0,0,5,0,,0,5,0,,-2,3.8,-18094,0,-18.1 %,0.0 %,-18094,0,-18.1 %,0.0 %,-18094,0,-18.1 %,0.0 %,0.0 %,100.0 %,0.0 %,100.0 %,0.0 %,100.0 %,0,1472,-3016,0,0.0 %,100.0 %
CMF,19d RSI CMF LT46 - L CMF,-3.4 %,0.8 %,-1688,380,26.3 %,10.7 %,-12.8 %,7.1 %,-0.6 %,-0.6 %,5,5,0.4,0.4,60.0 %,80.0 %,0.2,,-338,76,-0.7 %,0.1 %,7.8,4.4,1,1,2,4,1,1,2,4,1,0,2,3,1.5,4,3,4,0.2,,-0.9,2.8,-3818,0,-3.8 %,0.0 %,-3818,0,-3.8 %,0.0 %,-3818,0,-3.8 %,0.0 %,60.0 %,80.0 %,60.0 %,80.0 %,60.0 %,80.0 %,164,95,-1091,0,60.0 %,100.0 %
COLO,16d RSI COLO LT28 - L COLO,-51.1 %,3.0 %,-25549,1508,100.0 %,5.2 %,-51.1 %,58.5 %,-50.4 %,-4.3 %,2,3,0.2,0.2,0.0 %,66.7 %,0,1.1,-12775,516,-25.5 %,1.0 %,8.5,3.3,2,1,0,2,2,1,0,2,1,1,0,1,0,2,0,2,0,2.2,-1.5,0.6,-51098,-1247,-51.1 %,-2.5 %,-51098,-1247,-51.1 %,-2.5 %,-51098,-566,-51.1 %,-1.1 %,0.0 %,66.7 %,0.0 %,66.7 %,0.0 %,66.7 %,0,1398,-12775,-1247,0.0 %,50.0 %
COMT,21d RSI COMT LT38 - L COMT,-26.9 %,10.7 %,-13425,5336,27.2 %,12.3 %,-98.6 %,86.8 %,-30.3 %,-2.0 %,11,9,0.9,0.8,36.4 %,88.9 %,0.3,11,-1220,568,-2.4 %,1.1 %,4,2.4,7,1,4,7,6,1,4,6,3,0,2,4,0.6,8,4,8,0.1,88.3,-1.9,4.6,-31404,-59,-31.4 %,-0.1 %,-31404,-59,-31.4 %,-0.1 %,-31404,0,-31.4 %,0.0 %,36.4 %,88.9 %,36.4 %,88.9 %,40.0 %,87.5 %,569,646,-2243,-59,40.0 %,100.0 %
COPX,19d RSI COPX LT26 - L COPX,17.4 %,6.7 %,8713,3364,80.0 %,5.2 %,21.8 %,130.4 %,0.0 %,-2.1 %,2,4,0.2,0.3,100.0 %,100.0 %,,,4356,821,8.7 %,1.6 %,1,2.2,0,0,2,4,0,0,1,4,0,0,1,1,,,2,4,,,9.9,8.4,0,0,0.0 %,0.0 %,0,0,0.0 %,0.0 %,0,0,0.0 %,0.0 %,100.0 %,100.0 %,100.0 %,100.0 %,100.0 %,100.0 %,4356,821,0,0,100.0 %,100.0 %
CORN,4d RSI CORN LT11 - L CORN,3.3 %,11.7 %,1629,5843,6.8 %,8.3 %,47.8 %,140.2 %,0.0 %,-2.3 %,2,6,0.2,0.5,100.0 %,100.0 %,,,815,933,1.6 %,1.9 %,2,2.5,0,0,2,6,0,0,2,6,0,0,2,4,,,2,6,,,12.3,3.7,0,0,0.0 %,0.0 %,0,0,0.0 %,0.0 %,0,0,0.0 %,0.0 %,100.0 %,100.0 %,100.0 %,100.0 %,100.0 %,100.0 %,815,933,0,0,100.0 %,100.0 %
COWZ,5d RSI COWZ LT17 - L COWZ,-0.7 %,9.8 %,-334,4899,9.5 %,6.0 %,-7.1 %,164.6 %,-6.2 %,-1.4 %,5,5,0.4,0.4,60.0 %,100.0 %,0.6,,-67,946,-0.1 %,1.9 %,2.8,2,2,0,2,5,2,0,2,5,1,0,2,5,1.5,,3,5,0.9,,-0.1,4,-6361,0,-6.4 %,0.0 %,-6361,0,-6.4 %,0.0 %,-6361,0,-6.4 %,0.0 %,60.0 %,100.0 %,60.0 %,100.0 %,60.0 %,100.0 %,949,946,-1590,0,75.0 %,100.0 %
CPER,3d RSI CPER LT12 - L CPER,-1.4 %,8.5 %,-682,4271,15.0 %,6.8 %,-9.1 %,126.6 %,0.0 %,-1.2 %,4,7,0.3,0.6,75.0 %,85.7 %,0.3,6.9,-171,591,-0.3 %,1.2 %,4.5,1.4,1,1,3,6,1,1,3,6,1,1,2,5,3,6,3,6,0.8,41.1,-0.2,3.6,-6826,-103,-6.8 %,-0.2 %,-6826,-103,-6.8 %,-0.2 %,-6826,-103,-6.8 %,-0.2 %,75.0 %,85.7 %,75.0 %,85.7 %,75.0 %,85.7 %,910,706,-3413,-103,66.7 %,83.3 %
CWB,10d RSI CWB LT30 - L CWB,-13.8 %,4.0 %,-6877,2023,78.9 %,5.2 %,-17.4 %,78.4 %,-15.2 %,-1.4 %,2,4,0.2,0.3,50.0 %,100.0 %,0.1,,-3439,498,-6.9 %,1.0 %,6.5,2.2,1,0,1,4,1,0,1,4,1,0,0,4,1,,1,4,0.1,,-1.1,6.2,-15436,0,-15.4 %,0.0 %,-15436,0,-15.4 %,0.0 %,-13754,0,-13.8 %,0.0 %,50.0 %,100.0 %,50.0 %,100.0 %,50.0 %,100.0 %,841,498,-7718,0,0.0 %,100.0 %
CWEB,16d RSI CWEB LT31 - L CWEB,18.3 %,22.0 %,9139,10996,100.0 %,7.5 %,18.3 %,291.7 %,0.0 %,-5.1 %,1,5,0.1,0.4,100.0 %,80.0 %,,37,9139,2045,18.3 %,4.1 %,6,2.8,0,1,1,2,0,0,1,4,0,0,1,3,,4,1,4,,148.2,0,3.4,0,-69,0.0 %,-0.1 %,0,0,0.0 %,0.0 %,0,0,0.0 %,0.0 %,100.0 %,80.0 %,100.0 %,80.0 %,100.0 %,100.0 %,9139,2573,0,-69,100.0 %,100.0 %
CWI,20d RSI CWI LT40 - L CWI,5.6 %,8.8 %,2818,4401,16.8 %,9.1 %,33.6 %,96.5 %,-15.7 %,-3.2 %,9,8,0.8,0.7,77.8 %,87.5 %,0.4,1,313,534,0.6 %,1.1 %,2.7,1.9,1,1,5,4,2,1,4,3,1,0,2,4,3.5,7,7,7,1.3,6.8,0.3,2.4,-15758,-739,-15.8 %,-1.5 %,-16082,-739,-16.1 %,-1.5 %,-227,0,-0.2 %,0.0 %,77.8 %,87.5 %,77.8 %,87.5 %,71.4 %,85.7 %,1747,716,-4705,-739,75.0 %,100.0 %
CXSE,17d RSI CXSE LT33 - L CXSE,4.3 %,9.7 %,2160,4827,100.0 %,6.3 %,4.3 %,152.1 %,0.0 %,-1.2 %,1,6,0.1,0.5,100.0 %,100.0 %,,,2160,776,4.3 %,1.6 %,1,1.7,0,0,1,6,0,0,1,5,0,0,1,3,,,1,6,,,0,3.7,0,0,0.0 %,0.0 %,0,0,0.0 %,0.0 %,0,0,0.0 %,0.0 %,100.0 %,100.0 %,100.0 %,100.0 %,100.0 %,100.0 %,2160,776,0,0,100.0 %,100.0 %
DBA,19d RSI DBA LT26 - L DBA,-1.9 %,2.2 %,-953,1088,100.0 %,5.6 %,-1.9 %,39.2 %,0.0 %,-1.6 %,1,3,0.1,0.2,0.0 %,66.7 %,0,14.7,-953,361,-1.9 %,0.7 %,6,3.7,1,1,0,1,1,1,0,1,1,1,0,1,0,2,0,2,0,29.4,0,1.8,-1906,-38,-1.9 %,-0.1 %,-1906,-38,-1.9 %,-0.1 %,-1906,-38,-1.9 %,-0.1 %,0.0 %,66.7 %,0.0 %,66.7 %,0.0 %,66.7 %,0,561,-953,-38,0.0 %,66.7 %
DBB,20d RSI DBB LT33 - L DBB,-4.4 %,3.1 %,-2210,1562,55.3 %,6.8 %,-8.0 %,46.3 %,-8.2 %,-1.9 %,6,5,0.5,0.4,66.7 %,60.0 %,0.3,4.1,-368,310,-0.7 %,0.6 %,3.3,2.4,1,1,2,2,1,1,2,2,2,0,1,3,2,1.5,4,3,0.5,6.1,-0.5,1.7,-8238,-263,-8.2 %,-0.5 %,-8238,-263,-8.2 %,-0.5 %,-6065,0,-6.1 %,0.0 %,66.7 %,60.0 %,66.7 %,60.0 %,60.0 %,60.0 %,672,617,-2449,-151,33.3 %,100.0 %
DBC,18d RSI DBC LT36 - L DBC,-25.8 %,2.8 %,-12882,1373,71.0 %,5.2 %,-36.3 %,53.2 %,-23.3 %,-2.6 %,8,4,0.7,0.3,25.0 %,50.0 %,0.4,4.2,-1610,343,-3.2 %,0.7 %,5.1,2.2,3,2,1,2,3,2,1,2,3,2,0,1,0.3,1,2,2,0.1,4.2,-2,1.2,-22466,-429,-22.5 %,-0.9 %,-22466,-429,-22.5 %,-0.9 %,-25765,-429,-25.8 %,-0.9 %,25.0 %,50.0 %,25.0 %,50.0 %,25.0 %,50.0 %,924,901,-2455,-215,0.0 %,33.3 %
DBEF,14d RSI DBEF LT37 - L DBEF,6.4 %,9.6 %,3198,4780,15.2 %,5.6 %,42.0 %,172.1 %,-11.3 %,-1.0 %,9,6,0.8,0.5,55.6 %,100.0 %,1.1,,355,768,0.7 %,1.5 %,2.3,1.3,2,0,3,6,2,0,2,5,1,0,2,3,1.2,,5,6,1.4,,0.5,5,-9576,0,-9.6 %,0.0 %,-11547,0,-11.5 %,0.0 %,-583,0,-0.6 %,0.0 %,55.6 %,100.0 %,55.6 %,100.0 %,50.0 %,100.0 %,2154,768,-1894,0,66.7 %,100.0 %
DBO,7d RSI DBO LT23 - L DBO,-30.3 %,6.3 %,-15149,3163,24.3 %,5.2 %,-124.9 %,122.6 %,-30.5 %,-4.9 %,7,4,0.6,0.3,28.6 %,75.0 %,0.4,18.9,-2164,776,-4.3 %,1.6 %,4.7,2.2,4,1,1,2,4,1,1,2,3,1,1,2,0.4,3,2,3,0.2,56.6,-1.4,2.8,-32965,-56,-33.0 %,-0.1 %,-32965,-56,-33.0 %,-0.1 %,-32965,-56,-33.0 %,-0.1 %,28.6 %,75.0 %,28.6 %,75.0 %,28.6 %,75.0 %,1631,1053,-3682,-56,20.0 %,75.0 %
DDM,15d RSI DDM LT37 - L DDM,-21.3 %,31.3 %,-10664,15649,14.4 %,9.1 %,-148.5 %,342.9 %,-16.2 %,-4.5 %,5,7,0.4,0.6,20.0 %,100.0 %,0.4,,-2133,1989,-4.3 %,4.0 %,4.2,2.3,4,0,1,7,3,0,1,6,1,0,1,5,0.2,,1,7,0.1,,-2.2,7.2,-24006,0,-24.0 %,0.0 %,-24006,0,-24.0 %,0.0 %,-24006,0,-24.0 %,0.0 %,20.0 %,100.0 %,20.0 %,100.0 %,25.0 %,100.0 %,1340,1989,-3001,0,50.0 %,100.0 %
DDWM,21d RSI DDWM LT39 - L DDWM,-0.8 %,8.7 %,-404,4351,14.4 %,7.5 %,-5.6 %,115.4 %,-12.7 %,-1.1 %,7,6,0.6,0.5,57.1 %,100.0 %,0.7,,-58,702,-0.1 %,1.4 %,2.7,2.2,3,0,4,6,2,0,3,5,1,0,1,3,1.3,,4,6,1,,-0.1,3.8,-18131,0,-18.1 %,0.0 %,-18131,0,-18.1 %,0.0 %,-2009,0,-2.0 %,0.0 %,57.1 %,100.0 %,57.1 %,100.0 %,60.0 %,100.0 %,2165,702,-3022,0,50.0 %,100.0 %
DEM,16d RSI DEM LT38 - L DEM,-7.1 %,8.6 %,-3561,4320,19.1 %,12.7 %,-37.3 %,68.0 %,-13.0 %,-4.3 %,8,10,0.7,0.8,62.5 %,80.0 %,0.3,1.7,-445,418,-0.9 %,0.8 %,3.2,2.2,3,2,3,5,2,1,2,4,1,0,2,2,1.7,4,5,8,0.5,6.8,-0.8,2.9,-13076,0,-13.1 %,0.0 %,-13076,-726,-13.1 %,-1.4 %,-9081,0,-9.1 %,0.0 %,62.5 %,80.0 %,62.5 %,80.0 %,66.7 %,87.5 %,595,613,-2179,-363,75.0 %,100.0 %
DES,4d RSI DES LT14 - L DES,-7.3 %,5.6 %,-3642,2791,12.3 %,5.2 %,-59.2 %,108.2 %,-12.5 %,-1.8 %,5,4,0.4,0.3,40.0 %,75.0 %,0.6,5.9,-728,686,-1.5 %,1.4 %,3.6,2.2,3,1,1,2,3,1,1,2,2,1,1,2,0.7,3,2,3,0.4,17.7,-0.8,2.6,-12584,-164,-12.6 %,-0.3 %,-12584,-164,-12.6 %,-0.3 %,-12584,-164,-12.6 %,-0.3 %,40.0 %,75.0 %,40.0 %,75.0 %,40.0 %,75.0 %,1325,970,-2097,-164,50.0 %,75.0 %
DFEN,18d RSI DFEN LT43 - L DFEN,9.2 %,68.5 %,4610,34234,47.0 %,11.9 %,19.6 %,575.1 %,-108.0 %,-3.2 %,17,10,1.4,0.8,58.8 %,100.0 %,0.7,,271,2696,0.5 %,5.4 %,4,1.9,2,0,6,10,2,0,5,9,1,0,6,6,1.4,,10,10,1.1,,0.1,6,-106011,0,-106.0 %,0.0 %,-75148,0,-75.1 %,0.0 %,-75148,0,-75.1 %,0.0 %,58.8 %,100.0 %,58.8 %,100.0 %,61.5 %,100.0 %,6953,2696,-9275,0,75.0 %,100.0 %
DGRO,21d RSI DGRO LT46 - L DGRO,9.4 %,19.0 %,4699,9513,21.8 %,12.7 %,43.1 %,149.8 %,-9.7 %,-2.1 %,11,10,0.9,0.8,45.5 %,100.0 %,2.2,,427,880,0.9 %,1.8 %,2.9,2.2,4,0,2,10,2,0,3,9,1,0,3,5,0.8,,5,10,1.8,,0.8,6.9,-9906,0,-9.9 %,0.0 %,-9831,0,-9.8 %,0.0 %,-203,0,-0.2 %,0.0 %,45.5 %,100.0 %,45.5 %,100.0 %,62.5 %,100.0 %,2117,880,-981,0,80.0 %,100.0 %
DGRW,18d RSI DGRW LT36 - L DGRW,-8.7 %,10.1 %,-4338,5025,100.0 %,6.0 %,-8.7 %,168.8 %,-8.6 %,-1.9 %,3,4,0.2,0.3,33.3 %,100.0 %,0.2,,-1446,1213,-2.9 %,2.4 %,6,2.8,2,0,1,4,2,0,1,4,1,0,0,4,0.5,,1,4,0.1,,-1.2,5.7,-9478,0,-9.5 %,0.0 %,-9478,0,-9.5 %,0.0 %,-8676,0,-8.7 %,0.0 %,33.3 %,100.0 %,33.3 %,100.0 %,33.3 %,100.0 %,401,1213,-2370,0,0.0 %,100.0 %
DGS,18d RSI DGS LT35 - L DGS,-7.4 %,1.1 %,-3677,529,60.0 %,5.2 %,-12.3 %,20.5 %,-13.5 %,-3.8 %,6,5,0.5,0.4,33.3 %,80.0 %,0.9,0.4,-613,109,-1.2 %,0.2 %,3,1.6,4,1,1,3,2,1,1,2,1,1,1,1,0.5,4,2,4,0.5,1.5,-0.8,0.4,-13736,-1069,-13.7 %,-2.1 %,-9230,-1069,-9.2 %,-2.1 %,-9216,-312,-9.2 %,-0.6 %,33.3 %,80.0 %,33.3 %,80.0 %,50.0 %,75.0 %,1596,404,-1717,-1069,50.0 %,50.0 %
DIA,15d RSI DIA LT38 - L DIA,-8.1 %,13.4 %,-4042,6694,14.4 %,8.3 %,-56.3 %,160.7 %,-5.4 %,-2.3 %,5,7,0.4,0.6,40.0 %,100.0 %,0.2,,-808,907,-1.6 %,1.8 %,4.2,2,3,0,2,7,2,0,2,6,1,0,1,5,0.7,,2,7,0.2,,-1.7,5.7,-9591,0,-9.6 %,0.0 %,-9591,0,-9.6 %,0.0 %,-9494,0,-9.5 %,0.0 %,40.0 %,100.0 %,40.0 %,100.0 %,50.0 %,100.0 %,377,907,-1599,0,50.0 %,100.0 %
DIV,9d RSI DIV LT32 - L DIV,-37.9 %,6.8 %,-18967,3415,23.4 %,9.9 %,-162.2 %,68.8 %,-45.2 %,-3.6 %,8,9,0.7,0.8,75.0 %,88.9 %,0.1,0.7,-2371,370,-4.7 %,0.7 %,4.9,1.8,2,1,4,4,2,1,4,4,1,1,3,3,3,8,6,8,0.2,5.7,-1,2.7,-45609,-711,-45.6 %,-1.4 %,-45609,-711,-45.6 %,-1.4 %,-45609,-711,-45.6 %,-1.4 %,75.0 %,88.9 %,75.0 %,88.9 %,75.0 %,87.5 %,640,505,-11402,-711,83.3 %,85.7 %
DIVB,19d RSI DIVB LT39 - L DIVB,-1.7 %,4.9 %,-863,2469,13.9 %,5.6 %,-12.4 %,88.9 %,-7.5 %,-1.5 %,6,5,0.5,0.4,33.3 %,80.0 %,1.7,5.6,-144,486,-0.3 %,1.0 %,3.2,1.8,4,1,2,2,2,1,2,2,1,1,1,2,0.5,4,2,4,0.8,22.4,-0.2,2.8,-10232,-114,-10.2 %,-0.2 %,-9911,-114,-9.9 %,-0.2 %,-4304,-114,-4.3 %,-0.2 %,33.3 %,80.0 %,33.3 %,80.0 %,50.0 %,80.0 %,2126,636,-1279,-114,50.0 %,75.0 %
DIVI,19d RSI DIVI LT42 - L DIVI,9.2 %,5.2 %,4600,2575,19.1 %,5.6 %,48.1 %,92.7 %,-13.4 %,-0.1 %,11,5,0.9,0.4,63.6 %,100.0 %,0.9,,418,506,0.8 %,1.0 %,2.2,1.8,3,0,4,5,2,0,4,4,1,0,3,3,1.8,,7,5,1.6,,0.7,3.7,-13471,0,-13.5 %,0.0 %,-13471,0,-13.5 %,0.0 %,-712,0,-0.7 %,0.0 %,63.6 %,100.0 %,63.6 %,100.0 %,66.7 %,100.0 %,1670,506,-1773,0,80.0 %,100.0 %
DIVO,21d RSI DIVO LT48 - L DIVO,13.3 %,16.6 %,6652,8303,28.1 %,15.9 %,47.3 %,104.6 %,-6.3 %,-1.3 %,14,11,1.2,0.9,64.3 %,100.0 %,1.5,,475,704,1.0 %,1.4 %,3.4,2.5,4,0,6,11,3,0,5,9,1,0,6,5,1.8,,9,11,2.6,,1.4,8.1,-6411,0,-6.4 %,0.0 %,-6411,0,-6.4 %,0.0 %,-1839,0,-1.8 %,0.0 %,64.3 %,100.0 %,64.3 %,100.0 %,66.7 %,100.0 %,1197,704,-825,0,85.7 %,100.0 %
DLN,14d RSI DLN LT41 - L DLN,4.8 %,15.6 %,2399,7774,18.3 %,10.7 %,26.3 %,145.1 %,-7.6 %,-2.0 %,10,8,0.8,0.7,60.0 %,100.0 %,0.9,,240,913,0.5 %,1.8 %,2.6,2.4,3,0,4,8,2,0,3,7,1,0,2,5,1.5,,6,8,1.4,,0.4,6.4,-7098,0,-7.1 %,0.0 %,-7678,0,-7.7 %,0.0 %,-886,0,-0.9 %,0.0 %,60.0 %,100.0 %,60.0 %,100.0 %,66.7 %,100.0 %,1393,913,-1489,0,75.0 %,100.0 %
DOG,20d RSI DOG LT33 - L DOG,3.3 %,2.6 %,1667,1286,9.6 %,6.0 %,34.6 %,43.2 %,-0.3 %,-0.3 %,4,5,0.3,0.4,75.0 %,100.0 %,3.5,,417,255,0.8 %,0.5 %,2.8,2,1,0,2,5,0,0,3,5,1,0,2,3,3,,3,5,10.6,,1.8,2.7,-346,0,-0.3 %,0.0 %,0,0,0.0 %,0.0 %,-346,0,-0.3 %,0.0 %,75.0 %,100.0 %,75.0 %,100.0 %,100.0 %,100.0 %,613,255,-173,0,75.0 %,100.0 %
DON,4d RSI DON LT17 - L DON,-4.6 %,5.6 %,-2316,2818,14.4 %,6.3 %,-32.1 %,88.8 %,-13.8 %,-1.6 %,7,5,0.6,0.4,71.4 %,100.0 %,0.3,,-331,552,-0.7 %,1.1 %,3.1,2.2,2,0,4,5,2,0,4,5,1,0,4,5,2.5,,5,5,0.7,,-0.4,4.9,-13969,0,-14.0 %,0.0 %,-13969,0,-14.0 %,0.0 %,-13969,0,-14.0 %,0.0 %,71.4 %,100.0 %,71.4 %,100.0 %,71.4 %,100.0 %,934,552,-3492,0,83.3 %,100.0 %
DPST,4d RSI DPST LT14 - L DPST,-56.1 %,20.0 %,-28066,10020,12.6 %,5.6 %,-444.4 %,360.7 %,-66.8 %,-9.6 %,4,4,0.3,0.3,50.0 %,100.0 %,0.2,,-7017,2346,-14.0 %,4.7 %,5,2.5,2,0,1,4,2,0,1,4,1,0,1,3,1,,2,4,0.2,,-1.1,4.6,-69006,0,-69.0 %,0.0 %,-69006,0,-69.0 %,0.0 %,-69006,0,-69.0 %,0.0 %,50.0 %,100.0 %,50.0 %,100.0 %,50.0 %,100.0 %,3218,2346,-17252,0,66.7 %,100.0 %
DRIP,5d RSI DRIP LT18 - L DRIP,9.2 %,31.4 %,4621,15723,8.9 %,6.0 %,103.4 %,528.3 %,-17.4 %,-11.3 %,5,3,0.4,0.2,60.0 %,100.0 %,1,,924,4921,1.8 %,9.8 %,3,4,2,0,2,3,2,0,2,3,2,0,1,3,1.5,,3,3,1.5,,0.4,2.1,-19408,0,-19.4 %,0.0 %,-19408,0,-19.4 %,0.0 %,-19408,0,-19.4 %,0.0 %,60.0 %,100.0 %,60.0 %,100.0 %,60.0 %,100.0 %,4775,4921,-4852,0,50.0 %,100.0 %
DRN,14d RSI DRN LT37 - L DRN,-33.2 %,32.5 %,-16615,16253,18.5 %,7.5 %,-179.2 %,431.1 %,-71.6 %,-3.1 %,7,5,0.6,0.4,71.4 %,100.0 %,0.2,,-2374,2935,-4.7 %,5.9 %,3.7,2.8,1,0,3,5,1,0,3,4,1,0,3,4,2.5,,5,5,0.6,,-0.5,3.1,-66604,0,-66.6 %,0.0 %,-64530,0,-64.5 %,0.0 %,-59546,0,-59.5 %,0.0 %,71.4 %,100.0 %,71.4 %,100.0 %,80.0 %,100.0 %,4397,2935,-19301,0,75.0 %,100.0 %
DRV,19d RSI DRV LT34 - L DRV,2.3 %,4.3 %,1164,2150,100.0 %,5.6 %,2.3 %,77.4 %,0.0 %,-6.9 %,2,3,0.2,0.2,50.0 %,66.7 %,6.1,1.8,582,722,1.2 %,1.4 %,3,3.7,1,1,1,2,1,1,1,2,0,1,1,1,1,2,1,2,6.1,3.6,1,1,-453,-833,-0.5 %,-1.7 %,-453,-833,-0.5 %,-1.7 %,0,-20,0.0 %,-0.0 %,50.0 %,66.7 %,50.0 %,66.7 %,50.0 %,66.7 %,1390,1499,-226,-833,100.0 %,50.0 %
DSI,4d RSI DSI LT15 - L DSI,-2.4 %,9.4 %,-1199,4704,5.5 %,5.2 %,-43.4 %,182.4 %,0.0 %,-1.9 %,2,5,0.2,0.4,50.0 %,100.0 %,0.4,,-600,908,-1.2 %,1.8 %,4,1.6,1,0,1,5,1,0,1,5,1,0,1,5,1,,1,5,0.4,,-0.6,11.7,-4077,0,-4.1 %,0.0 %,-4077,0,-4.1 %,0.0 %,-4077,0,-4.1 %,0.0 %,50.0 %,100.0 %,50.0 %,100.0 %,50.0 %,100.0 %,839,908,-2039,0,50.0 %,100.0 %
DVY,12d RSI DVY LT36 - L DVY,-11.0 %,7.8 %,-5489,3877,16.6 %,7.1 %,-66.2 %,108.6 %,-13.2 %,-2.1 %,6,6,0.5,0.5,33.3 %,83.3 %,0.8,2.9,-915,629,-1.8 %,1.3 %,4,2,4,1,2,3,3,1,2,2,1,1,2,2,0.5,5,2,5,0.4,14.5,-1.1,3.1,-18528,-278,-18.5 %,-0.6 %,-18528,-278,-18.5 %,-0.6 %,-18528,-278,-18.5 %,-0.6 %,33.3 %,83.3 %,33.3 %,83.3 %,40.0 %,80.0 %,1888,810,-2316,-278,66.7 %,75.0 %
DVYE,20d RSI DVYE LT34 - L DVYE,-13.6 %,10.8 %,-6804,5417,90.5 %,10.7 %,-15.0 %,101.1 %,-11.7 %,-1.4 %,4,7,0.3,0.6,0.0 %,100.0 %,0,,-1701,741,-3.4 %,1.5 %,3.8,2.9,4,0,0,7,3,0,0,7,1,0,0,2,0,,0,7,0,,-4.5,7.1,-13607,0,-13.6 %,0.0 %,-13607,0,-13.6 %,0.0 %,-13607,0,-13.6 %,0.0 %,0.0 %,100.0 %,0.0 %,100.0 %,0.0 %,100.0 %,0,741,-1701,0,0.0 %,100.0 %
DXD,19d RSI DXD LT32 - L DXD,10.7 %,5.4 %,5370,2706,7.2 %,6.0 %,148.6 %,90.9 %,0.0 %,-0.6 %,4,5,0.3,0.4,100.0 %,100.0 %,,,1343,531,2.7 %,1.1 %,1.8,2,0,0,4,5,0,0,3,5,0,0,4,3,,,4,5,,,2.4,2.9,0,0,0.0 %,0.0 %,0,0,0.0 %,0.0 %,0,0,0.0 %,0.0 %,100.0 %,100.0 %,100.0 %,100.0 %,100.0 %,100.0 %,1343,531,0,0,100.0 %,100.0 %
DXJ,21d RSI DXJ LT36 - L DXJ,-1.1 %,15.8 %,-554,7927,100.0 %,6.0 %,-1.1 %,266.3 %,-10.5 %,-0.3 %,5,7,0.4,0.6,40.0 %,100.0 %,1.4,,-111,1065,-0.2 %,2.1 %,2.8,1.1,3,0,2,7,2,0,1,6,1,0,0,4,0.7,,2,7,0.9,,-0.1,5.4,-13401,0,-13.4 %,0.0 %,-13401,0,-13.4 %,0.0 %,-1108,0,-1.1 %,0.0 %,40.0 %,100.0 %,40.0 %,100.0 %,33.3 %,100.0 %,3073,1065,-2233,0,0.0 %,100.0 %
EBND,11d RSI EBND LT33 - L EBND,-8.5 %,2.7 %,-4238,1364,15.2 %,5.2 %,-55.8 %,52.9 %,-8.8 %,-0.1 %,3,6,0.2,0.5,33.3 %,100.0 %,0.1,,-1413,225,-2.8 %,0.5 %,7,1.2,2,0,1,6,2,0,1,5,1,0,1,5,0.5,,1,6,0.1,,-1.2,4.5,-9078,0,-9.1 %,0.0 %,-9078,0,-9.1 %,0.0 %,-9078,0,-9.1 %,0.0 %,33.3 %,100.0 %,33.3 %,100.0 %,33.3 %,100.0 %,301,225,-2269,0,50.0 %,100.0 %
ECH,10d RSI ECH LT15 - L ECH,6.1 %,15.2 %,3059,7601,100.0 %,6.3 %,6.1 %,239.4 %,0.0 %,-2.9 %,1,4,0.1,0.3,100.0 %,75.0 %,,4.6,3059,1846,6.1 %,3.7 %,1,3,0,1,1,3,0,1,1,3,0,0,1,3,,3,1,3,,13.7,0,1.7,0,-582,0.0 %,-1.2 %,0,-582,0.0 %,-1.2 %,0,0,0.0 %,0.0 %,100.0 %,75.0 %,100.0 %,75.0 %,100.0 %,75.0 %,3059,2656,0,-582,100.0 %,100.0 %
EDC,16d RSI EDC LT31 - L EDC,35.3 %,17.3 %,17671,8671,91.7 %,7.9 %,38.6 %,218.5 %,0.0 %,-12.6 %,3,7,0.2,0.6,100.0 %,85.7 %,,0.5,5890,1201,11.8 %,2.4 %,2.7,1.9,0,1,3,3,0,1,2,3,0,0,1,2,,6,3,6,,3.2,2.6,1.5,0,-3745,0.0 %,-7.5 %,0,-1923,0.0 %,-3.9 %,0,0,0.0 %,0.0 %,100.0 %,85.7 %,100.0 %,85.7 %,100.0 %,80.0 %,5890,2025,0,-3745,100.0 %,100.0 %
EDIV,21d RSI EDIV LT36 - L EDIV,-0.5 %,2.6 %,-228,1324,15.7 %,7.5 %,-2.9 %,35.1 %,-13.0 %,-3.9 %,7,5,0.6,0.4,57.1 %,60.0 %,0.7,1.4,-33,268,-0.1 %,0.5 %,2.9,2.8,3,2,3,3,2,1,3,3,1,0,1,1,1.3,1.5,4,3,1,2.1,0,0.8,-13378,-1220,-13.4 %,-2.4 %,-13378,-1041,-13.4 %,-2.1 %,-5011,0,-5.0 %,0.0 %,57.1 %,60.0 %,57.1 %,60.0 %,66.7 %,75.0 %,1615,854,-2230,-610,66.7 %,100.0 %
EDV,10d RSI EDV LT32 - L EDV,3.2 %,7.4 %,1603,3720,20.4 %,5.6 %,15.7 %,133.9 %,0.0 %,-0.5 %,5,5,0.4,0.4,80.0 %,100.0 %,2.2,,321,724,0.6 %,1.4 %,3.2,1.8,1,0,4,5,1,0,4,5,1,0,2,4,4,,4,5,8.7,,2.2,5,-414,0,-0.4 %,0.0 %,-414,0,-0.4 %,0.0 %,-414,0,-0.4 %,0.0 %,80.0 %,100.0 %,80.0 %,100.0 %,80.0 %,100.0 %,452,724,-207,0,66.7 %,100.0 %
EDZ,10d RSI EDZ LT28 - L EDZ,37.1 %,4.5 %,18551,2228,16.8 %,12.3 %,220.8 %,36.2 %,-1.9 %,-11.0 %,9,7,0.8,0.6,88.9 %,71.4 %,2,0.6,2061,352,4.1 %,0.7 %,3.3,3.3,1,2,7,5,1,2,7,5,1,2,4,4,8,2.5,8,5,15.6,1.6,3.2,0.5,-2539,-4211,-2.5 %,-8.4 %,-2539,-4211,-2.5 %,-8.4 %,-1382,-4211,-1.4 %,-8.4 %,88.9 %,71.4 %,88.9 %,71.4 %,88.9 %,71.4 %,2478,1335,-1270,-2105,83.3 %,66.7 %
EEM,17d RSI EEM LT33 - L EEM,15.5 %,6.2 %,7737,3118,77.8 %,7.9 %,19.9 %,78.6 %,-3.3 %,-4.2 %,5,7,0.4,0.6,80.0 %,85.7 %,1.3,0.6,1547,438,3.1 %,0.9 %,1.8,1.9,1,1,2,3,0,1,4,3,0,0,1,2,4,6,4,6,5.4,3.7,1.9,1.7,-3539,-1137,-3.5 %,-2.3 %,0,-507,0.0 %,-1.0 %,0,0,0.0 %,0.0 %,80.0 %,85.7 %,80.0 %,85.7 %,100.0 %,80.0 %,2377,701,-1769,-1137,100.0 %,100.0 %
EEMA,14d RSI EEMA LT27 - L EEMA,8.4 %,4.3 %,4178,2139,100.0 %,5.6 %,8.4 %,77.0 %,0.0 %,-2.0 %,1,3,0.1,0.2,100.0 %,66.7 %,,6.7,4178,708,8.4 %,1.4 %,1,3.7,0,1,1,1,0,1,1,1,0,0,1,2,,2,1,2,,13.4,0,1.8,0,-172,0.0 %,-0.3 %,0,-172,0.0 %,-0.3 %,0,0,0.0 %,0.0 %,100.0 %,66.7 %,100.0 %,66.7 %,100.0 %,66.7 %,4178,1148,0,-172,100.0 %,100.0 %
EEMV,19d RSI EEMV LT35 - L EEMV,1.1 %,1.7 %,566,866,65.8 %,7.1 %,1.7 %,24.2 %,-8.9 %,-3.0 %,6,5,0.5,0.4,50.0 %,60.0 %,1.1,1.3,94,175,0.2 %,0.3 %,3.2,2.6,3,1,2,1,2,1,2,1,1,0,1,2,1,1.5,3,3,1.1,2,0.1,0.7,-9066,-774,-9.1 %,-1.6 %,-9066,-774,-9.1 %,-1.6 %,-956,0,-1.0 %,0.0 %,50.0 %,60.0 %,50.0 %,60.0 %,60.0 %,60.0 %,1700,585,-1511,-440,50.0 %,100.0 %
EFA,17d RSI EFA LT40 - L EFA,-7.1 %,8.2 %,-3561,4112,14.7 %,9.5 %,-48.4 %,86.3 %,-17.4 %,-2.9 %,7,8,0.6,0.7,57.1 %,87.5 %,0.5,0.9,-509,500,-1.0 %,1.0 %,3.1,2,2,1,2,4,3,1,2,3,1,0,1,5,1.3,7,4,7,0.7,6.5,-0.5,2.3,-17041,-722,-17.0 %,-1.4 %,-17762,-722,-17.8 %,-1.4 %,-10233,0,-10.2 %,0.0 %,57.1 %,87.5 %,57.1 %,87.5 %,50.0 %,85.7 %,1704,675,-3458,-722,66.7 %,100.0 %
EFAV,3d RSI EFAV LT17 - L EFAV,-14.2 %,5.5 %,-7108,2748,14.4 %,8.3 %,-98.5 %,66.0 %,-17.0 %,-0.3 %,6,8,0.5,0.7,66.7 %,100.0 %,0.1,,-1185,336,-2.4 %,0.7 %,3.8,1.6,2,0,3,8,2,0,3,8,1,0,3,7,2,,4,8,0.2,,-1.3,5.8,-17093,0,-17.1 %,0.0 %,-17093,0,-17.1 %,0.0 %,-17093,0,-17.1 %,0.0 %,66.7 %,100.0 %,66.7 %,100.0 %,66.7 %,100.0 %,360,336,-4273,0,80.0 %,100.0 %
EFG,15d RSI EFG LT41 - L EFG,6.2 %,10.1 %,3109,5042,15.2 %,6.0 %,40.8 %,169.4 %,-8.9 %,-0.3 %,8,6,0.7,0.5,50.0 %,100.0 %,1.4,,389,808,0.8 %,1.6 %,2.8,1.5,2,0,2,6,1,0,2,6,1,0,2,5,1,,4,6,1.4,,0.5,5.7,-9117,0,-9.1 %,0.0 %,-9117,0,-9.1 %,0.0 %,-1980,0,-2.0 %,0.0 %,50.0 %,100.0 %,50.0 %,100.0 %,66.7 %,100.0 %,2559,808,-1782,0,66.7 %,100.0 %
EFV,21d RSI EFV LT36 - L EFV,-13.5 %,3.0 %,-6736,1491,14.4 %,7.1 %,-93.8 %,41.8 %,-21.3 %,-2.9 %,5,5,0.4,0.4,40.0 %,60.0 %,0.7,2.6,-1347,297,-2.7 %,0.6 %,4.2,2.6,3,2,2,2,3,1,2,2,1,0,1,2,0.7,1.5,2,3,0.5,3.8,-0.8,1.3,-24786,-523,-24.8 %,-1.1 %,-24786,-508,-24.8 %,-1.0 %,-15818,0,-15.8 %,0.0 %,40.0 %,60.0 %,40.0 %,60.0 %,40.0 %,75.0 %,2829,670,-4131,-261,50.0 %,100.0 %
EIDO,17d RSI EIDO LT35 - L EIDO,-7.5 %,3.5 %,-3759,1768,20.5 %,7.1 %,-36.7 %,49.5 %,-37.0 %,-6.9 %,9,6,0.8,0.5,55.6 %,66.7 %,0.6,0.9,-418,302,-0.8 %,0.6 %,2.9,2,4,2,4,4,3,1,3,4,1,1,2,2,1.2,2,5,4,0.8,1.8,-0.3,0.7,-37436,-2140,-37.4 %,-4.3 %,-22920,-972,-22.9 %,-1.9 %,-22920,-773,-22.9 %,-1.6 %,55.6 %,66.7 %,55.6 %,66.7 %,57.1 %,80.0 %,2992,987,-4679,-1070,75.0 %,66.7 %
EIS,15d RSI EIS LT37 - L EIS,-5.1 %,7.7 %,-2553,3868,16.9 %,5.6 %,-30.3 %,139.2 %,-21.6 %,-2.1 %,8,4,0.7,0.3,62.5 %,100.0 %,0.5,,-319,943,-0.6 %,1.9 %,2.6,2.5,2,0,3,4,2,0,3,4,1,0,2,4,1.7,,5,4,0.8,,-0.2,3.5,-21718,0,-21.7 %,0.0 %,-21718,0,-21.7 %,0.0 %,-9100,0,-9.1 %,0.0 %,62.5 %,100.0 %,62.5 %,100.0 %,62.5 %,100.0 %,1702,943,-3687,0,66.7 %,100.0 %
EMB,8d RSI EMB LT36 - L EMB,-8.9 %,3.1 %,-4453,1575,17.3 %,6.3 %,-51.4 %,49.6 %,-13.9 %,-0.2 %,8,6,0.7,0.5,75.0 %,100.0 %,0.1,,-557,259,-1.1 %,0.5 %,2.9,1.7,1,0,3,6,1,0,2,6,1,0,2,5,3,,6,6,0.4,,-0.6,6,-14033,0,-14.0 %,0.0 %,-14033,0,-14.0 %,0.0 %,-10259,0,-10.3 %,0.0 %,75.0 %,100.0 %,75.0 %,100.0 %,71.4 %,100.0 %,553,259,-3885,0,60.0 %,100.0 %
EMGF,17d RSI EMGF LT32 - L EMGF,24.2 %,8.1 %,12102,4063,72.2 %,6.3 %,33.5 %,128.0 %,0.0 %,-0.8 %,5,5,0.4,0.4,100.0 %,100.0 %,,,2420,788,4.8 %,1.6 %,1.6,2.2,0,0,5,5,0,0,4,5,0,0,1,2,,,5,5,,,6.4,5.8,0,0,0.0 %,0.0 %,0,0,0.0 %,0.0 %,0,0,0.0 %,0.0 %,100.0 %,100.0 %,100.0 %,100.0 %,100.0 %,100.0 %,2420,788,0,0,100.0 %,100.0 %
EMHY,4d RSI EMHY LT17 - L EMHY,2.4 %,2.9 %,1182,1472,11.4 %,6.3 %,20.7 %,46.4 %,-2.4 %,-0.2 %,5,5,0.4,0.4,40.0 %,100.0 %,2.6,,236,291,0.5 %,0.6 %,3,2.2,2,0,1,5,2,0,1,5,1,0,2,4,0.7,,2,5,1.7,,0.4,5.4,-2450,0,-2.4 %,0.0 %,-2450,0,-2.4 %,0.0 %,-918,0,-0.9 %,0.0 %,40.0 %,100.0 %,40.0 %,100.0 %,40.0 %,100.0 %,1433,291,-561,0,66.7 %,100.0 %
EMLC,9d RSI EMLC LT26 - L EMLC,-9.5 %,3.4 %,-4737,1699,13.5 %,5.6 %,-69.9 %,61.2 %,-10.4 %,-0.1 %,3,5,0.2,0.4,33.3 %,100.0 %,0.2,,-1579,336,-3.2 %,0.7 %,6,1.8,2,0,1,5,2,0,1,5,1,0,1,3,0.5,,1,5,0.1,,-1.1,5.2,-10505,0,-10.5 %,0.0 %,-10505,0,-10.5 %,0.0 %,-10505,0,-10.5 %,0.0 %,33.3 %,100.0 %,33.3 %,100.0 %,33.3 %,100.0 %,515,336,-2626,0,50.0 %,100.0 %
EMLP,19d RSI EMLP LT41 - L EMLP,-12.3 %,11.6 %,-6139,5793,28.9 %,11.5 %,-42.4 %,100.7 %,-31.8 %,-1.6 %,12,10,1,0.8,75.0 %,100.0 %,0.2,,-512,553,-1.0 %,1.1 %,2.8,1.9,1,0,6,10,1,0,6,8,1,0,3,5,3,,9,10,0.7,,-0.4,4.4,-31907,0,-31.9 %,0.0 %,-26907,0,-26.9 %,0.0 %,-23563,0,-23.6 %,0.0 %,75.0 %,100.0 %,75.0 %,100.0 %,87.5 %,100.0 %,1365,553,-6141,0,75.0 %,100.0 %
EMXC,20d RSI EMXC LT34 - L EMXC,-12.8 %,4.3 %,-6389,2147,100.0 %,6.8 %,-12.8 %,63.6 %,-18.1 %,-3.2 %,4,7,0.3,0.6,25.0 %,85.7 %,1.1,0.6,-1597,304,-3.2 %,0.6 %,4.2,1.4,3,1,1,4,3,1,1,2,1,0,0,2,0.3,6,1,6,0.4,3.3,-0.8,1.5,-20258,-910,-20.3 %,-1.8 %,-20258,-133,-20.3 %,-0.3 %,-12779,0,-12.8 %,0.0 %,25.0 %,85.7 %,25.0 %,85.7 %,25.0 %,80.0 %,3740,506,-3376,-910,0.0 %,100.0 %
EPHE,17d RSI EPHE LT36 - L EPHE,-10.1 %,9.6 %,-5065,4809,65.2 %,7.9 %,-15.5 %,121.2 %,-18.9 %,-2.3 %,6,6,0.5,0.5,33.3 %,100.0 %,1,,-844,773,-1.7 %,1.6 %,4,2.3,4,0,1,6,3,0,1,6,2,0,1,3,0.5,,2,6,0.5,,-0.8,4.8,-19363,0,-19.4 %,0.0 %,-19363,0,-19.4 %,0.0 %,-12383,0,-12.4 %,0.0 %,33.3 %,100.0 %,33.3 %,100.0 %,40.0 %,100.0 %,2308,773,-2420,0,33.3 %,100.0 %
EPI,15d RSI EPI LT30 - L EPI,-15.8 %,4.8 %,-7914,2401,100.0 %,6.8 %,-15.8 %,71.2 %,-12.5 %,-6.0 %,5,6,0.4,0.5,20.0 %,83.3 %,1.2,0.4,-1583,406,-3.2 %,0.8 %,2.8,1.8,3,1,1,3,2,1,1,2,1,0,0,3,0.2,5,1,5,0.3,2.2,-1.4,0.9,-14568,-2057,-14.6 %,-4.1 %,-14568,-764,-14.6 %,-1.5 %,-15828,0,-15.8 %,0.0 %,20.0 %,83.3 %,20.0 %,83.3 %,25.0 %,80.0 %,3329,898,-2811,-2057,0.0 %,100.0 %
EPOL,18d RSI EPOL LT29 - L EPOL,-18.2 %,5.1 %,-9119,2551,12.2 %,5.6 %,-150.1 %,91.8 %,-16.0 %,-1.0 %,4,4,0.3,0.3,50.0 %,100.0 %,0.1,,-2280,626,-4.6 %,1.2 %,4.5,2.5,2,0,2,4,2,0,2,4,1,0,1,2,1,,2,4,0.1,,-1.4,14.6,-20314,0,-20.3 %,0.0 %,-20314,0,-20.3 %,0.0 %,-19085,0,-19.1 %,0.0 %,50.0 %,100.0 %,50.0 %,100.0 %,50.0 %,100.0 %,519,626,-5079,0,50.0 %,100.0 %
EPP,20d RSI EPP LT38 - L EPP,-0.4 %,5.9 %,-214,2944,65.8 %,6.8 %,-0.7 %,87.3 %,-10.3 %,-1.7 %,6,5,0.5,0.4,50.0 %,80.0 %,1,7.3,-36,577,-0.1 %,1.1 %,3.2,2.4,3,1,2,3,2,0,2,4,1,0,1,2,1,4,3,4,1,29.4,0,3.2,-10560,-102,-10.6 %,-0.2 %,-10560,0,-10.6 %,0.0 %,-2476,0,-2.5 %,0.0 %,50.0 %,80.0 %,50.0 %,80.0 %,60.0 %,100.0 %,1689,747,-1760,-102,50.0 %,100.0 %
EPU,18d RSI EPU LT26 - L EPU,-3.6 %,5.9 %,-1783,2945,75.0 %,6.8 %,-4.8 %,87.3 %,-8.4 %,-1.1 %,3,5,0.2,0.4,66.7 %,80.0 %,0.3,13.2,-594,577,-1.2 %,1.1 %,4,2.4,1,1,2,3,1,1,2,3,1,0,0,2,2,4,2,4,0.6,53,-0.4,3.1,-8865,-56,-8.9 %,-0.1 %,-8865,-56,-8.9 %,-0.1 %,-3566,0,-3.6 %,0.0 %,66.7 %,80.0 %,66.7 %,80.0 %,66.7 %,80.0 %,1325,736,-4433,-56,0.0 %,100.0 %
EQWL,17d RSI EQWL LT40 - L EQWL,-9.7 %,6.5 %,-4849,3269,18.8 %,7.1 %,-51.6 %,91.5 %,-19.0 %,-1.9 %,9,6,0.8,0.5,66.7 %,83.3 %,0.3,1.1,-539,534,-1.1 %,1.1 %,2.8,2,3,1,6,3,3,1,5,3,1,1,4,2,2,5,6,5,0.6,5.5,-0.5,2.2,-24801,-705,-24.8 %,-1.4 %,-24801,-705,-24.8 %,-1.4 %,-16466,-705,-16.5 %,-1.4 %,66.7 %,83.3 %,66.7 %,83.3 %,62.5 %,83.3 %,1259,782,-4134,-705,80.0 %,80.0 %
ERX,5d RSI ERX LT10 - L ERX,-87.9 %,21.1 %,-43938,10528,58.1 %,5.6 %,-151.1 %,379.0 %,-85.9 %,-6.3 %,3,4,0.2,0.3,0.0 %,100.0 %,0,,-14646,2463,-29.3 %,4.9 %,7.3,2.5,3,0,0,4,3,0,0,4,2,0,0,4,0,,0,4,0,,-1.9,3.7,-87877,0,-87.9 %,0.0 %,-87877,0,-87.9 %,0.0 %,-87877,0,-87.9 %,0.0 %,0.0 %,100.0 %,0.0 %,100.0 %,0.0 %,100.0 %,0,2463,-14646,0,0.0 %,100.0 %
ERY,6d RSI ERY LT21 - L ERY,0.8 %,20.5 %,411,10269,13.1 %,5.2 %,6.3 %,398.1 %,-14.1 %,-3.8 %,4,5,0.3,0.4,50.0 %,100.0 %,1,,103,1912,0.2 %,3.8 %,3.8,1.6,1,0,1,5,1,0,1,5,2,0,1,4,1,,2,5,1,,0,4.5,-16430,0,-16.4 %,0.0 %,-16430,0,-16.4 %,0.0 %,-16596,0,-16.6 %,0.0 %,50.0 %,100.0 %,50.0 %,100.0 %,50.0 %,100.0 %,4842,1912,-4636,0,33.3 %,100.0 %
ESGD,18d RSI ESGD LT41 - L ESGD,11.9 %,8.7 %,5930,4360,17.8 %,9.9 %,66.8 %,87.9 %,-12.3 %,-2.6 %,10,9,0.8,0.8,70.0 %,77.8 %,0.8,2.3,593,470,1.2 %,0.9 %,2.5,1.8,2,2,5,5,2,1,4,5,0,0,4,4,2.3,3.5,7,7,1.8,8.1,0.8,2.6,-11559,-595,-11.6 %,-1.2 %,-12510,-528,-12.5 %,-1.1 %,0,0,0.0 %,0.0 %,70.0 %,77.8 %,70.0 %,77.8 %,71.4 %,87.5 %,1940,689,-2549,-298,100.0 %,100.0 %
ESGE,20d RSI ESGE LT34 - L ESGE,3.8 %,4.8 %,1886,2417,77.8 %,5.6 %,4.8 %,87.0 %,-10.1 %,-4.2 %,5,5,0.4,0.4,80.0 %,80.0 %,0.3,2.1,377,476,0.8 %,0.9 %,1.8,1.8,1,1,2,2,1,1,2,2,0,0,1,2,4,4,4,4,1.4,8.3,0.3,2.6,-10735,-328,-10.7 %,-0.7 %,-8742,-328,-8.7 %,-0.7 %,0,0,0.0 %,0.0 %,80.0 %,80.0 %,80.0 %,80.0 %,75.0 %,75.0 %,1813,677,-5367,-328,100.0 %,100.0 %
ESGU,16d RSI ESGU LT39 - L ESGU,-0.3 %,10.2 %,-158,5116,13.8 %,7.1 %,-2.3 %,143.2 %,-8.5 %,-2.0 %,5,6,0.4,0.5,60.0 %,100.0 %,0.6,,-32,821,-0.1 %,1.6 %,4,2,1,0,2,6,1,0,2,6,1,0,1,5,1.5,,3,6,1,,0,3.8,-8766,0,-8.8 %,0.0 %,-8766,0,-8.8 %,0.0 %,-3082,0,-3.1 %,0.0 %,60.0 %,100.0 %,60.0 %,100.0 %,75.0 %,100.0 %,1634,821,-2530,0,50.0 %,100.0 %
EUFN,3d RSI EUFN LT12 - L EUFN,-19.8 %,0.2 %,-9895,115,16.4 %,7.9 %,-120.5 %,2.9 %,-23.6 %,-5.3 %,6,5,0.5,0.4,50.0 %,80.0 %,0.2,0.3,-1649,31,-3.3 %,0.1 %,4.5,3,2,1,1,3,2,1,1,3,1,1,1,2,1,4,3,4,0.2,1.1,-1.3,0.1,-21541,-1773,-21.5 %,-3.5 %,-21541,-1773,-21.5 %,-3.5 %,-21541,-1773,-21.5 %,-3.5 %,50.0 %,80.0 %,50.0 %,80.0 %,50.0 %,80.0 %,964,482,-4262,-1773,60.0 %,75.0 %
EWA,21d RSI EWA LT47 - L EWA,37.3 %,12.2 %,18651,6078,32.5 %,14.7 %,114.8 %,82.8 %,-13.4 %,-2.2 %,19,11,1.6,0.9,78.9 %,100.0 %,1,,982,526,2.0 %,1.1 %,2.4,2.4,3,0,7,11,2,0,11,10,0,0,7,5,3.8,,15,11,3.7,,2.3,3.9,-13693,0,-13.7 %,0.0 %,-13693,0,-13.7 %,0.0 %,0,0,0.0 %,0.0 %,78.9 %,100.0 %,78.9 %,100.0 %,85.7 %,100.0 %,1708,526,-1741,0,100.0 %,100.0 %
EWC,17d RSI EWC LT39 - L EWC,-15.7 %,5.5 %,-7851,2727,18.9 %,7.1 %,-83.1 %,76.4 %,-20.0 %,-2.5 %,6,7,0.5,0.6,50.0 %,85.7 %,0.3,1.3,-1308,383,-2.6 %,0.8 %,4.7,1.6,3,1,3,3,3,1,3,3,1,0,2,5,1,6,3,6,0.3,7.6,-0.8,2.1,-23090,-409,-23.1 %,-0.8 %,-23090,-409,-23.1 %,-0.8 %,-19434,0,-19.4 %,0.0 %,50.0 %,85.7 %,50.0 %,85.7 %,50.0 %,85.7 %,1231,515,-3848,-409,66.7 %,100.0 %
EWD,20d RSI EWD LT37 - L EWD,2.4 %,3.9 %,1182,1940,85.7 %,6.0 %,2.8 %,65.2 %,-9.1 %,-3.0 %,5,6,0.4,0.5,40.0 %,83.3 %,1.9,0.6,236,322,0.5 %,0.6 %,2.6,1.5,3,1,2,4,2,1,2,2,0,0,1,2,0.7,5,2,5,1.2,3.1,0.2,1.3,-10032,-901,-10.0 %,-1.8 %,-10032,-302,-10.0 %,-0.6 %,0,0,0.0 %,0.0 %,40.0 %,83.3 %,40.0 %,83.3 %,50.0 %,75.0 %,3099,566,-1672,-901,100.0 %,100.0 %
EWG,4d RSI EWG LT18 - L EWG,-19.3 %,5.5 %,-9666,2774,17.4 %,6.8 %,-111.0 %,82.2 %,-21.5 %,-2.6 %,6,6,0.5,0.5,50.0 %,83.3 %,0.2,1.2,-1611,455,-3.2 %,0.9 %,4.8,1.8,2,1,2,3,2,1,2,3,1,0,2,5,1,5,3,5,0.2,5.8,-1.5,2.2,-17926,-568,-17.9 %,-1.1 %,-17926,-568,-17.9 %,-1.1 %,-17926,0,-17.9 %,0.0 %,50.0 %,83.3 %,50.0 %,83.3 %,50.0 %,83.3 %,616,659,-3838,-568,60.0 %,100.0 %
EWH,17d RSI EWH LT35 - L EWH,18.9 %,1.4 %,9457,682,19.7 %,6.3 %,96.0 %,21.5 %,-2.8 %,-6.0 %,7,5,0.6,0.4,85.7 %,60.0 %,1.2,0.9,1351,148,2.7 %,0.3 %,2.9,2.2,1,2,3,2,0,1,6,2,0,1,4,1,6,1.5,6,3,7.5,1.3,1.8,0.3,-2928,-2329,-2.9 %,-4.7 %,0,-1140,0.0 %,-2.3 %,0,-1082,0.0 %,-2.2 %,85.7 %,60.0 %,85.7 %,60.0 %,100.0 %,75.0 %,1820,1022,-1464,-1165,100.0 %,66.7 %
EWI,16d RSI EWI LT35 - L EWI,-23.1 %,3.6 %,-11547,1824,16.1 %,5.6 %,-143.3 %,65.7 %,0.0 %,-1.8 %,3,5,0.2,0.4,66.7 %,80.0 %,0.1,2.4,-3849,361,-7.7 %,0.7 %,8.7,1.8,1,1,2,3,1,0,2,4,1,0,2,3,2,4,2,4,0.1,9.6,-1,2,-26938,-210,-26.9 %,-0.4 %,-26938,0,-26.9 %,0.0 %,-26938,0,-26.9 %,0.0 %,66.7 %,80.0 %,66.7 %,80.0 %,66.7 %,100.0 %,961,504,-13469,-210,66.7 %,100.0 %
EWJ,21d RSI EWJ LT43 - L EWJ,0.5 %,14.3 %,259,7170,70.6 %,9.5 %,0.7 %,150.6 %,-16.4 %,-1.0 %,9,11,0.8,0.9,66.7 %,100.0 %,0.5,,29,614,0.1 %,1.2 %,3,1.2,2,0,3,11,3,0,2,9,1,0,2,4,2,,6,11,1,,0,5.1,-11927,0,-11.9 %,0.0 %,-16658,0,-16.7 %,0.0 %,-5880,0,-5.9 %,0.0 %,66.7 %,100.0 %,66.7 %,100.0 %,57.1 %,100.0 %,1609,614,-3132,0,75.0 %,100.0 %
EWL,15d RSI EWL LT43 - L EWL,7.4 %,7.8 %,3678,3920,17.1 %,6.0 %,42.9 %,131.7 %,-7.7 %,-0.5 %,9,6,0.8,0.5,55.6 %,100.0 %,1.2,,409,634,0.8 %,1.3 %,2.4,1.5,2,0,4,6,1,0,3,6,1,0,2,4,1.2,,5,6,1.5,,0.6,4.7,-7698,0,-7.7 %,0.0 %,-7698,0,-7.7 %,0.0 %,-2239,0,-2.2 %,0.0 %,55.6 %,100.0 %,55.6 %,100.0 %,66.7 %,100.0 %,2088,634,-1691,0,66.7 %,100.0 %
EWM,21d RSI EWM LT36 - L EWM,-10.6 %,4.6 %,-5289,2286,18.0 %,10.3 %,-58.7 %,44.3 %,-19.0 %,-2.5 %,8,8,0.7,0.7,62.5 %,87.5 %,0.3,0.8,-661,281,-1.3 %,0.6 %,2.6,2.2,2,1,3,5,2,0,2,7,2,0,1,4,1.7,7,5,7,0.5,5.8,-0.8,2.4,-15310,-468,-15.3 %,-0.9 %,-14123,0,-14.1 %,0.0 %,-12623,0,-12.6 %,0.0 %,62.5 %,87.5 %,62.5 %,87.5 %,57.1 %,100.0 %,875,388,-3221,-468,33.3 %,100.0 %
EWP,3d RSI EWP LT14 - L EWP,-5.2 %,4.9 %,-2610,2465,13.0 %,12.3 %,-40.1 %,40.1 %,-13.9 %,-3.0 %,8,9,0.7,0.8,62.5 %,77.8 %,0.4,1,-326,270,-0.7 %,0.5 %,2.9,2.4,2,1,2,5,2,1,2,5,1,1,2,7,1.7,3.5,5,7,0.6,3.3,-0.4,1.7,-14101,-756,-14.1 %,-1.5 %,-14101,-756,-14.1 %,-1.5 %,-14101,-283,-14.1 %,-0.6 %,62.5 %,77.8 %,62.5 %,77.8 %,62.5 %,77.8 %,915,496,-2395,-519,66.7 %,87.5 %
EWQ,20d RSI EWQ LT42 - L EWQ,-6.1 %,9.1 %,-3038,4560,22.9 %,7.9 %,-26.5 %,114.9 %,-19.4 %,-2.7 %,11,8,0.9,0.7,54.5 %,87.5 %,0.6,2.7,-276,550,-0.6 %,1.1 %,3.2,1.5,2,1,2,4,3,1,2,4,2,0,2,5,1.2,7,6,7,0.8,19,-0.3,3.6,-19797,-244,-19.8 %,-0.5 %,-19970,-244,-20.0 %,-0.5 %,-7371,0,-7.4 %,0.0 %,54.5 %,87.5 %,54.5 %,87.5 %,44.4 %,85.7 %,1750,664,-2708,-244,50.0 %,100.0 %
EWS,20d RSI EWS LT37 - L EWS,-0.4 %,6.0 %,-176,2977,18.9 %,9.1 %,-1.9 %,65.2 %,-16.0 %,-1.4 %,11,7,0.9,0.6,63.6 %,85.7 %,0.6,4.2,-16,416,-0.0 %,0.8 %,2.5,2.3,4,1,4,5,3,0,3,5,1,0,2,3,1.8,6,7,6,1,25.5,0,4,-16446,-119,-16.4 %,-0.2 %,-12323,0,-12.3 %,0.0 %,-12323,0,-12.3 %,0.0 %,63.6 %,85.7 %,63.6 %,85.7 %,66.7 %,100.0 %,1149,505,-2056,-119,80.0 %,100.0 %
EWT,13d RSI EWT LT30 - L EWT,5.6 %,2.6 %,2796,1316,25.0 %,5.6 %,22.4 %,47.4 %,-1.0 %,-3.6 %,3,4,0.2,0.3,66.7 %,75.0 %,3.1,1.1,932,330,1.9 %,0.7 %,2,2.5,1,1,2,3,1,1,2,2,0,0,2,2,2,3,2,3,6.2,3.3,1.2,1,-1074,-578,-1.1 %,-1.2 %,-1074,-386,-1.1 %,-0.8 %,0,0,0.0 %,0.0 %,66.7 %,75.0 %,66.7 %,75.0 %,66.7 %,66.7 %,1667,632,-537,-578,100.0 %,100.0 %
EWU,3d RSI EWU LT18 - L EWU,11.5 %,4.9 %,5762,2469,20.4 %,11.9 %,56.5 %,41.5 %,-10.1 %,-4.7 %,13,10,1.1,0.8,84.6 %,80.0 %,0.3,0.7,443,245,0.9 %,0.5 %,2.2,2,1,1,8,4,2,1,8,4,1,1,6,3,5.5,4,11,8,1.8,2.7,0.9,1.3,-8361,-1308,-8.4 %,-2.6 %,-10229,-1308,-10.2 %,-2.6 %,-5905,-1308,-5.9 %,-2.6 %,84.6 %,80.0 %,84.6 %,80.0 %,83.3 %,80.0 %,1172,482,-3567,-703,88.9 %,75.0 %
EWW,9d RSI EWW LT25 - L EWW,-2.5 %,7.1 %,-1227,3547,81.0 %,5.2 %,-3.0 %,137.5 %,-4.7 %,-1.5 %,4,4,0.3,0.3,25.0 %,100.0 %,1.9,,-307,865,-0.6 %,1.7 %,3.2,2.2,2,0,1,4,1,0,1,4,1,0,0,3,0.3,,1,4,0.6,,-0.4,7.7,-4814,0,-4.8 %,0.0 %,-1977,0,-2.0 %,0.0 %,-2453,0,-2.5 %,0.0 %,25.0 %,100.0 %,25.0 %,100.0 %,33.3 %,100.0 %,2169,865,-1132,0,0.0 %,100.0 %
EWY,20d RSI EWY LT30 - L EWY,19.0 %,7.0 %,9479,3475,77.8 %,6.0 %,24.4 %,116.8 %,-0.2 %,-2.1 %,3,5,0.2,0.4,66.7 %,100.0 %,43.5,,3160,677,6.3 %,1.4 %,1.3,2,1,0,1,5,1,0,1,4,0,0,1,2,2,,2,5,87.1,,2.1,5.8,-220,0,-0.2 %,0.0 %,-220,0,-0.2 %,0.0 %,0,0,0.0 %,0.0 %,66.7 %,100.0 %,66.7 %,100.0 %,66.7 %,100.0 %,4794,677,-110,0,100.0 %,100.0 %
EWZ,8d RSI EWZ LT28 - L EWZ,-16.4 %,22.8 %,-8203,11398,22.0 %,7.1 %,-74.6 %,319.2 %,-17.2 %,-2.5 %,7,6,0.6,0.5,42.9 %,100.0 %,0.2,,-1172,1743,-2.3 %,3.5 %,4.7,2,4,0,3,6,3,0,3,5,1,0,3,3,0.8,,3,6,0.1,,-1.6,9.5,-19100,0,-19.1 %,0.0 %,-19100,0,-19.1 %,0.0 %,-19100,0,-19.1 %,0.0 %,42.9 %,100.0 %,42.9 %,100.0 %,50.0 %,100.0 %,449,1743,-2388,0,75.0 %,100.0 %
EWZS,6d RSI EWZS LT26 - L EWZS,-10.4 %,21.7 %,-5216,10834,23.4 %,9.5 %,-44.5 %,227.5 %,-27.8 %,-3.1 %,9,8,0.8,0.7,44.4 %,100.0 %,0.8,,-580,1243,-1.2 %,2.5 %,4,2,4,0,2,8,3,0,2,7,1,0,2,4,0.8,,4,8,0.7,,-0.6,8.4,-28722,0,-28.7 %,0.0 %,-28722,0,-28.7 %,0.0 %,-28722,0,-28.7 %,0.0 %,44.4 %,100.0 %,44.4 %,100.0 %,50.0 %,100.0 %,2439,1243,-2994,0,66.7 %,100.0 %
EZA,19d RSI EZA LT32 - L EZA,-23.2 %,8.2 %,-11593,4110,78.9 %,5.2 %,-29.4 %,159.3 %,-24.6 %,-1.7 %,2,5,0.2,0.4,50.0 %,80.0 %,0.1,,-5796,800,-11.6 %,1.6 %,6.5,1.6,1,1,1,2,1,0,1,4,1,0,0,2,1,4,1,4,0.1,,-1.2,3,-25101,0,-25.1 %,0.0 %,-25101,0,-25.1 %,0.0 %,-23185,0,-23.2 %,0.0 %,50.0 %,80.0 %,50.0 %,80.0 %,50.0 %,100.0 %,958,1000,-12550,0,0.0 %,100.0 %
EZU,19d RSI EZU LT41 - L EZU,-0.5 %,11.6 %,-225,5787,22.4 %,11.1 %,-2.0 %,104.2 %,-18.8 %,-2.5 %,10,10,0.8,0.8,70.0 %,90.0 %,0.4,1.6,-23,553,-0.0 %,1.1 %,3.5,1.8,1,1,4,5,2,1,3,4,1,0,2,5,2.3,9,7,9,1,14.7,0,3.4,-19114,-403,-19.1 %,-0.8 %,-19439,-403,-19.4 %,-0.8 %,-4425,0,-4.4 %,0.0 %,70.0 %,90.0 %,70.0 %,90.0 %,62.5 %,88.9 %,1792,660,-4256,-403,66.7 %,100.0 %
FALN,21d RSI FALN LT46 - L FALN,-18.8 %,3.3 %,-9388,1638,22.6 %,7.1 %,-83.2 %,45.9 %,-22.1 %,-1.1 %,5,5,0.4,0.4,60.0 %,100.0 %,0.1,,-1878,324,-3.8 %,0.7 %,6,2.6,2,0,3,5,2,0,3,4,1,0,2,4,1.5,,3,5,0.2,,-0.9,2.3,-22422,0,-22.4 %,0.0 %,-22422,0,-22.4 %,0.0 %,-22422,0,-22.4 %,0.0 %,60.0 %,100.0 %,60.0 %,100.0 %,60.0 %,100.0 %,608,324,-5605,0,66.7 %,100.0 %
FAS,20d RSI FAS LT46 - L FAS,5.7 %,82.7 %,2847,41332,48.1 %,14.7 %,11.8 %,563.0 %,-75.7 %,-7.0 %,18,12,1.5,1,61.1 %,100.0 %,0.7,,158,2588,0.3 %,5.2 %,3.7,2.1,4,0,7,12,3,0,8,11,1,0,6,6,1.6,,11,12,1.1,,0.1,7.4,-80223,0,-80.2 %,0.0 %,-62088,0,-62.1 %,0.0 %,-62088,0,-62.1 %,0.0 %,61.1 %,100.0 %,61.1 %,100.0 %,69.2 %,100.0 %,4946,2588,-7365,0,85.7 %,100.0 %
FAZ,12d RSI FAZ LT27 - L FAZ,8.1 %,12.7 %,4055,6343,6.3 %,6.0 %,128.8 %,213.1 %,0.0 %,-2.7 %,2,4,0.2,0.3,50.0 %,100.0 %,30.6,,2028,1520,4.1 %,3.0 %,2.5,2.8,1,0,1,4,1,0,1,4,1,0,1,4,1,,1,4,30.6,,1.3,4.5,-274,0,-0.3 %,0.0 %,-274,0,-0.3 %,0.0 %,-274,0,-0.3 %,0.0 %,50.0 %,100.0 %,50.0 %,100.0 %,50.0 %,100.0 %,4192,1520,-137,0,50.0 %,100.0 %
FBND,21d RSI FBND LT53 - L FBND,-2.5 %,1.0 %,-1227,482,29.5 %,13.5 %,-8.3 %,7.2 %,-0.4 %,-0.6 %,14,8,1.2,0.7,64.3 %,62.5 %,0.4,2.3,-88,60,-0.2 %,0.1 %,2.7,3.2,2,1,5,3,2,1,6,4,1,0,1,4,1.8,1.7,9,5,0.7,3.8,-0.3,1.5,-363,-111,-0.4 %,-0.2 %,-363,0,-0.4 %,0.0 %,-4441,0,-4.4 %,0.0 %,64.3 %,62.5 %,64.3 %,62.5 %,70.0 %,83.3 %,309,131,-802,-58,40.0 %,100.0 %
FBT,15d RSI FBT LT33 - L FBT,11.8 %,7.3 %,5900,3629,100.0 %,5.2 %,11.8 %,140.7 %,0.0 %,-2.4 %,2,4,0.2,0.3,100.0 %,100.0 %,,,2950,884,5.9 %,1.8 %,3.5,2.2,0,0,2,4,0,0,2,4,0,0,1,3,,,2,4,,,270.7,7.3,0,0,0.0 %,0.0 %,0,0,0.0 %,0.0 %,0,0,0.0 %,0.0 %,100.0 %,100.0 %,100.0 %,100.0 %,100.0 %,100.0 %,2950,884,0,0,100.0 %,100.0 %
FCG,7d RSI FCG LT19 - L FCG,-48.5 %,15.3 %,-24240,7674,16.6 %,6.0 %,-292.6 %,257.9 %,-44.9 %,-2.7 %,4,5,0.3,0.4,0.0 %,100.0 %,0,,-6060,1451,-12.1 %,2.9 %,6,2,4,0,0,5,4,0,0,5,3,0,0,5,0,,0,5,0,,-2.1,6.8,-48480,0,-48.5 %,0.0 %,-48480,0,-48.5 %,0.0 %,-48480,0,-48.5 %,0.0 %,0.0 %,100.0 %,0.0 %,100.0 %,0.0 %,100.0 %,0,1451,-6060,0,0.0 %,100.0 %
FCOM,19d RSI FCOM LT43 - L FCOM,19.0 %,15.8 %,9478,7898,22.1 %,11.1 %,85.9 %,142.2 %,-5.9 %,-3.3 %,10,9,0.8,0.8,70.0 %,88.9 %,1.5,2.9,948,825,1.9 %,1.6 %,2.4,2.1,3,1,7,6,2,0,5,8,0,0,3,5,2.3,8,7,8,3.6,23.3,1.8,3.9,-7290,-333,-7.3 %,-0.7 %,-7290,0,-7.3 %,0.0 %,0,0,0.0 %,0.0 %,70.0 %,88.9 %,70.0 %,88.9 %,71.4 %,100.0 %,1875,970,-1215,-333,100.0 %,100.0 %
FDD,18d RSI FDD LT37 - L FDD,-14.5 %,6.1 %,-7261,3031,19.0 %,7.1 %,-76.5 %,84.9 %,-27.0 %,-0.8 %,7,6,0.6,0.5,71.4 %,100.0 %,0.2,,-1037,493,-2.1 %,1.0 %,3.9,2,1,0,4,6,1,0,4,5,1,0,3,3,2.5,,5,6,0.5,,-0.5,7.1,-27164,0,-27.2 %,0.0 %,-27164,0,-27.2 %,0.0 %,-19266,0,-19.3 %,0.0 %,71.4 %,100.0 %,71.4 %,100.0 %,83.3 %,100.0 %,1580,493,-7581,0,75.0 %,100.0 %
FDIS,21d RSI FDIS LT41 - L FDIS,-3.3 %,4.5 %,-1634,2250,90.0 %,5.2 %,-3.6 %,87.2 %,-21.3 %,-3.3 %,6,4,0.5,0.3,50.0 %,75.0 %,0.9,7.1,-272,555,-0.5 %,1.1 %,3.5,2.2,3,1,3,3,3,1,2,2,1,1,1,1,1,3,3,3,0.9,21.2,-0.2,2.5,-23474,-110,-23.5 %,-0.2 %,-23474,-110,-23.5 %,-0.2 %,-9609,-110,-9.6 %,-0.2 %,50.0 %,75.0 %,50.0 %,75.0 %,40.0 %,66.7 %,3368,777,-3912,-110,50.0 %,50.0 %
FDL,17d RSI FDL LT40 - L FDL,-5.2 %,8.8 %,-2577,4401,20.9 %,7.1 %,-24.7 %,123.2 %,-22.6 %,-2.0 %,9,6,0.8,0.5,66.7 %,83.3 %,0.4,2.7,-286,711,-0.6 %,1.4 %,3.7,2,3,1,4,4,2,1,4,3,1,1,3,1,2,5,6,5,0.8,13.5,-0.3,3.4,-22962,-342,-23.0 %,-0.7 %,-19607,-342,-19.6 %,-0.7 %,-16291,-342,-16.3 %,-0.7 %,66.7 %,83.3 %,66.7 %,83.3 %,75.0 %,80.0 %,1484,921,-3827,-342,83.3 %,66.7 %
FDN,15d RSI FDN LT35 - L FDN,0.1 %,15.2 %,47,7573,100.0 %,6.8 %,0.1 %,224.5 %,-6.0 %,-2.1 %,4,6,0.3,0.5,25.0 %,100.0 %,3,,12,1192,0.0 %,2.4 %,3.2,1.8,3,0,1,6,2,0,1,5,0,0,1,4,0.3,,1,6,1,,0,5.9,-6380,0,-6.4 %,0.0 %,-6380,0,-6.4 %,0.0 %,0,0,0.0 %,0.0 %,25.0 %,100.0 %,25.0 %,100.0 %,33.3 %,100.0 %,3236,1192,-1063,0,100.0 %,100.0 %
FDT,21d RSI FDT LT37 - L FDT,-4.0 %,11.6 %,-2004,5798,16.8 %,7.5 %,-23.9 %,153.8 %,-18.6 %,-1.1 %,8,8,0.7,0.7,75.0 %,100.0 %,0.3,,-251,693,-0.5 %,1.4 %,3.1,1.4,1,0,4,8,2,0,3,7,1,0,2,4,3,,6,8,0.8,,-0.2,3.8,-17641,0,-17.6 %,0.0 %,-19029,0,-19.0 %,0.0 %,-9425,0,-9.4 %,0.0 %,75.0 %,100.0 %,75.0 %,100.0 %,66.7 %,100.0 %,1465,693,-5396,0,75.0 %,100.0 %
FDVV,19d RSI FDVV LT44 - L FDVV,-12.0 %,11.8 %,-6004,5914,22.7 %,13.9 %,-53.0 %,85.2 %,-17.8 %,-2.2 %,8,13,0.7,1.1,25.0 %,92.3 %,1.6,0.8,-751,434,-1.5 %,0.9 %,4.1,1.7,3,1,1,6,2,1,1,4,2,1,1,2,0.3,12,2,12,0.5,10.1,-0.7,3.4,-22365,-617,-22.4 %,-1.2 %,-20458,-441,-20.5 %,-0.9 %,-1736,-441,-1.7 %,-0.9 %,25.0 %,92.3 %,25.0 %,92.3 %,28.6 %,88.9 %,3332,522,-2111,-617,25.0 %,80.0 %
FEMB,17d RSI FEMB LT40 - L FEMB,-15.8 %,4.4 %,-7883,2196,25.5 %,11.9 %,-61.9 %,36.9 %,-20.4 %,-0.9 %,8,7,0.7,0.6,62.5 %,100.0 %,0.1,,-985,308,-2.0 %,0.6 %,4.1,3.3,2,0,3,7,2,0,2,7,1,0,3,4,1.7,,5,7,0.2,,-0.9,6.4,-20465,0,-20.5 %,0.0 %,-19031,0,-19.0 %,0.0 %,-19031,0,-19.0 %,0.0 %,62.5 %,100.0 %,62.5 %,100.0 %,60.0 %,100.0 %,501,308,-3462,0,80.0 %,100.0 %
FENY,5d RSI FENY LT10 - L FENY,-11.7 %,6.8 %,-5840,3416,52.6 %,5.6 %,-22.2 %,123.0 %,-7.5 %,-2.2 %,3,4,0.2,0.3,0.0 %,100.0 %,0,,-1947,834,-3.9 %,1.7 %,5.7,2.5,3,0,0,4,3,0,0,4,2,0,0,4,0,,0,4,0,,-4,4.5,-11681,0,-11.7 %,0.0 %,-11681,0,-11.7 %,0.0 %,-11681,0,-11.7 %,0.0 %,0.0 %,100.0 %,0.0 %,100.0 %,0.0 %,100.0 %,0,834,-1947,0,0.0 %,100.0 %
FEZ,20d RSI FEZ LT42 - L FEZ,4.7 %,8.8 %,2366,4403,22.9 %,10.3 %,20.7 %,85.4 %,-19.0 %,-3.6 %,11,8,0.9,0.7,72.7 %,75.0 %,0.4,1.7,215,536,0.4 %,1.1 %,3.2,2.2,1,2,5,4,2,1,4,4,1,0,5,4,2.7,3,8,6,1.2,5.2,0.2,2,-19274,-1016,-19.3 %,-2.0 %,-19639,-967,-19.6 %,-1.9 %,-4149,0,-4.1 %,0.0 %,72.7 %,75.0 %,72.7 %,75.0 %,66.7 %,85.7 %,2010,884,-4571,-508,83.3 %,100.0 %
FFTY,16d RSI FFTY LT37 - L FFTY,17.4 %,15.1 %,8681,7569,90.9 %,5.6 %,19.1 %,272.5 %,-2.7 %,-1.1 %,6,6,0.5,0.5,66.7 %,100.0 %,1.9,,1447,1190,2.9 %,2.4 %,2.3,1.3,1,0,2,6,0,0,4,6,0,0,1,6,2,,4,6,3.8,,1.6,6.8,-3287,0,-3.3 %,0.0 %,0,0,0.0 %,0.0 %,0,0,0.0 %,0.0 %,66.7 %,100.0 %,66.7 %,100.0 %,100.0 %,100.0 %,2944,1190,-1547,0,100.0 %,100.0 %
FGD,21d RSI FGD LT39 - L FGD,-17.8 %,7.0 %,-8878,3493,22.4 %,9.9 %,-79.1 %,70.4 %,-21.6 %,-3.2 %,6,8,0.5,0.7,50.0 %,87.5 %,0.3,0.8,-1480,426,-3.0 %,0.8 %,4.8,2.1,3,1,3,4,2,1,3,3,1,0,2,3,1,7,3,7,0.3,5.9,-0.9,2.5,-27091,-697,-27.1 %,-1.4 %,-26712,-697,-26.7 %,-1.4 %,-20937,0,-20.9 %,0.0 %,50.0 %,87.5 %,50.0 %,87.5 %,60.0 %,85.7 %,1556,587,-4515,-697,66.7 %,100.0 %
FHLC,14d RSI FHLC LT40 - L FHLC,9.9 %,14.9 %,4956,7454,16.2 %,14.3 %,61.0 %,104.4 %,-3.2 %,-4.5 %,9,10,0.8,0.8,77.8 %,90.0 %,0.8,1.4,551,702,1.1 %,1.4 %,2.6,2.6,1,1,4,8,0,1,7,7,0,1,4,4,3.5,9,7,9,2.8,12.9,1.3,4.2,-3301,-592,-3.3 %,-1.2 %,0,-57,0.0 %,-0.1 %,0,-57,0.0 %,-0.1 %,77.8 %,90.0 %,77.8 %,90.0 %,100.0 %,88.9 %,1109,846,-1405,-592,100.0 %,83.3 %
FIDU,19d RSI FIDU LT41 - L FIDU,-2.0 %,12.6 %,-999,6285,18.9 %,9.5 %,-10.6 %,132.0 %,-11.4 %,-1.6 %,7,8,0.6,0.7,42.9 %,87.5 %,1.1,2.7,-143,749,-0.3 %,1.5 %,3.9,2,4,1,3,5,2,1,3,5,1,1,2,2,0.8,7,3,7,0.9,18.6,-0.2,3.8,-14109,-340,-14.1 %,-0.7 %,-13270,-340,-13.3 %,-0.7 %,-7849,-340,-7.8 %,-0.7 %,42.9 %,87.5 %,42.9 %,87.5 %,60.0 %,87.5 %,2018,904,-1764,-340,66.7 %,80.0 %
FIXD,14d RSI FIXD LT43 - L FIXD,5.2 %,1.4 %,2618,703,17.1 %,7.1 %,30.7 %,19.7 %,-0.9 %,-0.3 %,9,4,0.8,0.3,88.9 %,100.0 %,0.9,,291,175,0.6 %,0.3 %,2.2,3.5,1,0,7,4,0,0,8,4,0,0,4,4,8,,8,4,6.9,,2,4.9,-882,0,-0.9 %,0.0 %,0,0,0.0 %,0.0 %,0,0,0.0 %,0.0 %,88.9 %,100.0 %,88.9 %,100.0 %,100.0 %,100.0 %,382,175,-441,0,100.0 %,100.0 %
FLBR,13d RSI FLBR LT35 - L FLBR,-2.7 %,19.8 %,-1367,9893,20.3 %,6.8 %,-13.5 %,293.3 %,-31.8 %,-0.6 %,12,7,1,0.6,58.3 %,100.0 %,0.7,,-114,1312,-0.2 %,2.6 %,2.2,1.4,4,0,4,7,3,0,6,6,1,0,4,3,1.4,,7,7,0.9,,-0.1,4.8,-32567,0,-32.6 %,0.0 %,-32567,0,-32.6 %,0.0 %,-19352,0,-19.4 %,0.0 %,58.3 %,100.0 %,58.3 %,100.0 %,70.0 %,100.0 %,2131,1312,-3257,0,83.3 %,100.0 %
FLCH,17d RSI FLCH LT32 - L FLCH,4.6 %,10.4 %,2275,5212,100.0 %,7.9 %,4.6 %,131.3 %,0.0 %,-0.8 %,1,6,0.1,0.5,100.0 %,100.0 %,,,2275,834,4.6 %,1.7 %,1,2.3,0,0,1,6,0,0,1,5,0,0,1,3,,,1,6,,,0,6.3,0,0,0.0 %,0.0 %,0,0,0.0 %,0.0 %,0,0,0.0 %,0.0 %,100.0 %,100.0 %,100.0 %,100.0 %,100.0 %,100.0 %,2275,834,0,0,100.0 %,100.0 %
FLCO,19d RSI FLCO LT49 - L FLCO,-5.7 %,2.4 %,-2841,1173,32.0 %,7.9 %,-17.8 %,29.6 %,-0.6 %,-0.8 %,14,8,1.2,0.7,85.7 %,75.0 %,0.1,3.4,-203,145,-0.4 %,0.3 %,2.9,1.5,1,1,7,5,1,0,4,5,1,0,2,3,6,3,12,6,0.6,10.2,-0.5,3,-12091,-102,-12.1 %,-0.2 %,-9610,0,-9.6 %,0.0 %,-8873,0,-8.9 %,0.0 %,85.7 %,75.0 %,85.7 %,75.0 %,80.0 %,100.0 %,290,215,-3162,-64,66.7 %,100.0 %
FLGB,3d RSI FLGB LT15 - L FLGB,-15.5 %,0.8 %,-7737,392,17.6 %,9.5 %,-88.0 %,8.2 %,-23.5 %,-4.3 %,7,8,0.6,0.7,71.4 %,87.5 %,0.1,0.2,-1105,53,-2.2 %,0.1 %,4,2,2,1,3,5,2,1,3,5,1,1,3,3,2.5,7,5,7,0.4,1.3,-0.8,0.2,-23909,-1684,-23.9 %,-3.4 %,-23909,-1684,-23.9 %,-3.4 %,-23909,-1306,-23.9 %,-2.6 %,71.4 %,87.5 %,71.4 %,87.5 %,71.4 %,87.5 %,843,302,-5977,-1684,83.3 %,80.0 %
FLJP,17d RSI FLJP LT40 - L FLJP,-8.4 %,11.0 %,-4222,5484,71.4 %,6.8 %,-11.8 %,162.6 %,-17.0 %,-0.9 %,7,8,0.6,0.7,57.1 %,100.0 %,0.4,,-603,656,-1.2 %,1.3 %,3.3,1.1,2,0,2,8,3,0,2,7,1,0,2,4,1.3,,4,8,0.6,,-0.6,5.3,-12132,0,-12.1 %,0.0 %,-17263,0,-17.3 %,0.0 %,-9904,0,-9.9 %,0.0 %,57.1 %,100.0 %,57.1 %,100.0 %,50.0 %,100.0 %,1335,656,-3188,0,66.7 %,100.0 %
FLKR,14d RSI FLKR LT28 - L FLKR,21.3 %,3.7 %,10641,1869,100.0 %,6.3 %,21.3 %,58.9 %,0.0 %,-4.7 %,4,6,0.3,0.5,100.0 %,83.3 %,,0.5,2660,313,5.3 %,0.6 %,1.2,1.7,0,1,4,3,0,1,3,3,0,0,1,2,,5,4,5,,2.3,2.7,1,0,-1420,0.0 %,-2.8 %,0,-1420,0.0 %,-2.8 %,0,0,0.0 %,0.0 %,100.0 %,83.3 %,100.0 %,83.3 %,100.0 %,80.0 %,2660,660,0,-1420,100.0 %,100.0 %
FLMI,20d RSI FLMI LT44 - L FLMI,-3.6 %,1.1 %,-1788,532,78.9 %,12.7 %,-4.5 %,8.4 %,-5.9 %,-0.2 %,5,8,0.4,0.7,60.0 %,75.0 %,0.4,4,-358,66,-0.7 %,0.1 %,2,3,2,1,3,4,2,1,2,6,1,0,1,4,1.5,3,3,6,0.6,12,-0.5,3,-8632,-24,-8.6 %,-0.1 %,-4578,-24,-4.6 %,-0.1 %,-4578,0,-4.6 %,0.0 %,60.0 %,75.0 %,60.0 %,75.0 %,50.0 %,85.7 %,843,96,-2158,-24,50.0 %,100.0 %
FLOT,3d RSI FLOT LT40 - L FLOT,-10.2 %,1.4 %,-5083,715,42.2 %,31.4 %,-24.1 %,4.6 %,-11.4 %,-0.1 %,14,8,1.2,0.7,85.7 %,100.0 %,0,,-363,89,-0.7 %,0.2 %,5.4,8.9,2,0,11,8,2,0,11,8,1,0,7,7,6,,12,8,0.1,,-0.9,4,-11392,0,-11.4 %,0.0 %,-11392,0,-11.4 %,0.0 %,-11392,0,-11.4 %,0.0 %,85.7 %,100.0 %,85.7 %,100.0 %,85.7 %,100.0 %,51,89,-2848,0,88.9 %,100.0 %
FLQM,20d RSI FLQM LT41 - L FLQM,-14.0 %,5.6 %,-6993,2789,96.8 %,6.0 %,-14.5 %,93.7 %,-17.7 %,-0.6 %,6,4,0.5,0.3,50.0 %,100.0 %,0.4,,-1166,685,-2.3 %,1.4 %,4,2.8,2,0,2,4,3,0,1,4,1,0,1,3,1,,3,4,0.4,,-1,3.3,-17535,0,-17.5 %,0.0 %,-17135,0,-17.1 %,0.0 %,-17135,0,-17.1 %,0.0 %,50.0 %,100.0 %,50.0 %,100.0 %,25.0 %,100.0 %,1435,685,-3766,0,50.0 %,100.0 %
FLRN,3d RSI FLRN LT32 - L FLRN,-10.7 %,0.7 %,-5335,325,36.3 %,7.1 %,-29.4 %,9.1 %,-11.1 %,-0.0 %,5,4,0.4,0.3,60.0 %,100.0 %,0,,-1067,81,-2.1 %,0.2 %,12.8,3.5,2,0,3,4,2,0,3,4,1,0,2,3,1.5,,3,4,0,,-1.1,4.6,-11146,0,-11.1 %,0.0 %,-11146,0,-11.1 %,0.0 %,-11146,0,-11.1 %,0.0 %,60.0 %,100.0 %,60.0 %,100.0 %,60.0 %,100.0 %,79,81,-2787,0,66.7 %,100.0 %
FLTR,3d RSI FLTR LT19 - L FLTR,-10.3 %,0.6 %,-5175,303,27.3 %,5.6 %,-37.9 %,10.9 %,0.0 %,-0.1 %,2,3,0.2,0.2,50.0 %,100.0 %,0,,-2587,101,-5.2 %,0.2 %,24,3.7,1,0,1,3,1,0,1,3,1,0,1,3,1,,1,3,0,,-1.3,3.2,-10839,0,-10.8 %,0.0 %,-10839,0,-10.8 %,0.0 %,-10839,0,-10.8 %,0.0 %,50.0 %,100.0 %,50.0 %,100.0 %,50.0 %,100.0 %,245,101,-5419,0,50.0 %,100.0 %
FLTW,17d RSI FLTW LT34 - L FLTW,2.3 %,8.0 %,1128,4010,34.2 %,6.3 %,6.6 %,126.3 %,-7.7 %,-0.5 %,4,4,0.3,0.3,75.0 %,100.0 %,0.4,,282,975,0.6 %,1.9 %,2.2,3,1,0,2,4,1,0,2,4,0,0,2,4,3,,3,4,1.3,,0.2,5.9,-8076,0,-8.1 %,0.0 %,-8076,0,-8.1 %,0.0 %,0,0,0.0 %,0.0 %,75.0 %,100.0 %,75.0 %,100.0 %,75.0 %,100.0 %,1722,975,-4038,0,100.0 %,100.0 %
FMB,19d RSI FMB LT43 - L FMB,-6.0 %,0.4 %,-2982,206,19.1 %,5.2 %,-31.2 %,8.0 %,-0.0 %,-0.3 %,5,3,0.4,0.2,60.0 %,100.0 %,0.2,,-596,68,-1.2 %,0.1 %,5.2,3.3,1,0,2,3,2,0,2,3,2,0,2,3,1.5,,3,3,0.3,,-0.7,11.5,-8464,0,-8.5 %,0.0 %,-6318,0,-6.3 %,0.0 %,-6318,0,-6.3 %,0.0 %,60.0 %,100.0 %,60.0 %,100.0 %,50.0 %,100.0 %,420,68,-2122,0,50.0 %,100.0 %
FMHI,16d RSI FMHI LT51 - L FMHI,-12.5 %,1.6 %,-6264,817,41.7 %,8.3 %,-30.1 %,19.6 %,-4.8 %,-0.3 %,9,5,0.8,0.4,66.7 %,100.0 %,0.1,,-696,162,-1.4 %,0.3 %,6.8,3.2,2,0,4,5,2,0,4,5,3,0,1,3,2,,6,5,0.1,,-1.3,4.8,-13913,0,-13.9 %,0.0 %,-13913,0,-13.9 %,0.0 %,-12954,0,-13.0 %,0.0 %,66.7 %,100.0 %,66.7 %,100.0 %,62.5 %,100.0 %,162,162,-2413,0,25.0 %,100.0 %
FNCL,16d RSI FNCL LT39 - L FNCL,1.8 %,10.8 %,917,5382,20.5 %,5.6 %,8.9 %,193.8 %,-12.5 %,-0.8 %,8,6,0.7,0.5,62.5 %,100.0 %,0.7,,115,861,0.2 %,1.7 %,3,1.3,2,0,4,6,2,0,4,5,1,0,2,4,1.7,,5,6,1.1,,0.1,5.2,-17095,0,-17.1 %,0.0 %,-16852,0,-16.9 %,0.0 %,-11265,0,-11.3 %,0.0 %,62.5 %,100.0 %,62.5 %,100.0 %,66.7 %,100.0 %,2033,861,-3082,0,66.7 %,100.0 %
FNDA,3d RSI FNDA LT12 - L FNDA,-6.4 %,9.6 %,-3196,4793,11.3 %,7.9 %,-56.5 %,120.8 %,-14.3 %,-1.8 %,7,6,0.6,0.5,71.4 %,100.0 %,0.2,,-457,771,-0.9 %,1.5 %,2.4,2.3,2,0,3,6,2,0,3,6,1,0,2,6,2.5,,5,6,0.6,,-0.6,4.1,-14793,0,-14.8 %,0.0 %,-14793,0,-14.8 %,0.0 %,-14793,0,-14.8 %,0.0 %,71.4 %,100.0 %,71.4 %,100.0 %,71.4 %,100.0 %,840,771,-3698,0,80.0 %,100.0 %
FNDB,20d RSI FNDB LT41 - L FNDB,10.5 %,12.6 %,5235,6306,20.3 %,9.9 %,51.6 %,127.1 %,-10.3 %,-2.2 %,11,7,0.9,0.6,72.7 %,85.7 %,0.6,1.6,476,861,1.0 %,1.7 %,2.6,2.6,2,1,6,4,2,1,5,3,1,1,3,2,2.7,6,8,6,1.7,9.6,0.8,3.2,-9046,-703,-9.0 %,-1.4 %,-10538,-703,-10.5 %,-1.4 %,-1868,-703,-1.9 %,-1.4 %,72.7 %,85.7 %,72.7 %,85.7 %,75.0 %,83.3 %,1566,1121,-2431,-703,80.0 %,75.0 %
FNDC,21d RSI FNDC LT38 - L FNDC,0.8 %,7.0 %,414,3493,68.1 %,6.8 %,1.2 %,103.6 %,-20.8 %,-2.7 %,8,7,0.7,0.6,62.5 %,85.7 %,0.6,1,52,488,0.1 %,1.0 %,3,1.4,3,1,4,4,2,1,3,4,1,0,1,3,1.7,6,5,6,1,6.2,0.1,2.1,-21141,-663,-21.1 %,-1.3 %,-21141,-663,-21.1 %,-1.3 %,-5438,0,-5.4 %,0.0 %,62.5 %,85.7 %,62.5 %,85.7 %,66.7 %,83.3 %,2197,680,-3524,-663,66.7 %,100.0 %
FNDE,20d RSI FNDE LT36 - L FNDE,-1.1 %,8.4 %,-539,4211,63.2 %,9.1 %,-1.7 %,92.3 %,-14.7 %,-3.5 %,6,8,0.5,0.7,50.0 %,87.5 %,0.9,0.8,-90,511,-0.2 %,1.0 %,3,1.9,3,1,2,5,2,1,2,3,1,0,1,2,1,7,3,7,0.9,5.5,-0.1,2.6,-14811,-904,-14.8 %,-1.8 %,-14811,-408,-14.8 %,-0.8 %,-2024,0,-2.0 %,0.0 %,50.0 %,87.5 %,50.0 %,87.5 %,60.0 %,83.3 %,2289,713,-2469,-904,50.0 %,100.0 %
FNDF,19d RSI FNDF LT37 - L FNDF,-1.6 %,5.0 %,-796,2519,14.7 %,8.7 %,-10.8 %,57.7 %,-18.5 %,-3.0 %,7,7,0.6,0.6,71.4 %,85.7 %,0.4,1.1,-114,354,-0.2 %,0.7 %,3.1,2.1,1,1,3,3,2,1,3,3,1,0,1,3,2.5,6,5,6,0.9,6.3,-0.1,2.1,-17859,-467,-17.9 %,-0.9 %,-18872,-467,-18.9 %,-0.9 %,-5389,0,-5.4 %,0.0 %,71.4 %,85.7 %,71.4 %,85.7 %,66.7 %,83.3 %,2036,491,-5487,-467,66.7 %,100.0 %
FNDX,6d RSI FNDX LT20 - L FNDX,12.2 %,9.8 %,6077,4873,8.0 %,5.6 %,152.7 %,175.4 %,-5.0 %,-2.0 %,5,4,0.4,0.3,80.0 %,100.0 %,0.8,,1215,1177,2.4 %,2.4 %,2.2,2.5,1,0,3,4,1,0,2,4,0,0,3,4,4,,4,4,3.4,,1.2,9.5,-5086,0,-5.1 %,0.0 %,-5086,0,-5.1 %,0.0 %,0,0,0.0 %,0.0 %,80.0 %,100.0 %,80.0 %,100.0 %,75.0 %,100.0 %,2155,1177,-2543,0,100.0 %,100.0 %
FPE,20d RSI FPE LT63 - L FPE,-6.0 %,4.9 %,-2995,2460,82.0 %,19.8 %,-7.3 %,24.8 %,-24.0 %,-0.4 %,31,13,2.6,1.1,74.2 %,100.0 %,0.3,,-97,185,-0.2 %,0.4 %,3.7,2.9,2,0,7,13,2,0,7,11,1,0,2,5,2.9,,23,13,0.8,,-0.2,5.7,-25776,0,-25.8 %,0.0 %,-17413,0,-17.4 %,0.0 %,-17413,0,-17.4 %,0.0 %,74.2 %,100.0 %,74.2 %,100.0 %,70.0 %,100.0 %,519,185,-1866,0,55.6 %,100.0 %
FPEI,5d RSI FPEI LT41 - L FPEI,-23.9 %,3.8 %,-11957,1885,21.4 %,16.3 %,-111.6 %,23.2 %,-23.9 %,-0.4 %,7,7,0.6,0.6,57.1 %,85.7 %,0.1,,-1708,266,-3.4 %,0.5 %,4.6,4.9,2,1,3,6,2,1,2,6,1,0,2,5,1.3,6,4,6,0.1,,-1.1,3.1,-25345,0,-25.3 %,0.0 %,-25345,0,-25.3 %,0.0 %,-25345,0,-25.3 %,0.0 %,57.1 %,85.7 %,57.1 %,85.7 %,50.0 %,85.7 %,248,310,-4316,0,60.0 %,100.0 %
FREL,19d RSI FREL LT40 - L FREL,2.1 %,6.4 %,1074,3184,15.7 %,5.6 %,13.7 %,114.6 %,-18.0 %,-0.8 %,7,4,0.6,0.3,71.4 %,100.0 %,0.4,,153,779,0.3 %,1.6 %,3,2.5,2,0,4,4,2,0,3,3,1,0,3,3,2.5,,5,4,1.1,,0.1,4.8,-18345,0,-18.3 %,0.0 %,-11333,0,-11.3 %,0.0 %,-9659,0,-9.7 %,0.0 %,71.4 %,100.0 %,71.4 %,100.0 %,66.7 %,100.0 %,2049,779,-4586,0,75.0 %,100.0 %
FSTA,20d RSI FSTA LT46 - L FSTA,16.1 %,7.9 %,8039,3931,21.5 %,7.1 %,74.6 %,110.1 %,-6.7 %,-1.6 %,12,7,1,0.6,66.7 %,100.0 %,1.1,,670,545,1.3 %,1.1 %,2.2,1.6,2,0,6,7,1,0,4,5,0,0,5,3,2,,8,7,2.1,,1.1,4.2,-3857,0,-3.9 %,0.0 %,-3857,0,-3.9 %,0.0 %,0,0,0.0 %,0.0 %,66.7 %,100.0 %,66.7 %,100.0 %,75.0 %,100.0 %,1895,545,-1779,0,100.0 %,100.0 %
FTCS,20d RSI FTCS LT45 - L FTCS,13.5 %,16.2 %,6764,8124,21.0 %,10.7 %,64.4 %,151.7 %,-4.1 %,-2.0 %,11,10,0.9,0.8,54.5 %,90.0 %,1.9,10.5,615,760,1.2 %,1.5 %,2.5,1.7,3,1,3,6,2,1,6,6,0,0,4,5,1.2,9,6,9,2.3,94.6,1.1,5.8,-8907,-81,-8.9 %,-0.2 %,-8907,-81,-8.9 %,-0.2 %,0,0,0.0 %,0.0 %,54.5 %,90.0 %,54.5 %,90.0 %,75.0 %,90.0 %,1993,854,-1039,-81,100.0 %,100.0 %
FTEC,13d RSI FTEC LT36 - L FTEC,13.5 %,9.8 %,6743,4907,12.2 %,5.2 %,110.9 %,190.2 %,0.0 %,-2.6 %,5,5,0.4,0.4,100.0 %,80.0 %,,19,1349,950,2.7 %,1.9 %,3.4,1.6,0,1,5,2,0,1,4,2,0,0,2,4,,4,5,4,,76.1,2.4,2.9,0,-63,0.0 %,-0.1 %,0,-63,0.0 %,-0.1 %,0,0,0.0 %,0.0 %,100.0 %,80.0 %,100.0 %,80.0 %,100.0 %,80.0 %,1349,1204,0,-63,100.0 %,100.0 %
FTGC,18d RSI FTGC LT34 - L FTGC,-13.9 %,3.6 %,-6973,1816,73.5 %,6.8 %,-19.0 %,53.9 %,-18.2 %,-1.2 %,7,4,0.6,0.3,42.9 %,100.0 %,0.4,,-996,448,-2.0 %,0.9 %,4.1,3.2,3,0,2,4,3,0,2,4,2,0,1,3,0.8,,3,4,0.3,,-1.1,4.6,-17975,0,-18.0 %,0.0 %,-17975,0,-18.0 %,0.0 %,-14297,0,-14.3 %,0.0 %,42.9 %,100.0 %,42.9 %,100.0 %,42.9 %,100.0 %,1009,448,-2500,0,33.3 %,100.0 %
FTHI,21d RSI FTHI LT45 - L FTHI,-7.4 %,11.3 %,-3718,5634,33.0 %,9.5 %,-22.5 %,118.3 %,-24.9 %,-1.1 %,11,8,0.9,0.7,72.7 %,100.0 %,0.3,,-338,672,-0.7 %,1.3 %,4.7,2,2,0,4,8,2,0,3,7,1,0,3,4,2.7,,8,8,0.7,,-0.3,9.1,-25304,0,-25.3 %,0.0 %,-19638,0,-19.6 %,0.0 %,-19638,0,-19.6 %,0.0 %,72.7 %,100.0 %,72.7 %,100.0 %,66.7 %,100.0 %,1216,672,-4483,0,80.0 %,100.0 %
FTLS,7d RSI FTLS LT29 - L FTLS,0.6 %,3.8 %,310,1908,15.5 %,6.3 %,4.0 %,60.1 %,-2.3 %,-1.1 %,6,5,0.5,0.4,50.0 %,100.0 %,1.1,,52,376,0.1 %,0.8 %,3.7,2.2,2,0,3,5,2,0,3,5,1,0,2,5,1,,3,5,1.1,,0.1,5.2,-5398,0,-5.4 %,0.0 %,-5398,0,-5.4 %,0.0 %,-3935,0,-3.9 %,0.0 %,50.0 %,100.0 %,50.0 %,100.0 %,50.0 %,100.0 %,1020,376,-916,0,50.0 %,100.0 %
FTQI,21d RSI FTQI LT53 - L FTQI,-9.2 %,21.2 %,-4617,10582,70.9 %,42.9 %,-13.0 %,49.4 %,-13.6 %,-2.3 %,37,36,3.1,3,62.2 %,86.1 %,0.4,2,-125,270,-0.2 %,0.5 %,3.2,2,3,1,5,11,3,1,6,9,1,0,3,10,1.6,6.2,23,31,0.6,12.1,-0.9,3.4,-4197,-428,-4.2 %,-0.9 %,-4197,-428,-4.2 %,-0.9 %,-11153,0,-11.2 %,0.0 %,62.2 %,86.1 %,62.2 %,86.1 %,62.1 %,92.0 %,275,341,-782,-174,72.7 %,100.0 %
FTSL,12d RSI FTSL LT37 - L FTSL,-14.5 %,3.0 %,-7259,1503,16.1 %,6.0 %,-90.1 %,50.5 %,-18.9 %,-0.3 %,5,4,0.4,0.3,60.0 %,100.0 %,0.2,,-1452,372,-2.9 %,0.7 %,4.8,2.8,2,0,3,4,2,0,2,4,1,0,2,4,1.5,,3,4,0.3,,-0.8,4.7,-19711,0,-19.7 %,0.0 %,-15327,0,-15.3 %,0.0 %,-15327,0,-15.3 %,0.0 %,60.0 %,100.0 %,60.0 %,100.0 %,50.0 %,100.0 %,866,372,-4928,0,66.7 %,100.0 %
FTSM,3d RSI FTSM LT68 - L FTSM,-0.2 %,1.6 %,-121,809,77.4 %,45.6 %,-0.3 %,3.5 %,-2.9 %,-0.0 %,24,24,2,2,95.8 %,100.0 %,0,,-5,33,-0.0 %,0.1 %,6.4,3.8,1,0,18,24,1,0,14,23,1,0,8,11,23,,23,24,0.9,,-0.1,13.4,-2887,0,-2.9 %,0.0 %,-2540,0,-2.5 %,0.0 %,-2362,0,-2.4 %,0.0 %,95.8 %,100.0 %,95.8 %,100.0 %,95.0 %,100.0 %,57,33,-1443,0,90.9 %,100.0 %
FTXL,5d RSI FTXL LT21 - L FTXL,18.0 %,14.6 %,8977,7285,6.2 %,5.2 %,290.5 %,282.4 %,0.0 %,-1.0 %,4,5,0.3,0.4,75.0 %,100.0 %,8,,2244,1380,4.5 %,2.8 %,1.8,1.6,1,0,3,5,1,0,2,5,0,0,2,3,3,,3,5,24.1,,2.4,9.9,-778,0,-0.8 %,0.0 %,-778,0,-0.8 %,0.0 %,0,0,0.0 %,0.0 %,75.0 %,100.0 %,75.0 %,100.0 %,66.7 %,100.0 %,3122,1380,-389,0,100.0 %,100.0 %
FTXO,19d RSI FTXO LT39 - L FTXO,-11.9 %,12.9 %,-5950,6467,23.9 %,8.3 %,-49.9 %,155.2 %,-25.4 %,-1.7 %,9,8,0.8,0.7,66.7 %,87.5 %,0.3,6,-661,768,-1.3 %,1.5 %,3.7,1.6,2,1,3,4,2,1,2,3,2,1,2,2,2,7,6,7,0.6,42.2,-0.5,4.8,-26112,-149,-26.1 %,-0.3 %,-26112,-149,-26.1 %,-0.3 %,-17272,-149,-17.3 %,-0.3 %,66.7 %,87.5 %,66.7 %,87.5 %,62.5 %,83.3 %,1586,899,-5155,-149,60.0 %,75.0 %
FTXR,5d RSI FTXR LT10 - L FTXR,-12.7 %,5.0 %,-6359,2512,47.4 %,6.0 %,-26.9 %,84.4 %,-13.6 %,-1.4 %,4,4,0.3,0.3,50.0 %,75.0 %,0.2,11.9,-1590,619,-3.2 %,1.2 %,3.5,2.8,1,1,1,3,1,1,1,3,1,1,1,3,1,3,2,3,0.2,35.8,-1.3,2.6,-9202,-71,-9.2 %,-0.1 %,-9202,-71,-9.2 %,-0.1 %,-13722,-71,-13.7 %,-0.1 %,50.0 %,75.0 %,50.0 %,75.0 %,50.0 %,75.0 %,843,849,-4023,-71,50.0 %,75.0 %
FUTY,18d RSI FUTY LT42 - L FUTY,10.2 %,5.8 %,5098,2891,19.1 %,5.2 %,53.4 %,112.1 %,-16.8 %,-1.3 %,8,4,0.7,0.3,75.0 %,100.0 %,0.5,,637,709,1.3 %,1.4 %,2.6,2.2,2,0,4,4,2,0,3,4,1,0,3,2,3,,6,4,1.6,,0.6,4.4,-18108,0,-18.1 %,0.0 %,-9762,0,-9.8 %,0.0 %,-2260,0,-2.3 %,0.0 %,75.0 %,100.0 %,75.0 %,100.0 %,66.7 %,100.0 %,2359,709,-4527,0,75.0 %,100.0 %
FV,16d RSI FV LT39 - L FV,-14.7 %,14.0 %,-7346,7015,100.0 %,7.5 %,-14.7 %,186.1 %,-13.2 %,-2.8 %,3,6,0.2,0.5,0.0 %,100.0 %,0,,-2449,1109,-4.9 %,2.2 %,6,2.2,3,0,0,6,3,0,0,6,1,0,0,5,0,,0,6,0,,-3.3,4.8,-14691,0,-14.7 %,0.0 %,-14691,0,-14.7 %,0.0 %,-14691,0,-14.7 %,0.0 %,0.0 %,100.0 %,0.0 %,100.0 %,0.0 %,100.0 %,0,1109,-2449,0,0.0 %,100.0 %
FVD,19d RSI FVD LT45 - L FVD,11.0 %,11.2 %,5497,5623,24.3 %,9.5 %,45.2 %,118.1 %,-12.5 %,-1.5 %,11,8,0.9,0.7,63.6 %,100.0 %,0.9,,500,671,1.0 %,1.3 %,3,2,1,0,4,8,2,0,4,7,1,0,4,4,1.8,,7,8,1.5,,0.6,6.8,-12298,0,-12.3 %,0.0 %,-13882,0,-13.9 %,0.0 %,-2285,0,-2.3 %,0.0 %,63.6 %,100.0 %,63.6 %,100.0 %,66.7 %,100.0 %,2395,671,-2817,0,80.0 %,100.0 %
FXE,9d RSI FXE LT34 - L FXE,0.6 %,4.5 %,314,2275,15.2 %,19.4 %,4.1 %,23.4 %,-1.2 %,-0.6 %,5,15,0.4,1.2,40.0 %,93.3 %,2,10.8,63,149,0.1 %,0.3 %,5,2.3,2,1,1,7,2,0,1,13,2,0,1,9,0.7,14,2,14,1.3,151.1,0.3,6,-1433,-15,-1.4 %,-0.0 %,-1433,0,-1.4 %,0.0 %,-1433,0,-1.4 %,0.0 %,40.0 %,93.3 %,40.0 %,93.3 %,40.0 %,100.0 %,608,160,-301,-15,40.0 %,100.0 %
FXI,20d RSI FXI LT34 - L FXI,11.8 %,7.3 %,5883,3637,100.0 %,6.8 %,11.8 %,107.8 %,0.0 %,-1.9 %,2,5,0.2,0.4,100.0 %,100.0 %,,,2941,708,5.9 %,1.4 %,1,2.4,0,0,2,5,0,0,2,4,0,0,1,3,,,2,5,,,30.5,5,0,0,0.0 %,0.0 %,0,0,0.0 %,0.0 %,0,0,0.0 %,0.0 %,100.0 %,100.0 %,100.0 %,100.0 %,100.0 %,100.0 %,2941,708,0,0,100.0 %,100.0 %
FXN,5d RSI FXN LT15 - L FXN,-42.0 %,3.8 %,-21005,1876,16.0 %,7.1 %,-262.9 %,52.5 %,-38.4 %,-4.3 %,4,4,0.3,0.3,0.0 %,75.0 %,0,1.8,-5251,466,-10.5 %,0.9 %,5.8,3.5,4,1,0,3,4,1,0,3,3,1,0,3,0,3,0,3,0,5.3,-2.1,1.7,-42009,-434,-42.0 %,-0.9 %,-42009,-434,-42.0 %,-0.9 %,-42009,-434,-42.0 %,-0.9 %,0.0 %,75.0 %,0.0 %,75.0 %,0.0 %,75.0 %,0,766,-5251,-434,0.0 %,75.0 %
FXO,15d RSI FXO LT38 - L FXO,-16.5 %,16.8 %,-8268,8401,20.0 %,7.9 %,-82.7 %,211.7 %,-31.2 %,-2.1 %,6,7,0.5,0.6,50.0 %,100.0 %,0.5,,-1378,1123,-2.8 %,2.2 %,4.2,1.9,3,0,3,7,3,0,2,7,1,0,2,5,1,,3,7,0.5,,-0.7,7.6,-33728,0,-33.7 %,0.0 %,-26837,0,-26.8 %,0.0 %,-26837,0,-26.8 %,0.0 %,50.0 %,100.0 %,50.0 %,100.0 %,40.0 %,100.0 %,2865,1123,-5621,0,66.7 %,100.0 %
FXR,14d RSI FXR LT36 - L FXR,-18.0 %,14.3 %,-8999,7128,65.8 %,5.6 %,-27.4 %,256.6 %,-20.3 %,-0.8 %,5,5,0.4,0.4,20.0 %,100.0 %,0.6,,-1800,1352,-3.6 %,2.7 %,4,1.8,4,0,1,5,3,0,1,5,1,0,1,4,0.2,,1,5,0.1,,-2.2,7,-20904,0,-20.9 %,0.0 %,-20904,0,-20.9 %,0.0 %,-20904,0,-20.9 %,0.0 %,20.0 %,100.0 %,20.0 %,100.0 %,25.0 %,100.0 %,1453,1352,-2613,0,50.0 %,100.0 %
FXU,19d RSI FXU LT40 - L FXU,0.8 %,8.5 %,386,4249,13.2 %,7.9 %,5.9 %,107.1 %,-11.2 %,-1.3 %,5,6,0.4,0.5,60.0 %,100.0 %,0.7,,77,685,0.2 %,1.4 %,3,2.3,2,0,2,6,1,0,2,6,1,0,1,4,1.5,,3,6,1.1,,0.1,5.7,-11433,0,-11.4 %,0.0 %,-7529,0,-7.5 %,0.0 %,-1869,0,-1.9 %,0.0 %,60.0 %,100.0 %,60.0 %,100.0 %,75.0 %,100.0 %,2034,685,-2858,0,50.0 %,100.0 %
FXY,20d RSI FXY LT40 - L FXY,0.4 %,1.6 %,212,788,12.3 %,5.6 %,3.5 %,28.4 %,-0.4 %,-0.4 %,3,5,0.2,0.4,66.7 %,100.0 %,1,,71,157,0.1 %,0.3 %,3,1.8,1,0,1,5,1,0,1,5,1,0,1,4,2,,2,5,2.1,,0.5,4,-387,0,-0.4 %,0.0 %,-387,0,-0.4 %,0.0 %,-387,0,-0.4 %,0.0 %,66.7 %,100.0 %,66.7 %,100.0 %,66.7 %,100.0 %,203,157,-193,0,66.7 %,100.0 %
GBIL,3d RSI GBIL LT57 - L GBIL,0.5 %,0.8 %,234,376,86.3 %,25.0 %,0.5 %,3.0 %,0.0 %,-0.0 %,11,14,0.9,1.2,100.0 %,100.0 %,,,21,27,0.0 %,0.1 %,15.7,3.5,0,0,11,14,0,0,11,14,0,0,6,10,,,11,14,,,3.8,7.3,0,0,0.0 %,0.0 %,0,0,0.0 %,0.0 %,0,0,0.0 %,0.0 %,100.0 %,100.0 %,100.0 %,100.0 %,100.0 %,100.0 %,21,27,0,0,100.0 %,100.0 %
GCOW,16d RSI GCOW LT32 - L GCOW,3.3 %,5.2 %,1645,2621,12.8 %,5.6 %,25.7 %,94.4 %,-4.2 %,-1.2 %,6,5,0.5,0.4,66.7 %,80.0 %,0.7,27.3,274,514,0.5 %,1.0 %,3.2,1.8,1,1,2,3,2,1,2,2,0,1,3,1,2,4,4,4,1.4,109.3,0.4,3.8,-4234,-24,-4.2 %,-0.1 %,-3797,-24,-3.8 %,-0.1 %,0,-24,0.0 %,-0.1 %,66.7 %,80.0 %,66.7 %,80.0 %,60.0 %,75.0 %,1332,649,-1843,-24,100.0 %,66.7 %
GDX,6d RSI GDX LT23 - L GDX,21.0 %,8.9 %,10500,4463,6.7 %,5.2 %,313.4 %,173.0 %,-0.8 %,-3.1 %,4,4,0.3,0.3,75.0 %,75.0 %,7.8,2.3,2625,1096,5.2 %,2.2 %,2.2,2.2,1,1,3,3,1,0,3,3,1,0,2,3,3,3,3,3,23.3,6.8,1.9,1.7,-940,-762,-0.9 %,-1.5 %,-940,0,-0.9 %,0.0 %,-940,0,-0.9 %,0.0 %,75.0 %,75.0 %,75.0 %,75.0 %,75.0 %,100.0 %,3657,1715,-470,-762,66.7 %,100.0 %
GDXJ,11d RSI GDXJ LT32 - L GDXJ,9.0 %,11.6 %,4483,5793,6.7 %,5.2 %,133.8 %,224.6 %,-2.6 %,-3.2 %,4,4,0.3,0.3,75.0 %,75.0 %,1.4,5.1,1121,1402,2.2 %,2.8 %,2.2,2.2,1,1,2,3,1,0,2,3,0,0,3,3,3,3,3,3,4.2,15.3,1.4,2.4,-2791,-392,-2.8 %,-0.8 %,-2791,0,-2.8 %,0.0 %,0,0,0.0 %,0.0 %,75.0 %,75.0 %,75.0 %,75.0 %,75.0 %,100.0 %,1959,2000,-1395,-392,100.0 %,100.0 %
GEM,21d RSI GEM LT36 - L GEM,5.3 %,8.7 %,2632,4331,84.2 %,6.8 %,6.3 %,128.4 %,-6.5 %,-0.6 %,5,6,0.4,0.5,60.0 %,100.0 %,1.2,,526,698,1.1 %,1.4 %,2.2,1.8,2,0,2,6,1,0,2,5,0,0,1,2,1.5,,3,6,1.8,,0.6,7.9,-6527,0,-6.5 %,0.0 %,-6527,0,-6.5 %,0.0 %,0,0,0.0 %,0.0 %,60.0 %,100.0 %,60.0 %,100.0 %,75.0 %,100.0 %,1965,698,-1632,0,100.0 %,100.0 %
GIGB,21d RSI GIGB LT50 - L GIGB,-1.3 %,1.2 %,-646,615,36.5 %,6.0 %,-3.5 %,20.7 %,-0.2 %,-0.8 %,15,4,1.2,0.3,73.3 %,75.0 %,0.3,3.2,-43,153,-0.1 %,0.3 %,3.3,2.8,2,1,6,3,2,0,4,3,1,0,6,2,2.8,3,11,3,0.9,9.5,-0.1,1.8,-242,-72,-0.2 %,-0.1 %,-242,0,-0.2 %,0.0 %,-5632,0,-5.6 %,0.0 %,73.3 %,75.0 %,73.3 %,75.0 %,66.7 %,100.0 %,453,229,-1407,-72,85.7 %,100.0 %
GLD,10d RSI GLD LT32 - L GLD,7.8 %,1.9 %,3876,950,8.5 %,5.2 %,91.1 %,36.8 %,0.0 %,-0.7 %,4,3,0.3,0.2,100.0 %,100.0 %,,,969,315,1.9 %,0.6 %,2.8,3.3,0,0,4,3,0,0,4,3,0,0,3,3,,,4,3,,,1.6,3,0,0,0.0 %,0.0 %,0,0,0.0 %,0.0 %,0,0,0.0 %,0.0 %,100.0 %,100.0 %,100.0 %,100.0 %,100.0 %,100.0 %,969,315,0,0,100.0 %,100.0 %
GLL,21d RSI GLL LT31 - L GLL,1.5 %,2.7 %,736,1352,13.9 %,6.0 %,10.6 %,45.4 %,-11.0 %,-6.4 %,5,4,0.4,0.3,60.0 %,50.0 %,0.7,2,147,349,0.3 %,0.7 %,3.4,2.8,1,1,2,2,1,1,2,1,1,1,2,1,1.5,1,3,2,1.1,2,0.1,0.6,-11230,-1356,-11.2 %,-2.7 %,-11230,-1356,-11.2 %,-2.7 %,-561,-1356,-0.6 %,-2.7 %,60.0 %,50.0 %,60.0 %,50.0 %,60.0 %,33.3 %,2348,1418,-3154,-720,66.7 %,33.3 %
GLTR,20d RSI GLTR LT41 - L GLTR,-1.8 %,2.3 %,-905,1128,7.9 %,6.0 %,-22.8 %,37.9 %,0.0 %,-0.7 %,3,5,0.2,0.4,66.7 %,100.0 %,0.4,,-302,224,-0.6 %,0.5 %,4,2,1,0,2,5,1,0,2,5,1,0,2,3,2,,2,5,0.7,,-0.3,5,-6505,0,-6.5 %,0.0 %,-6505,0,-6.5 %,0.0 %,-6505,0,-6.5 %,0.0 %,66.7 %,100.0 %,66.7 %,100.0 %,66.7 %,100.0 %,1174,224,-3252,0,66.7 %,100.0 %
GNR,20d RSI GNR LT33 - L GNR,2.2 %,6.5 %,1091,3243,66.7 %,6.0 %,3.3 %,109.0 %,-17.6 %,-1.5 %,7,5,0.6,0.4,42.9 %,100.0 %,1.5,,156,633,0.3 %,1.3 %,3,2,2,0,2,5,3,0,2,4,1,0,1,2,0.8,,3,5,1.1,,0.1,4.4,-17299,0,-17.3 %,0.0 %,-18171,0,-18.2 %,0.0 %,-719,0,-0.7 %,0.0 %,42.9 %,100.0 %,42.9 %,100.0 %,40.0 %,100.0 %,3870,633,-2629,0,50.0 %,100.0 %
GOVI,17d RSI GOVI LT43 - L GOVI,3.3 %,2.2 %,1632,1104,29.1 %,8.7 %,11.2 %,25.3 %,-0.5 %,-0.6 %,10,6,0.8,0.5,80.0 %,83.3 %,0.8,1.3,163,183,0.3 %,0.4 %,2.9,2.5,1,1,4,3,1,1,4,3,1,1,2,2,4,5,8,5,3,6.5,1.7,2.2,-1074,-200,-1.1 %,-0.4 %,-533,-200,-0.5 %,-0.4 %,-295,-67,-0.3 %,-0.1 %,80.0 %,83.3 %,80.0 %,83.3 %,77.8 %,83.3 %,304,259,-402,-200,66.7 %,75.0 %
GOVT,16d RSI GOVT LT42 - L GOVT,1.5 %,1.6 %,747,789,30.8 %,5.2 %,4.8 %,30.6 %,-0.1 %,-0.2 %,9,4,0.8,0.3,66.7 %,100.0 %,2.5,,83,196,0.2 %,0.4 %,3.6,2.2,2,0,4,4,2,0,4,4,2,0,3,3,2,,6,4,5,,2.2,5.9,-332,0,-0.3 %,0.0 %,-332,0,-0.3 %,0.0 %,-332,0,-0.3 %,0.0 %,66.7 %,100.0 %,66.7 %,100.0 %,66.7 %,100.0 %,156,196,-62,0,60.0 %,100.0 %
GREK,21d RSI GREK LT43 - L GREK,16.3 %,10.6 %,8162,5314,35.5 %,9.5 %,46.0 %,111.6 %,-28.4 %,-5.5 %,18,8,1.5,0.7,61.1 %,87.5 %,0.9,4.7,453,638,0.9 %,1.3 %,2.9,2,3,1,8,5,5,1,7,4,2,1,3,2,1.6,7,11,7,1.4,32.7,0.6,3.2,-20651,-161,-20.7 %,-0.3 %,-29001,-161,-29.0 %,-0.3 %,-8994,-161,-9.0 %,-0.3 %,61.1 %,87.5 %,61.1 %,87.5 %,60.0 %,85.7 %,2531,753,-2812,-161,57.1 %,75.0 %
GRID,8d RSI GRID LT33 - L GRID,-7.4 %,8.5 %,-3689,4269,11.6 %,6.3 %,-63.8 %,134.5 %,-14.5 %,-1.2 %,6,7,0.5,0.6,83.3 %,100.0 %,0.1,,-615,590,-1.2 %,1.2 %,2.8,1.3,1,0,3,7,1,0,3,7,1,0,2,5,5,,5,7,0.5,,-0.5,5,-15150,0,-15.2 %,0.0 %,-15150,0,-15.2 %,0.0 %,-14105,0,-14.1 %,0.0 %,83.3 %,100.0 %,83.3 %,100.0 %,83.3 %,100.0 %,777,590,-7575,0,80.0 %,100.0 %
GSG,20d RSI GSG LT37 - L GSG,-51.1 %,5.3 %,-25570,2647,87.5 %,5.6 %,-58.4 %,95.3 %,-52.3 %,-3.1 %,11,4,0.9,0.3,27.3 %,75.0 %,0.3,26.4,-2325,652,-4.6 %,1.3 %,4.6,2.5,3,1,1,2,3,1,1,2,4,0,1,3,0.4,3,3,3,0.1,79.3,-2.4,2.3,-30992,-33,-31.0 %,-0.1 %,-30992,-33,-31.0 %,-0.1 %,-53027,0,-53.0 %,0.0 %,27.3 %,75.0 %,27.3 %,75.0 %,27.3 %,75.0 %,960,881,-3556,-33,20.0 %,100.0 %
GSIE,21d RSI GSIE LT43 - L GSIE,1.2 %,8.5 %,619,4244,19.3 %,10.3 %,6.4 %,82.3 %,-19.1 %,-2.8 %,9,10,0.8,0.8,77.8 %,80.0 %,0.3,2.2,69,412,0.1 %,0.8 %,3.2,1.6,2,2,6,4,2,1,5,4,1,0,2,5,3.5,4,7,8,1.1,8.7,0.1,2.6,-19455,-536,-19.5 %,-1.1 %,-19455,-514,-19.5 %,-1.0 %,-1836,0,-1.8 %,0.0 %,77.8 %,80.0 %,77.8 %,80.0 %,75.0 %,88.9 %,1478,581,-4864,-268,75.0 %,100.0 %
GSLC,17d RSI GSLC LT40 - L GSLC,1.9 %,12.0 %,948,5993,15.0 %,7.5 %,12.6 %,159.0 %,-5.2 %,-1.9 %,6,6,0.5,0.5,50.0 %,100.0 %,1.3,,158,954,0.3 %,1.9 %,3.5,2.2,3,0,3,6,2,0,2,6,0,0,2,5,1,,3,6,1.3,,0.3,6.4,-6652,0,-6.7 %,0.0 %,-6652,0,-6.7 %,0.0 %,0,0,0.0 %,0.0 %,50.0 %,100.0 %,50.0 %,100.0 %,50.0 %,100.0 %,1425,954,-1109,0,100.0 %,100.0 %
GSY,3d RSI GSY LT30 - L GSY,-2.6 %,0.3 %,-1277,146,26.7 %,7.9 %,-9.6 %,3.7 %,0.0 %,-0.0 %,4,3,0.3,0.2,75.0 %,100.0 %,0,,-319,48,-0.6 %,0.1 %,12.8,5.7,1,0,3,3,1,0,3,3,1,0,3,3,3,,3,3,0.1,,-1,4.9,-2935,0,-2.9 %,0.0 %,-2935,0,-2.9 %,0.0 %,-2935,0,-2.9 %,0.0 %,75.0 %,100.0 %,75.0 %,100.0 %,75.0 %,100.0 %,64,48,-1467,0,75.0 %,100.0 %
GTO,21d RSI GTO LT48 - L GTO,0.9 %,1.8 %,461,885,21.1 %,5.2 %,4.4 %,34.3 %,0.0 %,-0.1 %,6,3,0.5,0.2,83.3 %,100.0 %,0.2,,77,294,0.2 %,0.6 %,5,3.3,1,0,5,3,1,0,5,3,1,0,3,3,5,,5,3,1.2,,0.2,2.8,-3935,0,-3.9 %,0.0 %,-3935,0,-3.9 %,0.0 %,-3122,0,-3.1 %,0.0 %,83.3 %,100.0 %,83.3 %,100.0 %,83.3 %,100.0 %,486,294,-1968,0,75.0 %,100.0 %
GUNR,21d RSI GUNR LT35 - L GUNR,3.3 %,6.1 %,1661,3039,15.9 %,5.2 %,20.9 %,117.8 %,-18.0 %,-1.4 %,8,4,0.7,0.3,50.0 %,100.0 %,1.2,,208,744,0.4 %,1.5 %,3,2.2,2,0,3,4,3,0,3,3,1,0,2,1,1,,4,4,1.2,,0.2,5.8,-17588,0,-17.6 %,0.0 %,-18368,0,-18.4 %,0.0 %,-432,0,-0.4 %,0.0 %,50.0 %,100.0 %,50.0 %,100.0 %,50.0 %,100.0 %,3071,744,-2655,0,66.7 %,100.0 %
GUSH,8d RSI GUSH LT24 - L GUSH,-132.0 %,51.0 %,-65999,25504,27.6 %,6.8 %,-477.4 %,756.1 %,-170.8 %,-11.6 %,7,5,0.6,0.4,28.6 %,100.0 %,0.4,,-9428,4316,-18.9 %,8.6 %,5.7,2.4,4,0,2,5,3,0,2,5,2,0,1,4,0.4,,2,5,0.2,,-1.5,6.6,-154280,0,-154.3 %,0.0 %,-138658,0,-138.7 %,0.0 %,-154280,0,-154.3 %,0.0 %,28.6 %,100.0 %,28.6 %,100.0 %,33.3 %,100.0 %,6939,4316,-15976,0,25.0 %,100.0 %
GVAL,18d RSI GVAL LT36 - L GVAL,-2.0 %,6.4 %,-982,3206,19.9 %,10.7 %,-9.9 %,59.9 %,-17.2 %,-1.4 %,10,7,0.8,0.6,70.0 %,100.0 %,0.4,,-98,446,-0.2 %,0.9 %,2.6,2.9,3,0,7,7,2,0,6,6,1,0,3,2,2.3,,7,7,0.9,,-0.1,5.7,-20929,0,-20.9 %,0.0 %,-20929,0,-20.9 %,0.0 %,-12255,0,-12.3 %,0.0 %,70.0 %,100.0 %,70.0 %,100.0 %,75.0 %,100.0 %,1355,446,-3488,0,75.0 %,100.0 %
GVI,21d RSI GVI LT48 - L GVI,2.0 %,1.2 %,982,596,17.0 %,7.5 %,11.5 %,15.8 %,-0.0 %,-0.3 %,6,5,0.5,0.4,66.7 %,100.0 %,16.9,,164,119,0.3 %,0.2 %,4.2,2.8,1,0,2,5,1,0,2,5,0,0,3,4,2,,4,5,33.9,,1.8,6.3,-39,0,-0.0 %,0.0 %,-39,0,-0.0 %,0.0 %,0,0,0.0 %,0.0 %,66.7 %,100.0 %,66.7 %,100.0 %,80.0 %,100.0 %,253,119,-15,0,100.0 %,100.0 %
HACK,21d RSI HACK LT39 - L HACK,3.7 %,18.4 %,1855,9176,13.3 %,7.9 %,28.0 %,231.2 %,-14.8 %,-1.1 %,5,7,0.4,0.6,60.0 %,100.0 %,0.8,,371,1223,0.7 %,2.5 %,3.8,1.9,2,0,3,7,2,0,3,7,0,0,2,4,1.5,,3,7,1.2,,0.2,4.4,-16267,0,-16.3 %,0.0 %,-16267,0,-16.3 %,0.0 %,0,0,0.0 %,0.0 %,60.0 %,100.0 %,60.0 %,100.0 %,60.0 %,100.0 %,3330,1223,-4067,0,100.0 %,100.0 %
HDEF,20d RSI HDEF LT38 - L HDEF,-17.3 %,2.5 %,-8638,1223,14.4 %,6.0 %,-120.3 %,41.1 %,-18.8 %,-2.2 %,5,5,0.4,0.4,40.0 %,80.0 %,0.4,1.9,-1728,243,-3.5 %,0.5 %,4.2,2,2,1,1,2,3,1,1,2,1,0,1,3,0.7,4,2,4,0.2,7.6,-1.3,2,-18760,-183,-18.8 %,-0.4 %,-19189,-183,-19.2 %,-0.4 %,-19189,0,-19.2 %,0.0 %,40.0 %,80.0 %,40.0 %,80.0 %,25.0 %,75.0 %,1429,350,-3832,-183,50.0 %,100.0 %
HDGE,6d RSI HDGE LT14 - L HDGE,6.5 %,3.5 %,3270,1727,13.6 %,5.6 %,48.2 %,62.2 %,-3.6 %,-1.6 %,7,4,0.6,0.3,42.9 %,75.0 %,3.4,1.9,467,430,0.9 %,0.9 %,3.4,2.5,2,1,2,2,2,1,2,2,2,0,2,3,0.8,3,3,3,2.5,5.7,0.8,1.4,-4017,-365,-4.0 %,-0.7 %,-4017,-365,-4.0 %,-0.7 %,-219,0,-0.2 %,0.0 %,42.9 %,75.0 %,42.9 %,75.0 %,42.9 %,75.0 %,1796,695,-530,-365,50.0 %,100.0 %
HDV,15d RSI HDV LT37 - L HDV,-3.2 %,8.4 %,-1588,4221,18.4 %,6.3 %,-17.3 %,133.0 %,-8.8 %,-1.9 %,8,5,0.7,0.4,50.0 %,80.0 %,0.8,7.8,-199,820,-0.4 %,1.6 %,3.6,2.2,3,1,2,3,3,1,2,3,1,1,2,2,1,4,4,4,0.8,31.3,-0.4,3.6,-8518,-135,-8.5 %,-0.3 %,-8836,-135,-8.8 %,-0.3 %,-8836,-135,-8.8 %,-0.3 %,50.0 %,80.0 %,50.0 %,80.0 %,50.0 %,80.0 %,1242,1058,-1639,-135,75.0 %,75.0 %
HEFA,14d RSI HEFA LT37 - L HEFA,9.3 %,9.6 %,4653,4791,14.7 %,5.6 %,63.2 %,172.5 %,-10.7 %,-0.9 %,9,6,0.8,0.5,66.7 %,100.0 %,0.8,,517,770,1.0 %,1.5 %,2.2,1.3,2,0,4,6,2,0,3,5,0,0,3,3,2,,6,6,1.6,,0.7,5.4,-9409,0,-9.4 %,0.0 %,-10935,0,-10.9 %,0.0 %,0,0,0.0 %,0.0 %,66.7 %,100.0 %,66.7 %,100.0 %,66.7 %,100.0 %,1974,770,-2396,0,100.0 %,100.0 %
HEWJ,21d RSI HEWJ LT38 - L HEWJ,3.3 %,14.2 %,1652,7127,100.0 %,5.2 %,3.3 %,276.3 %,-7.8 %,-0.1 %,6,6,0.5,0.5,50.0 %,100.0 %,1.3,,275,1126,0.6 %,2.2 %,2.2,1.2,2,0,2,6,2,0,1,5,0,0,1,4,1,,3,6,1.3,,0.3,5.3,-7695,0,-7.7 %,0.0 %,-9454,0,-9.5 %,0.0 %,0,0,0.0 %,0.0 %,50.0 %,100.0 %,50.0 %,100.0 %,33.3 %,100.0 %,2524,1126,-1973,0,100.0 %,100.0 %
HFXI,21d RSI HFXI LT40 - L HFXI,2.0 %,5.7 %,999,2830,14.4 %,5.2 %,13.9 %,109.7 %,-10.7 %,-2.7 %,8,5,0.7,0.4,62.5 %,80.0 %,0.7,1.1,125,559,0.2 %,1.1 %,2.2,1.6,2,1,4,2,2,1,3,2,0,0,2,3,1.7,4,5,4,1.1,4.6,0.2,1.6,-10539,-779,-10.5 %,-1.6 %,-12059,-779,-12.1 %,-1.6 %,0,0,0.0 %,0.0 %,62.5 %,80.0 %,62.5 %,80.0 %,60.0 %,75.0 %,1730,894,-2550,-779,100.0 %,100.0 %
HTRB,13d RSI HTRB LT44 - L HTRB,-0.7 %,1.2 %,-372,617,14.8 %,5.2 %,-5.0 %,23.9 %,-3.7 %,-0.3 %,7,3,0.6,0.2,85.7 %,100.0 %,0.1,,-53,205,-0.1 %,0.4 %,3.6,2.7,1,0,5,3,1,0,4,3,1,0,3,3,6,,6,3,0.8,,-0.2,10.5,-3725,0,-3.7 %,0.0 %,-2296,0,-2.3 %,0.0 %,-2296,0,-2.3 %,0.0 %,85.7 %,100.0 %,85.7 %,100.0 %,83.3 %,100.0 %,248,205,-1862,0,80.0 %,100.0 %
HYD,21d RSI HYD LT53 - L HYD,3.0 %,0.8 %,1518,388,51.7 %,12.3 %,5.9 %,6.3 %,-3.4 %,-0.6 %,14,6,1.2,0.5,71.4 %,83.3 %,0.4,,108,64,0.2 %,0.1 %,5.3,4.2,1,1,7,3,1,1,7,3,1,1,4,2,2.5,5,10,5,1.1,,0.1,2.7,-28443,0,-28.4 %,0.0 %,-28443,0,-28.4 %,0.0 %,-5536,0,-5.5 %,0.0 %,71.4 %,83.3 %,71.4 %,83.3 %,72.7 %,83.3 %,1743,77,-3977,0,66.7 %,80.0 %
HYDB,4d RSI HYDB LT20 - L HYDB,-13.1 %,3.2 %,-6547,1615,15.4 %,8.7 %,-84.9 %,37.0 %,-13.7 %,-0.3 %,7,7,0.6,0.6,57.1 %,85.7 %,0.1,3.1,-935,228,-1.9 %,0.5 %,3.4,2.1,1,1,1,6,1,1,1,6,1,1,1,5,1.3,6,4,6,0.2,18.8,-1,3,-13510,-90,-13.5 %,-0.2 %,-13510,-90,-13.5 %,-0.2 %,-13711,-30,-13.7 %,-0.1 %,57.1 %,85.7 %,57.1 %,85.7 %,57.1 %,85.7 %,292,281,-2572,-90,60.0 %,83.3 %
HYEM,3d RSI HYEM LT14 - L HYEM,-6.9 %,1.3 %,-3440,659,17.8 %,5.6 %,-38.6 %,23.7 %,-1.2 %,-1.9 %,3,4,0.2,0.3,0.0 %,75.0 %,0,,-1147,164,-2.3 %,0.3 %,8.3,2.5,3,1,0,3,3,1,0,3,2,1,0,3,0,3,0,3,0,,-1.6,3.2,-6879,0,-6.9 %,0.0 %,-6879,0,-6.9 %,0.0 %,-6879,0,-6.9 %,0.0 %,0.0 %,75.0 %,0.0 %,75.0 %,0.0 %,75.0 %,0,219,-1147,0,0.0 %,75.0 %
HYG,9d RSI HYG LT32 - L HYG,-8.9 %,3.3 %,-4471,1629,15.0 %,6.0 %,-59.6 %,54.8 %,-11.0 %,-0.4 %,6,5,0.5,0.4,50.0 %,100.0 %,0.2,,-745,322,-1.5 %,0.6 %,4,2,2,0,1,5,2,0,1,5,1,0,1,4,1,,3,5,0.2,,-0.9,5.3,-11079,0,-11.1 %,0.0 %,-11079,0,-11.1 %,0.0 %,-11079,0,-11.1 %,0.0 %,50.0 %,100.0 %,50.0 %,100.0 %,50.0 %,100.0 %,380,322,-1871,0,60.0 %,100.0 %
HYLB,18d RSI HYLB LT42 - L HYLB,-4.8 %,4.2 %,-2407,2127,18.8 %,5.6 %,-25.7 %,76.6 %,-10.8 %,-0.3 %,8,6,0.7,0.5,50.0 %,100.0 %,0.6,,-301,349,-0.6 %,0.7 %,3.1,1.3,4,0,3,6,3,0,2,6,1,0,2,4,1,,4,6,0.6,,-0.6,4.3,-10871,0,-10.9 %,0.0 %,-6841,0,-6.8 %,0.0 %,-6841,0,-6.8 %,0.0 %,50.0 %,100.0 %,50.0 %,100.0 %,50.0 %,100.0 %,757,349,-1359,0,75.0 %,100.0 %
HYLS,21d RSI HYLS LT49 - L HYLS,-13.3 %,2.7 %,-6632,1329,22.2 %,6.0 %,-59.7 %,44.6 %,-14.3 %,-0.1 %,6,5,0.5,0.4,66.7 %,100.0 %,0.1,,-1105,263,-2.2 %,0.5 %,5.7,2,2,0,4,5,2,0,3,4,1,0,3,4,2,,4,5,0.3,,-1,3.9,-18038,0,-18.0 %,0.0 %,-16321,0,-16.3 %,0.0 %,-16321,0,-16.3 %,0.0 %,66.7 %,100.0 %,66.7 %,100.0 %,60.0 %,100.0 %,597,263,-4510,0,75.0 %,100.0 %
HYMB,16d RSI HYMB LT44 - L HYMB,-5.2 %,1.7 %,-2577,862,17.0 %,10.3 %,-30.4 %,16.7 %,0.0 %,-0.4 %,5,5,0.4,0.4,80.0 %,100.0 %,0.2,,-515,171,-1.0 %,0.3 %,4.8,4.2,1,0,4,5,1,0,4,5,1,0,3,4,4,,4,5,0.7,,-0.2,4,-19352,0,-19.4 %,0.0 %,-19352,0,-19.4 %,0.0 %,-6918,0,-6.9 %,0.0 %,80.0 %,100.0 %,80.0 %,100.0 %,80.0 %,100.0 %,1775,171,-9676,0,75.0 %,100.0 %
HYS,15d RSI HYS LT40 - L HYS,-8.3 %,3.2 %,-4156,1622,18.8 %,7.1 %,-44.3 %,45.4 %,-14.0 %,-0.4 %,7,6,0.6,0.5,57.1 %,100.0 %,0.3,,-594,267,-1.2 %,0.5 %,3.7,2,3,0,3,6,3,0,2,6,1,0,2,5,1.3,,4,6,0.4,,-0.8,3.9,-14028,0,-14.0 %,0.0 %,-9914,0,-9.9 %,0.0 %,-9914,0,-9.9 %,0.0 %,57.1 %,100.0 %,57.1 %,100.0 %,50.0 %,100.0 %,714,267,-2338,0,75.0 %,100.0 %
IAGG,16d RSI IAGG LT43 - L IAGG,-0.5 %,1.2 %,-235,615,9.7 %,9.1 %,-4.8 %,13.5 %,0.0 %,-0.3 %,4,8,0.3,0.7,75.0 %,87.5 %,0.2,4.2,-59,76,-0.1 %,0.1 %,3.2,1.9,1,1,3,4,1,1,3,3,1,0,2,4,3,7,3,7,0.7,29.6,-0.2,3.3,-1853,-21,-1.9 %,-0.0 %,-1853,-21,-1.9 %,-0.0 %,-803,0,-0.8 %,0.0 %,75.0 %,87.5 %,75.0 %,87.5 %,75.0 %,85.7 %,231,90,-927,-21,66.7 %,100.0 %
IAI,19d RSI IAI LT44 - L IAI,5.5 %,20.5 %,2746,10230,25.4 %,14.3 %,21.6 %,143.2 %,-10.3 %,-3.3 %,11,13,0.9,1.1,54.5 %,84.6 %,1.1,7.2,250,725,0.5 %,1.4 %,3.2,1.8,3,2,3,10,2,1,3,7,1,0,4,5,1.2,5.5,6,11,1.4,39.6,0.4,4.4,-13810,-244,-13.8 %,-0.5 %,-13810,-36,-13.8 %,-0.1 %,-6335,0,-6.3 %,0.0 %,54.5 %,84.6 %,54.5 %,84.6 %,55.6 %,88.9 %,1732,878,-1529,-122,80.0 %,100.0 %
IAT,20d RSI IAT LT39 - L IAT,-6.2 %,15.1 %,-3099,7540,21.6 %,7.5 %,-28.7 %,200.0 %,-24.8 %,-1.6 %,9,7,0.8,0.6,66.7 %,100.0 %,0.4,,-344,1015,-0.7 %,2.0 %,3.2,1.7,2,0,3,7,2,0,2,6,2,0,2,4,2,,6,7,0.8,,-0.3,7.3,-25078,0,-25.1 %,0.0 %,-25078,0,-25.1 %,0.0 %,-12508,0,-12.5 %,0.0 %,66.7 %,100.0 %,66.7 %,100.0 %,62.5 %,100.0 %,1650,1015,-4333,0,60.0 %,100.0 %
IAU,4d RSI IAU LT17 - L IAU,-0.5 %,1.5 %,-262,768,7.4 %,5.6 %,-7.0 %,27.6 %,-1.2 %,-0.8 %,3,3,0.2,0.2,66.7 %,100.0 %,0.3,,-87,255,-0.2 %,0.5 %,3.3,3.7,1,0,1,3,1,0,1,3,1,0,1,3,2,,2,3,0.5,,-0.4,2.9,-1157,0,-1.2 %,0.0 %,-1157,0,-1.2 %,0.0 %,-1157,0,-1.2 %,0.0 %,66.7 %,100.0 %,66.7 %,100.0 %,66.7 %,100.0 %,158,255,-579,0,66.7 %,100.0 %
IBB,20d RSI IBB LT38 - L IBB,13.9 %,9.8 %,6944,4898,68.4 %,6.0 %,20.3 %,164.6 %,-2.9 %,-2.0 %,4,5,0.3,0.4,75.0 %,100.0 %,1.8,,1736,945,3.5 %,1.9 %,2.2,2,1,0,2,5,1,0,2,5,0,0,1,4,3,,3,5,5.5,,1.8,5.6,-3080,0,-3.1 %,0.0 %,-3080,0,-3.1 %,0.0 %,0,0,0.0 %,0.0 %,75.0 %,100.0 %,75.0 %,100.0 %,75.0 %,100.0 %,2828,945,-1540,0,100.0 %,100.0 %
IBDR,21d RSI IBDR LT51 - L IBDR,-3.3 %,0.7 %,-1632,363,28.9 %,5.2 %,-11.3 %,14.1 %,-0.3 %,-0.7 %,11,4,0.9,0.3,63.6 %,75.0 %,0.4,1.2,-148,91,-0.3 %,0.2 %,3.5,2.2,2,1,5,3,2,0,5,3,1,0,2,2,1.8,3,7,3,0.7,3.5,-0.3,1.3,-298,-146,-0.3 %,-0.3 %,-7880,0,-7.9 %,0.0 %,-7880,0,-7.9 %,0.0 %,63.6 %,75.0 %,63.6 %,75.0 %,71.4 %,100.0 %,526,170,-1328,-146,60.0 %,100.0 %
IBDS,21d RSI IBDS LT51 - L IBDS,-3.1 %,1.1 %,-1530,533,24.7 %,6.8 %,-12.4 %,15.8 %,0.0 %,-0.8 %,11,5,0.9,0.4,81.8 %,60.0 %,0.2,8,-139,106,-0.3 %,0.2 %,3,2.4,1,1,5,3,1,1,7,3,1,0,2,3,4.5,1.5,9,3,0.7,12,-0.3,2.1,-10750,-24,-10.7 %,-0.1 %,-8182,-24,-8.2 %,-0.1 %,-7473,0,-7.5 %,0.0 %,81.8 %,60.0 %,81.8 %,60.0 %,87.5 %,75.0 %,427,193,-2687,-24,60.0 %,100.0 %
IBND,7d RSI IBND LT31 - L IBND,-5.6 %,2.9 %,-2822,1425,16.5 %,6.3 %,-34.2 %,44.9 %,-10.0 %,-0.4 %,7,7,0.6,0.6,57.1 %,100.0 %,0.4,,-403,201,-0.8 %,0.4 %,3.9,1.3,2,0,2,7,2,0,2,6,2,0,1,5,1.3,,4,7,0.5,,-0.6,11.4,-10094,0,-10.1 %,0.0 %,-10094,0,-10.1 %,0.0 %,-7436,0,-7.4 %,0.0 %,57.1 %,100.0 %,57.1 %,100.0 %,57.1 %,100.0 %,648,201,-1805,0,50.0 %,100.0 %
ICF,21d RSI ICF LT39 - L ICF,4.8 %,7.8 %,2413,3925,11.8 %,6.3 %,40.9 %,123.6 %,-6.9 %,-0.9 %,5,4,0.4,0.3,60.0 %,100.0 %,1.1,,483,957,1.0 %,1.9 %,3.2,3,2,0,2,4,1,0,2,3,0,0,2,3,1.5,,3,4,1.7,,0.5,3.4,-7032,0,-7.0 %,0.0 %,-2000,0,-2.0 %,0.0 %,0,0,0.0 %,0.0 %,60.0 %,100.0 %,60.0 %,100.0 %,75.0 %,100.0 %,1976,957,-1758,0,100.0 %,100.0 %
ICLN,19d RSI ICLN LT45 - L ICLN,0.2 %,13.6 %,79,6800,100.0 %,10.3 %,0.2 %,131.8 %,0.0 %,-1.5 %,4,7,0.3,0.6,75.0 %,100.0 %,0.3,,20,922,0.0 %,1.8 %,4.2,2.7,1,0,3,7,1,0,2,6,1,0,1,5,3,,3,7,1,,0,4.2,-16202,0,-16.2 %,0.0 %,-16202,0,-16.2 %,0.0 %,-3319,0,-3.3 %,0.0 %,75.0 %,100.0 %,75.0 %,100.0 %,66.7 %,100.0 %,2727,922,-8101,0,50.0 %,100.0 %
ICOW,15d RSI ICOW LT31 - L ICOW,-13.4 %,8.0 %,-6702,4008,65.8 %,6.0 %,-20.4 %,134.7 %,-24.0 %,-1.3 %,5,6,0.4,0.5,60.0 %,100.0 %,0.3,,-1340,647,-2.7 %,1.3 %,4,1.5,2,0,2,6,2,0,2,5,1,0,1,3,1.5,,3,6,0.5,,-0.7,6.1,-24451,0,-24.5 %,0.0 %,-24451,0,-24.5 %,0.0 %,-15119,0,-15.1 %,0.0 %,60.0 %,100.0 %,60.0 %,100.0 %,60.0 %,100.0 %,1841,647,-6113,0,50.0 %,100.0 %
ICSH,3d RSI ICSH LT69 - L ICSH,0.0 %,2.0 %,8,993,73.1 %,48.4 %,0.0 %,4.1 %,-1.2 %,-0.1 %,13,27,1.1,2.2,84.6 %,100.0 %,0.2,,1,36,0.0 %,0.1 %,12.7,3.5,2,0,8,27,2,0,8,26,1,0,6,12,5.5,,11,27,1,,0,11.6,-1241,0,-1.2 %,0.0 %,-1241,0,-1.2 %,0.0 %,-1075,0,-1.1 %,0.0 %,84.6 %,100.0 %,84.6 %,100.0 %,84.6 %,100.0 %,57,36,-310,0,88.9 %,100.0 %
ICVT,16d RSI ICVT LT40 - L ICVT,-2.6 %,6.2 %,-1323,3099,84.2 %,8.7 %,-3.1 %,71.0 %,-14.3 %,-1.8 %,4,7,0.3,0.6,50.0 %,85.7 %,0.8,1.8,-331,433,-0.7 %,0.9 %,3,2.1,2,1,1,5,2,1,1,5,1,0,0,5,1,6,2,6,0.8,10.9,-0.2,2.9,-14600,-307,-14.6 %,-0.6 %,-14600,-307,-14.6 %,-0.6 %,-2645,0,-2.6 %,0.0 %,50.0 %,85.7 %,50.0 %,85.7 %,50.0 %,85.7 %,2989,556,-3650,-307,0.0 %,100.0 %
IDEV,21d RSI IDEV LT43 - L IDEV,6.9 %,8.8 %,3467,4393,19.3 %,10.7 %,36.0 %,82.0 %,-13.0 %,-2.8 %,10,10,0.8,0.8,70.0 %,90.0 %,0.6,0.9,347,426,0.7 %,0.8 %,2.8,1.7,2,1,5,5,2,1,4,5,0,0,4,4,2.3,9,7,9,1.4,8.5,0.5,2.5,-12256,-568,-12.3 %,-1.1 %,-13249,-568,-13.2 %,-1.1 %,0,0,0.0 %,0.0 %,70.0 %,90.0 %,70.0 %,90.0 %,71.4 %,88.9 %,1657,536,-2712,-568,100.0 %,100.0 %
IDMO,19d RSI IDMO LT39 - L IDMO,-20.0 %,8.1 %,-9982,4038,17.9 %,10.3 %,-111.7 %,78.3 %,-24.8 %,-0.7 %,6,4,0.5,0.3,50.0 %,100.0 %,0.3,,-1664,988,-3.3 %,2.0 %,4.3,5.5,2,0,2,4,3,0,2,4,1,0,2,4,1,,3,4,0.3,,-1,2.2,-24038,0,-24.0 %,0.0 %,-27153,0,-27.2 %,0.0 %,-23829,0,-23.8 %,0.0 %,50.0 %,100.0 %,50.0 %,100.0 %,40.0 %,100.0 %,1233,988,-4560,0,66.7 %,100.0 %
IDU,3d RSI IDU LT14 - L IDU,5.2 %,4.7 %,2619,2323,14.4 %,5.2 %,36.3 %,90.1 %,-1.2 %,-1.2 %,6,4,0.5,0.3,66.7 %,100.0 %,1.1,,437,572,0.9 %,1.1 %,3.3,2.2,1,0,2,4,1,0,2,4,1,0,2,4,2,,4,4,2.1,,0.7,3.8,-3439,0,-3.4 %,0.0 %,-3439,0,-3.4 %,0.0 %,-1244,0,-1.2 %,0.0 %,66.7 %,100.0 %,66.7 %,100.0 %,66.7 %,100.0 %,1240,572,-1171,0,80.0 %,100.0 %
IDV,15d RSI IDV LT34 - L IDV,-13.5 %,1.7 %,-6732,864,14.4 %,5.2 %,-93.7 %,33.5 %,-19.9 %,-2.8 %,6,4,0.5,0.3,66.7 %,75.0 %,0.2,1,-1122,216,-2.2 %,0.4 %,3.3,2.2,1,1,3,2,2,1,3,1,1,0,1,2,2,3,4,3,0.5,3.1,-0.7,1.1,-19278,-404,-19.3 %,-0.8 %,-22233,-404,-22.2 %,-0.8 %,-15710,0,-15.7 %,0.0 %,66.7 %,75.0 %,66.7 %,75.0 %,60.0 %,66.7 %,1449,423,-6265,-404,50.0 %,100.0 %
IDX,7d RSI IDX LT20 - L IDX,-14.4 %,6.0 %,-7186,3006,14.3 %,6.0 %,-100.6 %,101.0 %,-21.6 %,-2.3 %,5,6,0.4,0.5,60.0 %,83.3 %,0.3,1.5,-1437,491,-2.9 %,1.0 %,3.6,1.5,1,1,1,3,1,1,1,3,1,0,1,4,1.5,5,3,5,0.5,7.6,-0.6,2.3,-21933,-446,-21.9 %,-0.9 %,-21933,-446,-21.9 %,-0.9 %,-21706,0,-21.7 %,0.0 %,60.0 %,83.3 %,60.0 %,83.3 %,60.0 %,83.3 %,2284,679,-7019,-446,66.7 %,100.0 %
IEF,17d RSI IEF LT43 - L IEF,1.6 %,1.7 %,820,846,27.1 %,7.1 %,6.1 %,23.7 %,-0.3 %,-0.2 %,9,5,0.8,0.4,77.8 %,100.0 %,1,,91,168,0.2 %,0.3 %,3,2.6,1,0,4,5,1,0,4,5,1,0,2,4,3.5,,7,5,3.4,,1.7,3.8,-392,0,-0.4 %,0.0 %,-392,0,-0.4 %,0.0 %,-392,0,-0.4 %,0.0 %,77.8 %,100.0 %,77.8 %,100.0 %,77.8 %,100.0 %,165,168,-169,0,66.7 %,100.0 %
IEFA,21d RSI IEFA LT42 - L IEFA,16.7 %,7.6 %,8369,3815,18.8 %,9.9 %,89.1 %,76.9 %,-12.3 %,-3.0 %,11,9,0.9,0.8,72.7 %,88.9 %,0.8,0.8,761,414,1.5 %,0.8 %,2.4,1.8,2,1,6,4,2,1,5,4,0,0,4,4,2.7,8,8,8,2.1,6.1,1.1,2.1,-11603,-725,-11.6 %,-1.4 %,-12569,-725,-12.6 %,-1.4 %,0,0,0.0 %,0.0 %,72.7 %,88.9 %,72.7 %,88.9 %,75.0 %,87.5 %,2009,556,-2569,-725,100.0 %,100.0 %
IEI,19d RSI IEI LT45 - L IEI,0.9 %,1.4 %,458,717,26.5 %,9.9 %,3.5 %,14.4 %,-0.1 %,-0.4 %,10,6,0.8,0.5,90.0 %,100.0 %,1.1,,46,119,0.1 %,0.2 %,2.5,3.2,1,0,5,6,1,0,5,5,0,0,5,4,9,,9,6,10,,3.7,5.2,-101,0,-0.1 %,0.0 %,-101,0,-0.1 %,0.0 %,0,0,0.0 %,0.0 %,90.0 %,100.0 %,90.0 %,100.0 %,90.0 %,100.0 %,56,119,-51,0,100.0 %,100.0 %
IEMG,17d RSI IEMG LT33 - L IEMG,14.3 %,6.4 %,7157,3193,78.9 %,7.9 %,18.1 %,80.5 %,-3.8 %,-4.2 %,5,7,0.4,0.6,80.0 %,85.7 %,1.1,0.6,1431,449,2.9 %,0.9 %,2,1.9,1,1,2,3,0,1,4,3,0,0,1,2,4,6,4,6,4.6,3.7,1.7,1.8,-4001,-1154,-4.0 %,-2.3 %,0,-433,0.0 %,-0.9 %,0,0,0.0 %,0.0 %,80.0 %,85.7 %,80.0 %,85.7 %,100.0 %,80.0 %,2289,716,-2001,-1154,100.0 %,100.0 %
IEUR,21d RSI IEUR LT41 - L IEUR,0.6 %,9.9 %,303,4943,19.3 %,11.1 %,3.1 %,89.0 %,-17.3 %,-2.6 %,8,10,0.7,0.8,75.0 %,90.0 %,0.3,1.3,38,476,0.1 %,0.9 %,3.4,1.8,1,1,5,5,2,1,4,4,1,0,2,5,3,9,6,9,1,11.4,0,3.1,-17173,-459,-17.2 %,-0.9 %,-17663,-459,-17.7 %,-0.9 %,-5674,0,-5.7 %,0.0 %,75.0 %,90.0 %,75.0 %,90.0 %,66.7 %,88.9 %,1811,580,-5282,-459,66.7 %,100.0 %
IEV,20d RSI IEV LT41 - L IEV,8.2 %,9.3 %,4121,4629,19.9 %,10.3 %,41.4 %,89.7 %,-17.4 %,-2.6 %,9,9,0.8,0.8,77.8 %,88.9 %,0.4,1,458,497,0.9 %,1.0 %,3,1.9,1,1,6,5,2,1,5,4,0,0,4,5,3.5,8,7,8,1.4,8.1,0.4,2.7,-17313,-631,-17.3 %,-1.3 %,-17952,-631,-18.0 %,-1.3 %,0,0,0.0 %,0.0 %,77.8 %,88.9 %,77.8 %,88.9 %,71.4 %,87.5 %,2129,638,-5390,-631,100.0 %,100.0 %
IEZ,5d RSI IEZ LT11 - L IEZ,-48.2 %,8.8 %,-24117,4383,52.8 %,6.3 %,-91.4 %,138.1 %,-45.7 %,-4.2 %,3,5,0.2,0.4,0.0 %,80.0 %,0,2.9,-8039,853,-16.1 %,1.7 %,5.3,2.2,3,1,0,4,3,1,0,4,2,1,0,3,0,4,0,4,0,11.6,-1.8,2.5,-48234,-401,-48.2 %,-0.8 %,-48234,-401,-48.2 %,-0.8 %,-48234,-401,-48.2 %,-0.8 %,0.0 %,80.0 %,0.0 %,80.0 %,0.0 %,80.0 %,0,1167,-8039,-401,0.0 %,75.0 %
IGE,6d RSI IGE LT16 - L IGE,-15.2 %,4.6 %,-7607,2298,52.8 %,7.1 %,-28.8 %,64.3 %,-13.7 %,-2.7 %,3,4,0.2,0.3,0.0 %,100.0 %,0,,-2536,566,-5.1 %,1.1 %,5.3,3.5,3,0,0,4,3,0,0,4,2,0,0,4,0,,0,4,0,,-3.1,3,-15213,0,-15.2 %,0.0 %,-15213,0,-15.2 %,0.0 %,-15213,0,-15.2 %,0.0 %,0.0 %,100.0 %,0.0 %,100.0 %,0.0 %,100.0 %,0,566,-2536,0,0.0 %,100.0 %
IGEB,20d RSI IGEB LT51 - L IGEB,-4.1 %,3.4 %,-2037,1699,32.6 %,10.3 %,-12.5 %,32.9 %,-0.4 %,-0.8 %,13,9,1.1,0.8,84.6 %,88.9 %,0.1,1.9,-157,186,-0.3 %,0.4 %,3.2,1.9,1,1,7,8,1,0,4,7,1,0,4,4,5.5,8,11,8,0.6,15.4,-0.4,4.1,-10962,-116,-11.0 %,-0.2 %,-7542,0,-7.5 %,0.0 %,-7410,0,-7.4 %,0.0 %,84.6 %,88.9 %,84.6 %,88.9 %,77.8 %,100.0 %,331,224,-2840,-116,80.0 %,100.0 %
IGF,19d RSI IGF LT43 - L IGF,-12.7 %,4.2 %,-6338,2084,23.3 %,5.2 %,-54.3 %,80.8 %,-30.3 %,-2.5 %,9,4,0.8,0.3,66.7 %,75.0 %,0.3,2.5,-704,516,-1.4 %,1.0 %,3.7,2.2,1,1,4,2,1,1,3,1,1,0,3,2,2,3,6,3,0.6,7.4,-0.4,1.8,-30568,-321,-30.6 %,-0.6 %,-23913,-321,-23.9 %,-0.6 %,-22997,0,-23.0 %,0.0 %,66.7 %,75.0 %,66.7 %,75.0 %,80.0 %,66.7 %,1792,795,-5697,-321,75.0 %,100.0 %
IGIB,20d RSI IGIB LT51 - L IGIB,-2.0 %,1.5 %,-1016,768,25.3 %,8.7 %,-8.0 %,17.6 %,0.0 %,-0.7 %,11,6,0.9,0.5,90.9 %,83.3 %,0.1,7.2,-92,127,-0.2 %,0.2 %,3.1,2.7,1,1,10,5,1,0,7,5,1,0,4,3,10,5,10,5,0.8,35.8,-0.2,4.1,-9336,-22,-9.3 %,-0.0 %,-6116,0,-6.1 %,0.0 %,-5343,0,-5.3 %,0.0 %,90.9 %,83.3 %,90.9 %,83.3 %,87.5 %,100.0 %,365,157,-4668,-22,80.0 %,100.0 %
IGLB,19d RSI IGLB LT48 - L IGLB,2.6 %,1.6 %,1320,804,36.0 %,6.3 %,7.3 %,25.3 %,-0.6 %,-1.5 %,14,5,1.2,0.4,78.6 %,80.0 %,0.3,1.8,94,160,0.2 %,0.3 %,3.4,2.2,1,1,6,4,1,1,5,4,1,1,6,2,3.7,4,11,4,1.2,7.1,0.2,2.3,-13421,-131,-13.4 %,-0.3 %,-6818,-131,-6.8 %,-0.3 %,-6818,-131,-6.8 %,-0.3 %,78.6 %,80.0 %,78.6 %,80.0 %,80.0 %,80.0 %,762,233,-2356,-131,85.7 %,66.7 %
IGM,20d RSI IGM LT42 - L IGM,5.4 %,10.3 %,2699,5144,100.0 %,6.0 %,5.4 %,172.8 %,-4.2 %,-5.0 %,4,5,0.3,0.4,50.0 %,80.0 %,2.3,2.9,675,997,1.3 %,2.0 %,4.2,2,2,1,1,2,1,1,1,2,0,1,1,2,1,4,2,4,2.3,11.7,0.6,2.4,-4208,-468,-4.2 %,-0.9 %,-4208,-468,-4.2 %,-0.9 %,0,-468,0.0 %,-0.9 %,50.0 %,80.0 %,50.0 %,80.0 %,66.7 %,80.0 %,2402,1364,-1052,-468,100.0 %,80.0 %
IGOV,7d RSI IGOV LT24 - L IGOV,1.6 %,2.4 %,786,1213,7.0 %,5.6 %,22.6 %,43.7 %,0.0 %,-0.1 %,3,4,0.2,0.3,100.0 %,100.0 %,,,262,301,0.5 %,0.6 %,2.7,2.5,0,0,3,4,0,0,3,4,0,0,3,4,,,3,4,,,3,3.7,0,0,0.0 %,0.0 %,0,0,0.0 %,0.0 %,0,0,0.0 %,0.0 %,100.0 %,100.0 %,100.0 %,100.0 %,100.0 %,100.0 %,262,301,0,0,100.0 %,100.0 %
IGSB,21d RSI IGSB LT50 - L IGSB,-3.6 %,0.7 %,-1792,367,16.9 %,6.3 %,-21.2 %,11.6 %,0.0 %,-0.1 %,5,3,0.4,0.2,80.0 %,66.7 %,0.1,,-358,122,-0.7 %,0.2 %,4,4.3,1,1,4,2,1,1,3,2,1,0,2,2,4,2,4,2,0.5,,-0.5,2.2,-6819,0,-6.8 %,0.0 %,-5282,0,-5.3 %,0.0 %,-4399,0,-4.4 %,0.0 %,80.0 %,66.7 %,80.0 %,66.7 %,75.0 %,66.7 %,404,183,-3409,0,66.7 %,100.0 %
IGV,16d RSI IGV LT40 - L IGV,10.2 %,20.6 %,5118,10273,13.7 %,7.1 %,74.5 %,287.6 %,-6.4 %,-1.7 %,5,6,0.4,0.5,60.0 %,100.0 %,1.7,,1024,1586,2.0 %,3.2 %,4,2,2,0,2,6,1,0,2,6,0,0,2,4,1.5,,3,6,2.6,,0.8,6.1,-6378,0,-6.4 %,0.0 %,-6378,0,-6.4 %,0.0 %,0,0,0.0 %,0.0 %,60.0 %,100.0 %,60.0 %,100.0 %,75.0 %,100.0 %,2769,1586,-1595,0,100.0 %,100.0 %
IHDG,21d RSI IHDG LT45 - L IHDG,17.6 %,13.8 %,8822,6876,19.9 %,10.3 %,88.7 %,133.3 %,-6.0 %,-0.8 %,12,10,1,0.8,66.7 %,100.0 %,1.2,,735,650,1.5 %,1.3 %,2,1.6,2,0,6,10,2,0,4,9,1,0,2,5,2,,8,10,2.4,,1.4,5.5,-5940,0,-5.9 %,0.0 %,-7310,0,-7.3 %,0.0 %,-1807,0,-1.8 %,0.0 %,66.7 %,100.0 %,66.7 %,100.0 %,62.5 %,100.0 %,1870,650,-1535,0,75.0 %,100.0 %
IHE,19d RSI IHE LT36 - L IHE,8.1 %,9.8 %,4070,4888,90.5 %,5.6 %,9.0 %,176.0 %,-1.5 %,-0.7 %,6,5,0.5,0.4,50.0 %,100.0 %,2.7,,678,944,1.4 %,1.9 %,2.2,1.8,1,0,2,5,1,0,3,5,0,0,1,4,1,,3,5,2.7,,1.1,4,-1718,0,-1.7 %,0.0 %,-1410,0,-1.4 %,0.0 %,0,0,0.0 %,0.0 %,50.0 %,100.0 %,50.0 %,100.0 %,75.0 %,100.0 %,2147,944,-790,0,100.0 %,100.0 %
IHF,8d RSI IHF LT24 - L IHF,0.5 %,6.4 %,251,3199,100.0 %,6.8 %,0.5 %,94.8 %,0.0 %,-2.9 %,1,4,0.1,0.3,100.0 %,100.0 %,,,251,784,0.5 %,1.6 %,4,3.2,0,0,1,4,0,0,1,4,0,0,1,4,,,1,4,,,0,3,0,0,0.0 %,0.0 %,0,0,0.0 %,0.0 %,0,0,0.0 %,0.0 %,100.0 %,100.0 %,100.0 %,100.0 %,100.0 %,100.0 %,251,784,0,0,100.0 %,100.0 %
IHI,17d RSI IHI LT41 - L IHI,-6.3 %,13.9 %,-3138,6976,16.2 %,6.3 %,-38.7 %,219.8 %,-13.1 %,-1.1 %,5,6,0.4,0.5,40.0 %,100.0 %,0.9,,-628,1103,-1.3 %,2.2 %,4,1.7,3,0,2,6,3,0,1,5,1,0,1,4,0.7,,2,6,0.6,,-0.5,5.7,-14794,0,-14.8 %,0.0 %,-8498,0,-8.5 %,0.0 %,-8498,0,-8.5 %,0.0 %,40.0 %,100.0 %,40.0 %,100.0 %,25.0 %,100.0 %,2129,1103,-2466,0,50.0 %,100.0 %
IJH,5d RSI IJH LT22 - L IJH,4.2 %,6.9 %,2119,3435,17.4 %,6.0 %,24.3 %,115.4 %,-12.3 %,-1.6 %,9,5,0.8,0.4,77.8 %,100.0 %,0.4,,235,669,0.5 %,1.3 %,2.9,2,2,0,5,5,2,0,4,5,1,0,2,5,3.5,,7,5,1.3,,0.3,6.9,-12707,0,-12.7 %,0.0 %,-12707,0,-12.7 %,0.0 %,-5610,0,-5.6 %,0.0 %,77.8 %,100.0 %,77.8 %,100.0 %,75.0 %,100.0 %,1210,669,-3177,0,80.0 %,100.0 %
IJJ,3d RSI IJJ LT11 - L IJJ,-4.2 %,8.8 %,-2076,4405,15.8 %,6.3 %,-26.3 %,138.8 %,-10.5 %,-1.9 %,7,5,0.6,0.4,71.4 %,100.0 %,0.2,,-297,853,-0.6 %,1.7 %,3.3,2.2,2,0,3,5,2,0,3,5,1,0,3,5,2.5,,5,5,0.6,,-0.5,4.4,-10681,0,-10.7 %,0.0 %,-10681,0,-10.7 %,0.0 %,-10681,0,-10.7 %,0.0 %,71.4 %,100.0 %,71.4 %,100.0 %,71.4 %,100.0 %,653,853,-2670,0,80.0 %,100.0 %
IJK,10d RSI IJK LT35 - L IJK,3.6 %,11.6 %,1824,5810,17.3 %,7.5 %,21.1 %,154.1 %,-6.8 %,-1.4 %,10,6,0.8,0.5,70.0 %,100.0 %,0.6,,182,926,0.4 %,1.9 %,2.4,2.2,2,0,5,6,1,0,4,6,1,0,2,5,2.3,,7,6,1.4,,0.4,6,-7068,0,-7.1 %,0.0 %,-7068,0,-7.1 %,0.0 %,-5016,0,-5.0 %,0.0 %,70.0 %,100.0 %,70.0 %,100.0 %,85.7 %,100.0 %,991,926,-1704,0,75.0 %,100.0 %
IJR,6d RSI IJR LT23 - L IJR,-17.5 %,5.0 %,-8745,2513,17.4 %,6.3 %,-100.3 %,79.2 %,-22.2 %,-1.8 %,5,5,0.4,0.4,60.0 %,100.0 %,0.2,,-1749,493,-3.5 %,1.0 %,5,2.2,2,0,2,5,2,0,2,5,1,0,1,5,1.5,,3,5,0.2,,-1,4.9,-22708,0,-22.7 %,0.0 %,-22708,0,-22.7 %,0.0 %,-21856,0,-21.9 %,0.0 %,60.0 %,100.0 %,60.0 %,100.0 %,60.0 %,100.0 %,870,493,-5677,0,66.7 %,100.0 %
IJS,6d RSI IJS LT22 - L IJS,-10.4 %,5.5 %,-5192,2775,16.0 %,5.6 %,-64.7 %,99.9 %,-23.3 %,-1.8 %,7,4,0.6,0.3,71.4 %,75.0 %,0.2,3.1,-742,685,-1.5 %,1.4 %,3.3,2.5,2,1,3,2,2,1,3,2,1,1,2,2,2.5,3,5,3,0.6,9.2,-0.5,1.9,-24042,-334,-24.0 %,-0.7 %,-24042,-334,-24.0 %,-0.7 %,-18227,-334,-18.2 %,-0.7 %,71.4 %,75.0 %,71.4 %,75.0 %,71.4 %,75.0 %,1366,1025,-6010,-334,75.0 %,75.0 %
IJT,7d RSI IJT LT26 - L IJT,-22.8 %,9.5 %,-11404,4752,16.4 %,6.8 %,-139.0 %,140.9 %,-28.3 %,-2.4 %,5,5,0.4,0.4,60.0 %,80.0 %,0.1,6,-2281,920,-4.6 %,1.8 %,5.4,2.4,2,1,2,4,2,1,2,4,1,1,2,4,1.5,4,3,4,0.2,23.9,-1,3.2,-28949,-201,-28.9 %,-0.4 %,-28949,-201,-28.9 %,-0.4 %,-28949,-201,-28.9 %,-0.4 %,60.0 %,80.0 %,60.0 %,80.0 %,60.0 %,80.0 %,1023,1201,-7237,-201,75.0 %,80.0 %
ILF,20d RSI ILF LT35 - L ILF,-21.8 %,11.9 %,-10908,5961,100.0 %,6.3 %,-21.8 %,187.8 %,-19.6 %,-1.6 %,4,5,0.3,0.4,0.0 %,100.0 %,0,,-2727,1142,-5.5 %,2.3 %,4.5,2.2,4,0,0,5,3,0,0,5,1,0,0,2,0,,0,5,0,,-2.3,4.7,-21816,0,-21.8 %,0.0 %,-21816,0,-21.8 %,0.0 %,-21816,0,-21.8 %,0.0 %,0.0 %,100.0 %,0.0 %,100.0 %,0.0 %,100.0 %,0,1142,-2727,0,0.0 %,100.0 %
IMCG,20d RSI IMCG LT44 - L IMCG,15.0 %,13.4 %,7484,6695,21.8 %,7.1 %,68.6 %,187.5 %,-8.3 %,-3.6 %,8,7,0.7,0.6,62.5 %,85.7 %,1.5,4.3,936,909,1.9 %,1.8 %,2.9,1.6,3,1,5,5,2,1,4,4,0,0,3,4,1.7,6,5,6,2.6,25.5,1.2,3.9,-9521,-260,-9.5 %,-0.5 %,-9521,-260,-9.5 %,-0.5 %,0,0,0.0 %,0.0 %,62.5 %,85.7 %,62.5 %,85.7 %,66.7 %,83.3 %,2449,1104,-1587,-260,100.0 %,100.0 %
IMTM,19d RSI IMTM LT46 - L IMTM,5.3 %,8.8 %,2643,4415,21.5 %,8.7 %,24.5 %,101.1 %,-14.9 %,-2.8 %,10,9,0.8,0.8,70.0 %,88.9 %,0.5,1.9,264,474,0.5 %,0.9 %,2.9,1.4,1,1,6,5,1,1,5,4,1,0,3,5,2.3,8,7,8,1.3,15.6,0.3,3.4,-14938,-293,-14.9 %,-0.6 %,-14938,-293,-14.9 %,-0.6 %,-1683,0,-1.7 %,0.0 %,70.0 %,88.9 %,70.0 %,88.9 %,75.0 %,87.5 %,1785,570,-3284,-293,75.0 %,100.0 %
INDA,16d RSI INDA LT33 - L INDA,-8.1 %,6.2 %,-4067,3075,100.0 %,6.8 %,-8.1 %,91.2 %,-2.3 %,-5.5 %,4,6,0.3,0.5,25.0 %,83.3 %,1.2,0.5,-1017,511,-2.0 %,1.0 %,4,1.8,2,1,1,3,1,1,1,2,1,0,0,3,0.3,5,1,5,0.4,2.7,-0.7,1.2,-11489,-1764,-11.5 %,-3.5 %,-11489,-263,-11.5 %,-0.5 %,-8134,0,-8.1 %,0.0 %,25.0 %,83.3 %,25.0 %,83.3 %,33.3 %,80.0 %,2773,966,-2280,-1764,0.0 %,100.0 %
INDY,16d RSI INDY LT30 - L INDY,-8.0 %,5.3 %,-3985,2677,100.0 %,5.2 %,-8.0 %,103.8 %,-3.5 %,-4.1 %,4,4,0.3,0.3,25.0 %,75.0 %,1.1,10.6,-996,658,-2.0 %,1.3 %,3.8,2.2,2,1,1,2,1,1,1,2,1,0,0,2,0.3,3,1,3,0.4,31.9,-0.9,2.9,-10747,-85,-10.7 %,-0.2 %,-10747,-85,-10.7 %,-0.2 %,-7970,0,-8.0 %,0.0 %,25.0 %,75.0 %,25.0 %,75.0 %,33.3 %,75.0 %,2327,906,-2104,-85,0.0 %,100.0 %
INTF,19d RSI INTF LT36 - L INTF,-19.1 %,2.3 %,-9554,1131,14.4 %,5.2 %,-133.0 %,43.9 %,-18.9 %,-3.0 %,5,4,0.4,0.3,40.0 %,50.0 %,0.3,4.8,-1911,283,-3.8 %,0.6 %,4.2,2.2,2,2,1,1,3,1,1,1,1,0,1,2,0.7,1,2,2,0.2,4.8,-1.5,1.3,-18597,-298,-18.6 %,-0.6 %,-20196,-273,-20.2 %,-0.6 %,-20196,0,-20.2 %,0.0 %,40.0 %,50.0 %,40.0 %,50.0 %,25.0 %,66.7 %,1061,714,-3892,-149,50.0 %,100.0 %
IOO,21d RSI IOO LT42 - L IOO,0.1 %,14.3 %,64,7146,17.1 %,9.1 %,0.7 %,156.6 %,-11.8 %,-1.6 %,8,8,0.7,0.7,62.5 %,100.0 %,0.6,,8,844,0.0 %,1.7 %,2.9,1.9,2,0,4,8,2,0,3,7,1,0,2,4,1.7,,5,8,1,,0,5.3,-11988,0,-12.0 %,0.0 %,-11988,0,-12.0 %,0.0 %,-2215,0,-2.2 %,0.0 %,62.5 %,100.0 %,62.5 %,100.0 %,66.7 %,100.0 %,1495,844,-2471,0,66.7 %,100.0 %
IPAC,21d RSI IPAC LT42 - L IPAC,8.7 %,12.1 %,4336,6038,74.5 %,9.1 %,11.6 %,132.3 %,-15.5 %,-1.2 %,9,8,0.8,0.7,66.7 %,100.0 %,0.8,,482,719,1.0 %,1.4 %,2.9,1.9,3,0,5,8,2,0,4,7,0,0,3,4,2,,6,8,1.5,,0.6,5,-15844,0,-15.8 %,0.0 %,-15844,0,-15.8 %,0.0 %,0,0,0.0 %,0.0 %,66.7 %,100.0 %,66.7 %,100.0 %,71.4 %,100.0 %,2043,719,-2641,0,100.0 %,100.0 %
IQDF,20d RSI IQDF LT36 - L IQDF,-2.6 %,2.3 %,-1284,1130,100.0 %,5.2 %,-2.6 %,43.8 %,-11.9 %,-2.8 %,6,5,0.5,0.4,50.0 %,80.0 %,0.8,0.6,-214,226,-0.4 %,0.5 %,2.7,1.6,2,1,2,2,2,1,2,2,1,0,0,2,1,4,3,4,0.8,2.5,-0.2,1,-11774,-748,-11.8 %,-1.5 %,-12722,-748,-12.7 %,-1.5 %,-2567,0,-2.6 %,0.0 %,50.0 %,80.0 %,50.0 %,80.0 %,50.0 %,75.0 %,2115,470,-2542,-748,0.0 %,100.0 %
IQLT,21d RSI IQLT LT44 - L IQLT,17.4 %,10.1 %,8712,5061,18.8 %,12.3 %,92.8 %,82.3 %,-9.8 %,-3.0 %,12,11,1,0.9,75.0 %,81.8 %,0.8,1.8,726,443,1.5 %,0.9 %,1.8,1.8,2,2,8,5,2,1,5,5,0,0,3,5,3,4.5,9,9,2.3,8,1.3,3,-9747,-700,-9.7 %,-1.4 %,-10216,-560,-10.2 %,-1.1 %,0,0,0.0 %,0.0 %,75.0 %,81.8 %,75.0 %,81.8 %,71.4 %,90.0 %,1716,619,-2243,-350,100.0 %,100.0 %
ISTB,7d RSI ISTB LT44 - L ISTB,-0.9 %,1.2 %,-430,603,33.3 %,15.5 %,-2.6 %,7.8 %,0.0 %,-0.3 %,5,10,0.4,0.8,80.0 %,90.0 %,0.1,,-86,60,-0.2 %,0.1 %,10.4,2.9,1,1,4,6,1,0,3,9,1,0,3,6,4,9,4,9,0.4,,-0.6,5.7,-1545,0,-1.5 %,0.0 %,-1545,0,-1.5 %,0.0 %,-1545,0,-1.5 %,0.0 %,80.0 %,90.0 %,80.0 %,90.0 %,75.0 %,100.0 %,86,67,-772,0,75.0 %,100.0 %
ITA,19d RSI ITA LT45 - L ITA,3.4 %,18.2 %,1699,9104,43.1 %,11.1 %,7.9 %,163.9 %,-33.8 %,-1.1 %,16,10,1.3,0.8,62.5 %,100.0 %,0.6,,106,846,0.2 %,1.7 %,3.9,1.7,3,0,8,10,3,0,8,9,1,0,6,6,1.7,,10,10,1.1,,0.1,5.6,-39517,0,-39.5 %,0.0 %,-29495,0,-29.5 %,0.0 %,-29495,0,-29.5 %,0.0 %,62.5 %,100.0 %,62.5 %,100.0 %,64.3 %,100.0 %,2260,846,-3484,0,75.0 %,100.0 %
ITB,5d RSI ITB LT27 - L ITB,-11.1 %,10.5 %,-5557,5266,16.7 %,5.2 %,-66.4 %,204.2 %,-32.3 %,-1.4 %,8,5,0.7,0.4,62.5 %,100.0 %,0.4,,-695,1013,-1.4 %,2.0 %,3.1,1.6,1,0,3,5,1,0,3,5,1,0,2,4,1.7,,5,5,0.7,,-0.3,5.4,-32187,0,-32.2 %,0.0 %,-32187,0,-32.2 %,0.0 %,-21910,0,-21.9 %,0.0 %,62.5 %,100.0 %,62.5 %,100.0 %,62.5 %,100.0 %,2874,1013,-6642,0,60.0 %,100.0 %
ITM,20d RSI ITM LT43 - L ITM,-12.5 %,0.3 %,-6232,162,20.5 %,6.3 %,-60.9 %,5.1 %,-0.3 %,-0.4 %,4,4,0.3,0.3,50.0 %,75.0 %,0.3,5,-1558,41,-3.1 %,0.1 %,7.8,3,1,1,1,3,1,0,1,3,2,0,1,3,1,3,2,3,0.3,15,-0.7,2.2,-17636,-12,-17.6 %,-0.0 %,-17636,0,-17.6 %,0.0 %,-12953,0,-13.0 %,0.0 %,50.0 %,75.0 %,50.0 %,75.0 %,50.0 %,100.0 %,1349,58,-4465,-12,33.3 %,100.0 %
ITOT,18d RSI ITOT LT40 - L ITOT,-2.6 %,11.7 %,-1286,5846,100.0 %,7.5 %,-2.6 %,155.1 %,-7.0 %,-2.1 %,5,6,0.4,0.5,20.0 %,100.0 %,2.8,,-257,932,-0.5 %,1.9 %,3.6,2.2,4,0,1,6,2,0,1,6,1,0,0,5,0.2,,1,6,0.7,,-0.3,5.7,-8377,0,-8.4 %,0.0 %,-7716,0,-7.7 %,0.0 %,-2572,0,-2.6 %,0.0 %,20.0 %,100.0 %,20.0 %,100.0 %,33.3 %,100.0 %,2903,932,-1047,0,0.0 %,100.0 %
IUSB,18d RSI IUSB LT49 - L IUSB,0.5 %,1.2 %,259,601,34.5 %,9.9 %,1.5 %,12.1 %,-0.5 %,-0.5 %,10,8,0.8,0.7,50.0 %,75.0 %,1.2,1.9,26,75,0.1 %,0.1 %,5,2.1,2,1,2,5,2,0,2,5,1,0,2,3,1,3,5,6,1.2,5.6,0.2,2.3,-2345,-94,-2.3 %,-0.2 %,-88,0,-0.1 %,0.0 %,-601,0,-0.6 %,0.0 %,50.0 %,75.0 %,50.0 %,75.0 %,55.6 %,100.0 %,306,121,-254,-65,60.0 %,100.0 %
IUSG,20d RSI IUSG LT45 - L IUSG,16.6 %,19.4 %,8304,9727,21.0 %,11.5 %,79.1 %,169.0 %,-4.5 %,-1.9 %,9,10,0.8,0.8,66.7 %,100.0 %,2.2,,923,898,1.8 %,1.8 %,3.2,1.9,3,0,6,10,2,0,5,9,0,0,4,5,2,,6,10,4.4,,2,6.7,-4860,0,-4.9 %,0.0 %,-4860,0,-4.9 %,0.0 %,0,0,0.0 %,0.0 %,66.7 %,100.0 %,66.7 %,100.0 %,71.4 %,100.0 %,1789,898,-810,0,100.0 %,100.0 %
IUSV,7d RSI IUSV LT24 - L IUSV,11.2 %,5.1 %,5592,2546,9.4 %,5.2 %,119.1 %,98.7 %,0.0 %,-2.1 %,5,4,0.4,0.3,80.0 %,75.0 %,0.7,2.7,1118,629,2.2 %,1.3 %,2.4,2.2,1,1,4,2,1,1,3,2,0,1,3,2,4,3,4,3,2.9,8,1,1.9,-5745,-360,-5.7 %,-0.7 %,-5745,-360,-5.7 %,-0.7 %,0,-360,0.0 %,-0.7 %,80.0 %,75.0 %,80.0 %,75.0 %,75.0 %,75.0 %,2116,959,-2873,-360,100.0 %,75.0 %
IVE,14d RSI IVE LT37 - L IVE,-8.0 %,7.8 %,-4018,3883,16.2 %,6.3 %,-49.5 %,122.3 %,-13.1 %,-2.1 %,7,5,0.6,0.4,42.9 %,80.0 %,0.5,1.8,-574,760,-1.1 %,1.5 %,3.6,2.2,4,1,2,2,3,1,2,2,1,1,2,2,0.8,4,3,4,0.4,7.3,-1,2.1,-13285,-602,-13.3 %,-1.2 %,-13285,-602,-13.3 %,-1.2 %,-13285,-602,-13.3 %,-1.2 %,42.9 %,80.0 %,42.9 %,80.0 %,50.0 %,80.0 %,875,1100,-1661,-602,75.0 %,75.0 %
IVLU,21d RSI IVLU LT35 - L IVLU,-14.3 %,5.6 %,-7173,2795,65.8 %,6.3 %,-21.8 %,88.0 %,-23.0 %,-1.1 %,5,6,0.4,0.5,60.0 %,83.3 %,0.3,4.9,-1435,456,-2.9 %,0.9 %,4,1.7,1,1,1,4,2,0,1,5,1,0,1,3,1.5,5,3,5,0.5,24.6,-0.6,3.5,-22334,-116,-22.3 %,-0.2 %,-23391,0,-23.4 %,0.0 %,-16168,0,-16.2 %,0.0 %,60.0 %,83.3 %,60.0 %,83.3 %,50.0 %,100.0 %,2019,571,-6615,-116,50.0 %,100.0 %
IVV,6d RSI IVV LT22 - L IVV,2.3 %,9.2 %,1147,4591,6.6 %,5.2 %,34.6 %,178.0 %,0.0 %,-2.0 %,3,4,0.2,0.3,66.7 %,100.0 %,0.8,,382,1111,0.8 %,2.2 %,3,2.2,1,0,2,4,1,0,2,4,0,0,2,4,2,,2,4,1.6,,0.3,6.4,-4147,0,-4.1 %,0.0 %,-4147,0,-4.1 %,0.0 %,0,0,0.0 %,0.0 %,66.7 %,100.0 %,66.7 %,100.0 %,66.7 %,100.0 %,1610,1111,-2073,0,100.0 %,100.0 %
IVW,18d RSI IVW LT44 - L IVW,17.9 %,19.9 %,8973,9972,20.9 %,11.5 %,85.9 %,173.3 %,-3.9 %,-1.9 %,9,10,0.8,0.8,66.7 %,100.0 %,1.8,,997,919,2.0 %,1.8 %,3.2,1.9,3,0,6,10,2,0,5,9,0,0,4,5,2,,6,10,3.6,,1.7,6.7,-6901,0,-6.9 %,0.0 %,-6901,0,-6.9 %,0.0 %,0,0,0.0 %,0.0 %,66.7 %,100.0 %,66.7 %,100.0 %,71.4 %,100.0 %,2071,919,-1150,0,100.0 %,100.0 %
IWB,7d RSI IWB LT24 - L IWB,10.4 %,8.3 %,5193,4143,7.7 %,5.2 %,134.3 %,160.6 %,0.0 %,-1.9 %,4,4,0.3,0.3,75.0 %,100.0 %,1.1,,1298,1005,2.6 %,2.0 %,2.5,2.2,1,0,3,4,1,0,2,4,0,0,2,4,3,,3,4,3.4,,1.1,11,-4415,0,-4.4 %,0.0 %,-4415,0,-4.4 %,0.0 %,0,0,0.0 %,0.0 %,75.0 %,100.0 %,75.0 %,100.0 %,66.7 %,100.0 %,2467,1005,-2207,0,100.0 %,100.0 %
IWD,14d RSI IWD LT36 - L IWD,-10.2 %,7.8 %,-5120,3921,16.0 %,6.0 %,-63.9 %,131.7 %,-9.0 %,-2.0 %,6,5,0.5,0.4,50.0 %,80.0 %,0.3,5.2,-853,764,-1.7 %,1.5 %,3.8,2,3,1,3,2,2,1,3,2,1,1,2,2,1,4,3,4,0.3,21,-1.2,2.8,-14321,-191,-14.3 %,-0.4 %,-14321,-191,-14.3 %,-0.4 %,-14224,-191,-14.2 %,-0.4 %,50.0 %,80.0 %,50.0 %,80.0 %,60.0 %,80.0 %,680,1003,-2387,-191,66.7 %,75.0 %
IWF,13d RSI IWF LT38 - L IWF,1.7 %,12.3 %,837,6147,14.4 %,6.0 %,11.7 %,206.5 %,-3.6 %,-2.0 %,5,6,0.4,0.5,40.0 %,100.0 %,2.2,,167,979,0.3 %,2.0 %,4.2,1.5,3,0,2,6,2,0,2,6,0,0,2,5,0.7,,2,6,1.4,,0.3,4.2,-3758,0,-3.8 %,0.0 %,-3758,0,-3.8 %,0.0 %,0,0,0.0 %,0.0 %,40.0 %,100.0 %,40.0 %,100.0 %,50.0 %,100.0 %,1358,979,-626,0,100.0 %,100.0 %
IWM,10d RSI IWM LT33 - L IWM,-22.9 %,10.6 %,-11445,5294,16.3 %,7.5 %,-140.6 %,140.4 %,-29.0 %,-1.8 %,4,6,0.3,0.5,50.0 %,100.0 %,0.2,,-2861,848,-5.7 %,1.7 %,6,2.2,2,0,1,6,2,0,1,6,1,0,1,4,1,,2,6,0.2,,-0.9,4.6,-29714,0,-29.7 %,0.0 %,-29714,0,-29.7 %,0.0 %,-29714,0,-29.7 %,0.0 %,50.0 %,100.0 %,50.0 %,100.0 %,50.0 %,100.0 %,1706,848,-7428,0,66.7 %,100.0 %
IWN,5d RSI IWN LT22 - L IWN,-8.6 %,7.7 %,-4320,3865,16.6 %,8.3 %,-52.1 %,92.8 %,-13.9 %,-2.0 %,7,6,0.6,0.5,71.4 %,83.3 %,0.2,3.4,-617,627,-1.2 %,1.2 %,3.4,2.5,2,1,3,3,2,1,3,3,1,1,2,3,2.5,5,5,5,0.4,17.2,-0.9,2.9,-14412,-233,-14.4 %,-0.5 %,-14412,-233,-14.4 %,-0.5 %,-13583,-233,-13.6 %,-0.5 %,71.4 %,83.3 %,71.4 %,83.3 %,71.4 %,83.3 %,577,799,-3603,-233,75.0 %,83.3 %
IWO,13d RSI IWO LT37 - L IWO,-24.1 %,16.5 %,-12052,8267,16.2 %,9.1 %,-148.8 %,181.2 %,-23.9 %,-2.2 %,3,7,0.2,0.6,33.3 %,85.7 %,0.2,31.4,-4017,1109,-8.0 %,2.2 %,6.7,2.3,2,1,1,5,2,1,1,5,1,0,1,5,0.5,6,1,6,0.1,188.5,-1.3,4.6,-26082,-41,-26.1 %,-0.1 %,-26082,-41,-26.1 %,-0.1 %,-26082,0,-26.1 %,0.0 %,33.3 %,85.7 %,33.3 %,85.7 %,33.3 %,85.7 %,989,1301,-6520,-41,50.0 %,100.0 %
IWP,18d RSI IWP LT42 - L IWP,12.9 %,15.0 %,6433,7518,20.4 %,7.5 %,63.0 %,199.4 %,-7.4 %,-1.2 %,8,8,0.7,0.7,62.5 %,100.0 %,1.4,,804,885,1.6 %,1.8 %,2.6,1.4,2,0,4,8,1,0,3,8,0,0,3,5,1.7,,5,8,2.4,,1.1,6.1,-7631,0,-7.6 %,0.0 %,-7631,0,-7.6 %,0.0 %,0,0,0.0 %,0.0 %,62.5 %,100.0 %,62.5 %,100.0 %,80.0 %,100.0 %,2196,885,-1516,0,100.0 %,100.0 %
IWR,12d RSI IWR LT36 - L IWR,-10.8 %,13.7 %,-5392,6868,100.0 %,8.3 %,-10.8 %,164.8 %,-10.3 %,-1.6 %,4,7,0.3,0.6,25.0 %,100.0 %,0.5,,-1348,929,-2.7 %,1.9 %,4.2,2,3,0,1,7,2,0,1,7,1,0,0,5,0.3,,1,7,0.2,,-1.7,7.7,-12826,0,-12.8 %,0.0 %,-12826,0,-12.8 %,0.0 %,-10784,0,-10.8 %,0.0 %,25.0 %,100.0 %,25.0 %,100.0 %,33.3 %,100.0 %,1021,929,-2138,0,0.0 %,100.0 %
IWS,8d RSI IWS LT30 - L IWS,-15.5 %,5.4 %,-7725,2688,16.0 %,6.0 %,-96.4 %,90.3 %,-14.2 %,-1.6 %,6,5,0.5,0.4,33.3 %,80.0 %,0.5,33,-1288,527,-2.6 %,1.1 %,3.8,2,4,1,2,3,3,1,2,3,1,1,2,2,0.5,4,2,4,0.2,131.9,-1.5,3.7,-20211,-20,-20.2 %,-0.0 %,-20211,-20,-20.2 %,-0.0 %,-20211,-20,-20.2 %,-0.0 %,33.3 %,80.0 %,33.3 %,80.0 %,40.0 %,80.0 %,1190,664,-2526,-20,66.7 %,75.0 %
IWV,6d RSI IWV LT22 - L IWV,10.6 %,8.3 %,5283,4151,7.7 %,5.2 %,136.6 %,160.9 %,0.0 %,-1.9 %,4,4,0.3,0.3,75.0 %,100.0 %,1.1,,1321,1007,2.6 %,2.0 %,2.5,2.2,1,0,3,4,1,0,2,4,0,0,2,4,3,,3,4,3.3,,1,10.9,-4594,0,-4.6 %,0.0 %,-4594,0,-4.6 %,0.0 %,0,0,0.0 %,0.0 %,75.0 %,100.0 %,75.0 %,100.0 %,66.7 %,100.0 %,2527,1007,-2297,0,100.0 %,100.0 %
IWX,16d RSI IWX LT40 - L IWX,2.0 %,13.6 %,981,6787,17.3 %,9.9 %,11.4 %,136.8 %,-8.4 %,-2.1 %,9,8,0.8,0.7,55.6 %,87.5 %,0.9,2.9,109,805,0.2 %,1.6 %,2.8,2.1,3,1,3,5,2,1,3,4,1,1,2,2,1.2,7,5,7,1.2,20.1,0.2,4.1,-7135,-337,-7.1 %,-0.7 %,-8560,-337,-8.6 %,-0.7 %,-2643,-337,-2.6 %,-0.7 %,55.6 %,87.5 %,55.6 %,87.5 %,66.7 %,85.7 %,1466,968,-1587,-337,75.0 %,80.0 %
IWY,12d RSI IWY LT38 - L IWY,-0.2 %,12.1 %,-123,6034,14.8 %,6.0 %,-1.7 %,202.8 %,-3.1 %,-2.1 %,5,6,0.4,0.5,40.0 %,100.0 %,1.4,,-25,962,-0.0 %,1.9 %,4.4,1.5,3,0,2,6,2,0,2,6,1,0,1,5,0.7,,2,6,1,,0,3.9,-5642,0,-5.6 %,0.0 %,-5642,0,-5.6 %,0.0 %,-1441,0,-1.4 %,0.0 %,40.0 %,100.0 %,40.0 %,100.0 %,50.0 %,100.0 %,1349,962,-940,0,50.0 %,100.0 %
IXC,18d RSI IXC LT34 - L IXC,-28.9 %,0.4 %,-14464,207,24.1 %,7.1 %,-119.9 %,5.8 %,-50.6 %,-5.0 %,9,5,0.8,0.4,55.6 %,60.0 %,0.4,0.8,-1607,43,-3.2 %,0.1 %,4.3,2.6,2,2,3,3,2,2,2,2,2,1,1,1,1.2,1.5,5,3,0.5,1.3,-0.6,0.2,-50625,-798,-50.6 %,-1.6 %,-50625,-798,-50.6 %,-1.6 %,-36090,-176,-36.1 %,-0.3 %,55.6 %,60.0 %,55.6 %,60.0 %,50.0 %,50.0 %,2541,338,-6793,-399,50.0 %,50.0 %
IXJ,21d RSI IXJ LT44 - L IXJ,15.0 %,11.1 %,7484,5543,16.0 %,10.7 %,93.4 %,103.5 %,-1.9 %,-3.7 %,9,9,0.8,0.8,66.7 %,88.9 %,1.6,1.2,832,591,1.7 %,1.2 %,2.2,2,1,1,3,7,0,1,6,6,0,1,3,4,2,8,6,8,3.2,9.3,1.5,3,-3054,-644,-3.1 %,-1.3 %,0,-228,0.0 %,-0.5 %,0,-228,0.0 %,-0.5 %,66.7 %,88.9 %,66.7 %,88.9 %,100.0 %,87.5 %,1810,745,-1125,-644,100.0 %,83.3 %
IXN,12d RSI IXN LT36 - L IXN,25.8 %,10.6 %,12884,5311,12.1 %,5.2 %,213.2 %,205.9 %,0.0 %,-1.7 %,5,5,0.4,0.4,80.0 %,100.0 %,4.4,,2577,1023,5.2 %,2.0 %,3.4,1.6,1,0,4,5,1,0,3,5,0,0,2,4,4,,4,5,17.7,,2.5,3.7,-1544,0,-1.5 %,0.0 %,-1544,0,-1.5 %,0.0 %,0,0,0.0 %,0.0 %,80.0 %,100.0 %,80.0 %,100.0 %,75.0 %,100.0 %,3414,1023,-772,0,100.0 %,100.0 %
IXUS,20d RSI IXUS LT40 - L IXUS,7.3 %,4.5 %,3664,2277,18.8 %,8.3 %,39.0 %,54.7 %,-14.7 %,-3.2 %,10,7,0.8,0.6,70.0 %,71.4 %,0.6,1.5,366,322,0.7 %,0.6 %,2.7,2,3,2,6,3,2,1,4,2,1,0,2,2,2.3,2.5,7,5,1.5,3.8,0.6,1.7,-14987,-800,-15.0 %,-1.6 %,-14987,-747,-15.0 %,-1.5 %,-3386,0,-3.4 %,0.0 %,70.0 %,71.4 %,70.0 %,71.4 %,71.4 %,80.0 %,1594,611,-2498,-400,75.0 %,100.0 %
IYC,20d RSI IYC LT43 - L IYC,9.2 %,15.1 %,4606,7568,19.3 %,8.7 %,47.6 %,173.4 %,-6.7 %,-1.4 %,8,9,0.7,0.8,50.0 %,100.0 %,2,,576,791,1.2 %,1.6 %,3.4,1.4,4,0,4,9,3,0,3,7,0,0,3,5,1,,4,9,2,,0.8,6.2,-9381,0,-9.4 %,0.0 %,-9381,0,-9.4 %,0.0 %,0,0,0.0 %,0.0 %,50.0 %,100.0 %,50.0 %,100.0 %,50.0 %,100.0 %,2324,791,-1173,0,100.0 %,100.0 %
IYE,5d RSI IYE LT10 - L IYE,-11.2 %,6.7 %,-5586,3346,52.6 %,5.6 %,-21.2 %,120.5 %,-7.0 %,-2.2 %,3,4,0.2,0.3,0.0 %,100.0 %,0,,-1862,818,-3.7 %,1.6 %,5.7,2.5,3,0,0,4,3,0,0,4,2,0,0,4,0,,0,4,0,,-4.3,4.6,-11172,0,-11.2 %,0.0 %,-11172,0,-11.2 %,0.0 %,-11172,0,-11.2 %,0.0 %,0.0 %,100.0 %,0.0 %,100.0 %,0.0 %,100.0 %,0,818,-1862,0,0.0 %,100.0 %
IYF,18d RSI IYF LT47 - L IYF,22.6 %,21.6 %,11293,10795,37.6 %,15.5 %,60.1 %,139.5 %,-11.9 %,-2.4 %,17,12,1.4,1,64.7 %,100.0 %,1.1,,664,823,1.3 %,1.6 %,3,2.2,4,0,10,12,2,0,8,11,1,0,6,6,1.8,,11,12,2,,1.2,7,-17373,0,-17.4 %,0.0 %,-14240,0,-14.2 %,0.0 %,-11006,0,-11.0 %,0.0 %,64.7 %,100.0 %,64.7 %,100.0 %,69.2 %,100.0 %,2037,823,-1853,0,75.0 %,100.0 %
IYG,20d RSI IYG LT45 - L IYG,26.0 %,27.2 %,13000,13598,29.3 %,15.5 %,88.8 %,175.7 %,-10.9 %,-2.8 %,13,13,1.1,1.1,76.9 %,100.0 %,0.7,,1000,936,2.0 %,1.9 %,3.1,2,2,0,7,13,2,0,6,11,1,0,4,6,3.3,,10,13,2.2,,1.2,7.8,-16767,0,-16.8 %,0.0 %,-15148,0,-15.1 %,0.0 %,-7979,0,-8.0 %,0.0 %,76.9 %,100.0 %,76.9 %,100.0 %,70.0 %,100.0 %,2393,936,-3642,0,80.0 %,100.0 %
IYH,15d RSI IYH LT41 - L IYH,20.9 %,15.1 %,10427,7544,19.3 %,15.1 %,108.1 %,100.1 %,-3.2 %,-4.4 %,11,11,0.9,0.9,72.7 %,90.9 %,1.9,1.3,948,645,1.9 %,1.3 %,2.5,2.5,2,1,5,9,0,1,8,8,0,1,5,4,2.7,10,8,10,5.1,12.9,2.2,4.2,-1780,-598,-1.8 %,-1.2 %,0,-51,0.0 %,-0.1 %,0,-51,0.0 %,-0.1 %,72.7 %,90.9 %,72.7 %,90.9 %,100.0 %,90.0 %,1618,770,-838,-598,100.0 %,83.3 %
IYJ,21d RSI IYJ LT43 - L IYJ,-7.6 %,18.9 %,-3797,9433,19.3 %,10.7 %,-39.3 %,176.1 %,-14.9 %,-1.4 %,6,10,0.5,0.8,50.0 %,90.0 %,0.6,67.5,-633,874,-1.3 %,1.8 %,4.8,1.7,3,1,3,7,2,1,3,6,1,0,2,5,1,9,3,9,0.6,607.9,-0.5,5.8,-20029,-14,-20.0 %,-0.0 %,-19572,-14,-19.6 %,-0.0 %,-13594,0,-13.6 %,0.0 %,50.0 %,90.0 %,50.0 %,90.0 %,60.0 %,88.9 %,2073,973,-3338,-14,66.7 %,100.0 %
IYK,21d RSI IYK LT47 - L IYK,0.1 %,11.2 %,30,5582,18.3 %,9.9 %,0.3 %,112.5 %,-9.6 %,-2.4 %,9,8,0.8,0.7,44.4 %,87.5 %,1.3,1.7,3,669,0.0 %,1.3 %,2.7,2.1,3,1,2,4,1,1,3,3,1,1,1,1,0.8,7,4,7,1,12.2,0,3.5,-9794,-478,-9.8 %,-1.0 %,-7947,-478,-7.9 %,-1.0 %,-984,-478,-1.0 %,-1.0 %,44.4 %,87.5 %,44.4 %,87.5 %,80.0 %,83.3 %,1607,833,-1280,-478,66.7 %,66.7 %
IYM,17d RSI IYM LT36 - L IYM,1.2 %,11.4 %,618,5686,57.1 %,7.1 %,2.2 %,159.2 %,-13.4 %,-1.4 %,7,6,0.6,0.5,71.4 %,100.0 %,0.4,,88,907,0.2 %,1.8 %,2.4,2,1,0,2,6,1,0,3,6,1,0,2,3,2.5,,5,6,1.1,,0.1,5.7,-13907,0,-13.9 %,0.0 %,-13907,0,-13.9 %,0.0 %,-1553,0,-1.6 %,0.0 %,71.4 %,100.0 %,71.4 %,100.0 %,83.3 %,100.0 %,1794,907,-4175,0,66.7 %,100.0 %
IYR,21d RSI IYR LT41 - L IYR,1.2 %,6.2 %,589,3099,17.4 %,5.6 %,6.8 %,111.6 %,-15.2 %,-0.8 %,8,4,0.7,0.3,62.5 %,100.0 %,0.6,,74,758,0.1 %,1.5 %,2.9,2.5,2,0,2,4,2,0,2,3,2,0,2,3,1.7,,5,4,1.1,,0.1,5.1,-16076,0,-16.1 %,0.0 %,-8244,0,-8.2 %,0.0 %,-4681,0,-4.7 %,0.0 %,62.5 %,100.0 %,62.5 %,100.0 %,66.7 %,100.0 %,1888,758,-2950,0,50.0 %,100.0 %
IYT,7d RSI IYT LT21 - L IYT,-19.6 %,7.7 %,-9821,3834,100.0 %,6.0 %,-19.6 %,128.8 %,-14.7 %,-2.4 %,2,4,0.2,0.3,0.0 %,100.0 %,0,,-4910,933,-9.8 %,1.9 %,6,2.8,2,0,0,4,2,0,0,4,1,0,0,4,0,,0,4,0,,-3.5,6.8,-19642,0,-19.6 %,0.0 %,-19642,0,-19.6 %,0.0 %,-19642,0,-19.6 %,0.0 %,0.0 %,100.0 %,0.0 %,100.0 %,0.0 %,100.0 %,0,933,-4910,0,0.0 %,100.0 %
IYW,19d RSI IYW LT39 - L IYW,16.2 %,11.2 %,8123,5620,81.0 %,5.6 %,20.1 %,202.3 %,0.0 %,-5.0 %,4,4,0.3,0.3,100.0 %,75.0 %,,4.4,2031,1361,4.1 %,2.7 %,3.2,2.5,0,1,4,2,0,1,3,2,0,1,1,2,,3,4,3,,13.3,2.2,2.5,0,-443,0.0 %,-0.9 %,0,-443,0.0 %,-0.9 %,0,-443,0.0 %,-0.9 %,100.0 %,75.0 %,100.0 %,75.0 %,100.0 %,75.0 %,2031,1963,0,-443,100.0 %,75.0 %
IYZ,13d RSI IYZ LT30 - L IYZ,13.3 %,9.0 %,6639,4487,5.9 %,5.2 %,225.7 %,173.9 %,0.0 %,-1.3 %,3,5,0.2,0.4,100.0 %,100.0 %,,,2213,869,4.4 %,1.7 %,2,1.6,0,0,3,5,0,0,3,5,0,0,2,3,,,3,5,,,3.1,4.2,0,0,0.0 %,0.0 %,0,0,0.0 %,0.0 %,0,0,0.0 %,0.0 %,100.0 %,100.0 %,100.0 %,100.0 %,100.0 %,100.0 %,2213,869,0,0,100.0 %,100.0 %
JETS,9d RSI JETS LT23 - L JETS,-44.3 %,10.0 %,-22170,5013,100.0 %,5.2 %,-44.3 %,194.4 %,0.0 %,-1.5 %,1,5,0.1,0.4,0.0 %,80.0 %,0,69.3,-22170,969,-44.3 %,1.9 %,20,1.6,1,1,0,4,1,0,0,4,1,0,0,3,0,4,0,4,0,277.3,0,3.1,-44340,-18,-44.3 %,-0.0 %,-44340,0,-44.3 %,0.0 %,-44340,0,-44.3 %,0.0 %,0.0 %,80.0 %,0.0 %,80.0 %,0.0 %,100.0 %,0,1216,-22170,-18,0.0 %,100.0 %
JHMD,20d RSI JHMD LT41 - L JHMD,13.6 %,10.0 %,6776,4994,17.8 %,12.7 %,76.3 %,78.7 %,-13.3 %,-2.8 %,12,13,1,1.1,75.0 %,84.6 %,0.6,1,565,370,1.1 %,0.7 %,1.9,1.5,2,1,7,6,2,1,5,6,0,0,4,5,3,5.5,9,11,1.8,5.3,0.9,2.4,-12408,-951,-12.4 %,-1.9 %,-13533,-660,-13.5 %,-1.3 %,0,0,0.0 %,0.0 %,75.0 %,84.6 %,75.0 %,84.6 %,75.0 %,90.9 %,1691,539,-2815,-554,100.0 %,100.0 %
JHMM,13d RSI JHMM LT36 - L JHMM,-16.1 %,8.7 %,-8041,4344,100.0 %,6.3 %,-16.1 %,136.8 %,-14.7 %,-1.6 %,3,5,0.2,0.4,33.3 %,80.0 %,0.1,5.4,-2680,843,-5.4 %,1.7 %,6,2.2,2,1,1,2,2,1,1,2,1,1,0,2,0.5,4,1,4,0.1,21.8,-1.4,3.3,-17050,-203,-17.0 %,-0.4 %,-17050,-203,-17.0 %,-0.4 %,-16082,-203,-16.1 %,-0.4 %,33.3 %,80.0 %,33.3 %,80.0 %,33.3 %,80.0 %,484,1105,-4262,-203,0.0 %,80.0 %
JNUG,10d RSI JNUG LT30 - L JNUG,3.9 %,35.8 %,1958,17879,16.0 %,5.2 %,24.5 %,693.2 %,-60.7 %,-10.0 %,8,4,0.7,0.3,75.0 %,75.0 %,0.3,3.8,245,4099,0.5 %,8.2 %,2.9,2.2,1,1,4,3,1,0,3,3,1,0,3,3,3,3,6,3,1,11.3,0,2.2,-62275,-1597,-62.3 %,-3.2 %,-62275,0,-62.3 %,0.0 %,-20221,0,-20.2 %,0.0 %,75.0 %,75.0 %,75.0 %,75.0 %,71.4 %,100.0 %,7880,5998,-22661,-1597,75.0 %,100.0 %
JPIB,19d RSI JPIB LT39 - L JPIB,-3.4 %,1.7 %,-1690,866,11.8 %,5.6 %,-28.5 %,31.2 %,-6.2 %,-0.1 %,4,4,0.3,0.3,75.0 %,100.0 %,0.2,,-422,215,-0.8 %,0.4 %,3.5,2.5,1,0,2,4,1,0,2,4,1,0,1,2,3,,3,4,0.5,,-0.5,4,-6202,0,-6.2 %,0.0 %,-6202,0,-6.2 %,0.0 %,-4173,0,-4.2 %,0.0 %,75.0 %,100.0 %,75.0 %,100.0 %,75.0 %,100.0 %,470,215,-3101,0,50.0 %,100.0 %
JPST,8d RSI JPST LT64 - L JPST,-1.5 %,1.0 %,-738,478,54.9 %,16.7 %,-2.7 %,5.7 %,0.0 %,-0.0 %,8,9,0.7,0.8,87.5 %,100.0 %,0.1,,-92,53,-0.2 %,0.1 %,12.9,3.7,1,0,7,9,1,0,7,9,1,0,5,7,7,,7,9,0.4,,-0.6,9.1,-2649,0,-2.6 %,0.0 %,-2649,0,-2.6 %,0.0 %,-2405,0,-2.4 %,0.0 %,87.5 %,100.0 %,87.5 %,100.0 %,87.5 %,100.0 %,84,53,-1324,0,83.3 %,100.0 %
JQUA,18d RSI JQUA LT41 - L JQUA,5.5 %,8.6 %,2763,4287,15.0 %,5.6 %,36.8 %,154.3 %,-5.9 %,-0.8 %,7,6,0.6,0.5,57.1 %,100.0 %,1.3,,395,691,0.8 %,1.4 %,2.9,1.3,2,0,3,6,1,0,2,6,0,0,2,4,1.3,,4,6,1.8,,0.6,5.6,-6063,0,-6.1 %,0.0 %,-6063,0,-6.1 %,0.0 %,0,0,0.0 %,0.0 %,57.1 %,100.0 %,57.1 %,100.0 %,75.0 %,100.0 %,1605,691,-1219,0,100.0 %,100.0 %
KBA,19d RSI KBA LT39 - L KBA,8.5 %,18.2 %,4248,9115,24.3 %,7.5 %,34.9 %,241.8 %,0.0 %,-4.0 %,2,7,0.2,0.6,100.0 %,100.0 %,,,2124,1215,4.2 %,2.4 %,3.5,1.7,0,0,2,7,0,0,2,7,0,0,2,3,,,2,7,,,2.5,4.9,0,0,0.0 %,0.0 %,0,0,0.0 %,0.0 %,0,0,0.0 %,0.0 %,100.0 %,100.0 %,100.0 %,100.0 %,100.0 %,100.0 %,2124,1215,0,0,100.0 %,100.0 %
KBE,19d RSI KBE LT39 - L KBE,-6.8 %,12.3 %,-3418,6142,23.9 %,5.2 %,-28.6 %,238.1 %,-23.2 %,-0.9 %,9,5,0.8,0.4,66.7 %,100.0 %,0.4,,-380,1174,-0.8 %,2.4 %,3.7,1.6,2,0,3,5,2,0,2,5,2,0,2,4,2,,6,5,0.8,,-0.3,6,-23733,0,-23.7 %,0.0 %,-23733,0,-23.7 %,0.0 %,-11866,0,-11.9 %,0.0 %,66.7 %,100.0 %,66.7 %,100.0 %,62.5 %,100.0 %,1787,1174,-4712,0,60.0 %,100.0 %
KBWB,14d RSI KBWB LT35 - L KBWB,-13.3 %,11.0 %,-6633,5518,19.2 %,5.2 %,-69.1 %,213.9 %,-22.7 %,-1.1 %,7,5,0.6,0.4,57.1 %,100.0 %,0.3,,-948,1061,-1.9 %,2.1 %,3.9,1.6,2,0,3,5,2,0,2,4,1,0,1,3,1.3,,4,5,0.4,,-0.8,4,-22847,0,-22.8 %,0.0 %,-20125,0,-20.1 %,0.0 %,-18568,0,-18.6 %,0.0 %,57.1 %,100.0 %,57.1 %,100.0 %,50.0 %,100.0 %,1290,1061,-3930,0,50.0 %,100.0 %
KBWD,6d RSI KBWD LT21 - L KBWD,-39.6 %,8.1 %,-19781,4029,13.6 %,6.0 %,-290.1 %,135.4 %,-39.6 %,-1.8 %,3,5,0.2,0.4,33.3 %,100.0 %,0.1,,-6594,782,-13.2 %,1.6 %,6,2,2,0,1,5,2,0,1,5,1,0,1,4,0.5,,1,5,0,,-1.3,6.3,-41337,0,-41.3 %,0.0 %,-41337,0,-41.3 %,0.0 %,-41337,0,-41.3 %,0.0 %,33.3 %,100.0 %,33.3 %,100.0 %,33.3 %,100.0 %,887,782,-10334,0,50.0 %,100.0 %
KBWY,20d RSI KBWY LT43 - L KBWY,-13.5 %,16.8 %,-6734,8375,32.3 %,15.1 %,-41.6 %,111.1 %,-50.8 %,-3.1 %,12,12,1,1,58.3 %,91.7 %,0.5,1.4,-561,653,-1.1 %,1.3 %,4.4,2.2,3,1,5,10,3,1,5,9,2,1,3,5,1.4,11,7,11,0.8,15.6,-0.3,4,-47446,-537,-47.4 %,-1.1 %,-42043,-146,-42.0 %,-0.3 %,-42043,-57,-42.0 %,-0.1 %,58.3 %,91.7 %,58.3 %,91.7 %,60.0 %,90.9 %,3123,761,-5719,-537,57.1 %,85.7 %
KIE,15d RSI KIE LT41 - L KIE,-4.4 %,10.8 %,-2176,5423,20.6 %,5.2 %,-21.2 %,210.2 %,-17.4 %,-1.0 %,7,5,0.6,0.4,71.4 %,100.0 %,0.3,,-311,1041,-0.6 %,2.1 %,4.3,1.6,2,0,5,5,2,0,4,5,1,0,3,3,2.5,,5,5,0.8,,-0.2,8.4,-20837,0,-20.8 %,0.0 %,-20837,0,-20.8 %,0.0 %,-14044,0,-14.0 %,0.0 %,71.4 %,100.0 %,71.4 %,100.0 %,66.7 %,100.0 %,1648,1041,-5209,0,75.0 %,100.0 %
KOLD,4d RSI KOLD LT15 - L KOLD,9.5 %,20.4 %,4731,10192,33.3 %,9.9 %,28.4 %,205.5 %,0.0 %,-12.2 %,2,7,0.2,0.6,100.0 %,85.7 %,,0.6,2365,1397,4.7 %,2.8 %,1,2.6,0,1,2,3,0,1,2,3,0,1,1,3,,6,2,6,,3.5,5,1.6,0,-3859,0.0 %,-7.7 %,0,-3859,0.0 %,-7.7 %,0,-1259,0.0 %,-2.5 %,100.0 %,85.7 %,100.0 %,85.7 %,100.0 %,85.7 %,2365,2274,0,-3859,100.0 %,83.3 %
KORU,20d RSI KORU LT30 - L KORU,27.5 %,22.3 %,13749,11161,88.9 %,6.0 %,30.9 %,375.0 %,-24.4 %,-6.4 %,3,5,0.2,0.4,66.7 %,100.0 %,1,,4583,2062,9.2 %,4.1 %,1.7,2,1,0,1,5,1,0,1,4,0,0,1,2,2,,2,5,1.9,,0.6,5.6,-29623,0,-29.6 %,0.0 %,-29623,0,-29.6 %,0.0 %,0,0,0.0 %,0.0 %,66.7 %,100.0 %,66.7 %,100.0 %,66.7 %,100.0 %,14280,2062,-14812,0,100.0 %,100.0 %
KRE,21d RSI KRE LT39 - L KRE,-7.0 %,13.2 %,-3499,6591,21.5 %,5.2 %,-32.5 %,255.5 %,-24.8 %,-1.0 %,8,5,0.7,0.4,62.5 %,100.0 %,0.5,,-437,1256,-0.9 %,2.5 %,3.6,1.6,2,0,3,5,2,0,2,5,2,0,1,4,1.7,,5,5,0.8,,-0.3,6.3,-25167,0,-25.2 %,0.0 %,-25167,0,-25.2 %,0.0 %,-11640,0,-11.6 %,0.0 %,62.5 %,100.0 %,62.5 %,100.0 %,57.1 %,100.0 %,2221,1256,-4868,0,50.0 %,100.0 %
KSA,11d RSI KSA LT27 - L KSA,-6.4 %,6.4 %,-3193,3201,10.5 %,6.8 %,-60.7 %,94.9 %,-7.4 %,-1.5 %,4,6,0.3,0.5,25.0 %,83.3 %,0.4,2.1,-798,522,-1.6 %,1.0 %,3.8,1.8,3,1,1,5,3,1,1,5,2,1,1,3,0.3,5,1,5,0.1,10.6,-1.2,2.5,-7463,-328,-7.5 %,-0.7 %,-7463,-328,-7.5 %,-0.7 %,-7463,-328,-7.5 %,-0.7 %,25.0 %,83.3 %,25.0 %,83.3 %,25.0 %,83.3 %,538,692,-1244,-328,33.3 %,75.0 %
KWEB,15d RSI KWEB LT31 - L KWEB,10.1 %,11.8 %,5052,5892,100.0 %,7.5 %,10.1 %,156.3 %,0.0 %,-2.5 %,1,5,0.1,0.4,100.0 %,100.0 %,,,5052,1130,10.1 %,2.3 %,6,2.8,0,0,1,5,0,0,1,4,0,0,1,3,,,1,5,,,0,4,0,0,0.0 %,0.0 %,0,0,0.0 %,0.0 %,0,0,0.0 %,0.0 %,100.0 %,100.0 %,100.0 %,100.0 %,100.0 %,100.0 %,5052,1130,0,0,100.0 %,100.0 %
LABD,19d RSI LABD LT27 - L LABD,-2.1 %,7.3 %,-1037,3631,100.0 %,6.8 %,-2.1 %,107.7 %,0.0 %,-11.2 %,1,3,0.1,0.2,0.0 %,66.7 %,0,1.5,-1037,1241,-2.1 %,2.5 %,9,4.7,1,1,0,1,1,1,0,1,1,0,0,1,0,2,0,2,0,2.9,0,0.9,-2074,-1940,-2.1 %,-3.9 %,-2074,-1940,-2.1 %,-3.9 %,-2074,0,-2.1 %,0.0 %,0.0 %,66.7 %,0.0 %,66.7 %,0.0 %,66.7 %,0,2832,-1037,-1940,0.0 %,100.0 %
LEMB,12d RSI LEMB LT27 - L LEMB,-10.5 %,2.2 %,-5265,1113,78.9 %,5.6 %,-13.3 %,40.1 %,-13.7 %,-0.3 %,3,4,0.2,0.3,66.7 %,100.0 %,0.1,,-1755,276,-3.5 %,0.6 %,4,2.5,1,0,1,4,1,0,1,4,1,0,0,2,2,,2,4,0.2,,-0.8,3.6,-13699,0,-13.7 %,0.0 %,-13699,0,-13.7 %,0.0 %,-10530,0,-10.5 %,0.0 %,66.7 %,100.0 %,66.7 %,100.0 %,66.7 %,100.0 %,792,276,-6850,0,0.0 %,100.0 %
LIT,7d RSI LIT LT19 - L LIT,-7.7 %,5.9 %,-3866,2966,100.0 %,5.2 %,-7.7 %,115.0 %,0.0 %,-1.5 %,1,5,0.1,0.4,0.0 %,80.0 %,0,5.1,-3866,581,-7.7 %,1.2 %,8,1.6,1,1,0,2,1,1,0,2,1,0,0,3,0,4,0,4,0,20.3,0,3.3,-7731,-150,-7.7 %,-0.3 %,-7731,-150,-7.7 %,-0.3 %,-7731,0,-7.7 %,0.0 %,0.0 %,80.0 %,0.0 %,80.0 %,0.0 %,80.0 %,0,764,-3866,-150,0.0 %,100.0 %
LMBS,19d RSI LMBS LT49 - L LMBS,0.2 %,0.9 %,116,439,31.0 %,7.1 %,0.7 %,12.3 %,0.0 %,-0.1 %,6,5,0.5,0.4,83.3 %,100.0 %,0.2,,19,88,0.0 %,0.2 %,9,2.6,1,0,5,5,1,0,5,4,1,0,3,4,5,,5,5,1.2,,0.1,6.4,-1308,0,-1.3 %,0.0 %,-1308,0,-1.3 %,0.0 %,-1308,0,-1.3 %,0.0 %,83.3 %,100.0 %,83.3 %,100.0 %,83.3 %,100.0 %,154,88,-654,0,75.0 %,100.0 %
LQD,20d RSI LQD LT48 - L LQD,0.2 %,1.0 %,76,502,31.4 %,5.2 %,0.5 %,19.5 %,-0.1 %,-0.9 %,12,4,1,0.3,75.0 %,75.0 %,0.3,2.7,6,125,0.0 %,0.2 %,3.4,2.2,1,1,4,3,1,1,3,3,1,1,6,2,3,3,9,3,1,8.2,0,1.9,-10500,-70,-10.5 %,-0.1 %,-5715,-70,-5.7 %,-0.1 %,-5715,-70,-5.7 %,-0.1 %,75.0 %,75.0 %,75.0 %,75.0 %,70.0 %,75.0 %,600,190,-1776,-70,85.7 %,66.7 %
LRGF,15d RSI LRGF LT36 - L LRGF,-7.3 %,10.5 %,-3673,5251,100.0 %,6.8 %,-7.3 %,155.7 %,-6.7 %,-1.5 %,4,5,0.3,0.4,25.0 %,100.0 %,0.5,,-918,1010,-1.8 %,2.0 %,4.2,2.4,3,0,1,5,2,0,1,5,1,0,0,4,0.3,,1,5,0.2,,-1.9,7.3,-8714,0,-8.7 %,0.0 %,-8714,0,-8.7 %,0.0 %,-7347,0,-7.3 %,0.0 %,25.0 %,100.0 %,25.0 %,100.0 %,33.3 %,100.0 %,683,1010,-1452,0,0.0 %,100.0 %
LVHI,6d RSI LVHI LT22 - L LVHI,-2.4 %,1.8 %,-1184,877,11.6 %,5.2 %,-20.4 %,34.0 %,-7.2 %,-1.5 %,6,3,0.5,0.2,66.7 %,66.7 %,0.4,3.6,-197,292,-0.4 %,0.6 %,2.5,3.3,1,1,3,2,2,1,3,2,1,1,2,1,2,2,4,2,0.8,7.2,-0.2,1.5,-7010,-142,-7.0 %,-0.3 %,-9531,-142,-9.5 %,-0.3 %,-4762,-142,-4.8 %,-0.3 %,66.7 %,66.7 %,66.7 %,66.7 %,60.0 %,66.7 %,1222,509,-3035,-142,66.7 %,50.0 %
MBB,11d RSI MBB LT46 - L MBB,0.6 %,1.3 %,308,650,28.4 %,6.3 %,2.2 %,20.5 %,0.0 %,-0.1 %,9,6,0.8,0.5,88.9 %,100.0 %,1.9,,34,108,0.1 %,0.2 %,4.6,1.7,1,0,8,6,1,0,7,6,1,0,5,5,8,,8,6,15.1,,4,5.5,-44,0,-0.0 %,0.0 %,-44,0,-0.0 %,0.0 %,-44,0,-0.0 %,0.0 %,88.9 %,100.0 %,88.9 %,100.0 %,87.5 %,100.0 %,41,108,-22,0,83.3 %,100.0 %
MCHI,20d RSI MCHI LT34 - L MCHI,10.2 %,9.1 %,5124,4528,100.0 %,7.1 %,10.2 %,126.8 %,0.0 %,-1.1 %,2,5,0.2,0.4,100.0 %,100.0 %,,,2562,877,5.1 %,1.8 %,1,2.6,0,0,2,5,0,0,2,4,0,0,1,3,,,2,5,,,45.5,4.2,0,0,0.0 %,0.0 %,0,0,0.0 %,0.0 %,0,0,0.0 %,0.0 %,100.0 %,100.0 %,100.0 %,100.0 %,100.0 %,100.0 %,2562,877,0,0,100.0 %,100.0 %
MDY,7d RSI MDY LT30 - L MDY,-15.0 %,7.0 %,-7487,3473,20.4 %,7.9 %,-73.4 %,87.5 %,-23.9 %,-1.6 %,9,6,0.8,0.5,66.7 %,83.3 %,0.2,2.9,-832,564,-1.7 %,1.1 %,3.6,2.3,3,1,4,3,3,1,3,3,1,1,2,2,2,5,6,5,0.4,14.4,-0.9,3.6,-24742,-252,-24.7 %,-0.5 %,-24742,-252,-24.7 %,-0.5 %,-24742,-252,-24.7 %,-0.5 %,66.7 %,83.3 %,66.7 %,83.3 %,62.5 %,83.3 %,814,728,-4124,-252,80.0 %,80.0 %
MEAR,21d RSI MEAR LT51 - L MEAR,1.7 %,0.6 %,872,295,47.8 %,13.5 %,3.7 %,4.4 %,-1.4 %,-0.2 %,14,2,1.2,0.2,92.9 %,100.0 %,0.2,,62,147,0.1 %,0.3 %,5.9,16,1,0,11,2,1,0,10,2,1,0,5,2,13,,13,2,2.3,,1,18.2,-1394,0,-1.4 %,0.0 %,-1394,0,-1.4 %,0.0 %,-1394,0,-1.4 %,0.0 %,92.9 %,100.0 %,92.9 %,100.0 %,92.3 %,100.0 %,121,147,-697,0,85.7 %,100.0 %
MGC,17d RSI MGC LT40 - L MGC,0.1 %,12.6 %,26,6289,14.4 %,7.5 %,0.4 %,166.8 %,-4.6 %,-2.4 %,5,6,0.4,0.5,40.0 %,100.0 %,1.5,,5,1000,0.0 %,2.0 %,4.2,2.2,3,0,2,6,2,0,2,6,1,0,1,5,0.7,,2,6,1,,0,4.4,-5469,0,-5.5 %,0.0 %,-5469,0,-5.5 %,0.0 %,-2509,0,-2.5 %,0.0 %,40.0 %,100.0 %,40.0 %,100.0 %,50.0 %,100.0 %,1380,1000,-912,0,50.0 %,100.0 %
MGK,13d RSI MGK LT38 - L MGK,5.4 %,12.3 %,2707,6139,14.4 %,6.3 %,37.7 %,193.4 %,-3.9 %,-2.3 %,6,6,0.5,0.5,50.0 %,100.0 %,2.4,,451,978,0.9 %,2.0 %,3.3,1.7,3,0,2,6,2,0,2,6,0,0,2,5,1,,3,6,2.4,,0.7,4,-3948,0,-3.9 %,0.0 %,-3948,0,-3.9 %,0.0 %,0,0,0.0 %,0.0 %,50.0 %,100.0 %,50.0 %,100.0 %,60.0 %,100.0 %,1561,978,-658,0,100.0 %,100.0 %
MGV,19d RSI MGV LT43 - L MGV,16.1 %,15.7 %,8041,7852,20.3 %,12.3 %,79.2 %,127.7 %,-7.9 %,-2.2 %,12,9,1,0.8,66.7 %,88.9 %,1.1,1.9,670,820,1.3 %,1.6 %,2.3,2.4,3,1,6,6,2,1,5,5,0,1,5,2,2,8,8,8,2.3,15.1,1.3,4.6,-7400,-524,-7.4 %,-1.1 %,-7024,-524,-7.0 %,-1.1 %,0,-524,0.0 %,-1.1 %,66.7 %,88.9 %,66.7 %,88.9 %,75.0 %,87.5 %,1793,988,-1577,-524,100.0 %,80.0 %
MINT,3d RSI MINT LT66 - L MINT,-2.1 %,0.6 %,-1038,283,41.4 %,18.2 %,-5.0 %,3.1 %,-2.7 %,-0.0 %,17,12,1.4,1,88.2 %,100.0 %,0,,-61,24,-0.1 %,0.1 %,4.2,2.8,2,0,14,12,2,0,13,12,1,0,7,8,7.5,,15,12,0.2,,-0.8,10.4,-2724,0,-2.7 %,0.0 %,-2724,0,-2.7 %,0.0 %,-2724,0,-2.7 %,0.0 %,88.2 %,100.0 %,88.2 %,100.0 %,87.5 %,100.0 %,22,24,-681,0,88.9 %,100.0 %
MLN,18d RSI MLN LT43 - L MLN,-10.2 %,1.5 %,-5109,730,19.3 %,6.0 %,-53.0 %,24.5 %,0.0 %,-0.4 %,2,3,0.2,0.2,50.0 %,66.7 %,0.1,,-2555,242,-5.1 %,0.5 %,15.5,4,1,1,1,2,1,1,1,2,1,1,1,2,1,2,1,2,0.1,,-1.2,2.4,-11002,0,-11.0 %,0.0 %,-11002,0,-11.0 %,0.0 %,-11002,0,-11.0 %,0.0 %,50.0 %,66.7 %,50.0 %,66.7 %,50.0 %,66.7 %,392,364,-5501,0,50.0 %,66.7 %
MLPA,18d RSI MLPA LT32 - L MLPA,-59.6 %,7.1 %,-29822,3572,19.9 %,8.7 %,-300.1 %,81.8 %,-59.5 %,-2.0 %,5,5,0.4,0.4,40.0 %,80.0 %,0.1,11.7,-5964,698,-11.9 %,1.4 %,5.2,3.4,3,1,2,2,3,1,2,2,1,0,1,3,0.7,4,2,4,0.1,46.7,-1.3,2.5,-63013,-76,-63.0 %,-0.1 %,-63013,-76,-63.0 %,-0.1 %,-61387,0,-61.4 %,0.0 %,40.0 %,80.0 %,40.0 %,80.0 %,40.0 %,75.0 %,843,892,-10502,-76,50.0 %,100.0 %
MLPX,21d RSI MLPX LT36 - L MLPX,-15.5 %,7.9 %,-7754,3952,21.9 %,7.5 %,-70.9 %,104.8 %,-39.6 %,-2.5 %,8,6,0.7,0.5,62.5 %,100.0 %,0.4,,-969,640,-1.9 %,1.3 %,3.4,2.2,3,0,5,6,3,0,4,5,1,0,3,3,1.7,,5,6,0.6,,-0.4,3.8,-41737,0,-41.7 %,0.0 %,-41737,0,-41.7 %,0.0 %,-27952,0,-28.0 %,0.0 %,62.5 %,100.0 %,62.5 %,100.0 %,57.1 %,100.0 %,2623,640,-6956,0,75.0 %,100.0 %
MMIT,21d RSI MMIT LT46 - L MMIT,1.1 %,0.9 %,543,468,24.0 %,5.6 %,4.5 %,16.9 %,-3.5 %,-0.2 %,8,4,0.7,0.3,62.5 %,100.0 %,0.8,,68,117,0.1 %,0.2 %,4,2.5,2,0,3,4,2,0,2,3,1,0,3,3,1.7,,5,4,1.3,,0.2,5.4,0,0,0.0 %,0.0 %,0,0,0.0 %,0.0 %,-553,0,-0.6 %,0.0 %,62.5 %,100.0 %,62.5 %,100.0 %,57.1 %,100.0 %,459,117,-584,0,75.0 %,100.0 %
MOAT,4d RSI MOAT LT17 - L MOAT,12.0 %,9.8 %,6008,4882,10.4 %,9.5 %,115.0 %,102.5 %,-3.9 %,-2.0 %,7,6,0.6,0.5,85.7 %,100.0 %,0.7,,858,783,1.7 %,1.6 %,2,3,1,0,5,6,1,0,3,5,0,0,4,6,6,,6,6,4.1,,1.4,6.1,-3929,0,-3.9 %,0.0 %,-3929,0,-3.9 %,0.0 %,0,0,0.0 %,0.0 %,85.7 %,100.0 %,85.7 %,100.0 %,80.0 %,100.0 %,1329,783,-1965,0,100.0 %,100.0 %
MOO,10d RSI MOO LT33 - L MOO,-7.2 %,8.2 %,-3616,4118,16.0 %,6.3 %,-45.2 %,129.7 %,-14.9 %,-0.8 %,8,6,0.7,0.5,50.0 %,100.0 %,0.6,,-452,665,-0.9 %,1.3 %,3,1.7,3,0,3,6,2,0,3,6,1,0,1,5,1,,4,6,0.6,,-0.7,5.4,-14749,0,-14.7 %,0.0 %,-14749,0,-14.7 %,0.0 %,-7849,0,-7.8 %,0.0 %,50.0 %,100.0 %,50.0 %,100.0 %,57.1 %,100.0 %,1143,665,-2047,0,50.0 %,100.0 %
MORT,3d RSI MORT LT12 - L MORT,-52.4 %,5.9 %,-26182,2935,13.6 %,6.3 %,-384.0 %,92.4 %,-54.1 %,-1.2 %,3,5,0.2,0.4,33.3 %,100.0 %,0.1,,-8727,574,-17.5 %,1.1 %,6,2.2,2,0,1,5,2,0,1,5,1,0,1,4,0.5,,1,5,0.1,,-1.2,4.4,-55127,0,-55.1 %,0.0 %,-55127,0,-55.1 %,0.0 %,-55127,0,-55.1 %,0.0 %,33.3 %,100.0 %,33.3 %,100.0 %,33.3 %,100.0 %,1381,574,-13782,0,50.0 %,100.0 %
MTUM,15d RSI MTUM LT42 - L MTUM,14.5 %,16.1 %,7264,8066,18.2 %,6.8 %,79.7 %,239.1 %,-6.6 %,-0.8 %,9,7,0.8,0.6,55.6 %,100.0 %,2.3,,807,1081,1.6 %,2.2 %,2.7,1.4,3,0,4,7,1,0,4,6,0,0,4,4,1.2,,5,7,2.8,,1.3,9.4,-6814,0,-6.8 %,0.0 %,-4594,0,-4.6 %,0.0 %,0,0,0.0 %,0.0 %,55.6 %,100.0 %,55.6 %,100.0 %,83.3 %,100.0 %,2253,1081,-1000,0,100.0 %,100.0 %
MUB,21d RSI MUB LT50 - L MUB,-0.4 %,0.3 %,-193,150,43.3 %,11.9 %,-0.9 %,2.5 %,-0.4 %,-0.6 %,13,6,1.1,0.5,76.9 %,66.7 %,0.3,0.9,-15,25,-0.0 %,0.1 %,4.6,4,1,1,4,3,1,2,3,3,1,2,4,1,3.3,2,10,4,0.9,1.8,0,0.6,-6927,-150,-6.9 %,-0.3 %,-3498,-98,-3.5 %,-0.2 %,-3498,-98,-3.5 %,-0.2 %,76.9 %,66.7 %,76.9 %,66.7 %,66.7 %,60.0 %,350,84,-1231,-93,71.4 %,33.3 %
MUNI,21d RSI MUNI LT44 - L MUNI,-6.6 %,0.7 %,-3312,367,14.1 %,6.8 %,-47.0 %,10.9 %,0.0 %,-0.2 %,2,3,0.2,0.2,50.0 %,100.0 %,0,,-1656,122,-3.3 %,0.2 %,10.5,4.7,1,0,1,3,1,0,1,3,1,0,1,3,1,,1,3,0,,-1.4,3.5,-6708,0,-6.7 %,0.0 %,-6708,0,-6.7 %,0.0 %,-6708,0,-6.7 %,0.0 %,50.0 %,100.0 %,50.0 %,100.0 %,50.0 %,100.0 %,41,122,-3354,0,50.0 %,100.0 %
NAIL,3d RSI NAIL LT13 - L NAIL,-41.0 %,39.6 %,-20509,19824,14.3 %,5.2 %,-287.1 %,768.6 %,-69.8 %,-3.4 %,6,5,0.5,0.4,50.0 %,100.0 %,0.5,,-3418,3461,-6.8 %,6.9 %,3.8,1.6,2,0,2,5,2,0,2,5,1,0,2,5,1,,3,5,0.5,,-0.6,8.4,-74009,0,-74.0 %,0.0 %,-74009,0,-74.0 %,0.0 %,-74009,0,-74.0 %,0.0 %,50.0 %,100.0 %,50.0 %,100.0 %,50.0 %,100.0 %,7174,3461,-14010,0,60.0 %,100.0 %
NEAR,12d RSI NEAR LT69 - L NEAR,-1.4 %,0.5 %,-723,232,53.0 %,9.9 %,-2.7 %,4.7 %,0.0 %,-0.0 %,12,7,1,0.6,91.7 %,100.0 %,0.1,,-60,33,-0.1 %,0.1 %,7,2.6,1,0,11,7,1,0,9,6,1,0,4,4,11,,11,7,0.7,,-0.3,6.3,-4724,0,-4.7 %,0.0 %,-4724,0,-4.7 %,0.0 %,-3975,0,-4.0 %,0.0 %,91.7 %,100.0 %,91.7 %,100.0 %,90.0 %,100.0 %,149,33,-2362,0,80.0 %,100.0 %
NLR,5d RSI NLR LT19 - L NLR,-5.1 %,4.2 %,-2540,2107,11.1 %,5.2 %,-45.7 %,81.7 %,-2.3 %,-0.4 %,5,5,0.4,0.4,40.0 %,80.0 %,0.4,,-508,415,-1.0 %,0.8 %,3,1.6,2,1,1,2,2,1,1,2,1,1,1,2,0.7,4,2,4,0.2,,-1.1,3.7,-6572,0,-6.6 %,0.0 %,-6572,0,-6.6 %,0.0 %,-6572,0,-6.6 %,0.0 %,40.0 %,80.0 %,40.0 %,80.0 %,40.0 %,80.0 %,405,519,-1117,0,50.0 %,75.0 %
NOBL,21d RSI NOBL LT45 - L NOBL,17.6 %,12.3 %,8792,6128,21.3 %,8.7 %,82.5 %,140.4 %,-7.2 %,-1.8 %,13,8,1.1,0.7,61.5 %,87.5 %,1.3,47.4,676,729,1.4 %,1.5 %,2.2,1.8,2,1,3,5,2,1,6,4,0,0,5,5,1.6,7,8,7,2,332,1.2,5.8,-6193,-18,-6.2 %,-0.0 %,-7365,-18,-7.4 %,-0.0 %,0,0,0.0 %,0.0 %,61.5 %,87.5 %,61.5 %,87.5 %,77.8 %,85.7 %,2183,836,-1734,-18,100.0 %,100.0 %
NUGT,20d RSI NUGT LT38 - L NUGT,5.1 %,16.4 %,2556,8179,14.7 %,5.2 %,34.7 %,317.1 %,-24.2 %,-5.6 %,8,4,0.7,0.3,62.5 %,100.0 %,0.7,,320,1947,0.6 %,3.9 %,2.6,2.2,1,0,2,4,1,0,2,3,1,0,2,2,1.7,,5,4,1.1,,0.1,3,-27382,0,-27.4 %,0.0 %,-27382,0,-27.4 %,0.0 %,-5266,0,-5.3 %,0.0 %,62.5 %,100.0 %,62.5 %,100.0 %,62.5 %,100.0 %,5111,1947,-7666,0,75.0 %,100.0 %
NULG,8d RSI NULG LT31 - L NULG,-1.4 %,13.1 %,-676,6527,13.3 %,5.2 %,-10.2 %,253.1 %,-9.7 %,-1.3 %,5,6,0.4,0.5,60.0 %,100.0 %,0.6,,-135,1035,-0.3 %,2.1 %,3.8,1.2,1,0,2,6,1,0,2,6,1,0,2,5,1.5,,3,6,0.9,,-0.1,5.5,-10070,0,-10.1 %,0.0 %,-10070,0,-10.1 %,0.0 %,-6561,0,-6.6 %,0.0 %,60.0 %,100.0 %,60.0 %,100.0 %,60.0 %,100.0 %,1655,1035,-2821,0,66.7 %,100.0 %
NULV,18d RSI NULV LT41 - L NULV,8.7 %,9.7 %,4349,4869,18.8 %,8.3 %,46.3 %,116.8 %,-9.9 %,-1.8 %,10,7,0.8,0.6,70.0 %,85.7 %,0.7,3.1,435,671,0.9 %,1.3 %,2.7,2,2,1,5,4,2,1,4,3,1,1,3,2,2.3,6,7,6,1.6,18.7,0.7,3.2,-8075,-265,-8.1 %,-0.5 %,-10094,-265,-10.1 %,-0.5 %,-1117,-265,-1.1 %,-0.5 %,70.0 %,85.7 %,70.0 %,85.7 %,71.4 %,83.3 %,1606,827,-2297,-265,80.0 %,75.0 %
NUSC,8d RSI NUSC LT30 - L NUSC,-31.2 %,10.9 %,-15596,5467,65.8 %,6.0 %,-47.4 %,183.7 %,-32.8 %,-1.2 %,3,6,0.2,0.5,33.3 %,100.0 %,0.1,,-5199,875,-10.4 %,1.8 %,7.3,1.5,2,0,1,6,2,0,1,6,1,0,1,6,0.5,,1,6,0.1,,-1.4,4.1,-33641,0,-33.6 %,0.0 %,-33641,0,-33.6 %,0.0 %,-33641,0,-33.6 %,0.0 %,33.3 %,100.0 %,33.3 %,100.0 %,33.3 %,100.0 %,1224,875,-8410,0,50.0 %,100.0 %
NYF,18d RSI NYF LT39 - L NYF,-7.8 %,0.7 %,-3920,369,14.2 %,5.6 %,-55.2 %,13.3 %,-0.3 %,-0.2 %,4,3,0.3,0.2,50.0 %,100.0 %,0,,-980,123,-2.0 %,0.2 %,4.8,3.7,2,0,2,3,2,0,1,3,2,0,0,3,1,,2,3,0,,-1.2,5.9,-8079,0,-8.1 %,0.0 %,-7979,0,-8.0 %,0.0 %,-7839,0,-7.8 %,0.0 %,50.0 %,100.0 %,50.0 %,100.0 %,33.3 %,100.0 %,60,123,-2020,0,0.0 %,100.0 %
OEF,5d RSI OEF LT18 - L OEF,-1.4 %,9.1 %,-675,4547,6.0 %,5.2 %,-22.4 %,176.3 %,0.0 %,-2.1 %,2,4,0.2,0.3,50.0 %,100.0 %,0.6,,-338,1101,-0.7 %,2.2 %,4.5,2.2,1,0,1,4,1,0,1,4,1,0,1,4,1,,1,4,0.6,,-0.3,6,-3525,0,-3.5 %,0.0 %,-3525,0,-3.5 %,0.0 %,-3525,0,-3.5 %,0.0 %,50.0 %,100.0 %,50.0 %,100.0 %,50.0 %,100.0 %,1087,1101,-1762,0,50.0 %,100.0 %
OIH,5d RSI OIH LT11 - L OIH,-44.6 %,8.8 %,-22305,4402,11.9 %,6.3 %,-376.0 %,138.7 %,-45.9 %,-4.6 %,4,5,0.3,0.4,25.0 %,60.0 %,0.2,8.3,-5576,859,-11.2 %,1.7 %,4.2,2.2,3,1,1,2,3,1,1,2,2,1,1,1,0.3,1.5,1,3,0.1,12.5,-1.3,2.1,-48507,-226,-48.5 %,-0.5 %,-48507,-226,-48.5 %,-0.5 %,-48507,-226,-48.5 %,-0.5 %,25.0 %,60.0 %,25.0 %,60.0 %,25.0 %,60.0 %,1949,1557,-8084,-187,33.3 %,50.0 %
OILK,5d RSI OILK LT17 - L OILK,-5.0 %,2.3 %,-2515,1166,23.7 %,5.2 %,-21.2 %,45.2 %,-26.2 %,-4.5 %,9,4,0.8,0.3,44.4 %,75.0 %,1.1,4.3,-279,290,-0.6 %,0.6 %,3.4,2.2,2,1,2,2,2,1,2,2,3,0,1,3,0.8,3,4,3,0.9,13,-0.2,1.6,-8359,-96,-8.4 %,-0.2 %,-8359,-96,-8.4 %,-0.2 %,-17876,0,-17.9 %,0.0 %,44.4 %,75.0 %,44.4 %,75.0 %,44.4 %,75.0 %,3872,419,-3601,-96,20.0 %,100.0 %
ONEQ,16d RSI ONEQ LT38 - L ONEQ,1.9 %,8.1 %,926,4071,100.0 %,5.2 %,1.9 %,157.8 %,-5.0 %,-3.7 %,4,4,0.3,0.3,25.0 %,75.0 %,4.1,12.7,232,994,0.5 %,2.0 %,4.2,2.2,3,1,1,2,2,1,1,2,0,1,1,2,0.3,3,1,3,1.4,38,0.2,2.6,-5210,-108,-5.2 %,-0.2 %,-5210,-108,-5.2 %,-0.2 %,0,-108,0.0 %,-0.2 %,25.0 %,75.0 %,25.0 %,75.0 %,33.3 %,75.0 %,3531,1361,-868,-108,100.0 %,75.0 %
OUNZ,3d RSI OUNZ LT13 - L OUNZ,4.2 %,3.7 %,2084,1857,11.1 %,7.9 %,37.5 %,46.8 %,-1.6 %,-0.8 %,5,5,0.4,0.4,60.0 %,80.0 %,1.3,,417,367,0.8 %,0.7 %,3,3,1,1,2,3,1,1,2,3,1,1,2,2,1.5,4,3,4,1.9,,0.6,2.9,-2736,0,-2.7 %,0.0 %,-2736,0,-2.7 %,0.0 %,-1662,0,-1.7 %,0.0 %,60.0 %,80.0 %,60.0 %,80.0 %,60.0 %,80.0 %,1428,458,-1100,0,75.0 %,75.0 %
PALL,17d RSI PALL LT39 - L PALL,-11.5 %,14.5 %,-5769,7254,30.4 %,6.3 %,-37.9 %,228.5 %,0.0 %,-3.6 %,4,5,0.3,0.4,75.0 %,100.0 %,0.1,,-1442,1376,-2.9 %,2.8 %,2.5,2.2,1,0,3,5,1,0,3,5,1,0,1,4,3,,3,5,0.4,,-0.6,5.6,-20709,0,-20.7 %,0.0 %,-20709,0,-20.7 %,0.0 %,-14744,0,-14.7 %,0.0 %,75.0 %,100.0 %,75.0 %,100.0 %,75.0 %,100.0 %,1528,1376,-10354,0,50.0 %,100.0 %
PAVE,4d RSI PAVE LT13 - L PAVE,-8.1 %,7.8 %,-4072,3880,71.4 %,5.2 %,-11.4 %,150.4 %,-4.8 %,-1.1 %,2,5,0.2,0.4,0.0 %,100.0 %,0,,-2036,754,-4.1 %,1.5 %,4,1.6,2,0,0,5,2,0,0,5,1,0,0,5,0,,0,5,0,,-10.4,6.7,-8144,0,-8.1 %,0.0 %,-8144,0,-8.1 %,0.0 %,-8144,0,-8.1 %,0.0 %,0.0 %,100.0 %,0.0 %,100.0 %,0.0 %,100.0 %,0,754,-2036,0,0.0 %,100.0 %
PBD,15d RSI PBD LT39 - L PBD,14.7 %,13.5 %,7334,6734,77.8 %,8.3 %,18.9 %,161.6 %,-5.1 %,-0.7 %,4,7,0.3,0.6,75.0 %,100.0 %,1.3,,1834,911,3.7 %,1.8 %,2.5,2,1,0,2,7,1,0,2,6,0,0,1,3,3,,3,7,3.8,,1.3,11.4,-5259,0,-5.3 %,0.0 %,-5259,0,-5.3 %,0.0 %,0,0,0.0 %,0.0 %,75.0 %,100.0 %,75.0 %,100.0 %,75.0 %,100.0 %,3321,911,-2629,0,100.0 %,100.0 %
PBUS,19d RSI PBUS LT39 - L PBUS,-0.8 %,11.0 %,-392,5510,16.1 %,9.1 %,-4.9 %,120.7 %,-16.3 %,-1.5 %,8,7,0.7,0.6,62.5 %,100.0 %,0.6,,-49,753,-0.1 %,1.5 %,2.6,2.3,2,0,4,7,3,0,3,7,1,0,2,5,1.7,,5,7,1,,0,6.5,-16101,0,-16.1 %,0.0 %,-17199,0,-17.2 %,0.0 %,-9817,0,-9.8 %,0.0 %,62.5 %,100.0 %,62.5 %,100.0 %,50.0 %,100.0 %,1951,753,-3382,0,66.7 %,100.0 %
PBW,21d RSI PBW LT45 - L PBW,-3.0 %,22.4 %,-1519,11202,100.0 %,11.5 %,-3.0 %,194.7 %,-4.9 %,-3.1 %,4,9,0.3,0.8,50.0 %,88.9 %,0.9,3.3,-380,1143,-0.8 %,2.3 %,4.8,2.2,1,1,1,7,1,1,2,7,1,1,1,5,1,8,2,8,0.9,26.7,-0.1,4,-20986,-400,-21.0 %,-0.8 %,-20986,-400,-21.0 %,-0.8 %,-3418,-102,-3.4 %,-0.2 %,50.0 %,88.9 %,50.0 %,88.9 %,66.7 %,88.9 %,5680,1336,-6439,-400,50.0 %,83.3 %
PCEF,7d RSI PCEF LT28 - L PCEF,-22.2 %,3.7 %,-11087,1846,15.9 %,6.0 %,-139.2 %,62.0 %,-25.6 %,-0.7 %,5,5,0.4,0.4,40.0 %,100.0 %,0.4,,-2217,364,-4.4 %,0.7 %,4.8,2,2,0,2,5,2,0,2,5,1,0,1,4,0.7,,2,5,0.2,,-0.9,8.5,-29012,0,-29.0 %,0.0 %,-29012,0,-29.0 %,0.0 %,-21943,0,-21.9 %,0.0 %,40.0 %,100.0 %,40.0 %,100.0 %,40.0 %,100.0 %,1846,364,-4926,0,33.3 %,100.0 %
PCY,7d RSI PCY LT35 - L PCY,-15.1 %,4.3 %,-7563,2164,21.7 %,7.9 %,-69.8 %,54.5 %,-19.4 %,-0.1 %,8,7,0.7,0.6,62.5 %,100.0 %,0.2,,-945,304,-1.9 %,0.6 %,3.9,1.9,2,0,3,7,2,0,2,7,1,0,3,6,1.7,,5,7,0.3,,-0.8,12.7,-20150,0,-20.2 %,0.0 %,-20150,0,-20.2 %,0.0 %,-16171,0,-16.2 %,0.0 %,62.5 %,100.0 %,62.5 %,100.0 %,57.1 %,100.0 %,719,304,-3720,0,75.0 %,100.0 %
PDBC,4d RSI PDBC LT13 - L PDBC,5.6 %,0.7 %,2784,332,13.7 %,6.3 %,40.6 %,10.5 %,-2.5 %,-2.2 %,7,3,0.6,0.2,57.1 %,66.7 %,1.5,1.1,398,111,0.8 %,0.2 %,3,4.3,3,1,4,1,3,1,4,1,2,1,3,1,1.3,2,4,2,1.9,2.2,0.7,0.7,-5925,-290,-5.9 %,-0.6 %,-5925,-290,-5.9 %,-0.6 %,-4658,-290,-4.7 %,-0.6 %,57.1 %,66.7 %,57.1 %,66.7 %,57.1 %,66.7 %,1437,312,-988,-290,60.0 %,66.7 %
PEY,16d RSI PEY LT35 - L PEY,-11.9 %,6.4 %,-5974,3192,16.1 %,5.2 %,-74.1 %,123.8 %,-16.6 %,-1.6 %,5,4,0.4,0.3,40.0 %,100.0 %,0.8,,-1195,781,-2.4 %,1.6 %,4,2.2,2,0,1,4,2,0,1,4,1,0,1,3,0.7,,2,4,0.5,,-0.6,4,-19604,0,-19.6 %,0.0 %,-19604,0,-19.6 %,0.0 %,-15250,0,-15.3 %,0.0 %,40.0 %,100.0 %,40.0 %,100.0 %,40.0 %,100.0 %,3150,781,-4091,0,50.0 %,100.0 %
PFF,8d RSI PFF LT36 - L PFF,-11.5 %,2.3 %,-5751,1168,20.4 %,6.8 %,-56.3 %,34.6 %,-15.1 %,-0.3 %,8,4,0.7,0.3,62.5 %,100.0 %,0.2,,-719,290,-1.4 %,0.6 %,3.6,3.2,3,0,5,4,3,0,5,4,1,0,3,4,1.7,,5,4,0.3,,-1.1,11.5,-16720,0,-16.7 %,0.0 %,-16720,0,-16.7 %,0.0 %,-16720,0,-16.7 %,0.0 %,62.5 %,100.0 %,62.5 %,100.0 %,62.5 %,100.0 %,522,290,-2787,0,75.0 %,100.0 %
PFFD,3d RSI PFFD LT10 - L PFFD,-6.1 %,7.6 %,-3064,3778,17.5 %,10.7 %,-35.0 %,70.5 %,-9.7 %,-0.6 %,6,4,0.5,0.3,66.7 %,100.0 %,0.2,,-511,928,-1.0 %,1.9 %,3.5,5.8,2,0,4,4,2,0,4,4,1,0,4,4,2,,4,4,0.4,,-0.6,1.9,-11030,0,-11.0 %,0.0 %,-11030,0,-11.0 %,0.0 %,-11030,0,-11.0 %,0.0 %,66.7 %,100.0 %,66.7 %,100.0 %,66.7 %,100.0 %,613,928,-2757,0,80.0 %,100.0 %
PFXF,13d RSI PFXF LT41 - L PFXF,-16.5 %,1.4 %,-8242,682,17.1 %,5.2 %,-96.2 %,26.4 %,-25.0 %,-0.5 %,6,3,0.5,0.2,66.7 %,100.0 %,0.2,,-1374,226,-2.7 %,0.5 %,4.2,3.3,1,0,3,3,2,0,3,3,1,0,3,2,2,,4,3,0.4,,-0.7,4.8,-24721,0,-24.7 %,0.0 %,-25763,0,-25.8 %,0.0 %,-25763,0,-25.8 %,0.0 %,66.7 %,100.0 %,66.7 %,100.0 %,60.0 %,100.0 %,1422,226,-6966,0,75.0 %,100.0 %
PGF,4d RSI PGF LT18 - L PGF,-15.7 %,2.3 %,-7871,1136,20.3 %,7.5 %,-77.6 %,30.1 %,-15.7 %,-0.2 %,5,4,0.4,0.3,40.0 %,100.0 %,0.1,,-1574,282,-3.1 %,0.6 %,4.6,3.8,2,0,2,4,2,0,2,4,1,0,2,4,0.7,,2,4,0.1,,-1.1,6.4,-16926,0,-16.9 %,0.0 %,-16926,0,-16.9 %,0.0 %,-16926,0,-16.9 %,0.0 %,40.0 %,100.0 %,40.0 %,100.0 %,40.0 %,100.0 %,351,282,-2858,0,50.0 %,100.0 %
PGX,9d RSI PGX LT30 - L PGX,-11.9 %,2.1 %,-5962,1032,14.2 %,5.6 %,-84.0 %,37.2 %,-19.2 %,-0.3 %,5,4,0.4,0.3,60.0 %,100.0 %,0.3,,-1192,256,-2.4 %,0.5 %,3.4,2.5,2,0,3,4,2,0,3,4,1,0,1,3,1.5,,3,4,0.4,,-0.6,4.4,-20566,0,-20.6 %,0.0 %,-20566,0,-20.6 %,0.0 %,-13616,0,-13.6 %,0.0 %,60.0 %,100.0 %,60.0 %,100.0 %,60.0 %,100.0 %,1440,256,-5141,0,50.0 %,100.0 %
PHYS,7d RSI PHYS LT23 - L PHYS,2.9 %,2.2 %,1453,1078,6.9 %,5.2 %,42.0 %,41.8 %,0.0 %,-0.7 %,3,3,0.2,0.2,100.0 %,100.0 %,,,484,357,1.0 %,0.7 %,3,3.3,0,0,3,3,0,0,3,2,0,0,3,3,,,3,3,,,3.5,3.8,0,0,0.0 %,0.0 %,0,0,0.0 %,0.0 %,0,0,0.0 %,0.0 %,100.0 %,100.0 %,100.0 %,100.0 %,100.0 %,100.0 %,484,357,0,0,100.0 %,100.0 %
PICB,21d RSI PICB LT44 - L PICB,-5.0 %,1.1 %,-2496,576,17.7 %,6.0 %,-28.2 %,19.4 %,-13.8 %,-1.8 %,7,4,0.6,0.3,85.7 %,75.0 %,0.1,,-357,144,-0.7 %,0.3 %,3,2.8,1,1,4,3,1,1,3,3,1,0,2,2,6,3,6,3,0.6,,-0.3,2.4,-14162,0,-14.2 %,0.0 %,-14162,0,-14.2 %,0.0 %,-7069,0,-7.1 %,0.0 %,85.7 %,75.0 %,85.7 %,75.0 %,83.3 %,75.0 %,764,191,-7081,0,75.0 %,100.0 %
PICK,20d RSI PICK LT29 - L PICK,19.1 %,3.5 %,9559,1773,80.0 %,6.3 %,23.9 %,55.9 %,-3.2 %,-5.5 %,5,4,0.4,0.3,60.0 %,75.0 %,2.6,1.3,1912,442,3.8 %,0.9 %,2.2,3,1,1,2,3,1,1,3,3,0,0,1,1,1.5,3,3,3,3.9,3.8,1.4,1.4,-3395,-621,-3.4 %,-1.2 %,-3271,-621,-3.3 %,-1.2 %,0,0,0.0 %,0.0 %,60.0 %,75.0 %,60.0 %,75.0 %,75.0 %,75.0 %,4297,796,-1667,-621,100.0 %,100.0 %
PILL,5d RSI PILL LT11 - L PILL,-11.1 %,31.0 %,-5529,15493,100.0 %,5.2 %,-11.1 %,600.6 %,0.0 %,-5.3 %,1,4,0.1,0.3,0.0 %,100.0 %,0,,-5529,3500,-11.1 %,7.0 %,4,2.2,1,0,0,4,1,0,0,4,1,0,0,4,0,,0,4,0,,0,6.8,-11058,0,-11.1 %,0.0 %,-11058,0,-11.1 %,0.0 %,-11058,0,-11.1 %,0.0 %,0.0 %,100.0 %,0.0 %,100.0 %,0.0 %,100.0 %,0,3500,-5529,0,0.0 %,100.0 %
PPA,21d RSI PPA LT50 - L PPA,8.0 %,19.8 %,4012,9907,64.6 %,18.6 %,12.4 %,106.2 %,-25.3 %,-2.5 %,25,15,2.1,1.2,72.0 %,93.3 %,0.5,28.3,160,608,0.3 %,1.2 %,3.6,2.1,2,1,6,11,3,0,10,13,1,0,7,5,2.6,14,18,14,1.2,396.7,0.3,5.5,-24419,-23,-24.4 %,-0.1 %,-18820,0,-18.8 %,0.0 %,-18820,0,-18.8 %,0.0 %,72.0 %,93.3 %,72.0 %,93.3 %,70.6 %,100.0 %,1283,653,-2727,-23,77.8 %,100.0 %
PPH,4d RSI PPH LT12 - L PPH,-0.9 %,3.8 %,-431,1896,5.0 %,5.2 %,-17.2 %,73.5 %,0.0 %,-1.3 %,2,4,0.2,0.3,50.0 %,100.0 %,0.7,,-216,468,-0.4 %,0.9 %,3.5,2.2,1,0,1,4,1,0,1,4,1,0,1,4,1,,1,4,0.7,,-0.3,4.9,-2727,0,-2.7 %,0.0 %,-2727,0,-2.7 %,0.0 %,-2727,0,-2.7 %,0.0 %,50.0 %,100.0 %,50.0 %,100.0 %,50.0 %,100.0 %,933,468,-1364,0,50.0 %,100.0 %
PPLT,5d RSI PPLT LT19 - L PPLT,-16.9 %,5.1 %,-8452,2537,9.8 %,6.8 %,-172.4 %,75.2 %,-20.4 %,-2.4 %,3,5,0.2,0.4,33.3 %,60.0 %,0.5,2.9,-2817,506,-5.6 %,1.0 %,4,2.4,2,1,1,2,2,1,1,2,1,1,1,3,0.5,1.5,1,3,0.2,4.3,-0.9,1.2,-22353,-610,-22.4 %,-1.2 %,-22353,-610,-22.4 %,-1.2 %,-22353,-151,-22.4 %,-0.3 %,33.3 %,60.0 %,33.3 %,60.0 %,33.3 %,60.0 %,2725,1097,-5588,-381,50.0 %,75.0 %
PREF,3d RSI PREF LT70 - L PREF,-8.4 %,7.8 %,-4180,3921,54.1 %,50.8 %,-15.4 %,15.4 %,-20.7 %,-0.4 %,29,40,2.4,3.3,79.3 %,97.5 %,0.2,,-144,94,-0.3 %,0.2 %,3.7,2.2,3,1,8,27,3,0,7,31,1,0,6,12,3.8,39,23,39,0.6,,-0.5,11.5,-20785,0,-20.8 %,0.0 %,-20785,0,-20.8 %,0.0 %,-16963,0,-17.0 %,0.0 %,79.3 %,97.5 %,79.3 %,97.5 %,76.9 %,100.0 %,277,97,-1758,0,81.8 %,100.0 %
PRF,17d RSI PRF LT37 - L PRF,-11.2 %,6.8 %,-5585,3391,100.0 %,5.2 %,-11.2 %,131.5 %,-9.1 %,-2.0 %,4,4,0.3,0.3,0.0 %,75.0 %,0,3,-1396,833,-2.8 %,1.7 %,4.2,2.2,4,1,0,2,3,1,0,2,1,1,0,1,0,3,0,3,0,9,-3.2,2.2,-11171,-415,-11.2 %,-0.8 %,-11171,-415,-11.2 %,-0.8 %,-11171,-415,-11.2 %,-0.8 %,0.0 %,75.0 %,0.0 %,75.0 %,0.0 %,75.0 %,0,1249,-1396,-415,0.0 %,66.7 %
PSC,5d RSI PSC LT22 - L PSC,-13.5 %,5.7 %,-6751,2860,17.3 %,6.3 %,-78.2 %,90.1 %,-24.6 %,-1.7 %,9,7,0.8,0.6,66.7 %,85.7 %,0.2,1.5,-750,400,-1.5 %,0.8 %,2.8,1.3,3,1,5,6,3,1,4,6,1,1,3,4,2,6,6,6,0.5,8.8,-0.8,2.9,-24786,-361,-24.8 %,-0.7 %,-24786,-361,-24.8 %,-0.7 %,-24786,-361,-24.8 %,-0.7 %,66.7 %,85.7 %,66.7 %,85.7 %,62.5 %,85.7 %,940,527,-4131,-361,80.0 %,80.0 %
PSI,3d RSI PSI LT10 - L PSI,5.2 %,14.0 %,2596,7018,3.9 %,5.6 %,132.0 %,252.7 %,0.0 %,-1.3 %,2,5,0.2,0.4,100.0 %,100.0 %,,,1298,1332,2.6 %,2.7 %,2.5,1.8,0,0,2,5,0,0,2,5,0,0,2,4,,,2,5,,,1.6,10.5,0,0,0.0 %,0.0 %,0,0,0.0 %,0.0 %,0,0,0.0 %,0.0 %,100.0 %,100.0 %,100.0 %,100.0 %,100.0 %,100.0 %,1298,1332,0,0,100.0 %,100.0 %
PSK,13d RSI PSK LT37 - L PSK,-9.0 %,1.2 %,-4513,625,13.5 %,6.3 %,-66.6 %,19.7 %,-18.2 %,-0.6 %,5,3,0.4,0.2,60.0 %,100.0 %,0.4,,-903,208,-1.8 %,0.4 %,3.2,4.3,1,0,2,3,1,0,2,3,1,0,1,3,1.5,,3,3,0.5,,-0.5,4.4,-18148,0,-18.1 %,0.0 %,-18148,0,-18.1 %,0.0 %,-10031,0,-10.0 %,0.0 %,60.0 %,100.0 %,60.0 %,100.0 %,60.0 %,100.0 %,1739,208,-4864,0,50.0 %,100.0 %
PSLV,12d RSI PSLV LT30 - L PSLV,-11.8 %,6.9 %,-5910,3434,9.9 %,6.8 %,-119.8 %,101.8 %,-17.6 %,-0.8 %,3,4,0.2,0.3,66.7 %,100.0 %,0.2,,-1970,840,-3.9 %,1.7 %,4,3.2,1,0,1,4,1,0,1,4,1,0,1,3,2,,2,4,0.3,,-0.7,3.6,-18041,0,-18.0 %,0.0 %,-18041,0,-18.0 %,0.0 %,-15537,0,-15.5 %,0.0 %,66.7 %,100.0 %,66.7 %,100.0 %,66.7 %,100.0 %,1555,840,-9021,0,50.0 %,100.0 %
PSQ,6d RSI PSQ LT11 - L PSQ,4.1 %,2.6 %,2059,1302,100.0 %,5.2 %,4.1 %,50.5 %,0.0 %,-1.3 %,1,3,0.1,0.2,100.0 %,66.7 %,,8.9,2059,433,4.1 %,0.9 %,2,3.3,0,1,1,2,0,1,1,2,0,1,1,2,,2,1,2,,17.8,0,1.5,0,-77,0.0 %,-0.1 %,0,-77,0.0 %,-0.1 %,0,-77,0.0 %,-0.1 %,100.0 %,66.7 %,100.0 %,66.7 %,100.0 %,66.7 %,2059,688,0,-77,100.0 %,66.7 %
PTLC,5d RSI PTLC LT17 - L PTLC,-3.0 %,9.8 %,-1523,4918,5.5 %,5.6 %,-55.1 %,177.1 %,0.0 %,-1.9 %,2,5,0.2,0.4,50.0 %,100.0 %,0.3,,-761,947,-1.5 %,1.9 %,4,1.8,1,0,1,5,1,0,1,5,1,0,1,5,1,,1,5,0.3,,-0.8,11.2,-4152,0,-4.2 %,0.0 %,-4152,0,-4.2 %,0.0 %,-4152,0,-4.2 %,0.0 %,50.0 %,100.0 %,50.0 %,100.0 %,50.0 %,100.0 %,554,947,-2076,0,50.0 %,100.0 %
PWZ,15d RSI PWZ LT43 - L PWZ,-4.1 %,0.4 %,-2044,199,39.8 %,6.3 %,-10.3 %,6.3 %,-1.0 %,-0.4 %,7,4,0.6,0.3,57.1 %,75.0 %,0.4,1.8,-292,50,-0.6 %,0.1 %,8.6,3,1,1,2,3,2,1,2,2,2,1,2,2,1.3,3,4,3,0.6,5.5,-0.5,1.7,-8423,-44,-8.4 %,-0.1 %,-6845,-44,-6.8 %,-0.1 %,-6845,-44,-6.8 %,-0.1 %,57.1 %,75.0 %,57.1 %,75.0 %,50.0 %,66.7 %,672,81,-1577,-44,50.0 %,66.7 %
PXF,21d RSI PXF LT38 - L PXF,-0.4 %,6.0 %,-206,2983,15.5 %,9.5 %,-2.7 %,62.6 %,-18.0 %,-2.6 %,7,8,0.6,0.7,71.4 %,75.0 %,0.4,3,-29,365,-0.1 %,0.7 %,3,2,1,2,4,3,2,1,4,3,1,0,2,3,2.5,3,5,6,1,9.1,0,2.9,-17880,-359,-17.9 %,-0.7 %,-18682,-277,-18.7 %,-0.6 %,-5088,0,-5.1 %,0.0 %,71.4 %,75.0 %,71.4 %,75.0 %,66.7 %,85.7 %,2139,546,-5451,-180,66.7 %,100.0 %
PXH,19d RSI PXH LT34 - L PXH,1.9 %,7.0 %,958,3516,100.0 %,7.9 %,1.9 %,88.6 %,-10.1 %,-3.7 %,5,7,0.4,0.6,40.0 %,85.7 %,1.8,0.8,192,491,0.4 %,1.0 %,3.2,1.9,3,1,2,4,2,1,2,2,0,0,1,2,0.7,6,2,6,1.2,4.9,0.2,2.2,-10959,-890,-11.0 %,-1.8 %,-10959,-319,-11.0 %,-0.6 %,0,0,0.0 %,0.0 %,40.0 %,85.7 %,40.0 %,85.7 %,50.0 %,80.0 %,3219,721,-1826,-890,100.0 %,100.0 %
PZA,13d RSI PZA LT36 - L PZA,-10.2 %,0.8 %,-5075,390,24.4 %,5.2 %,-41.6 %,15.1 %,-0.8 %,-0.2 %,5,3,0.4,0.2,40.0 %,100.0 %,0.1,,-1015,130,-2.0 %,0.3 %,6.8,3.3,2,0,2,3,2,0,2,3,1,0,1,3,0.7,,2,3,0,,-1.2,3.7,-708,0,-0.7 %,0.0 %,-708,0,-0.7 %,0.0 %,-9883,0,-9.9 %,0.0 %,40.0 %,100.0 %,40.0 %,100.0 %,40.0 %,100.0 %,110,130,-1765,0,33.3 %,100.0 %
QAI,19d RSI QAI LT42 - L QAI,-2.5 %,3.3 %,-1231,1646,20.5 %,9.5 %,-12.0 %,34.6 %,-4.9 %,-0.2 %,7,8,0.6,0.7,42.9 %,100.0 %,0.7,,-176,203,-0.4 %,0.4 %,3.6,2,4,0,3,8,2,0,3,7,1,0,2,4,0.8,,3,8,0.6,,-0.7,5.3,-5606,0,-5.6 %,0.0 %,-4670,0,-4.7 %,0.0 %,-3915,0,-3.9 %,0.0 %,42.9 %,100.0 %,42.9 %,100.0 %,60.0 %,100.0 %,524,203,-701,0,66.7 %,100.0 %
QCLN,6d RSI QCLN LT26 - L QCLN,-8.0 %,15.2 %,-4011,7576,12.1 %,7.1 %,-66.1 %,212.1 %,-15.9 %,-1.4 %,3,7,0.2,0.6,66.7 %,100.0 %,0.3,,-1337,1021,-2.7 %,2.0 %,4.7,1.6,1,0,1,7,1,0,1,7,1,0,1,5,2,,2,7,0.5,,-0.5,4.9,-16536,0,-16.5 %,0.0 %,-16536,0,-16.5 %,0.0 %,-12340,0,-12.3 %,0.0 %,66.7 %,100.0 %,66.7 %,100.0 %,66.7 %,100.0 %,2128,1021,-8268,0,50.0 %,100.0 %
QID,6d RSI QID LT11 - L QID,8.0 %,4.9 %,3978,2453,100.0 %,5.2 %,8.0 %,95.1 %,0.0 %,-2.6 %,1,3,0.1,0.2,100.0 %,66.7 %,,7.2,3978,815,8.0 %,1.6 %,2,3.3,0,1,1,2,0,1,1,2,0,1,1,2,,2,1,2,,14.5,0,1.4,0,-181,0.0 %,-0.4 %,0,-181,0.0 %,-0.4 %,0,-181,0.0 %,-0.4 %,100.0 %,66.7 %,100.0 %,66.7 %,100.0 %,66.7 %,3978,1313,0,-181,100.0 %,66.7 %
QLD,19d RSI QLD LT39 - L QLD,28.1 %,16.8 %,14052,8412,78.9 %,5.2 %,35.6 %,326.1 %,-2.5 %,-8.5 %,4,4,0.3,0.3,75.0 %,75.0 %,3.5,3.9,3513,2015,7.0 %,4.0 %,2.8,2.2,1,1,2,2,0,1,3,2,0,1,1,2,3,3,3,3,10.4,11.6,2.4,2.2,-2998,-757,-3.0 %,-1.5 %,0,-757,0.0 %,-1.5 %,0,-757,0.0 %,-1.5 %,75.0 %,75.0 %,75.0 %,75.0 %,100.0 %,75.0 %,5184,2939,-1499,-757,100.0 %,75.0 %
QLTA,17d RSI QLTA LT45 - L QLTA,1.5 %,1.0 %,746,497,29.8 %,5.2 %,5.0 %,19.3 %,-0.0 %,-0.7 %,10,4,0.8,0.3,80.0 %,75.0 %,0.3,5.2,75,124,0.1 %,0.2 %,4,2.2,1,1,6,3,1,1,5,3,1,1,4,2,4,3,8,3,1.4,15.6,0.3,2.3,-3761,-34,-3.8 %,-0.1 %,-1407,-34,-1.4 %,-0.1 %,-1407,-34,-1.4 %,-0.1 %,80.0 %,75.0 %,80.0 %,75.0 %,75.0 %,75.0 %,330,177,-945,-34,80.0 %,66.7 %
QQQ,19d RSI QQQ LT40 - L QQQ,13.2 %,8.3 %,6586,4153,81.0 %,5.2 %,16.3 %,161.0 %,-1.4 %,-4.2 %,4,4,0.3,0.3,75.0 %,75.0 %,3.3,4.6,1646,1015,3.3 %,2.0 %,3.2,2.2,1,1,2,2,0,1,3,2,0,1,1,2,3,3,3,3,9.9,13.9,1.6,2.3,-1477,-315,-1.5 %,-0.6 %,0,-315,0.0 %,-0.6 %,0,-315,0.0 %,-0.6 %,75.0 %,75.0 %,75.0 %,75.0 %,100.0 %,75.0 %,2441,1459,-738,-315,100.0 %,75.0 %
QQQE,21d RSI QQQE LT40 - L QQQE,8.5 %,8.4 %,4273,4213,94.7 %,5.2 %,9.0 %,163.3 %,-4.9 %,-3.0 %,5,4,0.4,0.3,60.0 %,100.0 %,1.8,,855,1028,1.7 %,2.1 %,2.6,2.2,2,0,2,4,1,0,1,4,0,0,1,4,1.5,,3,4,2.6,,1,2.5,-5241,0,-5.2 %,0.0 %,-5241,0,-5.2 %,0.0 %,0,0,0.0 %,0.0 %,60.0 %,100.0 %,60.0 %,100.0 %,66.7 %,100.0 %,2298,1028,-1310,0,100.0 %,100.0 %
QQXT,17d RSI QQXT LT40 - L QQXT,-1.9 %,11.1 %,-941,5537,95.0 %,7.1 %,-2.0 %,155.0 %,-5.5 %,-1.2 %,5,6,0.4,0.5,40.0 %,100.0 %,1.2,,-188,885,-0.4 %,1.8 %,2.8,2,2,0,1,6,1,0,1,6,1,0,0,5,0.7,,2,6,0.8,,-0.3,4.4,-5554,0,-5.6 %,0.0 %,-5554,0,-5.6 %,0.0 %,-1882,0,-1.9 %,0.0 %,40.0 %,100.0 %,40.0 %,100.0 %,66.7 %,100.0 %,1749,885,-1479,0,0.0 %,100.0 %
QTEC,8d RSI QTEC LT25 - L QTEC,16.5 %,11.2 %,8244,5617,7.7 %,5.6 %,213.2 %,202.2 %,0.0 %,-3.7 %,4,4,0.3,0.3,75.0 %,100.0 %,29.9,,2061,1355,4.1 %,2.7 %,2.5,2.5,1,0,3,4,1,0,2,4,0,0,2,3,3,,3,4,89.6,,2.4,3.3,-186,0,-0.2 %,0.0 %,-186,0,-0.2 %,0.0 %,0,0,0.0 %,0.0 %,75.0 %,100.0 %,75.0 %,100.0 %,66.7 %,100.0 %,2779,1355,-93,0,100.0 %,100.0 %
QUAL,15d RSI QUAL LT37 - L QUAL,-10.3 %,10.4 %,-5130,5207,14.4 %,5.6 %,-71.4 %,187.4 %,-7.9 %,-2.0 %,5,4,0.4,0.3,20.0 %,100.0 %,0.5,,-1026,1257,-2.1 %,2.5 %,4.2,2.5,4,0,1,4,3,0,1,4,1,0,1,4,0.2,,1,4,0.1,,-2.3,4.5,-11703,0,-11.7 %,0.0 %,-11703,0,-11.7 %,0.0 %,-11703,0,-11.7 %,0.0 %,20.0 %,100.0 %,20.0 %,100.0 %,25.0 %,100.0 %,722,1257,-1463,0,50.0 %,100.0 %
QYLD,15d RSI QYLD LT41 - L QYLD,6.4 %,9.3 %,3198,4655,18.1 %,6.0 %,35.3 %,156.4 %,-4.7 %,-2.8 %,8,6,0.7,0.5,62.5 %,100.0 %,1.2,,400,749,0.8 %,1.5 %,3.1,1.5,3,0,5,6,2,0,4,6,0,0,3,5,1.7,,5,6,2,,0.9,4.8,-6576,0,-6.6 %,0.0 %,-6576,0,-6.6 %,0.0 %,0,0,0.0 %,0.0 %,62.5 %,100.0 %,62.5 %,100.0 %,66.7 %,100.0 %,1297,749,-1096,0,100.0 %,100.0 %
RDVY,4d RSI RDVY LT14 - L RDVY,-1.7 %,12.6 %,-851,6297,6.0 %,6.3 %,-28.5 %,198.4 %,-5.6 %,-2.3 %,3,5,0.2,0.4,66.7 %,100.0 %,0.4,,-284,1202,-0.6 %,2.4 %,3,2.2,1,0,1,5,1,0,1,5,1,0,1,5,2,,2,5,0.7,,-0.3,7.3,-5689,0,-5.7 %,0.0 %,-5689,0,-5.7 %,0.0 %,-5689,0,-5.7 %,0.0 %,66.7 %,100.0 %,66.7 %,100.0 %,66.7 %,100.0 %,997,1202,-2845,0,66.7 %,100.0 %
REET,16d RSI REET LT39 - L REET,-30.7 %,5.7 %,-15355,2859,20.7 %,5.6 %,-148.6 %,102.9 %,-34.3 %,-0.9 %,7,5,0.6,0.4,57.1 %,100.0 %,0.2,,-2194,560,-4.4 %,1.1 %,4.3,1.8,1,0,2,5,3,0,2,4,2,0,2,4,1.3,,4,5,0.3,,-0.9,4.7,-33845,0,-33.8 %,0.0 %,-34101,0,-34.1 %,0.0 %,-34101,0,-34.1 %,0.0 %,57.1 %,100.0 %,57.1 %,100.0 %,40.0 %,100.0 %,1499,560,-7117,0,50.0 %,100.0 %
REM,3d RSI REM LT12 - L REM,-49.9 %,5.4 %,-24954,2710,13.6 %,8.7 %,-366.0 %,62.1 %,-51.2 %,-1.9 %,3,6,0.2,0.5,33.3 %,100.0 %,0.1,,-8318,442,-16.6 %,0.9 %,6,2.7,2,0,1,6,2,0,1,6,1,0,1,5,0.5,,1,6,0,,-1.2,4.3,-52287,0,-52.3 %,0.0 %,-52287,0,-52.3 %,0.0 %,-52287,0,-52.3 %,0.0 %,33.3 %,100.0 %,33.3 %,100.0 %,33.3 %,100.0 %,1189,442,-13072,0,50.0 %,100.0 %
RETL,4d RSI RETL LT10 - L RETL,11.1 %,6.8 %,5556,3391,8.1 %,5.2 %,137.5 %,131.5 %,-18.8 %,-7.1 %,4,3,0.3,0.2,75.0 %,66.7 %,0.5,2.9,1389,1123,2.8 %,2.2 %,3,3.3,1,1,2,1,1,1,2,1,1,1,1,1,3,2,3,2,1.5,5.7,0.4,1.5,-21610,-711,-21.6 %,-1.4 %,-21610,-711,-21.6 %,-1.4 %,-19369,-711,-19.4 %,-1.4 %,75.0 %,66.7 %,75.0 %,66.7 %,75.0 %,66.7 %,5454,2040,-10805,-711,66.7 %,66.7 %
RING,19d RSI RING LT39 - L RING,25.2 %,5.2 %,12609,2624,11.2 %,5.2 %,225.8 %,101.7 %,-2.2 %,-1.6 %,7,4,0.6,0.3,71.4 %,100.0 %,3.3,,1801,645,3.6 %,1.3 %,2.1,2.2,1,0,3,4,1,0,3,3,0,0,3,2,2.5,,5,4,8.3,,1.4,3.5,-2305,0,-2.3 %,0.0 %,-2305,0,-2.3 %,0.0 %,0,0,0.0 %,0.0 %,71.4 %,100.0 %,71.4 %,100.0 %,71.4 %,100.0 %,2869,645,-867,0,100.0 %,100.0 %
RLY,20d RSI RLY LT39 - L RLY,-8.2 %,6.5 %,-4089,3269,23.4 %,7.5 %,-35.0 %,86.7 %,-17.7 %,-0.9 %,11,7,0.9,0.6,63.6 %,85.7 %,0.3,4.8,-372,455,-0.7 %,0.9 %,3.3,1.7,2,1,3,3,3,1,5,3,2,1,3,2,1.8,6,7,6,0.6,28.9,-0.5,3.8,-4857,-114,-4.9 %,-0.2 %,-17693,-114,-17.7 %,-0.2 %,-13299,-114,-13.3 %,-0.2 %,63.6 %,85.7 %,63.6 %,85.7 %,62.5 %,85.7 %,877,550,-2557,-114,60.0 %,75.0 %
ROBO,20d RSI ROBO LT36 - L ROBO,10.1 %,16.9 %,5065,8453,84.2 %,7.5 %,12.0 %,224.2 %,-8.5 %,-1.7 %,5,6,0.4,0.5,60.0 %,100.0 %,1.4,,1013,1322,2.0 %,2.6 %,2.2,2.2,2,0,2,6,1,0,2,6,0,0,1,4,1.5,,3,6,2.2,,0.8,5.5,-8677,0,-8.7 %,0.0 %,-8677,0,-8.7 %,0.0 %,0,0,0.0 %,0.0 %,60.0 %,100.0 %,60.0 %,100.0 %,75.0 %,100.0 %,3135,1322,-2169,0,100.0 %,100.0 %
RPG,16d RSI RPG LT40 - L RPG,0.5 %,14.8 %,269,7414,13.9 %,7.9 %,3.9 %,186.8 %,-7.8 %,-1.1 %,6,8,0.5,0.7,50.0 %,100.0 %,1.1,,45,873,0.1 %,1.8 %,3.2,1.5,2,0,2,8,1,0,2,8,1,0,1,5,1,,3,8,1.1,,0.1,6,-8073,0,-8.1 %,0.0 %,-8073,0,-8.1 %,0.0 %,-681,0,-0.7 %,0.0 %,50.0 %,100.0 %,50.0 %,100.0 %,75.0 %,100.0 %,1512,873,-1422,0,50.0 %,100.0 %
RPV,6d RSI RPV LT19 - L RPV,13.0 %,9.3 %,6493,4648,31.4 %,6.0 %,41.3 %,156.2 %,-4.5 %,-2.2 %,4,5,0.3,0.4,75.0 %,100.0 %,1.3,,1623,897,3.2 %,1.8 %,1.8,2,1,0,2,5,1,0,1,5,0,0,2,5,3,,3,5,3.8,,1.1,8.2,-4596,0,-4.6 %,0.0 %,-4596,0,-4.6 %,0.0 %,0,0,0.0 %,0.0 %,75.0 %,100.0 %,75.0 %,100.0 %,66.7 %,100.0 %,2930,897,-2298,0,100.0 %,100.0 %
RSP,16d RSI RSP LT40 - L RSP,4.8 %,14.2 %,2384,7110,19.3 %,11.1 %,24.7 %,128.0 %,-14.8 %,-1.9 %,9,9,0.8,0.8,55.6 %,88.9 %,1.1,1.7,265,747,0.5 %,1.5 %,3.2,2.1,4,1,4,6,2,1,4,5,1,1,3,2,1.2,8,5,8,1.3,13.3,0.4,3.9,-15091,-546,-15.1 %,-1.1 %,-14620,-546,-14.6 %,-1.1 %,-9334,-546,-9.3 %,-1.1 %,55.6 %,88.9 %,55.6 %,88.9 %,71.4 %,87.5 %,1986,909,-1886,-546,80.0 %,80.0 %
RSPG,5d RSI RSPG LT14 - L RSPG,-40.6 %,5.8 %,-20300,2901,15.5 %,5.6 %,-262.3 %,104.4 %,-38.3 %,-3.0 %,4,4,0.3,0.3,0.0 %,100.0 %,0,,-5075,712,-10.2 %,1.4 %,5.5,2.5,4,0,0,4,4,0,0,4,3,0,0,4,0,,0,4,0,,-1.8,3,-40601,0,-40.6 %,0.0 %,-40601,0,-40.6 %,0.0 %,-40601,0,-40.6 %,0.0 %,0.0 %,100.0 %,0.0 %,100.0 %,0.0 %,100.0 %,0,712,-5075,0,0.0 %,100.0 %
RSPN,15d RSI RSPN LT37 - L RSPN,-14.1 %,9.2 %,-7069,4626,12.9 %,5.2 %,-109.4 %,179.4 %,-12.8 %,-0.5 %,5,6,0.4,0.5,20.0 %,100.0 %,0.4,,-1414,746,-2.8 %,1.5 %,3.6,1.2,4,0,1,6,3,0,1,6,1,0,1,4,0.2,,1,6,0.1,,-2.6,3.5,-15571,0,-15.6 %,0.0 %,-15571,0,-15.6 %,0.0 %,-15571,0,-15.6 %,0.0 %,20.0 %,100.0 %,20.0 %,100.0 %,25.0 %,100.0 %,717,746,-1946,0,50.0 %,100.0 %
RSPS,20d RSI RSPS LT46 - L RSPS,8.3 %,10.3 %,4165,5145,23.8 %,9.1 %,35.1 %,112.7 %,-6.1 %,-1.4 %,13,8,1.1,0.7,46.2 %,100.0 %,1.7,,320,617,0.6 %,1.2 %,2.3,1.9,2,0,2,8,1,0,5,7,1,0,2,3,0.9,,6,8,1.5,,0.6,5.6,-6060,0,-6.1 %,0.0 %,-6060,0,-6.1 %,0.0 %,-1053,0,-1.1 %,0.0 %,46.2 %,100.0 %,46.2 %,100.0 %,75.0 %,100.0 %,2181,617,-1274,0,60.0 %,100.0 %
RSPT,20d RSI RSPT LT38 - L RSPT,0.4 %,12.2 %,213,6100,100.0 %,5.2 %,0.4 %,236.5 %,-6.2 %,-1.7 %,4,5,0.3,0.4,25.0 %,100.0 %,3.2,,53,1167,0.1 %,2.3 %,4.2,1.6,3,0,1,5,2,0,1,5,0,0,1,4,0.3,,1,5,1.1,,0,4.8,-7027,0,-7.0 %,0.0 %,-7027,0,-7.0 %,0.0 %,0,0,0.0 %,0.0 %,25.0 %,100.0 %,25.0 %,100.0 %,33.3 %,100.0 %,3726,1167,-1171,0,100.0 %,100.0 %
RWM,14d RSI RWM LT30 - L RWM,-2.3 %,3.1 %,-1162,1551,18.5 %,7.9 %,-12.6 %,39.1 %,-5.6 %,-2.0 %,6,4,0.5,0.3,50.0 %,50.0 %,0.6,4.3,-194,390,-0.4 %,0.8 %,6.2,4,2,1,2,2,2,1,2,2,2,1,2,2,1,1,3,2,0.6,4.3,-0.5,1,-5811,-249,-5.8 %,-0.5 %,-5811,-249,-5.8 %,-0.5 %,-5811,-249,-5.8 %,-0.5 %,50.0 %,50.0 %,50.0 %,50.0 %,50.0 %,50.0 %,598,1013,-985,-234,50.0 %,50.0 %
RWR,4d RSI RWR LT13 - L RWR,1.3 %,4.7 %,648,2358,100.0 %,6.3 %,1.3 %,74.3 %,0.0 %,-1.1 %,1,4,0.1,0.3,100.0 %,100.0 %,,,648,580,1.3 %,1.2 %,2,3,0,0,1,4,0,0,1,4,0,0,1,4,,,1,4,,,0,6.5,0,0,0.0 %,0.0 %,0,0,0.0 %,0.0 %,0,0,0.0 %,0.0 %,100.0 %,100.0 %,100.0 %,100.0 %,100.0 %,100.0 %,648,580,0,0,100.0 %,100.0 %
SCHA,9d RSI SCHA LT30 - L SCHA,-12.0 %,11.5 %,-5997,5761,16.3 %,6.8 %,-73.7 %,170.8 %,-21.8 %,-1.6 %,5,5,0.4,0.4,60.0 %,100.0 %,0.3,,-1199,1105,-2.4 %,2.2 %,4.6,2.4,2,0,2,5,2,0,2,5,1,0,1,4,1.5,,3,5,0.5,,-0.6,5.3,-22334,0,-22.3 %,0.0 %,-22334,0,-22.3 %,0.0 %,-18264,0,-18.3 %,0.0 %,60.0 %,100.0 %,60.0 %,100.0 %,60.0 %,100.0 %,1723,1105,-5584,0,66.7 %,100.0 %
SCHB,6d RSI SCHB LT22 - L SCHB,10.4 %,10.5 %,5178,5238,7.7 %,5.2 %,133.9 %,203.1 %,0.0 %,-1.9 %,4,4,0.3,0.3,75.0 %,100.0 %,1.1,,1295,1262,2.6 %,2.5 %,2.5,2.2,1,0,3,4,1,0,2,4,0,0,2,4,3,,3,4,3.3,,1,10.6,-4518,0,-4.5 %,0.0 %,-4518,0,-4.5 %,0.0 %,0,0,0.0 %,0.0 %,75.0 %,100.0 %,75.0 %,100.0 %,66.7 %,100.0 %,2479,1262,-2259,0,100.0 %,100.0 %
SCHC,21d RSI SCHC LT40 - L SCHC,-10.8 %,7.7 %,-5379,3864,19.3 %,11.1 %,-55.8 %,69.5 %,-24.7 %,-3.2 %,9,9,0.8,0.8,66.7 %,77.8 %,0.3,2.3,-598,417,-1.2 %,0.8 %,3.2,2.1,2,2,4,4,3,1,3,4,1,0,2,4,2,3.5,6,7,0.6,8.2,-0.6,2.8,-22408,-522,-22.4 %,-1.0 %,-20411,-308,-20.4 %,-0.6 %,-17928,0,-17.9 %,0.0 %,66.7 %,77.8 %,66.7 %,77.8 %,57.1 %,87.5 %,1392,611,-4577,-261,75.0 %,100.0 %
SCHD,18d RSI SCHD LT39 - L SCHD,5.1 %,8.8 %,2534,4419,100.0 %,6.8 %,5.1 %,131.0 %,-6.6 %,-1.8 %,7,6,0.6,0.5,42.9 %,83.3 %,1.8,22.7,362,713,0.7 %,1.4 %,2.4,1.8,2,1,1,3,2,1,2,3,0,0,1,4,0.8,5,3,5,1.4,113.5,0.4,4,-6607,-38,-6.6 %,-0.1 %,-6620,-38,-6.6 %,-0.1 %,0,0,0.0 %,0.0 %,42.9 %,83.3 %,42.9 %,83.3 %,50.0 %,83.3 %,3167,863,-1742,-38,100.0 %,100.0 %
SCHE,19d RSI SCHE LT35 - L SCHE,6.2 %,6.2 %,3114,3111,84.2 %,7.9 %,7.4 %,78.4 %,-6.3 %,-3.9 %,5,7,0.4,0.6,60.0 %,85.7 %,1.3,0.7,623,437,1.2 %,0.9 %,2.2,1.9,2,1,2,3,1,1,2,3,0,0,1,2,1.5,6,3,6,2,4,0.7,1.8,-6347,-1028,-6.3 %,-2.1 %,-6347,-356,-6.3 %,-0.7 %,0,0,0.0 %,0.0 %,60.0 %,85.7 %,60.0 %,85.7 %,75.0 %,80.0 %,2096,681,-1587,-1028,100.0 %,100.0 %
SCHF,21d RSI SCHF LT41 - L SCHF,12.8 %,6.6 %,6408,3311,17.8 %,9.1 %,72.1 %,72.5 %,-11.9 %,-3.0 %,10,8,0.8,0.7,70.0 %,75.0 %,0.8,1.9,641,406,1.3 %,0.8 %,2.5,1.9,2,2,5,4,2,1,4,4,0,0,4,4,2.3,3,7,6,1.9,5.6,0.9,1.9,-11311,0,-11.3 %,0.0 %,-12157,-708,-12.2 %,-1.4 %,0,0,0.0 %,0.0 %,70.0 %,75.0 %,70.0 %,75.0 %,71.4 %,85.7 %,1986,659,-2498,-354,100.0 %,100.0 %
SCHG,14d RSI SCHG LT40 - L SCHG,-1.3 %,12.3 %,-660,6161,14.4 %,6.8 %,-9.2 %,182.7 %,-4.4 %,-3.1 %,5,6,0.4,0.5,40.0 %,100.0 %,1.1,,-132,981,-0.3 %,2.0 %,4.2,1.8,3,0,2,6,2,0,2,5,1,0,1,5,0.7,,2,6,0.7,,-0.3,4.5,-4651,0,-4.7 %,0.0 %,-4651,0,-4.7 %,0.0 %,-2409,0,-2.4 %,0.0 %,40.0 %,100.0 %,40.0 %,100.0 %,50.0 %,100.0 %,832,981,-775,0,50.0 %,100.0 %
SCHH,4d RSI SCHH LT13 - L SCHH,12.0 %,4.9 %,6003,2428,5.1 %,6.3 %,237.4 %,76.5 %,0.0 %,-1.1 %,3,4,0.2,0.3,100.0 %,100.0 %,,,2001,596,4.0 %,1.2 %,2,3,0,0,3,4,0,0,3,4,0,0,2,4,,,3,4,,,2.4,6.7,0,0,0.0 %,0.0 %,0,0,0.0 %,0.0 %,0,0,0.0 %,0.0 %,100.0 %,100.0 %,100.0 %,100.0 %,100.0 %,100.0 %,2001,596,0,0,100.0 %,100.0 %
SCHK,18d RSI SCHK LT43 - L SCHK,3.4 %,19.4 %,1688,9676,20.9 %,12.3 %,16.2 %,157.3 %,-16.2 %,-1.9 %,9,10,0.8,0.8,66.7 %,90.0 %,0.6,4.2,188,895,0.4 %,1.8 %,3.2,2.1,3,1,6,7,3,1,4,6,1,0,3,5,2,9,6,9,1.2,38.1,0.2,5.9,-19957,-241,-20.0 %,-0.5 %,-13417,-241,-13.4 %,-0.5 %,-10331,0,-10.3 %,0.0 %,66.7 %,90.0 %,66.7 %,90.0 %,57.1 %,88.9 %,1944,1021,-3326,-241,75.0 %,100.0 %
SCHM,13d RSI SCHM LT36 - L SCHM,-12.0 %,13.5 %,-6004,6753,15.6 %,7.9 %,-77.1 %,170.2 %,-11.2 %,-1.7 %,5,6,0.4,0.5,40.0 %,100.0 %,0.2,,-1201,1068,-2.4 %,2.1 %,3.8,2.3,3,0,2,6,2,0,2,6,1,0,1,5,0.7,,2,6,0.2,,-1.7,9.6,-14386,0,-14.4 %,0.0 %,-14386,0,-14.4 %,0.0 %,-13463,0,-13.5 %,0.0 %,40.0 %,100.0 %,40.0 %,100.0 %,50.0 %,100.0 %,594,1068,-2398,0,50.0 %,100.0 %
SCHO,3d RSI SCHO LT11 - L SCHO,0.5 %,0.5 %,225,236,20.8 %,6.0 %,2.2 %,7.9 %,0.0 %,-0.1 %,5,4,0.4,0.3,100.0 %,100.0 %,,,45,59,0.1 %,0.1 %,5,2.8,0,0,5,4,0,0,5,4,0,0,5,4,,,5,4,,,5,9.6,0,0,0.0 %,0.0 %,0,0,0.0 %,0.0 %,0,0,0.0 %,0.0 %,100.0 %,100.0 %,100.0 %,100.0 %,100.0 %,100.0 %,45,59,0,0,100.0 %,100.0 %
SCHP,21d RSI SCHP LT46 - L SCHP,-0.7 %,2.3 %,-368,1149,9.0 %,5.6 %,-8.2 %,41.4 %,-0.2 %,-0.1 %,4,5,0.3,0.4,50.0 %,100.0 %,0.4,,-92,228,-0.2 %,0.5 %,3,1.8,1,0,1,5,1,0,2,4,1,0,1,3,1,,2,5,0.4,,-0.6,6.1,-1143,0,-1.1 %,0.0 %,-1143,0,-1.1 %,0.0 %,-1143,0,-1.1 %,0.0 %,50.0 %,100.0 %,50.0 %,100.0 %,66.7 %,100.0 %,142,228,-326,0,50.0 %,100.0 %
SCHR,21d RSI SCHR LT47 - L SCHR,1.5 %,1.9 %,736,950,39.3 %,11.5 %,3.7 %,16.5 %,-0.3 %,-0.5 %,14,7,1.2,0.6,85.7 %,100.0 %,0.7,,53,135,0.1 %,0.3 %,2.7,3.1,1,0,6,7,1,0,5,6,0,0,6,4,6,,12,7,4.4,,2.7,7,-238,0,-0.2 %,0.0 %,-238,0,-0.2 %,0.0 %,0,0,0.0 %,0.0 %,85.7 %,100.0 %,85.7 %,100.0 %,83.3 %,100.0 %,79,135,-109,0,100.0 %,100.0 %
SCHV,18d RSI SCHV LT42 - L SCHV,4.1 %,15.3 %,2069,7633,20.8 %,11.5 %,19.9 %,132.7 %,-12.6 %,-2.0 %,10,9,0.8,0.8,50.0 %,88.9 %,1.3,1.9,207,799,0.4 %,1.6 %,3.1,2.2,4,1,3,6,2,1,3,5,1,1,3,2,1,8,5,8,1.3,15.4,0.3,4.2,-12778,-500,-12.8 %,-1.0 %,-12281,-500,-12.3 %,-1.0 %,-6461,-500,-6.5 %,-1.0 %,50.0 %,88.9 %,50.0 %,88.9 %,62.5 %,87.5 %,1802,961,-1389,-500,80.0 %,80.0 %
SCHX,5d RSI SCHX LT16 - L SCHX,-3.4 %,10.6 %,-1721,5322,5.5 %,5.2 %,-62.3 %,206.3 %,0.0 %,-1.9 %,2,4,0.2,0.3,50.0 %,100.0 %,0.2,,-860,1281,-1.7 %,2.6 %,4,2.2,1,0,1,4,1,0,1,4,1,0,1,4,1,,1,4,0.2,,-0.9,10.2,-4344,0,-4.3 %,0.0 %,-4344,0,-4.3 %,0.0 %,-4344,0,-4.3 %,0.0 %,50.0 %,100.0 %,50.0 %,100.0 %,50.0 %,100.0 %,451,1281,-2172,0,50.0 %,100.0 %
SCHZ,20d RSI SCHZ LT48 - L SCHZ,-1.1 %,1.3 %,-568,666,28.2 %,9.5 %,-4.0 %,14.0 %,-0.1 %,-0.5 %,10,5,0.8,0.4,70.0 %,100.0 %,0.3,,-57,132,-0.1 %,0.3 %,4,3.8,1,0,4,5,1,0,4,5,1,0,2,4,2.3,,7,5,0.7,,-0.3,4.4,-3648,0,-3.6 %,0.0 %,-3648,0,-3.6 %,0.0 %,-2325,0,-2.3 %,0.0 %,70.0 %,100.0 %,70.0 %,100.0 %,70.0 %,100.0 %,198,132,-650,0,60.0 %,100.0 %
SCO,5d RSI SCO LT15 - L SCO,4.1 %,15.1 %,2044,7525,7.7 %,5.2 %,52.8 %,291.7 %,-1.1 %,-2.1 %,3,4,0.2,0.3,66.7 %,100.0 %,2.3,,681,1794,1.4 %,3.6 %,2.3,2.2,1,0,1,4,1,0,1,4,1,0,1,4,2,,2,4,4.7,,0.9,3.5,-1114,0,-1.1 %,0.0 %,-1114,0,-1.1 %,0.0 %,-1114,0,-1.1 %,0.0 %,66.7 %,100.0 %,66.7 %,100.0 %,66.7 %,100.0 %,1300,1794,-557,0,66.7 %,100.0 %
SCZ,21d RSI SCZ LT40 - L SCZ,-14.5 %,9.6 %,-7274,4794,19.3 %,5.6 %,-75.4 %,172.6 %,-21.9 %,-0.7 %,8,6,0.7,0.5,50.0 %,100.0 %,0.4,,-909,770,-1.8 %,1.5 %,3.8,1.3,2,0,1,6,4,0,1,5,2,0,1,4,1,,4,6,0.4,,-0.9,5.6,-20207,0,-20.2 %,0.0 %,-16923,0,-16.9 %,0.0 %,-16923,0,-16.9 %,0.0 %,50.0 %,100.0 %,50.0 %,100.0 %,33.3 %,100.0 %,1299,770,-3118,0,50.0 %,100.0 %
SDIV,13d RSI SDIV LT31 - L SDIV,-36.8 %,9.0 %,-18397,4514,20.3 %,9.5 %,-180.8 %,94.8 %,-49.8 %,-1.2 %,6,8,0.5,0.7,66.7 %,100.0 %,0.1,,-3066,543,-6.1 %,1.1 %,4.8,2,2,0,3,8,2,0,2,7,1,0,2,4,2,,4,8,0.3,,-0.9,8.9,-50512,0,-50.5 %,0.0 %,-42548,0,-42.5 %,0.0 %,-42548,0,-42.5 %,0.0 %,66.7 %,100.0 %,66.7 %,100.0 %,60.0 %,100.0 %,1715,543,-12628,0,75.0 %,100.0 %
SDS,6d RSI SDS LT15 - L SDS,-3.8 %,3.8 %,-1909,1876,19.4 %,6.3 %,-19.7 %,59.1 %,0.0 %,-1.7 %,2,4,0.2,0.3,50.0 %,75.0 %,0.2,20.5,-954,465,-1.9 %,0.9 %,5.5,3,1,1,1,3,1,1,1,3,1,0,1,3,1,3,1,3,0.2,61.6,-1,2,-4607,-31,-4.6 %,-0.1 %,-4607,-31,-4.6 %,-0.1 %,-4607,0,-4.6 %,0.0 %,50.0 %,75.0 %,50.0 %,75.0 %,50.0 %,75.0 %,395,630,-2303,-31,50.0 %,100.0 %
SDVY,3d RSI SDVY LT15 - L SDVY,7.5 %,13.7 %,3766,6860,19.8 %,11.9 %,38.0 %,115.2 %,-13.0 %,-1.8 %,11,9,0.9,0.8,72.7 %,77.8 %,0.6,5.4,342,733,0.7 %,1.5 %,2.6,2.3,3,1,6,3,3,1,6,3,1,1,4,3,2.7,3.5,8,7,1.6,18.9,0.6,1.8,-13242,-264,-13.2 %,-0.5 %,-13242,-264,-13.2 %,-0.5 %,-13242,-264,-13.2 %,-0.5 %,72.7 %,77.8 %,72.7 %,77.8 %,72.7 %,77.8 %,1298,995,-2207,-185,85.7 %,75.0 %
SDY,13d RSI SDY LT37 - L SDY,3.2 %,6.8 %,1605,3380,17.8 %,6.3 %,18.1 %,106.5 %,-9.1 %,-1.7 %,9,5,0.8,0.4,55.6 %,80.0 %,1,22.2,178,660,0.4 %,1.3 %,2.9,2.2,2,1,2,2,2,1,2,2,1,1,2,2,1.2,4,5,4,1.2,88.8,0.2,3.8,-7274,-38,-7.3 %,-0.1 %,-9237,-38,-9.2 %,-0.1 %,-3443,-38,-3.4 %,-0.1 %,55.6 %,80.0 %,55.6 %,80.0 %,57.1 %,80.0 %,1899,834,-1972,-38,75.0 %,75.0 %
SECT,10d RSI SECT LT36 - L SECT,4.9 %,10.5 %,2426,5260,17.3 %,5.2 %,28.0 %,203.9 %,-19.1 %,-1.4 %,9,5,0.8,0.4,77.8 %,100.0 %,0.3,,270,1012,0.5 %,2.0 %,2.9,1.6,1,0,4,5,1,0,4,5,1,0,2,5,3.5,,7,5,1.2,,0.2,6.3,-19479,0,-19.5 %,0.0 %,-19479,0,-19.5 %,0.0 %,-3358,0,-3.4 %,0.0 %,77.8 %,100.0 %,77.8 %,100.0 %,87.5 %,100.0 %,2039,1012,-5922,0,80.0 %,100.0 %
SGOL,3d RSI SGOL LT11 - L SGOL,-3.4 %,2.2 %,-1703,1109,7.9 %,6.0 %,-42.9 %,37.3 %,-1.1 %,-0.7 %,3,4,0.2,0.3,33.3 %,100.0 %,0.2,,-568,275,-1.1 %,0.6 %,3.7,2.8,2,0,1,4,2,0,1,4,2,0,1,4,0.5,,1,4,0.1,,-1.5,4.4,-3867,0,-3.9 %,0.0 %,-3867,0,-3.9 %,0.0 %,-3867,0,-3.9 %,0.0 %,33.3 %,100.0 %,33.3 %,100.0 %,33.3 %,100.0 %,230,275,-967,0,33.3 %,100.0 %
SH,5d RSI SH LT13 - L SH,-2.1 %,1.9 %,-1046,960,23.9 %,6.3 %,-8.8 %,30.2 %,-0.6 %,-0.9 %,3,4,0.2,0.3,33.3 %,100.0 %,0.5,,-349,239,-0.7 %,0.5 %,4.3,3,1,0,1,4,1,0,1,4,1,0,1,3,0.5,,1,4,0.3,,-1,2.1,-2277,0,-2.3 %,0.0 %,-2277,0,-2.3 %,0.0 %,-2277,0,-2.3 %,0.0 %,33.3 %,100.0 %,33.3 %,100.0 %,33.3 %,100.0 %,392,239,-719,0,33.3 %,100.0 %
SHM,21d RSI SHM LT45 - L SHM,-0.9 %,0.2 %,-429,124,13.5 %,5.6 %,-6.3 %,4.5 %,0.0 %,-0.5 %,3,4,0.2,0.3,66.7 %,75.0 %,0.4,0.6,-143,31,-0.3 %,0.1 %,6.7,2.5,1,1,2,3,1,1,2,2,1,0,1,2,2,3,2,3,0.8,1.8,-0.2,0.6,-4257,-146,-4.3 %,-0.3 %,-4257,-56,-4.3 %,-0.1 %,-946,0,-0.9 %,0.0 %,66.7 %,75.0 %,66.7 %,75.0 %,66.7 %,66.7 %,850,90,-2128,-146,50.0 %,100.0 %
SHV,4d RSI SHV LT61 - L SHV,0.3 %,0.4 %,149,195,84.7 %,11.1 %,0.4 %,3.5 %,0.0 %,-0.0 %,6,10,0.5,0.8,100.0 %,100.0 %,,,25,19,0.0 %,0.0 %,26,1.8,0,0,6,10,0,0,6,8,0,0,6,6,,,6,10,,,2.6,11,0,0,0.0 %,0.0 %,0,0,0.0 %,0.0 %,0,0,0.0 %,0.0 %,100.0 %,100.0 %,100.0 %,100.0 %,100.0 %,100.0 %,25,19,0,0,100.0 %,100.0 %
SHY,19d RSI SHY LT54 - L SHY,0.4 %,1.0 %,191,485,73.7 %,21.4 %,0.5 %,4.5 %,0.0 %,-0.2 %,11,12,0.9,1,81.8 %,83.3 %,,2.6,17,40,0.0 %,0.1 %,8.1,3.5,2,1,5,7,2,0,5,10,1,0,4,4,4.5,5,9,10,,12.8,5.2,4.1,0,-27,0.0 %,-0.1 %,0,0,0.0 %,0.0 %,0,0,0.0 %,0.0 %,81.8 %,83.3 %,81.8 %,83.3 %,80.0 %,100.0 %,21,52,0,-20,85.7 %,100.0 %
SHYG,7d RSI SHYG LT26 - L SHYG,-1.9 %,2.0 %,-927,1013,14.8 %,6.0 %,-12.6 %,34.0 %,-4.5 %,-0.3 %,7,5,0.6,0.4,57.1 %,100.0 %,0.5,,-132,201,-0.3 %,0.4 %,2.7,2,2,0,2,5,1,0,2,5,1,0,2,4,1.3,,4,5,0.7,,-0.4,4.1,-4563,0,-4.6 %,0.0 %,-3523,0,-3.5 %,0.0 %,-3680,0,-3.7 %,0.0 %,57.1 %,100.0 %,57.1 %,100.0 %,66.7 %,100.0 %,436,201,-891,0,75.0 %,100.0 %
SIL,16d RSI SIL LT29 - L SIL,4.0 %,1.8 %,1983,917,100.0 %,5.2 %,4.0 %,35.5 %,0.0 %,-2.3 %,1,2,0.1,0.2,100.0 %,100.0 %,,,1983,458,4.0 %,0.9 %,3,5.5,0,0,1,2,0,0,1,2,0,0,1,2,,,1,2,,,0,1.9,0,0,0.0 %,0.0 %,0,0,0.0 %,0.0 %,0,0,0.0 %,0.0 %,100.0 %,100.0 %,100.0 %,100.0 %,100.0 %,100.0 %,1983,458,0,0,100.0 %,100.0 %
SILJ,4d RSI SILJ LT12 - L SILJ,-9.0 %,6.2 %,-4476,3078,7.8 %,7.5 %,-114.1 %,81.7 %,-9.5 %,-4.4 %,3,5,0.2,0.4,33.3 %,80.0 %,0.6,1.2,-1492,607,-3.0 %,1.2 %,3,2.8,2,1,1,3,2,1,1,3,1,0,1,4,0.5,4,1,4,0.3,4.9,-1,1.7,-12700,-788,-12.7 %,-1.6 %,-12700,-788,-12.7 %,-1.6 %,-12700,0,-12.7 %,0.0 %,33.3 %,80.0 %,33.3 %,80.0 %,33.3 %,80.0 %,1874,956,-3175,-788,50.0 %,100.0 %
SIVR,10d RSI SIVR LT30 - L SIVR,-14.9 %,8.1 %,-7464,4072,9.6 %,7.9 %,-155.6 %,102.6 %,-23.6 %,-1.1 %,4,8,0.3,0.7,50.0 %,100.0 %,0.4,,-1866,493,-3.7 %,1.0 %,3.8,1.5,2,0,1,8,2,0,1,6,2,0,1,4,1,,2,8,0.4,,-0.7,4,-24400,0,-24.4 %,0.0 %,-24400,0,-24.4 %,0.0 %,-20915,0,-20.9 %,0.0 %,50.0 %,100.0 %,50.0 %,100.0 %,50.0 %,100.0 %,2368,493,-6100,0,33.3 %,100.0 %
SJNK,20d RSI SJNK LT42 - L SJNK,-10.7 %,3.2 %,-5346,1605,100.0 %,7.1 %,-10.7 %,44.9 %,-14.3 %,-0.5 %,6,6,0.5,0.5,33.3 %,100.0 %,0.6,,-891,264,-1.8 %,0.5 %,4.3,2,3,0,1,6,3,0,1,6,1,0,1,5,0.5,,2,6,0.3,,-1,3.6,-14574,0,-14.6 %,0.0 %,-11880,0,-11.9 %,0.0 %,-11880,0,-11.9 %,0.0 %,33.3 %,100.0 %,33.3 %,100.0 %,25.0 %,100.0 %,1203,264,-1938,0,50.0 %,100.0 %
SKYY,18d RSI SKYY LT39 - L SKYY,10.0 %,11.3 %,5010,5662,13.3 %,6.0 %,75.6 %,190.2 %,-8.4 %,-2.6 %,7,5,0.6,0.4,57.1 %,100.0 %,1.5,,716,1087,1.4 %,2.2 %,2.4,2,3,0,4,5,2,0,3,5,0,0,2,4,1.3,,4,5,2,,0.8,4.9,-10294,0,-10.3 %,0.0 %,-10294,0,-10.3 %,0.0 %,0,0,0.0 %,0.0 %,57.1 %,100.0 %,57.1 %,100.0 %,60.0 %,100.0 %,2539,1087,-1716,0,100.0 %,100.0 %
SLQD,19d RSI SLQD LT58 - L SLQD,-2.1 %,1.5 %,-1035,734,41.5 %,21.0 %,-5.0 %,7.0 %,-0.1 %,-0.2 %,16,13,1.3,1.1,81.2 %,100.0 %,0.2,,-65,56,-0.1 %,0.1 %,4.1,3.1,1,0,8,13,1,0,5,12,1,0,6,4,4.3,,13,13,0.7,,-0.3,7.5,-6969,0,-7.0 %,0.0 %,-4858,0,-4.9 %,0.0 %,-4644,0,-4.6 %,0.0 %,81.2 %,100.0 %,81.2 %,100.0 %,76.9 %,100.0 %,192,56,-1177,0,85.7 %,100.0 %
SLV,16d RSI SLV LT39 - L SLV,-0.9 %,7.2 %,-430,3613,11.6 %,11.1 %,-7.4 %,65.0 %,-24.9 %,-1.3 %,6,10,0.5,0.8,83.3 %,80.0 %,0.2,2.6,-72,351,-0.1 %,0.7 %,2.8,1.8,1,1,4,4,1,0,4,8,1,0,3,5,5,4,5,8,1,10.6,0,3.2,-25656,-366,-25.7 %,-0.7 %,-25656,0,-25.7 %,0.0 %,-14540,0,-14.5 %,0.0 %,83.3 %,80.0 %,83.3 %,80.0 %,83.3 %,100.0 %,2480,485,-12828,-183,75.0 %,100.0 %
SLVP,20d RSI SLVP LT35 - L SLVP,2.0 %,3.1 %,1018,1568,61.5 %,5.6 %,3.3 %,56.5 %,-5.7 %,-3.8 %,2,2,0.2,0.2,50.0 %,50.0 %,1.3,7.1,509,789,1.0 %,1.6 %,3,6,1,1,1,1,1,1,1,1,0,1,1,1,1,1,1,1,1.3,7.1,0.2,1.1,-6186,-257,-6.2 %,-0.5 %,-6186,-257,-6.2 %,-0.5 %,0,-257,0.0 %,-0.5 %,50.0 %,50.0 %,50.0 %,50.0 %,50.0 %,50.0 %,4112,1835,-3093,-257,100.0 %,50.0 %
SLYG,8d RSI SLYG LT27 - L SLYG,-23.7 %,9.4 %,-11869,4714,17.4 %,5.2 %,-136.3 %,182.8 %,-25.9 %,-1.6 %,4,4,0.3,0.3,50.0 %,100.0 %,0.2,,-2967,1141,-5.9 %,2.3 %,5.8,2.2,2,0,2,4,2,0,2,4,1,0,1,4,1,,2,4,0.2,,-1.1,5.8,-28826,0,-28.8 %,0.0 %,-28826,0,-28.8 %,0.0 %,-28826,0,-28.8 %,0.0 %,50.0 %,100.0 %,50.0 %,100.0 %,50.0 %,100.0 %,1272,1141,-7207,0,50.0 %,100.0 %
SLYV,3d RSI SLYV LT10 - L SLYV,-3.6 %,8.6 %,-1815,4322,12.7 %,9.1 %,-28.6 %,94.7 %,-10.9 %,-2.5 %,6,6,0.5,0.5,66.7 %,100.0 %,0.3,,-303,699,-0.6 %,1.4 %,3,2.8,2,0,3,6,2,0,3,6,1,0,2,6,2,,4,6,0.7,,-0.4,2.8,-11238,0,-11.2 %,0.0 %,-11238,0,-11.2 %,0.0 %,-11238,0,-11.2 %,0.0 %,66.7 %,100.0 %,66.7 %,100.0 %,66.7 %,100.0 %,951,699,-2810,0,75.0 %,100.0 %
SMH,7d RSI SMH LT26 - L SMH,13.4 %,14.4 %,6715,7194,5.1 %,6.3 %,265.6 %,226.6 %,0.0 %,-2.4 %,3,5,0.2,0.4,100.0 %,80.0 %,,8.8,2238,1371,4.5 %,2.7 %,2,2.2,0,1,3,2,0,1,3,2,0,0,2,3,,4,3,4,,35.3,2.1,3.4,0,-200,0.0 %,-0.4 %,0,-200,0.0 %,-0.4 %,0,0,0.0 %,0.0 %,100.0 %,80.0 %,100.0 %,80.0 %,100.0 %,80.0 %,2238,1763,0,-200,100.0 %,100.0 %
SMIN,5d RSI SMIN LT12 - L SMIN,-21.8 %,1.4 %,-10915,676,94.4 %,5.2 %,-23.1 %,26.2 %,-15.9 %,-5.3 %,2,4,0.2,0.3,0.0 %,50.0 %,0,1.6,-5457,175,-10.9 %,0.3 %,7.5,2.2,2,2,0,2,2,2,0,2,1,2,0,2,0,1,0,2,0,1.6,-4,0.4,-21830,-1208,-21.8 %,-2.4 %,-21830,-1208,-21.8 %,-2.4 %,-21830,-1208,-21.8 %,-2.4 %,0.0 %,50.0 %,0.0 %,50.0 %,0.0 %,50.0 %,0,953,-5457,-604,0.0 %,50.0 %
SMLF,5d RSI SMLF LT20 - L SMLF,-20.1 %,10.0 %,-10029,5011,12.7 %,6.0 %,-158.1 %,168.4 %,-23.7 %,-1.4 %,4,5,0.3,0.4,50.0 %,100.0 %,0.2,,-2507,967,-5.0 %,1.9 %,5.2,2,2,0,1,5,2,0,1,5,1,0,1,5,1,,2,5,0.2,,-1.2,4,-24161,0,-24.2 %,0.0 %,-24161,0,-24.2 %,0.0 %,-24161,0,-24.2 %,0.0 %,50.0 %,100.0 %,50.0 %,100.0 %,50.0 %,100.0 %,1026,967,-6040,0,66.7 %,100.0 %
SMMD,15d RSI SMMD LT38 - L SMMD,-6.3 %,11.0 %,-3133,5490,20.5 %,6.3 %,-30.6 %,172.9 %,-21.4 %,-1.1 %,7,7,0.6,0.6,57.1 %,85.7 %,0.5,9.8,-448,752,-0.9 %,1.5 %,4,1.3,3,1,3,3,3,1,3,3,1,1,2,2,1.3,6,4,6,0.7,58.9,-0.3,3.9,-21924,-91,-21.9 %,-0.2 %,-21924,-91,-21.9 %,-0.2 %,-14050,-91,-14.0 %,-0.2 %,57.1 %,85.7 %,57.1 %,85.7 %,57.1 %,83.3 %,1957,893,-3654,-91,75.0 %,75.0 %
SOXL,7d RSI SOXL LT25 - L SOXL,2.0 %,46.2 %,978,23118,9.0 %,6.3 %,21.8 %,728.2 %,-7.9 %,-8.2 %,3,5,0.2,0.4,66.7 %,80.0 %,0.6,5.9,326,4033,0.7 %,8.1 %,4.3,2.2,1,1,1,2,1,1,1,2,1,0,1,3,2,4,2,4,1.2,23.7,0.2,3,-8058,-889,-8.1 %,-1.8 %,-8058,-889,-8.1 %,-1.8 %,-5952,0,-6.0 %,0.0 %,66.7 %,80.0 %,66.7 %,80.0 %,66.7 %,80.0 %,2503,5264,-4029,-889,50.0 %,100.0 %
SOXS,6d RSI SOXS LT14 - L SOXS,6.0 %,21.3 %,2985,10641,100.0 %,5.2 %,6.0 %,412.6 %,0.0 %,-6.0 %,1,3,0.1,0.2,100.0 %,100.0 %,,,2985,3405,6.0 %,6.8 %,3,3.3,0,0,1,3,0,0,1,3,0,0,1,3,,,1,3,,,0,1.9,0,0,0.0 %,0.0 %,0,0,0.0 %,0.0 %,0,0,0.0 %,0.0 %,100.0 %,100.0 %,100.0 %,100.0 %,100.0 %,100.0 %,2985,3405,0,0,100.0 %,100.0 %
SOXX,7d RSI SOXX LT25 - L SOXX,14.4 %,13.8 %,7198,6893,5.1 %,6.3 %,284.7 %,217.1 %,0.0 %,-2.8 %,3,5,0.2,0.4,100.0 %,80.0 %,,6.4,2399,1317,4.8 %,2.6 %,2,2.2,0,1,3,2,0,1,3,2,0,0,2,3,,4,3,4,,25.7,2,3,0,-267,0.0 %,-0.5 %,0,-267,0.0 %,-0.5 %,0,0,0.0 %,0.0 %,100.0 %,80.0 %,100.0 %,80.0 %,100.0 %,80.0 %,2399,1714,0,-267,100.0 %,100.0 %
SOYB,15d RSI SOYB LT34 - L SOYB,-2.3 %,0.2 %,-1175,117,42.0 %,15.1 %,-5.6 %,1.6 %,-4.6 %,-8.3 %,8,6,0.7,0.5,75.0 %,66.7 %,0.2,0.5,-147,37,-0.3 %,0.1 %,2.6,5.3,1,1,4,2,1,1,3,2,2,1,1,3,3,2,6,4,0.7,1.1,-0.4,0.1,-4558,-2105,-4.6 %,-4.2 %,-4558,-2105,-4.6 %,-4.2 %,-4826,-716,-4.8 %,-1.4 %,75.0 %,66.7 %,75.0 %,66.7 %,71.4 %,60.0 %,367,844,-1688,-1577,33.3 %,75.0 %
SPAB,15d RSI SPAB LT44 - L SPAB,3.5 %,0.6 %,1739,290,18.8 %,5.2 %,18.5 %,11.2 %,-0.1 %,-0.5 %,7,3,0.6,0.2,85.7 %,66.7 %,7.7,,248,97,0.5 %,0.2 %,3.7,3.3,1,1,4,2,1,1,4,2,0,1,4,2,6,2,6,2,46.1,,2.6,2.4,-77,0,-0.1 %,0.0 %,-77,0,-0.1 %,0.0 %,0,0,0.0 %,0.0 %,85.7 %,66.7 %,85.7 %,66.7 %,85.7 %,66.7 %,296,145,-39,0,100.0 %,66.7 %
SPBO,21d RSI SPBO LT50 - L SPBO,0.0 %,2.1 %,7,1031,38.2 %,9.5 %,0.0 %,21.7 %,-0.2 %,-0.7 %,15,7,1.2,0.6,73.3 %,71.4 %,0.4,4.6,0,146,0.0 %,0.3 %,3.5,2.4,2,1,5,4,2,1,4,5,1,0,6,3,2.8,2.5,11,5,1,11.6,0,2.4,-213,-58,-0.2 %,-0.1 %,-213,-39,-0.2 %,-0.1 %,-3593,0,-3.6 %,0.0 %,73.3 %,71.4 %,73.3 %,71.4 %,69.2 %,83.3 %,455,224,-1249,-48,85.7 %,100.0 %
SPDN,7d RSI SPDN LT16 - L SPDN,0.5 %,1.6 %,257,774,16.9 %,5.2 %,3.0 %,30.0 %,0.0 %,-0.9 %,2,3,0.2,0.2,100.0 %,100.0 %,,,129,257,0.3 %,0.5 %,4.5,3.3,0,0,2,3,0,0,2,3,0,0,2,2,,,2,3,,,1.8,1.8,0,0,0.0 %,0.0 %,0,0,0.0 %,0.0 %,0,0,0.0 %,0.0 %,100.0 %,100.0 %,100.0 %,100.0 %,100.0 %,100.0 %,129,257,0,0,100.0 %,100.0 %
SPDW,20d RSI SPDW LT42 - L SPDW,14.5 %,10.0 %,7230,4994,18.8 %,11.5 %,77.0 %,86.8 %,-11.9 %,-2.9 %,11,11,0.9,0.9,72.7 %,81.8 %,0.7,1.9,657,437,1.3 %,0.9 %,2.4,1.6,2,2,6,6,2,1,5,6,0,0,4,4,2.7,4.5,8,9,2,8.4,1,2.8,-11322,0,-11.3 %,0.0 %,-12164,-654,-12.2 %,-1.3 %,0,0,0.0 %,0.0 %,72.7 %,81.8 %,72.7 %,81.8 %,75.0 %,90.0 %,1838,607,-2491,-327,100.0 %,100.0 %
SPEM,19d RSI SPEM LT35 - L SPEM,4.8 %,6.2 %,2406,3076,84.2 %,7.9 %,5.7 %,77.5 %,-6.2 %,-3.8 %,5,8,0.4,0.7,60.0 %,87.5 %,1.2,0.6,481,378,1.0 %,0.8 %,2.2,1.5,2,1,2,4,1,1,2,3,0,0,1,2,1.5,7,3,7,1.8,3.9,0.6,1.9,-6272,-1027,-6.3 %,-2.0 %,-6272,-416,-6.3 %,-0.8 %,0,0,0.0 %,0.0 %,60.0 %,87.5 %,60.0 %,87.5 %,75.0 %,80.0 %,1847,578,-1568,-1027,100.0 %,100.0 %
SPGM,19d RSI SPGM LT41 - L SPGM,7.0 %,15.2 %,3518,7617,17.7 %,10.3 %,39.8 %,147.7 %,-8.8 %,-3.1 %,8,10,0.7,0.8,62.5 %,100.0 %,0.9,,440,715,0.9 %,1.4 %,3,1.6,2,0,4,10,2,0,3,9,1,0,2,5,1.7,,5,10,1.5,,0.6,6.5,-8691,0,-8.7 %,0.0 %,-9922,0,-9.9 %,0.0 %,-1269,0,-1.3 %,0.0 %,62.5 %,100.0 %,62.5 %,100.0 %,60.0 %,100.0 %,2046,715,-2237,0,66.7 %,100.0 %
SPHB,21d RSI SPHB LT37 - L SPHB,-4.0 %,8.5 %,-2021,4264,83.3 %,5.2 %,-4.9 %,165.3 %,-16.2 %,-3.1 %,5,4,0.4,0.3,40.0 %,100.0 %,1.2,,-404,1037,-0.8 %,2.1 %,4,2.2,3,0,2,4,2,0,2,4,1,0,1,3,0.7,,2,4,0.8,,-0.2,3.6,-17794,0,-17.8 %,0.0 %,-17794,0,-17.8 %,0.0 %,-13914,0,-13.9 %,0.0 %,40.0 %,100.0 %,40.0 %,100.0 %,50.0 %,100.0 %,3438,1037,-2966,0,50.0 %,100.0 %
SPHD,19d RSI SPHD LT38 - L SPHD,-3.4 %,7.0 %,-1705,3509,66.0 %,6.0 %,-5.2 %,117.9 %,-17.2 %,-1.9 %,7,5,0.6,0.4,42.9 %,80.0 %,1.1,26.2,-244,685,-0.5 %,1.4 %,3.4,2,4,1,2,3,2,1,2,2,1,1,1,1,0.8,4,3,4,0.8,104.8,-0.3,3.6,-17624,-33,-17.6 %,-0.1 %,-13017,-33,-13.0 %,-0.1 %,-11614,-33,-11.6 %,-0.1 %,42.9 %,80.0 %,42.9 %,80.0 %,60.0 %,75.0 %,2369,864,-2203,-33,66.7 %,66.7 %
SPHQ,18d RSI SPHQ LT41 - L SPHQ,-3.6 %,13.2 %,-1811,6596,14.4 %,7.5 %,-25.2 %,175.0 %,-2.1 %,-1.9 %,5,7,0.4,0.6,40.0 %,85.7 %,0.6,12,-362,896,-0.7 %,1.8 %,4.2,1.7,3,1,2,4,2,1,2,4,1,0,1,5,0.7,6,2,6,0.4,72.3,-0.9,4.4,-5737,-88,-5.7 %,-0.2 %,-5737,-88,-5.7 %,-0.2 %,-4493,0,-4.5 %,0.0 %,40.0 %,85.7 %,40.0 %,85.7 %,50.0 %,85.7 %,529,1060,-956,-88,50.0 %,100.0 %
SPHY,5d RSI SPHY LT22 - L SPHY,-8.8 %,2.1 %,-4416,1037,19.2 %,5.2 %,-46.0 %,40.2 %,-10.3 %,-0.5 %,5,4,0.4,0.3,60.0 %,100.0 %,0.1,,-883,257,-1.8 %,0.5 %,5.8,2.2,2,0,2,4,2,0,2,4,1,0,2,4,1.5,,3,4,0.1,,-1,5.3,-10362,0,-10.4 %,0.0 %,-10362,0,-10.4 %,0.0 %,-10362,0,-10.4 %,0.0 %,60.0 %,100.0 %,60.0 %,100.0 %,60.0 %,100.0 %,255,257,-2591,0,75.0 %,100.0 %
SPIB,20d RSI SPIB LT51 - L SPIB,-3.9 %,0.5 %,-1972,245,23.7 %,5.2 %,-16.6 %,9.5 %,0.0 %,-0.4 %,8,4,0.7,0.3,87.5 %,75.0 %,0.1,5,-247,61,-0.5 %,0.1 %,4.1,2.2,1,1,7,3,1,1,4,3,1,1,4,2,7,3,7,3,0.6,14.9,-0.4,1.9,-8881,-18,-8.9 %,-0.0 %,-7026,-18,-7.0 %,-0.0 %,-7026,-18,-7.0 %,-0.0 %,87.5 %,75.0 %,87.5 %,75.0 %,80.0 %,75.0 %,353,87,-4440,-18,80.0 %,66.7 %
SPIP,20d RSI SPIP LT46 - L SPIP,-1.2 %,1.9 %,-615,955,10.7 %,6.8 %,-11.5 %,28.3 %,-0.2 %,-0.4 %,4,5,0.3,0.4,50.0 %,100.0 %,0.3,,-154,190,-0.3 %,0.4 %,3.8,2.4,1,0,1,5,1,0,2,4,1,0,1,2,1,,2,5,0.3,,-0.8,4,-1598,0,-1.6 %,0.0 %,-1598,0,-1.6 %,0.0 %,-1598,0,-1.6 %,0.0 %,50.0 %,100.0 %,50.0 %,100.0 %,66.7 %,100.0 %,133,190,-441,0,50.0 %,100.0 %
SPLB,18d RSI SPLB LT46 - L SPLB,-3.0 %,1.2 %,-1500,600,31.6 %,5.2 %,-9.5 %,23.2 %,-0.8 %,-1.6 %,12,4,1,0.3,75.0 %,75.0 %,0.3,1.8,-125,150,-0.2 %,0.3 %,3.4,2.2,1,1,4,3,1,1,3,3,1,1,5,2,3,3,9,3,0.8,5.5,-0.2,1.6,-13163,-134,-13.2 %,-0.3 %,-5243,-134,-5.2 %,-0.3 %,-5243,-134,-5.2 %,-0.3 %,75.0 %,75.0 %,75.0 %,75.0 %,66.7 %,75.0 %,609,244,-2326,-134,83.3 %,66.7 %
SPLV,15d RSI SPLV LT49 - L SPLV,29.9 %,21.9 %,14933,10931,45.1 %,22.2 %,66.3 %,98.4 %,-7.0 %,-1.6 %,24,17,2,1.4,70.8 %,94.1 %,1,20.8,622,586,1.2 %,1.2 %,2.4,2.3,2,1,12,12,1,1,11,11,1,0,5,6,2.4,16,17,16,2.5,332.3,1.9,8.2,-7158,-30,-7.2 %,-0.1 %,-7158,-30,-7.2 %,-0.1 %,-607,0,-0.6 %,0.0 %,70.8 %,94.1 %,70.8 %,94.1 %,82.4 %,93.8 %,1481,624,-1464,-30,83.3 %,100.0 %
SPMB,20d RSI SPMB LT50 - L SPMB,14.0 %,1.8 %,7000,876,37.1 %,6.3 %,37.7 %,27.6 %,0.0 %,-0.2 %,12,6,1,0.5,100.0 %,100.0 %,,,583,145,1.2 %,0.3 %,5.2,1.7,0,0,12,6,0,0,11,6,0,0,6,4,,,12,6,,,1.2,10.3,0,0,0.0 %,0.0 %,0,0,0.0 %,0.0 %,0,0,0.0 %,0.0 %,100.0 %,100.0 %,100.0 %,100.0 %,100.0 %,100.0 %,583,145,0,0,100.0 %,100.0 %
SPMD,5d RSI SPMD LT20 - L SPMD,-8.9 %,6.5 %,-4430,3236,71.4 %,5.6 %,-12.4 %,116.5 %,-5.2 %,-1.3 %,2,5,0.2,0.4,0.0 %,100.0 %,0,,-2215,631,-4.4 %,1.3 %,4,1.8,2,0,0,5,2,0,0,5,1,0,0,5,0,,0,5,0,,-11.3,8.1,-8861,0,-8.9 %,0.0 %,-8861,0,-8.9 %,0.0 %,-8861,0,-8.9 %,0.0 %,0.0 %,100.0 %,0.0 %,100.0 %,0.0 %,100.0 %,0,631,-2215,0,0.0 %,100.0 %
SPMO,19d RSI SPMO LT45 - L SPMO,10.3 %,19.7 %,5130,9834,18.8 %,12.3 %,54.6 %,159.9 %,-14.0 %,-1.2 %,10,10,0.8,0.8,70.0 %,100.0 %,0.7,,513,909,1.0 %,1.8 %,2.4,2.1,2,0,6,10,2,0,4,9,1,0,3,6,2.3,,7,10,1.7,,0.7,5.1,-14448,0,-14.4 %,0.0 %,-12663,0,-12.7 %,0.0 %,-5566,0,-5.6 %,0.0 %,70.0 %,100.0 %,70.0 %,100.0 %,71.4 %,100.0 %,1854,909,-2616,0,75.0 %,100.0 %
SPPP,14d RSI SPPP LT35 - L SPPP,1.6 %,15.6 %,810,7782,100.0 %,5.2 %,1.6 %,301.7 %,0.0 %,-0.5 %,1,5,0.1,0.4,100.0 %,100.0 %,,,810,1471,1.6 %,2.9 %,8,1.6,0,0,1,5,0,0,1,5,0,0,1,4,,,1,5,,,0,5.5,0,0,0.0 %,0.0 %,0,0,0.0 %,0.0 %,0,0,0.0 %,0.0 %,100.0 %,100.0 %,100.0 %,100.0 %,100.0 %,100.0 %,810,1471,0,0,100.0 %,100.0 %
SPSB,15d RSI SPSB LT61 - L SPSB,0.3 %,2.0 %,132,986,59.4 %,31.8 %,0.4 %,6.2 %,0.0 %,-0.2 %,16,13,1.3,1.1,93.8 %,84.6 %,0.1,9.1,8,75,0.0 %,0.1 %,6.7,5.2,1,1,15,6,1,1,12,8,1,1,6,6,15,5.5,15,11,1,50.2,0,5.4,-5892,-20,-5.9 %,-0.0 %,-3655,0,-3.7 %,0.0 %,-2647,0,-2.6 %,0.0 %,93.8 %,84.6 %,93.8 %,84.6 %,92.3 %,90.9 %,205,91,-2946,-10,85.7 %,87.5 %
SPSM,5d RSI SPSM LT18 - L SPSM,-3.9 %,11.0 %,-1926,5482,10.8 %,6.0 %,-35.7 %,184.2 %,-11.0 %,-1.9 %,5,5,0.4,0.4,60.0 %,100.0 %,0.4,,-385,1054,-0.8 %,2.1 %,2.8,2,2,0,2,5,2,0,2,5,1,0,2,5,1.5,,3,5,0.7,,-0.4,4.8,-11353,0,-11.4 %,0.0 %,-11353,0,-11.4 %,0.0 %,-11353,0,-11.4 %,0.0 %,60.0 %,100.0 %,60.0 %,100.0 %,60.0 %,100.0 %,1250,1054,-2838,0,75.0 %,100.0 %
SPTI,21d RSI SPTI LT47 - L SPTI,1.3 %,1.7 %,674,863,37.9 %,10.7 %,3.6 %,16.1 %,-0.2 %,-0.5 %,11,7,0.9,0.6,81.8 %,85.7 %,1.5,2.1,61,123,0.1 %,0.2 %,3.5,2.9,1,1,4,4,1,1,4,4,0,1,5,2,4.5,6,9,6,6.6,12.6,3,3.4,-172,-74,-0.2 %,-0.1 %,-172,-74,-0.2 %,-0.1 %,0,-74,0.0 %,-0.1 %,81.8 %,85.7 %,81.8 %,85.7 %,81.8 %,83.3 %,88,155,-60,-74,100.0 %,75.0 %
SPTL,20d RSI SPTL LT43 - L SPTL,3.2 %,5.4 %,1593,2684,25.6 %,6.8 %,12.5 %,79.6 %,-0.8 %,-0.7 %,9,6,0.8,0.5,66.7 %,100.0 %,1.7,,177,439,0.4 %,0.9 %,2.8,1.7,1,0,3,6,1,0,3,6,1,0,2,4,2,,6,6,3.4,,1.7,3.6,-768,0,-0.8 %,0.0 %,-768,0,-0.8 %,0.0 %,-367,0,-0.4 %,0.0 %,66.7 %,100.0 %,66.7 %,100.0 %,66.7 %,100.0 %,375,439,-220,0,60.0 %,100.0 %
SPTM,16d RSI SPTM LT39 - L SPTM,2.3 %,11.2 %,1129,5578,16.7 %,7.1 %,13.6 %,156.2 %,-6.0 %,-2.0 %,7,6,0.6,0.5,57.1 %,100.0 %,1,,161,891,0.3 %,1.8 %,3.3,2,3,0,4,6,2,0,3,6,1,0,2,5,1.3,,4,6,1.3,,0.3,5,-7267,0,-7.3 %,0.0 %,-7267,0,-7.3 %,0.0 %,-772,0,-0.8 %,0.0 %,57.1 %,100.0 %,57.1 %,100.0 %,60.0 %,100.0 %,1191,891,-1211,0,66.7 %,100.0 %
SPTS,18d RSI SPTS LT48 - L SPTS,0.3 %,0.2 %,150,117,98.0 %,5.2 %,0.3 %,4.5 %,0.0 %,-0.2 %,2,3,0.2,0.2,100.0 %,66.7 %,,3.5,75,39,0.2 %,0.1 %,47.5,3.3,0,1,2,2,0,1,2,2,0,0,2,2,,2,2,2,,7,2.8,1.6,0,-19,0.0 %,-0.0 %,0,-19,0.0 %,-0.0 %,0,0,0.0 %,0.0 %,100.0 %,66.7 %,100.0 %,66.7 %,100.0 %,66.7 %,75,68,0,-19,100.0 %,100.0 %
SPXL,17d RSI SPXL LT36 - L SPXL,-19.6 %,36.9 %,-9805,18459,90.0 %,5.2 %,-21.8 %,715.6 %,-58.0 %,-6.0 %,5,4,0.4,0.3,40.0 %,100.0 %,1,,-1961,4095,-3.9 %,8.2 %,4.4,2.2,3,0,2,4,3,0,1,4,1,0,1,4,0.7,,2,4,0.7,,-0.4,8.3,-60083,0,-60.1 %,0.0 %,-42620,0,-42.6 %,0.0 %,-42620,0,-42.6 %,0.0 %,40.0 %,100.0 %,40.0 %,100.0 %,25.0 %,100.0 %,10118,4095,-10014,0,50.0 %,100.0 %
SPXS,6d RSI SPXS LT15 - L SPXS,0.7 %,2.9 %,372,1424,16.9 %,6.0 %,4.4 %,47.8 %,0.0 %,-2.6 %,2,4,0.2,0.3,50.0 %,75.0 %,,42.4,186,353,0.4 %,0.7 %,4.5,2.8,1,1,1,3,1,1,1,3,1,1,1,2,1,3,1,3,,127.2,1.4,3.2,0,-11,0.0 %,-0.0 %,0,-11,0.0 %,-0.0 %,0,-11,0.0 %,-0.0 %,50.0 %,75.0 %,50.0 %,75.0 %,50.0 %,75.0 %,372,474,0,-11,50.0 %,66.7 %
SPXU,6d RSI SPXU LT16 - L SPXU,-9.0 %,3.2 %,-4503,1596,20.9 %,6.0 %,-43.1 %,53.6 %,-2.2 %,-2.6 %,2,4,0.2,0.3,0.0 %,75.0 %,0,51.4,-2251,395,-4.5 %,0.8 %,6,2.8,2,1,0,3,2,1,0,3,2,1,0,2,0,3,0,3,0,154.2,-2.6,3.3,-9005,-10,-9.0 %,-0.0 %,-9005,-10,-9.0 %,-0.0 %,-9005,-10,-9.0 %,-0.0 %,0.0 %,75.0 %,0.0 %,75.0 %,0.0 %,75.0 %,0,530,-2251,-10,0.0 %,66.7 %
SPY,17d RSI SPY LT40 - L SPY,3.1 %,11.4 %,1546,5709,16.7 %,7.5 %,18.5 %,151.4 %,-5.5 %,-2.1 %,7,6,0.6,0.5,57.1 %,100.0 %,1.1,,221,911,0.4 %,1.8 %,3.3,2.2,3,0,4,6,2,0,3,6,0,0,3,5,1.3,,4,6,1.5,,0.4,5.6,-6624,0,-6.6 %,0.0 %,-6624,0,-6.6 %,0.0 %,0,0,0.0 %,0.0 %,57.1 %,100.0 %,57.1 %,100.0 %,60.0 %,100.0 %,1214,911,-1104,0,100.0 %,100.0 %
SPYD,20d RSI SPYD LT36 - L SPYD,-14.7 %,5.0 %,-7361,2493,90.0 %,5.2 %,-16.4 %,96.7 %,-25.4 %,-1.8 %,5,4,0.4,0.3,40.0 %,75.0 %,0.7,43,-1472,614,-2.9 %,1.2 %,4.4,2.2,3,1,2,2,2,1,2,2,1,1,1,1,0.7,3,2,3,0.5,129,-0.7,3,-27924,-19,-27.9 %,-0.0 %,-22689,-19,-22.7 %,-0.0 %,-21824,-19,-21.8 %,-0.0 %,40.0 %,75.0 %,40.0 %,75.0 %,50.0 %,75.0 %,3301,824,-4654,-19,50.0 %,66.7 %
SPYG,18d RSI SPYG LT44 - L SPYG,19.0 %,22.1 %,9496,11068,20.9 %,11.9 %,91.0 %,185.9 %,-3.6 %,-1.7 %,9,11,0.8,0.9,66.7 %,100.0 %,2,,1055,919,2.1 %,1.8 %,3.2,1.7,3,0,6,11,2,0,5,9,0,0,4,5,2,,6,11,3.9,,1.8,7.1,-6505,0,-6.5 %,0.0 %,-6505,0,-6.5 %,0.0 %,0,0,0.0 %,0.0 %,66.7 %,100.0 %,66.7 %,100.0 %,71.4 %,100.0 %,2125,919,-1084,0,100.0 %,100.0 %
SPYV,14d RSI SPYV LT37 - L SPYV,-9.1 %,8.6 %,-4539,4320,16.2 %,7.1 %,-55.9 %,121.0 %,-13.9 %,-2.1 %,7,5,0.6,0.4,42.9 %,80.0 %,0.5,2,-648,842,-1.3 %,1.7 %,3.6,2.6,4,1,2,2,3,1,2,2,1,1,2,2,0.8,4,3,4,0.4,7.9,-1.2,2.4,-14151,-611,-14.2 %,-1.2 %,-14151,-611,-14.2 %,-1.2 %,-14151,-611,-14.2 %,-1.2 %,42.9 %,80.0 %,42.9 %,80.0 %,50.0 %,80.0 %,845,1205,-1769,-611,75.0 %,75.0 %
SPYX,21d RSI SPYX LT44 - L SPYX,14.6 %,17.3 %,7301,8672,20.6 %,10.3 %,71.0 %,168.1 %,-5.7 %,-1.5 %,10,9,0.8,0.8,70.0 %,88.9 %,1.3,21.1,730,898,1.5 %,1.8 %,2.7,1.9,2,1,6,6,1,1,5,5,0,0,4,5,2.3,8,7,8,3,168.5,1.6,6.3,-5891,-48,-5.9 %,-0.1 %,-5891,-48,-5.9 %,-0.1 %,0,0,0.0 %,0.0 %,70.0 %,88.9 %,70.0 %,88.9 %,85.7 %,87.5 %,1563,1017,-1213,-48,100.0 %,100.0 %
SQQQ,6d RSI SQQQ LT11 - L SQQQ,12.1 %,7.7 %,6028,3826,100.0 %,5.2 %,12.1 %,148.3 %,0.0 %,-3.8 %,1,3,0.1,0.2,100.0 %,66.7 %,,8.2,6028,1266,12.1 %,2.5 %,2,3.3,0,1,1,2,0,1,1,2,0,1,1,2,,2,1,2,,16.4,0,1.4,0,-247,0.0 %,-0.5 %,0,-247,0.0 %,-0.5 %,0,-247,0.0 %,-0.5 %,100.0 %,66.7 %,100.0 %,66.7 %,100.0 %,66.7 %,6028,2023,0,-247,100.0 %,66.7 %
SRLN,19d RSI SRLN LT43 - L SRLN,-6.2 %,1.8 %,-3100,920,18.7 %,6.8 %,-33.2 %,27.3 %,-8.2 %,-0.3 %,7,5,0.6,0.4,42.9 %,100.0 %,0.5,,-443,183,-0.9 %,0.4 %,3.9,2.4,3,0,2,5,3,0,2,4,1,0,2,4,0.8,,3,5,0.3,,-1.1,2.4,-8160,0,-8.2 %,0.0 %,-8638,0,-8.6 %,0.0 %,-8638,0,-8.6 %,0.0 %,42.9 %,100.0 %,42.9 %,100.0 %,40.0 %,100.0 %,527,183,-1170,0,66.7 %,100.0 %
SRTY,13d RSI SRTY LT29 - L SRTY,-4.0 %,9.1 %,-1976,4570,15.3 %,7.9 %,-25.9 %,115.2 %,-15.6 %,-6.1 %,5,4,0.4,0.3,60.0 %,50.0 %,0.5,4.2,-395,1160,-0.8 %,2.3 %,6,4,2,1,3,2,2,1,3,2,2,1,3,2,1.5,1,3,2,0.8,4.2,-0.3,1,-17779,-754,-17.8 %,-1.5 %,-17779,-754,-17.8 %,-1.5 %,-17779,-754,-17.8 %,-1.5 %,60.0 %,50.0 %,60.0 %,50.0 %,60.0 %,50.0 %,2304,3037,-4445,-716,60.0 %,50.0 %
SSO,5d RSI SSO LT17 - L SSO,-6.5 %,21.4 %,-3229,10719,5.5 %,5.2 %,-116.9 %,415.6 %,0.0 %,-4.0 %,2,4,0.2,0.3,50.0 %,100.0 %,0.2,,-1614,2490,-3.2 %,5.0 %,4,2.2,1,0,1,4,1,0,1,4,1,0,1,4,1,,1,4,0.2,,-0.9,10.3,-8526,0,-8.5 %,0.0 %,-8526,0,-8.5 %,0.0 %,-8526,0,-8.5 %,0.0 %,50.0 %,100.0 %,50.0 %,100.0 %,50.0 %,100.0 %,1034,2490,-4263,0,50.0 %,100.0 %
STIP,3d RSI STIP LT36 - L STIP,-2.6 %,2.2 %,-1316,1097,25.1 %,27.0 %,-10.5 %,8.1 %,-3.0 %,-0.2 %,12,19,1,1.6,66.7 %,94.7 %,0.1,,-110,57,-0.2 %,0.1 %,3.5,2.6,2,1,4,9,2,0,4,17,2,0,4,12,2,18,8,18,0.2,,-0.9,6.9,-3057,0,-3.1 %,0.0 %,-3057,0,-3.1 %,0.0 %,-3057,0,-3.1 %,0.0 %,66.7 %,94.7 %,66.7 %,94.7 %,66.7 %,100.0 %,37,60,-403,0,66.7 %,100.0 %
SUB,21d RSI SUB LT50 - L SUB,-1.1 %,0.0 %,-570,5,25.6 %,8.3 %,-4.5 %,0.1 %,0.0 %,-0.5 %,8,5,0.7,0.4,87.5 %,80.0 %,0.1,0.3,-71,1,-0.1 %,0.0 %,4.6,3.2,1,1,7,4,1,1,5,4,1,1,3,2,7,4,7,4,0.7,1,-0.3,0,-3807,-155,-3.8 %,-0.3 %,-1776,-155,-1.8 %,-0.3 %,-1776,-98,-1.8 %,-0.2 %,87.5 %,80.0 %,87.5 %,80.0 %,83.3 %,80.0 %,191,40,-1904,-155,75.0 %,66.7 %
SUSB,6d RSI SUSB LT41 - L SUSB,-5.4 %,1.9 %,-2689,937,39.3 %,11.1 %,-13.7 %,16.9 %,0.0 %,-0.3 %,5,7,0.4,0.6,80.0 %,100.0 %,0.1,,-538,133,-1.1 %,0.3 %,12.6,3,1,0,4,7,1,0,4,7,1,0,4,7,4,,4,7,0.3,,-0.8,3.9,-7363,0,-7.4 %,0.0 %,-7363,0,-7.4 %,0.0 %,-7363,0,-7.4 %,0.0 %,80.0 %,100.0 %,80.0 %,100.0 %,80.0 %,100.0 %,248,133,-3682,0,80.0 %,100.0 %
SUSC,19d RSI SUSC LT48 - L SUSC,-1.2 %,1.9 %,-575,930,33.7 %,5.2 %,-3.4 %,36.0 %,-0.2 %,-0.3 %,12,4,1,0.3,75.0 %,100.0 %,0.3,,-48,231,-0.1 %,0.5 %,3.8,2.2,1,0,4,4,1,0,3,4,1,0,5,3,3,,9,4,0.9,,-0.1,3.8,-9922,0,-9.9 %,0.0 %,-6129,0,-6.1 %,0.0 %,-5215,0,-5.2 %,0.0 %,75.0 %,100.0 %,75.0 %,100.0 %,70.0 %,100.0 %,499,231,-1690,0,83.3 %,100.0 %
SVXY,13d RSI SVXY LT36 - L SVXY,-19.4 %,30.6 %,-9677,15275,23.2 %,7.1 %,-83.3 %,427.7 %,-46.3 %,-4.3 %,10,6,0.8,0.5,70.0 %,100.0 %,0.3,,-968,2273,-1.9 %,4.5 %,3.5,2,3,0,6,6,3,0,4,5,1,0,4,3,2.3,,7,6,0.6,,-0.6,13.8,-48536,0,-48.5 %,0.0 %,-48409,0,-48.4 %,0.0 %,-44524,0,-44.5 %,0.0 %,70.0 %,100.0 %,70.0 %,100.0 %,62.5 %,100.0 %,2084,2273,-8089,0,83.3 %,100.0 %
TAIL,17d RSI TAIL LT35 - L TAIL,2.5 %,2.1 %,1254,1069,25.8 %,6.0 %,9.7 %,35.9 %,0.0 %,-0.5 %,4,3,0.3,0.2,100.0 %,100.0 %,,,314,354,0.6 %,0.7 %,3.2,1,0,0,4,3,0,0,4,3,0,0,4,3,,,4,3,,,5.3,4.5,0,0,0.0 %,0.0 %,0,0,0.0 %,0.0 %,0,0,0.0 %,0.0 %,100.0 %,100.0 %,100.0 %,100.0 %,100.0 %,100.0 %,314,354,0,0,100.0 %,100.0 %
TAN,8d RSI TAN LT31 - L TAN,-9.9 %,7.0 %,-4959,3497,100.0 %,7.9 %,-9.9 %,88.1 %,0.0 %,-2.1 %,2,5,0.2,0.4,50.0 %,80.0 %,0.6,47.8,-2479,684,-5.0 %,1.4 %,5,3,1,1,1,3,1,0,1,4,1,0,0,3,1,4,1,4,0.6,191.3,-0.4,2.5,-23266,-18,-23.3 %,-0.0 %,-23266,0,-23.3 %,0.0 %,-9918,0,-9.9 %,0.0 %,50.0 %,80.0 %,50.0 %,80.0 %,50.0 %,100.0 %,6674,860,-11633,-18,0.0 %,100.0 %
TBLL,3d RSI TBLL LT43 - L TBLL,1.7 %,0.5 %,850,227,93.7 %,8.7 %,1.8 %,5.2 %,0.0 %,-0.0 %,13,5,1.1,0.4,100.0 %,100.0 %,,,65,45,0.1 %,0.1 %,12.3,3.2,0,0,13,5,0,0,11,5,0,0,7,5,,,13,5,,,2.7,3.2,0,0,0.0 %,0.0 %,0,0,0.0 %,0.0 %,0,0,0.0 %,0.0 %,100.0 %,100.0 %,100.0 %,100.0 %,100.0 %,100.0 %,65,45,0,0,100.0 %,100.0 %
TDIV,11d RSI TDIV LT30 - L TDIV,23.6 %,6.7 %,11785,3348,11.1 %,5.2 %,212.1 %,129.8 %,0.0 %,-1.8 %,5,4,0.4,0.3,80.0 %,75.0 %,6,4.5,2357,821,4.7 %,1.6 %,3,2.2,1,1,4,2,1,1,3,2,0,0,2,3,4,3,4,3,23.9,13.4,2.6,2.4,-1028,-266,-1.0 %,-0.5 %,-1028,-266,-1.0 %,-0.5 %,0,0,0.0 %,0.0 %,80.0 %,75.0 %,80.0 %,75.0 %,75.0 %,75.0 %,3075,1184,-514,-266,100.0 %,100.0 %
TDTF,20d RSI TDTF LT45 - L TDTF,-2.2 %,1.6 %,-1087,794,10.1 %,6.0 %,-21.5 %,26.7 %,-0.1 %,-0.2 %,5,5,0.4,0.4,60.0 %,100.0 %,0.1,,-217,158,-0.4 %,0.3 %,2.6,2,1,0,2,5,1,0,2,4,1,0,1,2,1.5,,3,5,0.2,,-0.9,8.6,-2501,0,-2.5 %,0.0 %,-2501,0,-2.5 %,0.0 %,-2501,0,-2.5 %,0.0 %,60.0 %,100.0 %,60.0 %,100.0 %,66.7 %,100.0 %,70,158,-649,0,50.0 %,100.0 %
TDTT,12d RSI TDTT LT39 - L TDTT,-2.7 %,0.7 %,-1333,342,9.7 %,7.5 %,-27.5 %,9.1 %,-0.1 %,-0.4 %,2,3,0.2,0.2,0.0 %,100.0 %,0,,-667,114,-1.3 %,0.2 %,7.5,5.3,2,0,0,3,2,0,0,2,2,0,0,2,0,,0,3,0,,-1.5,3.2,-2667,0,-2.7 %,0.0 %,-2667,0,-2.7 %,0.0 %,-2667,0,-2.7 %,0.0 %,0.0 %,100.0 %,0.0 %,100.0 %,0.0 %,100.0 %,0,114,-667,0,0.0 %,100.0 %
TECL,13d RSI TECL LT34 - L TECL,64.5 %,38.0 %,32242,18986,11.6 %,5.2 %,555.8 %,736.1 %,0.0 %,-7.4 %,5,5,0.4,0.4,100.0 %,100.0 %,,,6448,3356,12.9 %,6.7 %,3.2,1.6,0,0,5,5,0,0,4,5,0,0,2,4,,,5,5,,,2.2,4.1,0,0,0.0 %,0.0 %,0,0,0.0 %,0.0 %,0,0,0.0 %,0.0 %,100.0 %,100.0 %,100.0 %,100.0 %,100.0 %,100.0 %,6448,3356,0,0,100.0 %,100.0 %
TECS,7d RSI TECS LT14 - L TECS,3.5 %,19.3 %,1731,9658,100.0 %,9.1 %,3.5 %,211.6 %,0.0 %,-4.3 %,1,5,0.1,0.4,100.0 %,100.0 %,,,1731,1813,3.5 %,3.6 %,6,3.6,0,0,1,5,0,0,1,5,0,0,1,4,,,1,5,,,0,3.2,0,0,0.0 %,0.0 %,0,0,0.0 %,0.0 %,0,0,0.0 %,0.0 %,100.0 %,100.0 %,100.0 %,100.0 %,100.0 %,100.0 %,1731,1813,0,0,100.0 %,100.0 %
TFI,20d RSI TFI LT44 - L TFI,-8.1 %,0.6 %,-4051,278,27.1 %,7.1 %,-29.9 %,7.8 %,-0.3 %,-0.2 %,5,5,0.4,0.4,60.0 %,80.0 %,0.1,,-810,56,-1.6 %,0.1 %,8,2.6,1,1,2,3,1,1,2,2,1,0,1,3,1.5,4,3,4,0.1,,-1.1,2.9,-8501,0,-8.5 %,0.0 %,-8501,0,-8.5 %,0.0 %,-8501,0,-8.5 %,0.0 %,60.0 %,80.0 %,60.0 %,80.0 %,60.0 %,75.0 %,111,69,-2192,0,50.0 %,100.0 %
TFLO,17d RSI TFLO LT65 - L TFLO,0.7 %,0.4 %,364,179,100.0 %,9.5 %,0.7 %,3.8 %,0.0 %,-0.0 %,12,4,1,0.3,83.3 %,100.0 %,,,30,45,0.1 %,0.1 %,15.8,5,2,0,10,4,2,0,9,4,1,0,6,3,5,,10,4,,,3.5,5.8,0,0,0.0 %,0.0 %,0,0,0.0 %,0.0 %,0,0,0.0 %,0.0 %,83.3 %,100.0 %,83.3 %,100.0 %,81.8 %,100.0 %,36,45,0,0,85.7 %,100.0 %
THD,5d RSI THD LT13 - L THD,6.9 %,3.8 %,3471,1898,12.5 %,5.2 %,55.5 %,73.6 %,-3.5 %,-2.7 %,5,5,0.4,0.4,60.0 %,80.0 %,2,5,694,375,1.4 %,0.8 %,3.4,1.6,2,1,3,4,2,1,3,4,1,0,2,3,1.5,4,3,4,3,19.8,1,2.7,-3525,-100,-3.5 %,-0.2 %,-3525,-100,-3.5 %,-0.2 %,-15,0,-0.0 %,0.0 %,60.0 %,80.0 %,60.0 %,80.0 %,60.0 %,80.0 %,1745,494,-881,-100,66.7 %,100.0 %
TIP,21d RSI TIP LT46 - L TIP,-0.2 %,2.0 %,-87,1026,9.0 %,6.3 %,-1.9 %,32.3 %,-0.2 %,-0.4 %,4,5,0.3,0.4,50.0 %,100.0 %,0.8,,-22,204,-0.0 %,0.4 %,3,2.2,1,0,1,5,1,0,2,4,1,0,1,2,1,,2,5,0.8,,-0.2,4,-621,0,-0.6 %,0.0 %,-621,0,-0.6 %,0.0 %,-621,0,-0.6 %,0.0 %,50.0 %,100.0 %,50.0 %,100.0 %,66.7 %,100.0 %,160,204,-204,0,50.0 %,100.0 %
TIPX,21d RSI TIPX LT47 - L TIPX,-2.7 %,1.2 %,-1341,616,14.1 %,9.5 %,-19.0 %,12.9 %,-0.1 %,-0.4 %,3,6,0.2,0.5,33.3 %,83.3 %,0.1,4,-447,102,-0.9 %,0.2 %,7.7,3,2,1,1,5,2,0,1,5,1,0,1,3,0.5,5,1,5,0.1,20,-1.2,3.5,-2862,-32,-2.9 %,-0.1 %,-2862,0,-2.9 %,0.0 %,-2742,0,-2.7 %,0.0 %,33.3 %,83.3 %,33.3 %,83.3 %,33.3 %,100.0 %,90,129,-716,-32,50.0 %,100.0 %
TLH,19d RSI TLH LT43 - L TLH,4.7 %,3.9 %,2328,1946,26.3 %,6.8 %,17.7 %,57.7 %,0.0 %,-0.3 %,9,6,0.8,0.5,88.9 %,100.0 %,1.2,,259,319,0.5 %,0.6 %,2.9,1.7,1,0,8,6,1,0,8,5,1,0,5,3,8,,8,6,9.7,,3.2,4.1,-534,0,-0.5 %,0.0 %,-534,0,-0.5 %,0.0 %,-534,0,-0.5 %,0.0 %,88.9 %,100.0 %,88.9 %,100.0 %,88.9 %,100.0 %,324,319,-267,0,83.3 %,100.0 %
TLT,11d RSI TLT LT35 - L TLT,0.2 %,4.9 %,90,2458,21.2 %,5.6 %,0.9 %,88.5 %,0.0 %,-0.6 %,5,5,0.4,0.4,80.0 %,100.0 %,0.3,,18,483,0.0 %,1.0 %,3.4,1.8,1,0,4,5,1,0,4,5,1,0,2,4,4,,4,5,1.1,,0.1,3.4,-1777,0,-1.8 %,0.0 %,-1777,0,-1.8 %,0.0 %,-1777,0,-1.8 %,0.0 %,80.0 %,100.0 %,80.0 %,100.0 %,80.0 %,100.0 %,245,483,-889,0,66.7 %,100.0 %
TMF,21d RSI TMF LT42 - L TMF,23.0 %,15.1 %,11503,7552,24.1 %,6.0 %,95.6 %,253.7 %,0.0 %,-2.0 %,9,5,0.8,0.4,88.9 %,100.0 %,2.7,,1278,1435,2.6 %,2.9 %,2.6,1.8,1,0,8,5,1,0,8,5,1,0,4,4,8,,8,5,21.8,,3.6,3.4,-1106,0,-1.1 %,0.0 %,-1106,0,-1.1 %,0.0 %,-1106,0,-1.1 %,0.0 %,88.9 %,100.0 %,88.9 %,100.0 %,88.9 %,100.0 %,1507,1435,-553,0,80.0 %,100.0 %
TNA,8d RSI TNA LT27 - L TNA,-73.8 %,28.3 %,-36906,14143,63.2 %,5.2 %,-116.9 %,548.3 %,-75.7 %,-5.4 %,3,4,0.2,0.3,33.3 %,100.0 %,0.2,,-12302,3237,-24.6 %,6.5 %,7,2.2,2,0,1,4,2,0,1,4,1,0,1,4,0.5,,1,4,0.1,,-1.3,4,-81484,0,-81.5 %,0.0 %,-81484,0,-81.5 %,0.0 %,-81484,0,-81.5 %,0.0 %,33.3 %,100.0 %,33.3 %,100.0 %,33.3 %,100.0 %,3836,3237,-20371,0,50.0 %,100.0 %
TOTL,3d RSI TOTL LT13 - L TOTL,0.3 %,1.9 %,160,933,16.8 %,6.3 %,1.9 %,29.4 %,-0.0 %,-0.1 %,3,5,0.2,0.4,66.7 %,100.0 %,6.7,,53,185,0.1 %,0.4 %,7.3,2.2,1,0,1,5,1,0,1,5,1,0,1,5,2,,2,5,13.4,,1.9,7.9,-26,0,-0.0 %,0.0 %,-26,0,-0.0 %,0.0 %,-26,0,-0.0 %,0.0 %,66.7 %,100.0 %,66.7 %,100.0 %,66.7 %,100.0 %,86,185,-13,0,66.7 %,100.0 %
TQQQ,18d RSI TQQQ LT38 - L TQQQ,-24.3 %,24.7 %,-12130,12372,100.0 %,5.2 %,-24.3 %,479.6 %,-40.3 %,-12.6 %,4,4,0.3,0.3,25.0 %,75.0 %,1.2,3.4,-3033,2914,-6.1 %,5.8 %,4.8,2.2,3,1,1,2,3,1,0,2,1,1,0,2,0.3,3,1,3,0.4,10.2,-0.7,2.1,-40556,-1271,-40.6 %,-2.5 %,-24261,-1271,-24.3 %,-2.5 %,-24261,-1271,-24.3 %,-2.5 %,25.0 %,75.0 %,25.0 %,75.0 %,0.0 %,75.0 %,8148,4309,-6759,-1271,0.0 %,75.0 %
TUR,16d RSI TUR LT30 - L TUR,-15.2 %,11.6 %,-7621,5807,10.7 %,5.2 %,-142.8 %,225.1 %,-17.7 %,-4.1 %,4,5,0.3,0.4,50.0 %,100.0 %,0.1,,-1905,1120,-3.8 %,2.2 %,3.8,1.6,2,0,1,5,2,0,1,5,2,0,1,3,1,,2,5,0.1,,-1.1,2.6,-17904,0,-17.9 %,0.0 %,-17904,0,-17.9 %,0.0 %,-16496,0,-16.5 %,0.0 %,50.0 %,100.0 %,50.0 %,100.0 %,50.0 %,100.0 %,665,1120,-4476,0,33.3 %,100.0 %
TWM,20d RSI TWM LT33 - L TWM,-13.7 %,0.1 %,-6843,70,13.7 %,6.0 %,-100.2 %,2.4 %,-15.6 %,-3.5 %,3,3,0.2,0.2,33.3 %,33.3 %,0.3,2.2,-2281,26,-4.6 %,0.1 %,9.3,4,2,1,1,1,2,1,1,1,2,1,1,1,0.5,0.5,1,1,0.1,1.1,-1.4,0.1,-15935,-447,-15.9 %,-0.9 %,-15935,-447,-15.9 %,-0.9 %,-15935,-447,-15.9 %,-0.9 %,33.3 %,33.3 %,33.3 %,33.3 %,33.3 %,33.3 %,1125,725,-3984,-323,33.3 %,33.3 %
TZA,21d RSI TZA LT34 - L TZA,-21.9 %,0.1 %,-10957,32,14.5 %,6.0 %,-151.6 %,1.1 %,-24.6 %,-5.2 %,3,3,0.2,0.2,33.3 %,33.3 %,0.3,2.1,-3652,16,-7.3 %,0.0 %,10,4,2,1,1,1,2,1,1,1,2,1,1,1,0.5,0.5,1,1,0.1,1,-1.4,0,-25447,-631,-25.4 %,-1.3 %,-25447,-631,-25.4 %,-1.3 %,-25447,-631,-25.4 %,-1.3 %,33.3 %,33.3 %,33.3 %,33.3 %,33.3 %,33.3 %,1767,999,-6362,-476,33.3 %,33.3 %
UAE,20d RSI UAE LT40 - L UAE,-19.7 %,13.4 %,-9874,6725,74.6 %,11.5 %,-26.5 %,116.9 %,-27.8 %,-3.2 %,9,8,0.8,0.7,66.7 %,75.0 %,0.2,7.7,-1097,798,-2.2 %,1.6 %,4.4,2.6,1,1,2,2,1,1,2,2,2,1,1,3,2,3,6,6,0.4,23.2,-0.7,3.9,-27458,-194,-27.5 %,-0.4 %,-27458,-194,-27.5 %,-0.4 %,-24578,-94,-24.6 %,-0.2 %,66.7 %,75.0 %,66.7 %,75.0 %,62.5 %,75.0 %,1117,1112,-5526,-144,50.0 %,80.0 %
UDN,10d RSI UDN LT31 - L UDN,-1.6 %,2.3 %,-790,1147,14.3 %,5.2 %,-11.1 %,44.5 %,-2.0 %,-0.3 %,4,5,0.3,0.4,50.0 %,100.0 %,0.2,,-198,228,-0.4 %,0.5 %,5,1.6,2,0,1,5,2,0,1,5,2,0,1,5,1,,2,5,0.2,,-1.3,4.6,-1973,0,-2.0 %,0.0 %,-1973,0,-2.0 %,0.0 %,-1973,0,-2.0 %,0.0 %,50.0 %,100.0 %,50.0 %,100.0 %,50.0 %,100.0 %,98,228,-493,0,50.0 %,100.0 %
UDOW,15d RSI UDOW LT37 - L UDOW,-39.0 %,41.8 %,-19504,20921,19.3 %,7.9 %,-201.7 %,527.2 %,-68.3 %,-6.9 %,6,6,0.5,0.5,50.0 %,100.0 %,0.5,,-3251,3014,-6.5 %,6.0 %,4.8,2.3,3,0,3,6,3,0,2,5,1,0,2,4,1,,3,6,0.5,,-0.8,5.9,-72916,0,-72.9 %,0.0 %,-54280,0,-54.3 %,0.0 %,-54280,0,-54.3 %,0.0 %,50.0 %,100.0 %,50.0 %,100.0 %,40.0 %,100.0 %,5652,3014,-12153,0,66.7 %,100.0 %
UGL,10d RSI UGL LT31 - L UGL,12.7 %,3.5 %,6339,1725,9.0 %,5.2 %,140.2 %,66.9 %,0.0 %,-1.4 %,4,3,0.3,0.2,100.0 %,100.0 %,,,1585,570,3.2 %,1.1 %,3,3.3,0,0,4,3,0,0,4,3,0,0,3,3,,,4,3,,,1.8,2.8,0,0,0.0 %,0.0 %,0,0,0.0 %,0.0 %,0,0,0.0 %,0.0 %,100.0 %,100.0 %,100.0 %,100.0 %,100.0 %,100.0 %,1585,570,0,0,100.0 %,100.0 %
UITB,21d RSI UITB LT49 - L UITB,-0.3 %,1.3 %,-153,638,22.8 %,7.1 %,-1.3 %,17.9 %,-0.1 %,-0.2 %,10,5,0.8,0.4,80.0 %,100.0 %,0.2,,-15,127,-0.0 %,0.2 %,2.9,2.6,1,0,6,5,1,0,3,5,1,0,3,3,4,,8,5,0.9,,-0.1,13.7,-4506,0,-4.5 %,0.0 %,-2781,0,-2.8 %,0.0 %,-2781,0,-2.8 %,0.0 %,80.0 %,100.0 %,80.0 %,100.0 %,71.4 %,100.0 %,268,127,-1148,0,75.0 %,100.0 %
ULST,3d RSI ULST LT47 - L ULST,-2.4 %,1.7 %,-1210,836,49.6 %,34.1 %,-4.9 %,4.9 %,-4.8 %,-0.0 %,16,12,1.3,1,93.8 %,100.0 %,0,,-76,69,-0.2 %,0.1 %,6.8,6.2,1,0,12,12,1,0,12,12,1,0,8,10,15,,15,12,0.5,,-0.5,6.7,-4821,0,-4.8 %,0.0 %,-4821,0,-4.8 %,0.0 %,-4673,0,-4.7 %,0.0 %,93.8 %,100.0 %,93.8 %,100.0 %,93.8 %,100.0 %,80,69,-2411,0,90.0 %,100.0 %
UNG,11d RSI UNG LT26 - L UNG,9.0 %,11.3 %,4515,5652,16.2 %,5.6 %,55.6 %,203.5 %,0.0 %,-1.4 %,3,5,0.2,0.4,66.7 %,100.0 %,1.3,,1505,1088,3.0 %,2.2 %,5,1.8,1,0,2,5,1,0,2,4,1,0,1,3,2,,2,5,2.6,,0.8,3.2,-5727,0,-5.7 %,0.0 %,-5727,0,-5.7 %,0.0 %,-1536,0,-1.5 %,0.0 %,66.7 %,100.0 %,66.7 %,100.0 %,66.7 %,100.0 %,3690,1088,-2864,0,50.0 %,100.0 %
UNL,5d RSI UNL LT12 - L UNL,0.6 %,8.4 %,320,4193,12.2 %,7.1 %,5.3 %,117.4 %,0.0 %,-1.9 %,2,6,0.2,0.5,50.0 %,100.0 %,1.2,,160,677,0.3 %,1.4 %,6,2,1,0,1,6,1,0,1,6,1,0,1,5,1,,1,6,1.2,,0.2,4.5,-2662,0,-2.7 %,0.0 %,-2662,0,-2.7 %,0.0 %,-2662,0,-2.7 %,0.0 %,50.0 %,100.0 %,50.0 %,100.0 %,50.0 %,100.0 %,1651,677,-1331,0,50.0 %,100.0 %
UPRO,6d RSI UPRO LT21 - L UPRO,5.4 %,29.3 %,2700,14642,6.6 %,5.2 %,81.5 %,567.6 %,0.0 %,-6.0 %,3,4,0.2,0.3,66.7 %,100.0 %,0.7,,900,3326,1.8 %,6.7 %,3,2.2,1,0,2,4,1,0,2,4,0,0,2,4,2,,2,4,1.4,,0.3,6.4,-13470,0,-13.5 %,0.0 %,-13470,0,-13.5 %,0.0 %,0,0,0.0 %,0.0 %,66.7 %,100.0 %,66.7 %,100.0 %,66.7 %,100.0 %,4718,3326,-6735,0,100.0 %,100.0 %
URA,20d RSI URA LT50 - L URA,-13.1 %,7.2 %,-6527,3604,46.3 %,54.8 %,-28.2 %,13.2 %,-31.8 %,-13.7 %,22,29,1.8,2.4,68.2 %,65.5 %,0.3,0.7,-297,132,-0.6 %,0.3 %,3.6,3.8,2,3,5,4,2,3,7,3,2,2,2,4,2.1,1.9,15,19,0.7,1.3,-0.5,0.6,-29039,-5305,-29.0 %,-10.6 %,-29039,-5305,-29.0 %,-10.6 %,-15201,-5291,-15.2 %,-10.6 %,68.2 %,65.5 %,68.2 %,65.5 %,64.7 %,58.3 %,1107,787,-3304,-1112,50.0 %,72.7 %
URTH,21d RSI URTH LT44 - L URTH,6.1 %,16.8 %,3055,8417,21.0 %,12.3 %,29.1 %,136.8 %,-8.6 %,-1.6 %,10,11,0.8,0.9,60.0 %,90.9 %,0.9,3.7,306,714,0.6 %,1.4 %,2.8,1.8,3,1,3,7,2,1,5,6,1,0,3,5,1.5,10,6,10,1.4,37.1,0.5,5.4,-12476,-218,-12.5 %,-0.4 %,-12476,-218,-12.5 %,-0.4 %,-102,0,-0.1 %,0.0 %,60.0 %,90.9 %,60.0 %,90.9 %,71.4 %,90.0 %,1762,807,-1880,-218,75.0 %,100.0 %
URTY,8d RSI URTY LT27 - L URTY,-73.7 %,28.1 %,-36874,14048,63.2 %,5.2 %,-116.8 %,544.6 %,-75.6 %,-5.4 %,3,4,0.2,0.3,33.3 %,100.0 %,0.2,,-12291,3217,-24.6 %,6.4 %,7,2.2,2,0,1,4,2,0,1,4,1,0,1,4,0.5,,1,4,0.1,,-1.3,4,-81527,0,-81.5 %,0.0 %,-81527,0,-81.5 %,0.0 %,-81527,0,-81.5 %,0.0 %,33.3 %,100.0 %,33.3 %,100.0 %,33.3 %,100.0 %,3889,3217,-20382,0,50.0 %,100.0 %
USD,8d RSI USD LT24 - L USD,16.1 %,24.4 %,8044,12202,2.8 %,6.3 %,566.3 %,384.4 %,0.0 %,-5.7 %,2,5,0.2,0.4,100.0 %,80.0 %,,3.7,4022,2263,8.0 %,4.5 %,1.5,2.2,0,1,2,2,0,1,2,2,0,0,2,3,,4,2,4,,14.6,3.1,2.9,0,-831,0.0 %,-1.7 %,0,-831,0.0 %,-1.7 %,0,0,0.0 %,0.0 %,100.0 %,80.0 %,100.0 %,80.0 %,100.0 %,80.0 %,4022,3036,0,-831,100.0 %,100.0 %
USDU,3d RSI USDU LT11 - L USDU,1.8 %,0.9 %,917,444,27.3 %,5.6 %,6.7 %,16.0 %,-1.0 %,-0.3 %,9,3,0.8,0.2,77.8 %,100.0 %,0.6,,102,148,0.2 %,0.3 %,5.2,3.3,1,0,4,3,1,0,4,3,1,0,3,2,3.5,,7,3,2,,0.8,3.2,-991,0,-1.0 %,0.0 %,-991,0,-1.0 %,0.0 %,-991,0,-1.0 %,0.0 %,77.8 %,100.0 %,77.8 %,100.0 %,77.8 %,100.0 %,258,148,-446,0,83.3 %,100.0 %
USFR,16d RSI USFR LT57 - L USFR,0.8 %,0.6 %,378,301,99.0 %,12.3 %,0.8 %,4.9 %,0.0 %,-0.1 %,11,5,0.9,0.4,81.8 %,100.0 %,,,34,60,0.1 %,0.1 %,16.5,5.2,1,0,5,5,1,0,5,5,1,0,3,4,4.5,,9,5,,,4.7,4.4,0,0,0.0 %,0.0 %,0,0,0.0 %,0.0 %,0,0,0.0 %,0.0 %,81.8 %,100.0 %,81.8 %,100.0 %,81.8 %,100.0 %,42,60,0,0,75.0 %,100.0 %
USHY,3d RSI USHY LT10 - L USHY,6.4 %,1.8 %,3222,873,14.8 %,6.3 %,43.6 %,27.5 %,-0.8 %,-0.4 %,7,5,0.6,0.4,57.1 %,100.0 %,4.2,,460,174,0.9 %,0.3 %,2.7,2.2,2,0,3,5,2,0,2,4,2,0,2,4,1.3,,4,5,5.6,,1.7,2.4,-554,0,-0.6 %,0.0 %,-554,0,-0.6 %,0.0 %,-554,0,-0.6 %,0.0 %,57.1 %,100.0 %,57.1 %,100.0 %,50.0 %,100.0 %,981,174,-235,0,50.0 %,100.0 %
USIG,19d RSI USIG LT48 - L USIG,-0.4 %,0.9 %,-222,458,25.0 %,5.2 %,-1.8 %,17.8 %,0.0 %,-0.8 %,10,4,0.8,0.3,90.0 %,75.0 %,0.1,,-22,114,-0.0 %,0.2 %,3.3,2.2,1,1,9,3,1,1,7,3,1,1,5,2,9,3,9,3,1,,0,2.8,-9610,0,-9.6 %,0.0 %,-5210,0,-5.2 %,0.0 %,-4359,0,-4.4 %,0.0 %,90.0 %,75.0 %,90.0 %,75.0 %,87.5 %,75.0 %,509,152,-4805,0,83.3 %,66.7 %
USMC,20d RSI USMC LT45 - L USMC,11.9 %,19.5 %,5966,9771,21.0 %,11.5 %,56.8 %,169.8 %,-3.4 %,-2.0 %,10,9,0.8,0.8,60.0 %,100.0 %,1.6,,597,1003,1.2 %,2.0 %,2.8,2.2,3,0,3,9,2,0,5,8,0,0,4,5,1.5,,6,9,2.4,,1.1,7,-7228,0,-7.2 %,0.0 %,-7228,0,-7.2 %,0.0 %,0,0,0.0 %,0.0 %,60.0 %,100.0 %,60.0 %,100.0 %,71.4 %,100.0 %,1691,1003,-1045,0,100.0 %,100.0 %
USMV,19d RSI USMV LT49 - L USMV,12.0 %,18.0 %,5996,8999,34.1 %,16.7 %,35.2 %,108.0 %,-18.4 %,-1.5 %,18,13,1.5,1.1,72.2 %,100.0 %,0.6,,333,642,0.7 %,1.3 %,2.4,2.2,2,0,9,13,2,0,8,12,1,0,4,6,2.6,,13,13,1.5,,0.6,7,-18790,0,-18.8 %,0.0 %,-11820,0,-11.8 %,0.0 %,-6360,0,-6.4 %,0.0 %,72.2 %,100.0 %,72.2 %,100.0 %,75.0 %,100.0 %,1426,642,-2508,0,66.7 %,100.0 %
USO,3d RSI USO LT18 - L USO,-83.3 %,14.0 %,-41653,7022,31.5 %,19.1 %,-264.8 %,73.7 %,-93.8 %,-14.0 %,13,11,1.1,0.9,30.8 %,81.8 %,0.3,0.5,-3204,647,-6.4 %,1.3 %,4.1,3.4,8,1,3,4,8,1,3,4,4,1,2,2,0.4,4.5,4,9,0.1,2,-1.8,1,-88009,-4260,-88.0 %,-8.5 %,-88009,-4260,-88.0 %,-8.5 %,-88009,-1393,-88.0 %,-2.8 %,30.8 %,81.8 %,30.8 %,81.8 %,30.8 %,81.8 %,1613,1560,-5345,-3459,37.5 %,75.0 %
USOI,20d RSI USOI LT37 - L USOI,-55.4 %,18.7 %,-27723,9344,41.6 %,7.5 %,-133.3 %,247.9 %,-64.4 %,-4.8 %,11,5,0.9,0.4,45.5 %,100.0 %,0.2,,-2520,1756,-5.0 %,3.5 %,6.5,2.8,5,0,4,5,5,0,4,5,4,0,3,4,0.8,,5,5,0.2,,-1.8,3.4,-62593,0,-62.6 %,0.0 %,-62593,0,-62.6 %,0.0 %,-65371,0,-65.4 %,0.0 %,45.5 %,100.0 %,45.5 %,100.0 %,45.5 %,100.0 %,1229,1756,-5645,0,42.9 %,100.0 %
USRT,15d RSI USRT LT36 - L USRT,12.6 %,5.4 %,6302,2701,13.5 %,5.6 %,93.5 %,97.2 %,-6.6 %,-0.9 %,7,4,0.6,0.3,71.4 %,100.0 %,1.1,,900,663,1.8 %,1.3 %,2.4,2.5,2,0,3,4,1,0,3,3,1,0,3,3,2.5,,5,4,2.8,,1.2,3.7,-6962,0,-7.0 %,0.0 %,-4201,0,-4.2 %,0.0 %,-1641,0,-1.6 %,0.0 %,71.4 %,100.0 %,71.4 %,100.0 %,83.3 %,100.0 %,1957,663,-1741,0,75.0 %,100.0 %
USTB,20d RSI USTB LT54 - L USTB,-0.8 %,1.0 %,-381,522,16.8 %,12.3 %,-4.5 %,8.5 %,0.0 %,-0.2 %,8,9,0.7,0.8,87.5 %,88.9 %,0.1,2.7,-48,58,-0.1 %,0.1 %,2.4,2.4,1,1,7,8,1,0,4,7,1,0,2,4,7,8,7,8,0.8,21.9,-0.2,4.1,-3666,-25,-3.7 %,-0.1 %,-2756,0,-2.8 %,0.0 %,-2378,0,-2.4 %,0.0 %,87.5 %,88.9 %,87.5 %,88.9 %,80.0 %,100.0 %,207,68,-1833,-25,66.7 %,100.0 %
UTES,3d RSI UTES LT14 - L UTES,3.3 %,2.4 %,1666,1208,17.5 %,5.2 %,19.0 %,46.8 %,-8.1 %,-2.0 %,8,4,0.7,0.3,75.0 %,100.0 %,0.4,,208,299,0.4 %,0.6 %,2,2.2,2,0,6,4,2,0,5,4,1,0,4,4,3,,6,4,1.3,,0.3,7.6,-11883,0,-11.9 %,0.0 %,-11883,0,-11.9 %,0.0 %,-2878,0,-2.9 %,0.0 %,75.0 %,100.0 %,75.0 %,100.0 %,71.4 %,100.0 %,1268,299,-2971,0,80.0 %,100.0 %
UTSL,18d RSI UTSL LT42 - L UTSL,47.2 %,19.3 %,23618,9671,24.3 %,5.2 %,194.3 %,374.9 %,-49.9 %,-4.0 %,13,5,1.1,0.4,84.6 %,100.0 %,0.3,,1817,1803,3.6 %,3.6 %,3,1.6,1,0,7,5,1,0,8,4,1,0,5,2,5.5,,11,5,1.7,,0.7,7.3,-61162,0,-61.2 %,0.0 %,-35568,0,-35.6 %,0.0 %,-1499,0,-1.5 %,0.0 %,84.6 %,100.0 %,84.6 %,100.0 %,90.0 %,100.0 %,5012,1803,-15754,0,83.3 %,100.0 %
UUP,8d RSI UUP LT33 - L UUP,-2.7 %,3.5 %,-1366,1744,34.7 %,13.1 %,-7.9 %,26.6 %,-3.9 %,-0.4 %,17,8,1.4,0.7,58.8 %,87.5 %,0.4,11.2,-80,215,-0.2 %,0.4 %,3.4,2.9,3,1,6,4,3,1,6,4,2,1,4,3,1.4,7,10,7,0.6,78.5,-0.8,3.1,-1605,-22,-1.6 %,-0.0 %,-1605,-22,-1.6 %,-0.0 %,-3715,-22,-3.7 %,-0.0 %,58.8 %,87.5 %,58.8 %,87.5 %,58.8 %,87.5 %,207,249,-491,-22,55.6 %,83.3 %
UWM,21d RSI UWM LT39 - L UWM,-26.7 %,21.5 %,-13356,10729,100.0 %,5.2 %,-26.7 %,416.0 %,-54.5 %,-3.5 %,5,4,0.4,0.3,40.0 %,100.0 %,0.8,,-2671,2499,-5.3 %,5.0 %,5.6,2.2,2,0,1,4,2,0,1,4,1,0,1,3,0.7,,2,4,0.5,,-0.5,5.2,-57648,0,-57.6 %,0.0 %,-45326,0,-45.3 %,0.0 %,-45326,0,-45.3 %,0.0 %,40.0 %,100.0 %,40.0 %,100.0 %,33.3 %,100.0 %,7963,2499,-9760,0,50.0 %,100.0 %
VB,12d RSI VB LT36 - L VB,-19.4 %,14.3 %,-9713,7172,15.8 %,9.1 %,-123.0 %,157.2 %,-22.9 %,-1.6 %,5,7,0.4,0.6,40.0 %,100.0 %,0.3,,-1943,968,-3.9 %,1.9 %,4.4,2.3,3,0,1,7,3,0,1,7,1,0,1,5,0.7,,2,7,0.2,,-1.2,6.8,-23418,0,-23.4 %,0.0 %,-23418,0,-23.4 %,0.0 %,-23418,0,-23.4 %,0.0 %,40.0 %,100.0 %,40.0 %,100.0 %,40.0 %,100.0 %,998,968,-3903,0,66.7 %,100.0 %
VBK,14d RSI VBK LT38 - L VBK,-15.4 %,10.6 %,-7681,5287,16.2 %,7.1 %,-94.8 %,148.0 %,-17.0 %,-2.1 %,4,6,0.3,0.5,50.0 %,100.0 %,0.2,,-1920,848,-3.8 %,1.7 %,4.8,2,2,0,2,6,2,0,2,6,1,0,1,5,1,,2,6,0.2,,-1,3.7,-19299,0,-19.3 %,0.0 %,-19299,0,-19.3 %,0.0 %,-17143,0,-17.1 %,0.0 %,50.0 %,100.0 %,50.0 %,100.0 %,50.0 %,100.0 %,984,848,-4825,0,50.0 %,100.0 %
VBR,3d RSI VBR LT12 - L VBR,-6.1 %,9.1 %,-3035,4525,14.4 %,7.9 %,-42.1 %,114.0 %,-14.1 %,-1.8 %,7,6,0.6,0.5,71.4 %,100.0 %,0.2,,-434,729,-0.9 %,1.5 %,3.4,2.3,2,0,3,6,2,0,3,6,1,0,3,6,2.5,,5,6,0.6,,-0.6,4.3,-14337,0,-14.3 %,0.0 %,-14337,0,-14.3 %,0.0 %,-14337,0,-14.3 %,0.0 %,71.4 %,100.0 %,71.4 %,100.0 %,71.4 %,100.0 %,827,729,-3584,0,80.0 %,100.0 %
VCIT,18d RSI VCIT LT49 - L VCIT,-2.2 %,1.2 %,-1121,586,26.2 %,6.8 %,-8.6 %,17.4 %,0.0 %,-0.7 %,11,5,0.9,0.4,90.9 %,80.0 %,0.1,2.2,-102,117,-0.2 %,0.2 %,3.1,2.4,1,1,10,4,1,0,7,4,1,0,5,3,10,4,10,4,0.8,8.6,-0.2,2.4,-9481,-77,-9.5 %,-0.1 %,-6437,0,-6.4 %,0.0 %,-5628,0,-5.6 %,0.0 %,90.9 %,80.0 %,90.9 %,80.0 %,87.5 %,100.0 %,362,165,-4741,-77,83.3 %,100.0 %
VCLT,21d RSI VCLT LT49 - L VCLT,-1.8 %,2.6 %,-897,1279,40.7 %,9.1 %,-4.4 %,28.0 %,-0.8 %,-1.8 %,15,7,1.2,0.6,66.7 %,71.4 %,0.4,2.5,-60,181,-0.1 %,0.4 %,3.6,2.3,2,1,3,4,2,1,4,5,1,1,6,2,2,2.5,10,5,0.9,6.3,-0.1,2.4,-725,-213,-0.7 %,-0.4 %,-725,-213,-0.7 %,-0.4 %,-6335,-213,-6.3 %,-0.4 %,66.7 %,71.4 %,66.7 %,71.4 %,66.7 %,83.3 %,693,302,-1565,-120,85.7 %,66.7 %
VCSH,20d RSI VCSH LT53 - L VCSH,-3.3 %,0.5 %,-1636,232,19.7 %,7.5 %,-16.6 %,6.2 %,0.0 %,-0.3 %,9,4,0.8,0.3,88.9 %,75.0 %,0.1,2.9,-182,58,-0.4 %,0.1 %,2.8,3.8,1,1,8,3,1,0,4,3,1,0,4,3,8,3,8,3,0.6,8.7,-0.4,2.1,-7415,-30,-7.4 %,-0.1 %,-5079,0,-5.1 %,0.0 %,-4761,0,-4.8 %,0.0 %,88.9 %,75.0 %,88.9 %,75.0 %,80.0 %,100.0 %,259,87,-3708,-30,80.0 %,100.0 %
VDC,21d RSI VDC LT47 - L VDC,21.9 %,7.9 %,10950,3960,24.3 %,7.1 %,90.1 %,110.9 %,-6.4 %,-1.6 %,14,7,1.2,0.6,71.4 %,100.0 %,1,,782,549,1.6 %,1.1 %,2.1,1.6,2,0,8,7,1,0,6,5,0,0,5,3,2.5,,10,7,2.5,,1.3,4.3,-4647,0,-4.6 %,0.0 %,-4647,0,-4.6 %,0.0 %,0,0,0.0 %,0.0 %,71.4 %,100.0 %,71.4 %,100.0 %,80.0 %,100.0 %,1847,549,-1880,0,100.0 %,100.0 %
VDE,5d RSI VDE LT11 - L VDE,-15.6 %,6.0 %,-7787,2982,55.3 %,6.3 %,-28.2 %,93.9 %,-11.5 %,-2.5 %,3,4,0.2,0.3,0.0 %,100.0 %,0,,-2596,730,-5.2 %,1.5 %,6,3,3,0,0,4,3,0,0,4,2,0,0,4,0,,0,4,0,,-11.4,6.2,-15575,0,-15.6 %,0.0 %,-15575,0,-15.6 %,0.0 %,-15575,0,-15.6 %,0.0 %,0.0 %,100.0 %,0.0 %,100.0 %,0.0 %,100.0 %,0,730,-2596,0,0.0 %,100.0 %
VEA,20d RSI VEA LT41 - L VEA,15.8 %,6.6 %,7897,3292,18.8 %,9.1 %,84.1 %,72.1 %,-12.6 %,-3.0 %,11,8,0.9,0.7,72.7 %,87.5 %,0.8,0.8,718,404,1.4 %,0.8 %,2.4,1.9,2,1,6,4,2,1,5,4,0,0,4,4,2.7,7,8,7,2,5.3,1.1,1.8,-11667,-744,-11.7 %,-1.5 %,-12871,-744,-12.9 %,-1.5 %,0,0,0.0 %,0.0 %,72.7 %,87.5 %,72.7 %,87.5 %,75.0 %,85.7 %,1962,568,-2601,-744,100.0 %,100.0 %
VEU,20d RSI VEU LT40 - L VEU,12.2 %,8.0 %,6112,3992,16.8 %,9.9 %,73.0 %,80.5 %,-10.6 %,-3.2 %,10,9,0.8,0.8,70.0 %,88.9 %,0.8,0.7,611,432,1.2 %,0.9 %,2.3,1.8,2,1,5,5,2,1,4,5,0,0,4,4,2.3,8,7,8,1.9,5.9,0.9,2.2,-10330,-795,-10.3 %,-1.6 %,-10806,-795,-10.8 %,-1.6 %,0,0,0.0 %,0.0 %,70.0 %,88.9 %,70.0 %,88.9 %,71.4 %,87.5 %,1839,585,-2254,-795,100.0 %,100.0 %
VFH,13d RSI VFH LT42 - L VFH,13.5 %,20.9 %,6745,10477,23.4 %,16.3 %,57.7 %,128.8 %,-17.4 %,-2.9 %,12,13,1,1.1,75.0 %,92.3 %,0.6,1.3,562,740,1.1 %,1.5 %,2.9,2.1,2,1,6,7,2,1,6,6,1,1,4,3,3,12,9,12,1.7,15.1,0.7,5,-16935,-680,-16.9 %,-1.4 %,-16773,-680,-16.8 %,-1.4 %,-10810,-680,-10.8 %,-1.4 %,75.0 %,92.3 %,75.0 %,92.3 %,80.0 %,90.9 %,1751,858,-3005,-680,85.7 %,83.3 %
VGIT,21d RSI VGIT LT47 - L VGIT,1.3 %,1.6 %,632,785,37.0 %,11.1 %,3.4 %,14.1 %,-0.2 %,-0.5 %,14,7,1.2,0.6,85.7 %,85.7 %,0.9,1.6,45,111,0.1 %,0.2 %,2.5,3,1,1,6,4,1,1,5,4,0,1,6,2,6,6,12,6,5.2,9.7,2.8,3.1,-183,-89,-0.2 %,-0.2 %,-183,-89,-0.2 %,-0.2 %,0,-89,0.0 %,-0.2 %,85.7 %,85.7 %,85.7 %,85.7 %,83.3 %,83.3 %,65,145,-75,-89,100.0 %,75.0 %
VGK,21d RSI VGK LT41 - L VGK,6.2 %,14.0 %,3106,7017,19.3 %,8.3 %,32.1 %,168.4 %,-17.4 %,-2.6 %,8,7,0.7,0.6,75.0 %,85.7 %,0.4,2.1,388,963,0.8 %,1.9 %,3.4,2,1,1,5,4,2,1,4,3,0,0,3,4,3,6,6,6,1.3,12.8,0.3,1.9,-17215,-570,-17.2 %,-1.1 %,-18038,-570,-18.0 %,-1.1 %,0,0,0.0 %,0.0 %,75.0 %,85.7 %,75.0 %,85.7 %,66.7 %,83.3 %,2314,1219,-5390,-570,100.0 %,100.0 %
VGLT,11d RSI VGLT LT35 - L VGLT,-0.0 %,4.6 %,-1,2315,21.2 %,5.6 %,-0.0 %,83.3 %,0.0 %,-0.6 %,5,5,0.4,0.4,80.0 %,100.0 %,0.2,,0,456,-0.0 %,0.9 %,3.4,1.8,1,0,4,5,1,0,4,5,1,0,2,4,4,,4,5,1,,0,3.3,-1784,0,-1.8 %,0.0 %,-1784,0,-1.8 %,0.0 %,-1784,0,-1.8 %,0.0 %,80.0 %,100.0 %,80.0 %,100.0 %,80.0 %,100.0 %,223,456,-892,0,66.7 %,100.0 %
VGSH,17d RSI VGSH LT47 - L VGSH,0.4 %,0.2 %,224,87,46.5 %,5.2 %,1.0 %,3.4 %,0.0 %,-0.2 %,8,3,0.7,0.2,100.0 %,66.7 %,,2.7,28,29,0.1 %,0.1 %,6.1,3.3,0,1,8,2,0,0,7,2,0,0,4,2,,2,8,2,,5.5,6.9,1.5,0,-19,0.0 %,-0.0 %,0,0,0.0 %,0.0 %,0,0,0.0 %,0.0 %,100.0 %,66.7 %,100.0 %,66.7 %,100.0 %,100.0 %,28,53,0,-19,100.0 %,100.0 %
VGT,13d RSI VGT LT36 - L VGT,14.4 %,9.9 %,7210,4965,12.2 %,5.2 %,118.6 %,192.5 %,0.0 %,-4.0 %,5,4,0.4,0.3,100.0 %,100.0 %,,,1442,1202,2.9 %,2.4 %,3.4,2.2,0,0,5,4,0,0,4,4,0,0,2,4,,,5,4,,,2.4,3.4,0,0,0.0 %,0.0 %,0,0,0.0 %,0.0 %,0,0,0.0 %,0.0 %,100.0 %,100.0 %,100.0 %,100.0 %,100.0 %,100.0 %,1442,1202,0,0,100.0 %,100.0 %
VHT,4d RSI VHT LT12 - L VHT,2.4 %,4.4 %,1184,2201,36.4 %,5.2 %,6.5 %,85.3 %,-0.4 %,-3.3 %,2,3,0.2,0.2,50.0 %,100.0 %,6.8,,592,724,1.2 %,1.4 %,3,3.3,1,0,1,3,1,0,1,3,1,0,1,3,1,,1,3,6.8,,1.1,4.8,-410,0,-0.4 %,0.0 %,-410,0,-0.4 %,0.0 %,-410,0,-0.4 %,0.0 %,50.0 %,100.0 %,50.0 %,100.0 %,50.0 %,100.0 %,1389,724,-205,0,50.0 %,100.0 %
VIG,21d RSI VIG LT48 - L VIG,16.7 %,18.0 %,8348,8996,22.7 %,12.3 %,73.7 %,146.2 %,-4.5 %,-1.7 %,12,12,1,1,66.7 %,91.7 %,1.3,10.5,696,696,1.4 %,1.4 %,2.4,1.6,2,1,4,6,2,1,6,6,0,0,5,5,2,11,8,11,2.6,116,1.4,6.1,-4500,-73,-4.5 %,-0.1 %,-4851,-73,-4.9 %,-0.1 %,0,0,0.0 %,0.0 %,66.7 %,91.7 %,66.7 %,91.7 %,75.0 %,90.9 %,1705,766,-1323,-73,100.0 %,100.0 %
VIGI,19d RSI VIGI LT42 - L VIGI,13.8 %,7.0 %,6898,3509,17.7 %,7.1 %,78.0 %,98.2 %,-7.2 %,-3.3 %,10,7,0.8,0.6,70.0 %,85.7 %,1,1,690,491,1.4 %,1.0 %,2.2,1.6,2,1,6,4,2,1,5,3,0,0,3,4,2.3,6,7,6,2.3,6.2,1.3,2.1,-7127,-656,-7.1 %,-1.3 %,-7647,-656,-7.6 %,-1.3 %,0,0,0.0 %,0.0 %,70.0 %,85.7 %,70.0 %,85.7 %,71.4 %,83.3 %,1724,682,-1723,-656,100.0 %,100.0 %
VIOO,3d RSI VIOO LT10 - L VIOO,-7.6 %,5.0 %,-3814,2505,10.2 %,6.3 %,-74.8 %,78.9 %,-11.2 %,-1.8 %,4,5,0.3,0.4,50.0 %,100.0 %,0.3,,-954,492,-1.9 %,1.0 %,2.8,2.2,2,0,1,5,2,0,1,5,1,0,1,5,1,,2,5,0.3,,-1,5.1,-11386,0,-11.4 %,0.0 %,-11386,0,-11.4 %,0.0 %,-11386,0,-11.4 %,0.0 %,50.0 %,100.0 %,50.0 %,100.0 %,50.0 %,100.0 %,940,492,-2847,0,66.7 %,100.0 %
VIXM,4d RSI VIXM LT11 - L VIXM,11.7 %,5.9 %,5831,2936,8.8 %,5.2 %,132.6 %,113.8 %,0.0 %,-1.1 %,4,5,0.3,0.4,100.0 %,100.0 %,,,1458,575,2.9 %,1.1 %,3.5,1.6,0,0,4,5,0,0,4,5,0,0,4,4,,,4,5,,,4.8,3.5,0,0,0.0 %,0.0 %,0,0,0.0 %,0.0 %,0,0,0.0 %,0.0 %,100.0 %,100.0 %,100.0 %,100.0 %,100.0 %,100.0 %,1458,575,0,0,100.0 %,100.0 %
VLUE,5d RSI VLUE LT16 - L VLUE,-2.3 %,7.6 %,-1130,3822,5.5 %,5.6 %,-40.9 %,137.6 %,0.0 %,-1.9 %,2,5,0.2,0.4,50.0 %,100.0 %,0.6,,-565,743,-1.1 %,1.5 %,4,1.8,1,0,1,5,1,0,1,5,1,0,1,5,1,,1,5,0.6,,-0.3,6.8,-5746,0,-5.7 %,0.0 %,-5746,0,-5.7 %,0.0 %,-5746,0,-5.7 %,0.0 %,50.0 %,100.0 %,50.0 %,100.0 %,50.0 %,100.0 %,1744,743,-2873,0,50.0 %,100.0 %
VMBS,9d RSI VMBS LT45 - L VMBS,1.9 %,1.2 %,968,579,36.4 %,7.5 %,5.3 %,15.3 %,-0.0 %,-0.1 %,12,6,1,0.5,83.3 %,100.0 %,0.6,,81,96,0.2 %,0.2 %,5,2.2,1,0,5,6,1,0,5,6,1,0,4,4,5,,10,6,2.8,,0.9,7.2,-1084,0,-1.1 %,0.0 %,-1084,0,-1.1 %,0.0 %,-22,0,-0.0 %,0.0 %,83.3 %,100.0 %,83.3 %,100.0 %,83.3 %,100.0 %,152,96,-276,0,87.5 %,100.0 %
VNLA,5d RSI VNLA LT22 - L VNLA,-0.7 %,0.6 %,-338,294,100.0 %,13.5 %,-0.7 %,4.4 %,0.0 %,-0.1 %,2,3,0.2,0.2,50.0 %,100.0 %,0.7,,-169,98,-0.3 %,0.2 %,6,10.3,1,0,1,3,1,0,1,3,1,0,1,3,1,,1,3,0.7,,-0.2,3.2,-2364,0,-2.4 %,0.0 %,-2364,0,-2.4 %,0.0 %,-2364,0,-2.4 %,0.0 %,50.0 %,100.0 %,50.0 %,100.0 %,50.0 %,100.0 %,844,98,-1182,0,50.0 %,100.0 %
VNM,21d RSI VNM LT41 - L VNM,-19.9 %,8.2 %,-9940,4076,92.0 %,6.8 %,-21.6 %,120.8 %,-30.2 %,-1.9 %,7,6,0.6,0.5,57.1 %,100.0 %,0.3,,-1420,660,-2.8 %,1.3 %,5.6,1.8,1,0,2,6,2,0,1,6,2,0,1,4,1.3,,4,6,0.4,,-0.8,3.4,-23373,0,-23.4 %,0.0 %,-27713,0,-27.7 %,0.0 %,-30173,0,-30.2 %,0.0 %,57.1 %,100.0 %,57.1 %,100.0 %,40.0 %,100.0 %,1824,660,-5746,0,33.3 %,100.0 %
VNQ,21d RSI VNQ LT41 - L VNQ,-1.2 %,6.3 %,-597,3137,17.4 %,5.6 %,-6.9 %,112.9 %,-15.5 %,-0.8 %,8,4,0.7,0.3,62.5 %,100.0 %,0.6,,-75,767,-0.1 %,1.5 %,2.9,2.5,2,0,2,4,3,0,2,3,2,0,2,3,1.7,,5,4,0.9,,-0.1,5,-15981,0,-16.0 %,0.0 %,-8631,0,-8.6 %,0.0 %,-6875,0,-6.9 %,0.0 %,62.5 %,100.0 %,62.5 %,100.0 %,50.0 %,100.0 %,1585,767,-2840,0,50.0 %,100.0 %
VNQI,11d RSI VNQI LT33 - L VNQI,-18.7 %,1.7 %,-9359,833,13.7 %,5.6 %,-136.6 %,30.0 %,-29.6 %,-3.0 %,7,5,0.6,0.4,71.4 %,80.0 %,0.2,0.6,-1337,167,-2.7 %,0.3 %,2.9,1.8,1,1,3,2,2,1,3,2,1,1,2,1,2.5,4,5,4,0.4,2.3,-0.6,0.9,-28144,-620,-28.1 %,-1.2 %,-29874,-620,-29.9 %,-1.2 %,-21485,-84,-21.5 %,-0.2 %,71.4 %,80.0 %,71.4 %,80.0 %,66.7 %,80.0 %,1368,364,-8099,-620,75.0 %,66.7 %
VO,20d RSI VO LT42 - L VO,-10.1 %,13.7 %,-5039,6844,100.0 %,8.3 %,-10.1 %,164.2 %,-15.4 %,-1.6 %,5,7,0.4,0.6,40.0 %,100.0 %,0.6,,-1008,926,-2.0 %,1.9 %,5,2,3,0,2,7,2,0,2,7,1,0,1,5,0.7,,2,7,0.4,,-0.6,7.6,-17722,0,-17.7 %,0.0 %,-17687,0,-17.7 %,0.0 %,-12259,0,-12.3 %,0.0 %,40.0 %,100.0 %,40.0 %,100.0 %,50.0 %,100.0 %,1911,926,-2954,0,50.0 %,100.0 %
VOE,14d RSI VOE LT35 - L VOE,-18.1 %,7.5 %,-9054,3725,100.0 %,6.3 %,-18.1 %,117.3 %,-15.3 %,-1.7 %,4,5,0.3,0.4,0.0 %,80.0 %,0,,-2264,726,-4.5 %,1.4 %,4.2,2.2,4,1,0,2,3,1,0,2,1,1,0,2,0,4,0,4,0,,-4.7,3.4,-18108,0,-18.1 %,0.0 %,-18108,0,-18.1 %,0.0 %,-18108,0,-18.1 %,0.0 %,0.0 %,80.0 %,0.0 %,80.0 %,0.0 %,80.0 %,0,908,-2264,0,0.0 %,75.0 %
VONG,15d RSI VONG LT39 - L VONG,-1.2 %,10.4 %,-579,5202,100.0 %,5.6 %,-1.2 %,187.3 %,-4.0 %,-2.0 %,4,6,0.3,0.5,25.0 %,100.0 %,2.2,,-145,835,-0.3 %,1.7 %,4.2,1.3,3,0,1,6,2,0,1,6,1,0,0,5,0.3,,1,6,0.7,,-0.3,3.7,-4231,0,-4.2 %,0.0 %,-4231,0,-4.2 %,0.0 %,-1157,0,-1.2 %,0.0 %,25.0 %,100.0 %,25.0 %,100.0 %,33.3 %,100.0 %,1537,835,-705,0,0.0 %,100.0 %
VONV,17d RSI VONV LT41 - L VONV,-9.7 %,14.6 %,-4866,7286,19.3 %,11.5 %,-50.4 %,126.6 %,-28.9 %,-2.0 %,8,9,0.7,0.8,75.0 %,88.9 %,0.2,1.9,-608,764,-1.2 %,1.5 %,3.8,2.2,2,1,5,6,2,1,4,5,1,1,3,2,3,8,6,8,0.7,15,-0.4,4.2,-29348,-491,-29.3 %,-1.0 %,-23592,-491,-23.6 %,-1.0 %,-23592,-491,-23.6 %,-1.0 %,75.0 %,88.9 %,75.0 %,88.9 %,71.4 %,87.5 %,1635,921,-7337,-491,80.0 %,80.0 %
VOO,7d RSI VOO LT24 - L VOO,11.2 %,8.2 %,5616,4088,7.7 %,5.2 %,145.2 %,158.5 %,0.0 %,-2.0 %,4,4,0.3,0.3,75.0 %,100.0 %,1.2,,1404,992,2.8 %,2.0 %,2.5,2.2,1,0,3,4,1,0,2,4,0,0,2,4,3,,3,4,3.7,,1.1,11.1,-4177,0,-4.2 %,0.0 %,-4177,0,-4.2 %,0.0 %,0,0,0.0 %,0.0 %,75.0 %,100.0 %,75.0 %,100.0 %,66.7 %,100.0 %,2568,992,-2088,0,100.0 %,100.0 %
VOOG,18d RSI VOOG LT44 - L VOOG,18.0 %,19.5 %,8982,9770,20.9 %,11.5 %,86.0 %,169.8 %,-3.4 %,-1.9 %,9,10,0.8,0.8,66.7 %,100.0 %,1.9,,998,902,2.0 %,1.8 %,3.2,1.9,3,0,6,10,2,0,5,9,0,0,4,5,2,,6,10,3.8,,1.7,6.5,-6363,0,-6.4 %,0.0 %,-6363,0,-6.4 %,0.0 %,0,0,0.0 %,0.0 %,66.7 %,100.0 %,66.7 %,100.0 %,71.4 %,100.0 %,2027,902,-1060,0,100.0 %,100.0 %
VOT,16d RSI VOT LT41 - L VOT,0.3 %,15.1 %,135,7526,16.6 %,7.9 %,1.6 %,189.7 %,-17.4 %,-1.4 %,7,8,0.6,0.7,57.1 %,100.0 %,0.8,,19,886,0.0 %,1.8 %,3.3,1.5,2,0,3,8,2,0,2,8,1,0,2,5,1.3,,4,8,1,,0,6.2,-17756,0,-17.8 %,0.0 %,-12366,0,-12.4 %,0.0 %,-10401,0,-10.4 %,0.0 %,57.1 %,100.0 %,57.1 %,100.0 %,60.0 %,100.0 %,2504,886,-3294,0,66.7 %,100.0 %
VOX,20d RSI VOX LT43 - L VOX,13.7 %,18.4 %,6840,9183,21.4 %,11.1 %,63.8 %,165.3 %,-5.9 %,-3.1 %,9,9,0.8,0.8,66.7 %,88.9 %,1.5,3.8,760,950,1.5 %,1.9 %,2.7,2.1,3,1,6,6,2,0,5,8,0,0,3,5,2,8,6,8,2.9,30.6,1.4,4.3,-7067,-289,-7.1 %,-0.6 %,-7067,0,-7.1 %,0.0 %,0,0,0.0 %,0.0 %,66.7 %,88.9 %,66.7 %,88.9 %,71.4 %,100.0 %,1729,1105,-1178,-289,100.0 %,100.0 %
VPL,20d RSI VPL LT40 - L VPL,-1.2 %,9.6 %,-592,4790,68.4 %,10.7 %,-1.7 %,89.4 %,-14.1 %,-3.6 %,7,10,0.6,0.8,57.1 %,90.0 %,0.7,0.7,-85,464,-0.2 %,0.9 %,2.7,1.7,2,1,2,6,2,1,2,5,1,0,1,4,1.3,9,4,9,0.9,6,-0.1,2.3,-9835,-923,-9.8 %,-1.9 %,-14184,-923,-14.2 %,-1.9 %,-1971,0,-2.0 %,0.0 %,57.1 %,90.0 %,57.1 %,90.0 %,60.0 %,87.5 %,1910,618,-2745,-923,50.0 %,100.0 %
VPU,3d RSI VPU LT23 - L VPU,-1.3 %,14.3 %,-663,7136,33.9 %,19.1 %,-3.9 %,74.9 %,-9.5 %,-2.5 %,14,13,1.2,1.1,71.4 %,92.3 %,0.4,2.1,-47,517,-0.1 %,1.0 %,4.3,2.7,2,1,8,11,2,1,7,11,1,1,4,7,2.5,12,10,12,0.9,25.7,-0.1,4.9,-14653,-273,-14.7 %,-0.6 %,-14653,-273,-14.7 %,-0.6 %,-9480,-273,-9.5 %,-0.6 %,71.4 %,92.3 %,71.4 %,92.3 %,75.0 %,92.3 %,856,583,-2306,-273,71.4 %,88.9 %
VRIG,13d RSI VRIG LT47 - L VRIG,-7.4 %,0.9 %,-3709,440,16.5 %,5.6 %,-45.0 %,15.8 %,0.0 %,-0.1 %,4,3,0.3,0.2,75.0 %,100.0 %,0.1,,-927,146,-1.9 %,0.3 %,6.5,3.7,1,0,3,3,1,0,2,3,1,0,2,3,3,,3,3,0.3,,-0.7,5.2,-10508,0,-10.5 %,0.0 %,-9656,0,-9.7 %,0.0 %,-9656,0,-9.7 %,0.0 %,75.0 %,100.0 %,75.0 %,100.0 %,66.7 %,100.0 %,515,146,-5254,0,66.7 %,100.0 %
VRP,5d RSI VRP LT36 - L VRP,-12.8 %,3.3 %,-6405,1661,27.4 %,12.7 %,-46.7 %,26.2 %,-25.2 %,-0.5 %,9,7,0.8,0.6,66.7 %,100.0 %,0.3,,-712,234,-1.4 %,0.5 %,4.6,3.6,2,0,5,7,2,0,5,7,1,0,3,7,2,,6,7,0.5,,-0.5,11.1,-26982,0,-27.0 %,0.0 %,-26982,0,-27.0 %,0.0 %,-19337,0,-19.3 %,0.0 %,66.7 %,100.0 %,66.7 %,100.0 %,66.7 %,100.0 %,1241,234,-4617,0,66.7 %,100.0 %
VSS,14d RSI VSS LT36 - L VSS,-19.8 %,1.3 %,-9919,642,15.7 %,7.1 %,-126.1 %,18.0 %,-27.3 %,-4.1 %,6,6,0.5,0.5,50.0 %,66.7 %,0.3,0.7,-1653,110,-3.3 %,0.2 %,4.2,2,3,2,2,4,3,2,1,3,1,1,1,1,1,2,3,4,0.3,1.5,-1.1,0.5,-27766,-1338,-27.8 %,-2.7 %,-22426,-1338,-22.4 %,-2.7 %,-22426,-1338,-22.4 %,-2.7 %,50.0 %,66.7 %,50.0 %,66.7 %,40.0 %,60.0 %,1321,499,-4628,-669,66.7 %,50.0 %
VT,21d RSI VT LT42 - L VT,5.8 %,16.1 %,2907,8062,18.8 %,11.1 %,30.9 %,145.1 %,-8.5 %,-1.5 %,8,10,0.7,0.8,62.5 %,90.0 %,0.9,10.6,363,755,0.7 %,1.5 %,3.2,1.8,3,1,5,6,2,1,4,5,1,0,2,5,1.7,9,5,9,1.5,95,0.5,5.3,-12007,-80,-12.0 %,-0.2 %,-12007,-80,-12.0 %,-0.2 %,-1710,0,-1.7 %,0.0 %,62.5 %,90.0 %,62.5 %,90.0 %,66.7 %,88.9 %,1782,848,-2001,-80,66.7 %,100.0 %
VTC,19d RSI VTC LT48 - L VTC,-2.5 %,0.1 %,-1273,28,31.4 %,5.2 %,-8.1 %,1.1 %,-0.1 %,-0.9 %,12,3,1,0.2,75.0 %,33.3 %,0.3,2.6,-106,9,-0.2 %,0.0 %,3.4,3.3,2,1,8,1,2,1,5,1,1,1,5,1,3,0.5,9,1,0.8,1.3,-0.2,0.2,-79,-86,-0.1 %,-0.2 %,-79,-86,-0.1 %,-0.2 %,-5573,-86,-5.6 %,-0.2 %,75.0 %,33.3 %,75.0 %,33.3 %,66.7 %,33.3 %,437,122,-1734,-47,83.3 %,33.3 %
VTEB,21d RSI VTEB LT45 - L VTEB,-3.9 %,0.4 %,-1965,199,20.5 %,6.3 %,-19.2 %,6.3 %,-0.2 %,-0.2 %,7,3,0.6,0.2,57.1 %,100.0 %,0.4,,-281,66,-0.6 %,0.1 %,4,4.3,1,0,2,3,2,0,2,3,2,0,1,3,1.3,,4,3,0.6,,-0.4,907,-9065,0,-9.1 %,0.0 %,-4546,0,-4.5 %,0.0 %,-4397,0,-4.4 %,0.0 %,57.1 %,100.0 %,57.1 %,100.0 %,50.0 %,100.0 %,669,66,-1546,0,33.3 %,100.0 %
VTI,13d RSI VTI LT37 - L VTI,-5.0 %,11.4 %,-2525,5701,16.5 %,7.5 %,-30.6 %,151.2 %,-6.6 %,-2.1 %,6,6,0.5,0.5,50.0 %,100.0 %,0.5,,-421,909,-0.8 %,1.8 %,4,2.2,3,0,3,6,2,0,3,6,1,0,2,5,1,,3,6,0.5,,-0.7,5.8,-10912,0,-10.9 %,0.0 %,-10912,0,-10.9 %,0.0 %,-9727,0,-9.7 %,0.0 %,50.0 %,100.0 %,50.0 %,100.0 %,60.0 %,100.0 %,977,909,-1819,0,66.7 %,100.0 %
VTIP,3d RSI VTIP LT20 - L VTIP,-1.5 %,1.4 %,-757,707,15.9 %,8.3 %,-9.5 %,17.0 %,-0.1 %,-0.2 %,7,6,0.6,0.5,57.1 %,100.0 %,0.3,,-108,117,-0.2 %,0.2 %,3,2.5,2,0,3,6,2,0,3,6,1,0,4,5,1.3,,4,6,0.4,,-0.7,8.2,-97,0,-0.1 %,0.0 %,-97,0,-0.1 %,0.0 %,-2262,0,-2.3 %,0.0 %,57.1 %,100.0 %,57.1 %,100.0 %,57.1 %,100.0 %,106,117,-393,0,80.0 %,100.0 %
VTV,18d RSI VTV LT42 - L VTV,10.1 %,15.5 %,5064,7757,20.3 %,12.3 %,49.9 %,126.1 %,-13.2 %,-2.1 %,11,9,0.9,0.8,63.6 %,88.9 %,1,2,460,810,0.9 %,1.6 %,2.6,2.4,4,1,6,6,2,1,5,5,1,1,3,2,1.8,8,7,8,1.8,16.1,0.8,4.7,-13358,-482,-13.4 %,-1.0 %,-11923,-482,-11.9 %,-1.0 %,-3952,-482,-4.0 %,-1.0 %,63.6 %,88.9 %,63.6 %,88.9 %,75.0 %,87.5 %,1678,972,-1670,-482,80.0 %,80.0 %
VTWO,7d RSI VTWO LT25 - L VTWO,-14.4 %,9.0 %,-7225,4507,63.2 %,5.2 %,-22.9 %,174.7 %,-21.5 %,-1.8 %,4,4,0.3,0.3,50.0 %,100.0 %,0.3,,-1806,1094,-3.6 %,2.2 %,5,2.2,2,0,1,4,2,0,1,4,1,0,1,4,1,,2,4,0.3,,-0.8,3.9,-22091,0,-22.1 %,0.0 %,-22091,0,-22.1 %,0.0 %,-17161,0,-17.2 %,0.0 %,50.0 %,100.0 %,50.0 %,100.0 %,50.0 %,100.0 %,1910,1094,-5523,0,50.0 %,100.0 %
VUG,13d RSI VUG LT38 - L VUG,0.1 %,12.6 %,35,6277,14.4 %,6.3 %,0.5 %,197.7 %,-4.5 %,-2.1 %,5,6,0.4,0.5,40.0 %,100.0 %,1.5,,7,998,0.0 %,2.0 %,4.2,1.7,3,0,2,6,2,0,2,6,1,0,1,5,0.7,,2,6,1,,0,4.3,-4779,0,-4.8 %,0.0 %,-4779,0,-4.8 %,0.0 %,-1228,0,-1.2 %,0.0 %,40.0 %,100.0 %,40.0 %,100.0 %,50.0 %,100.0 %,1212,998,-796,0,50.0 %,100.0 %
VV,14d RSI VV LT38 - L VV,-7.3 %,11.8 %,-3632,5886,14.4 %,7.5 %,-50.6 %,156.1 %,-5.7 %,-2.2 %,5,6,0.4,0.5,40.0 %,100.0 %,0.4,,-726,938,-1.5 %,1.9 %,4.2,2.2,3,0,2,6,2,0,2,6,1,0,1,5,0.7,,2,6,0.2,,-1.4,5.6,-9616,0,-9.6 %,0.0 %,-9616,0,-9.6 %,0.0 %,-8147,0,-8.1 %,0.0 %,40.0 %,100.0 %,40.0 %,100.0 %,50.0 %,100.0 %,588,938,-1603,0,50.0 %,100.0 %
VWO,17d RSI VWO LT34 - L VWO,14.4 %,6.6 %,7199,3292,78.9 %,7.9 %,18.2 %,83.0 %,-3.5 %,-3.9 %,5,7,0.4,0.6,80.0 %,85.7 %,1.2,0.7,1440,461,2.9 %,0.9 %,2,1.9,1,1,2,3,0,1,4,3,0,0,1,2,4,6,4,6,4.8,4.2,1.8,2,-3767,-1001,-3.8 %,-2.0 %,0,-354,0.0 %,-0.7 %,0,0,0.0 %,0.0 %,80.0 %,85.7 %,80.0 %,85.7 %,100.0 %,80.0 %,2271,705,-1883,-1001,100.0 %,100.0 %
VWOB,4d RSI VWOB LT24 - L VWOB,-14.1 %,2.9 %,-7065,1469,15.5 %,6.3 %,-91.1 %,46.3 %,-14.7 %,-0.1 %,5,6,0.4,0.5,60.0 %,100.0 %,0.1,,-1413,242,-2.8 %,0.5 %,4.4,1.7,1,0,1,6,1,0,1,6,1,0,1,5,1.5,,3,6,0.1,,-1.1,8.1,-14237,0,-14.2 %,0.0 %,-14237,0,-14.2 %,0.0 %,-13763,0,-13.8 %,0.0 %,60.0 %,100.0 %,60.0 %,100.0 %,60.0 %,100.0 %,264,242,-3928,0,50.0 %,100.0 %
VXF,13d RSI VXF LT37 - L VXF,-16.1 %,12.4 %,-8068,6200,16.2 %,8.3 %,-99.6 %,148.8 %,-18.2 %,-1.6 %,4,7,0.3,0.6,50.0 %,100.0 %,0.2,,-2017,844,-4.0 %,1.7 %,4.8,2,2,0,2,7,2,0,2,7,1,0,1,5,1,,2,7,0.2,,-1,5.2,-21032,0,-21.0 %,0.0 %,-21032,0,-21.0 %,0.0 %,-18054,0,-18.1 %,0.0 %,50.0 %,100.0 %,50.0 %,100.0 %,50.0 %,100.0 %,1224,844,-5258,0,50.0 %,100.0 %
VXUS,21d RSI VXUS LT40 - L VXUS,10.7 %,8.3 %,5348,4133,17.7 %,9.9 %,60.5 %,83.3 %,-11.1 %,-3.2 %,9,9,0.8,0.8,66.7 %,88.9 %,0.9,0.8,594,447,1.2 %,0.9 %,2.6,1.8,3,1,6,5,2,1,5,5,0,0,3,4,2,8,6,8,1.8,6.5,0.8,2.2,-14030,-734,-14.0 %,-1.5 %,-14030,-734,-14.0 %,-1.5 %,0,0,0.0 %,0.0 %,66.7 %,88.9 %,66.7 %,88.9 %,71.4 %,87.5 %,2060,595,-2338,-734,100.0 %,100.0 %
VYM,17d RSI VYM LT41 - L VYM,13.2 %,10.9 %,6600,5475,18.8 %,9.1 %,70.3 %,120.0 %,-8.3 %,-2.0 %,11,7,0.9,0.6,63.6 %,85.7 %,1.1,2.3,600,751,1.2 %,1.5 %,2.4,2.3,2,1,4,4,2,1,5,3,0,1,5,2,1.8,6,7,6,1.9,13.8,0.9,3.4,-7452,-412,-7.5 %,-0.8 %,-8378,-412,-8.4 %,-0.8 %,0,-412,0.0 %,-0.8 %,63.6 %,85.7 %,63.6 %,85.7 %,75.0 %,83.3 %,2025,945,-1894,-412,100.0 %,75.0 %
VYMI,15d RSI VYMI LT30 - L VYMI,-17.0 %,2.8 %,-8510,1417,100.0 %,5.2 %,-17.0 %,54.9 %,-16.8 %,-3.0 %,3,4,0.2,0.3,33.3 %,75.0 %,0.3,1.6,-2837,352,-5.7 %,0.7 %,6.3,2.2,2,1,1,2,2,1,1,1,1,0,0,2,0.5,3,1,3,0.2,4.9,-1.2,1.7,-20237,-365,-20.2 %,-0.7 %,-20237,-365,-20.2 %,-0.7 %,-17019,0,-17.0 %,0.0 %,33.3 %,75.0 %,33.3 %,75.0 %,33.3 %,66.7 %,1609,591,-5059,-365,0.0 %,100.0 %
WEAT,4d RSI WEAT LT10 - L WEAT,4.1 %,1.9 %,2058,929,100.0 %,6.3 %,4.1 %,29.3 %,0.0 %,-3.0 %,1,4,0.1,0.3,100.0 %,50.0 %,,2.7,2058,235,4.1 %,0.5 %,2,3,0,1,1,1,0,1,1,1,0,1,1,1,,1,1,2,,2.7,0,0.8,0,-391,0.0 %,-0.8 %,0,-391,0.0 %,-0.8 %,0,-391,0.0 %,-0.8 %,100.0 %,50.0 %,100.0 %,50.0 %,100.0 %,50.0 %,2058,752,0,-283,100.0 %,50.0 %
WTPI,19d RSI WTPI LT43 - L WTPI,2.5 %,10.2 %,1225,5124,20.4 %,9.9 %,12.0 %,103.3 %,-7.4 %,-1.8 %,9,8,0.8,0.7,66.7 %,100.0 %,0.7,,136,614,0.3 %,1.2 %,3.6,2.1,3,0,5,8,2,0,4,8,1,0,2,5,2,,6,8,1.3,,0.4,7.6,-7551,0,-7.6 %,0.0 %,-7551,0,-7.6 %,0.0 %,-1878,0,-1.9 %,0.0 %,66.7 %,100.0 %,66.7 %,100.0 %,71.4 %,100.0 %,833,614,-1258,0,75.0 %,100.0 %
WTV,19d RSI WTV LT41 - L WTV,-2.7 %,9.9 %,-1366,4929,20.8 %,10.7 %,-13.1 %,92.0 %,-18.7 %,-2.8 %,11,9,0.9,0.8,63.6 %,88.9 %,0.5,1.8,-124,526,-0.2 %,1.1 %,2.8,2,3,1,4,4,2,1,4,3,1,1,3,2,1.8,8,7,8,0.9,14.4,-0.2,4.3,-13340,-352,-13.3 %,-0.7 %,-16656,-352,-16.7 %,-0.7 %,-12831,-352,-12.8 %,-0.7 %,63.6 %,88.9 %,63.6 %,88.9 %,75.0 %,85.7 %,1243,636,-2517,-352,83.3 %,75.0 %
XAR,18d RSI XAR LT47 - L XAR,19.6 %,22.8 %,9816,11379,45.9 %,15.1 %,42.8 %,150.9 %,-16.4 %,-2.4 %,18,11,1.5,0.9,72.2 %,100.0 %,0.7,,545,943,1.1 %,1.9 %,3.6,2.5,3,0,9,11,2,0,9,11,1,0,7,6,2.6,,13,11,1.7,,0.9,7,-24082,0,-24.1 %,0.0 %,-24082,0,-24.1 %,0.0 %,-13498,0,-13.5 %,0.0 %,72.2 %,100.0 %,72.2 %,100.0 %,78.6 %,100.0 %,1799,943,-2713,0,87.5 %,100.0 %
XBI,12d RSI XBI LT37 - L XBI,3.3 %,27.2 %,1634,13583,16.8 %,12.7 %,19.5 %,213.9 %,-14.8 %,-5.4 %,6,10,0.5,0.8,83.3 %,90.0 %,0.2,4.7,272,1220,0.5 %,2.4 %,3.7,2.2,1,1,3,8,1,1,3,8,1,0,2,5,5,9,5,9,1.2,42.5,0.2,6.2,-15327,-294,-15.3 %,-0.6 %,-15327,-294,-15.3 %,-0.6 %,-6156,0,-6.2 %,0.0 %,83.3 %,90.0 %,83.3 %,90.0 %,83.3 %,90.0 %,1859,1388,-7663,-294,75.0 %,100.0 %
XCEM,21d RSI XCEM LT36 - L XCEM,-24.7 %,4.3 %,-12330,2177,70.2 %,5.2 %,-35.1 %,84.4 %,-30.8 %,-1.1 %,6,5,0.5,0.4,50.0 %,100.0 %,0.2,,-2055,429,-4.1 %,0.9 %,4.5,1.6,2,0,1,5,2,0,1,4,1,0,1,2,1,,3,5,0.2,,-0.9,3.6,-31174,0,-31.2 %,0.0 %,-31174,0,-31.2 %,0.0 %,-29911,0,-29.9 %,0.0 %,50.0 %,100.0 %,50.0 %,100.0 %,50.0 %,100.0 %,1216,429,-5326,0,66.7 %,100.0 %
XES,5d RSI XES LT12 - L XES,-48.4 %,11.6 %,-24179,5815,51.4 %,6.8 %,-94.2 %,172.4 %,-44.1 %,-4.9 %,3,5,0.2,0.4,0.0 %,80.0 %,0,4,-8060,1120,-16.1 %,2.2 %,5.3,2.4,3,1,0,4,3,1,0,4,2,1,0,3,0,4,0,4,0,16.1,-1.7,2.9,-48358,-370,-48.4 %,-0.7 %,-48358,-370,-48.4 %,-0.7 %,-48358,-370,-48.4 %,-0.7 %,0.0 %,80.0 %,0.0 %,80.0 %,0.0 %,80.0 %,0,1492,-8060,-370,0.0 %,75.0 %
XHB,4d RSI XHB LT25 - L XHB,-2.0 %,9.9 %,-992,4950,19.1 %,5.6 %,-10.4 %,178.2 %,-25.4 %,-0.9 %,10,6,0.8,0.5,70.0 %,100.0 %,0.4,,-99,793,-0.2 %,1.6 %,2.8,1.3,1,0,5,6,1,0,5,6,1,0,4,5,2.3,,7,6,0.9,,-0.1,12.3,-24501,0,-24.5 %,0.0 %,-24501,0,-24.5 %,0.0 %,-28170,0,-28.2 %,0.0 %,70.0 %,100.0 %,70.0 %,100.0 %,70.0 %,100.0 %,2170,793,-5394,0,71.4 %,100.0 %
XLB,20d RSI XLB LT40 - L XLB,-9.7 %,11.8 %,-4839,5887,59.5 %,7.5 %,-16.3 %,156.2 %,-19.0 %,-1.1 %,6,6,0.5,0.5,66.7 %,100.0 %,0.3,,-807,938,-1.6 %,1.9 %,3.2,2.2,1,0,2,6,1,0,3,6,1,0,2,4,2,,4,6,0.6,,-0.5,5,-20017,0,-20.0 %,0.0 %,-20017,0,-20.0 %,0.0 %,-12968,0,-13.0 %,0.0 %,66.7 %,100.0 %,66.7 %,100.0 %,80.0 %,100.0 %,1545,938,-5509,0,66.7 %,100.0 %
XLE,5d RSI XLE LT11 - L XLE,-6.2 %,7.6 %,-3083,3780,55.8 %,6.8 %,-11.0 %,112.1 %,-10.0 %,-2.5 %,4,4,0.3,0.3,25.0 %,100.0 %,1.7,,-771,921,-1.5 %,1.8 %,5,3.2,3,0,1,4,3,0,1,4,2,0,0,4,0.3,,1,4,0.6,,-0.6,4.2,-14006,0,-14.0 %,0.0 %,-14006,0,-14.0 %,0.0 %,-6165,0,-6.2 %,0.0 %,25.0 %,100.0 %,25.0 %,100.0 %,25.0 %,100.0 %,3920,921,-2334,0,0.0 %,100.0 %
XLF,18d RSI XLF LT40 - L XLF,7.4 %,16.1 %,3692,8042,20.5 %,7.1 %,36.0 %,225.2 %,-10.9 %,-0.9 %,8,7,0.7,0.6,75.0 %,100.0 %,0.5,,462,1078,0.9 %,2.2 %,3,1.6,2,0,6,7,2,0,4,5,1,0,2,4,3,,6,7,1.5,,0.5,7.5,-16290,0,-16.3 %,0.0 %,-15156,0,-15.2 %,0.0 %,-5930,0,-5.9 %,0.0 %,75.0 %,100.0 %,75.0 %,100.0 %,66.7 %,100.0 %,1973,1078,-4072,0,66.7 %,100.0 %
XLG,7d RSI XLG LT25 - L XLG,14.4 %,8.7 %,7207,4340,8.2 %,5.2 %,174.9 %,168.2 %,0.0 %,-2.1 %,4,4,0.3,0.3,75.0 %,100.0 %,1.9,,1802,1053,3.6 %,2.1 %,2.8,2.2,1,0,3,4,1,0,2,4,0,0,2,4,3,,3,4,5.6,,1.4,5.3,-3132,0,-3.1 %,0.0 %,-3132,0,-3.1 %,0.0 %,0,0,0.0 %,0.0 %,75.0 %,100.0 %,75.0 %,100.0 %,66.7 %,100.0 %,2924,1053,-1566,0,100.0 %,100.0 %
XLI,21d RSI XLI LT42 - L XLI,-11.2 %,17.1 %,-5615,8565,18.9 %,10.7 %,-59.5 %,159.9 %,-21.8 %,-1.6 %,6,9,0.5,0.8,50.0 %,100.0 %,0.5,,-936,888,-1.9 %,1.8 %,4.7,2,3,0,3,9,3,0,2,8,1,0,2,5,1,,3,9,0.5,,-0.6,7.1,-24028,0,-24.0 %,0.0 %,-17597,0,-17.6 %,0.0 %,-17597,0,-17.6 %,0.0 %,50.0 %,100.0 %,50.0 %,100.0 %,40.0 %,100.0 %,2133,888,-4005,0,66.7 %,100.0 %
XLK,10d RSI XLK LT34 - L XLK,25.6 %,10.3 %,12790,5132,12.1 %,5.2 %,211.6 %,199.0 %,0.0 %,-2.4 %,5,5,0.4,0.4,80.0 %,100.0 %,3.6,,2558,992,5.1 %,2.0 %,3.4,1.6,1,0,4,5,1,0,3,5,0,0,2,4,4,,4,5,14.3,,2.4,3.1,-1924,0,-1.9 %,0.0 %,-1924,0,-1.9 %,0.0 %,0,0,0.0 %,0.0 %,80.0 %,100.0 %,80.0 %,100.0 %,75.0 %,100.0 %,3438,992,-962,0,100.0 %,100.0 %
XLP,21d RSI XLP LT51 - L XLP,23.8 %,23.3 %,11882,11632,48.4 %,20.6 %,49.1 %,112.7 %,-9.2 %,-1.5 %,22,17,1.8,1.4,63.6 %,94.1 %,1.4,3.9,540,620,1.1 %,1.2 %,3.1,2.1,3,1,7,8,3,1,4,7,1,1,3,4,1.8,16,14,16,2.5,62.9,1.8,6.8,-9366,-170,-9.4 %,-0.3 %,-3894,-170,-3.9 %,-0.3 %,-410,-170,-0.4 %,-0.3 %,63.6 %,94.1 %,63.6 %,94.1 %,58.8 %,92.3 %,1427,670,-1012,-170,83.3 %,83.3 %
XLRE,16d RSI XLRE LT42 - L XLRE,16.3 %,10.8 %,8144,5376,19.7 %,9.5 %,82.8 %,112.9 %,-11.9 %,-1.9 %,9,6,0.8,0.5,77.8 %,100.0 %,0.6,,905,861,1.8 %,1.7 %,2.9,3,2,0,5,6,1,0,4,5,0,0,5,3,3.5,,7,6,2.3,,0.9,4.1,-12803,0,-12.8 %,0.0 %,-4338,0,-4.3 %,0.0 %,0,0,0.0 %,0.0 %,77.8 %,100.0 %,77.8 %,100.0 %,85.7 %,100.0 %,2078,861,-3201,0,100.0 %,100.0 %
XLU,16d RSI XLU LT41 - L XLU,-2.5 %,5.6 %,-1229,2793,15.6 %,5.2 %,-15.8 %,108.3 %,-18.0 %,-1.1 %,7,4,0.6,0.3,71.4 %,100.0 %,0.3,,-176,685,-0.4 %,1.4 %,3.7,2.2,2,0,4,4,2,0,3,4,1,0,3,2,2.5,,5,4,0.9,,-0.2,5.7,-18457,0,-18.5 %,0.0 %,-9932,0,-9.9 %,0.0 %,-7590,0,-7.6 %,0.0 %,71.4 %,100.0 %,71.4 %,100.0 %,66.7 %,100.0 %,1600,685,-4614,0,75.0 %,100.0 %
XLV,17d RSI XLV LT42 - L XLV,13.1 %,16.6 %,6565,8308,16.8 %,13.9 %,78.4 %,119.6 %,-3.1 %,-4.2 %,9,11,0.8,0.9,66.7 %,90.9 %,1.5,1.5,729,706,1.5 %,1.4 %,2.7,2.2,2,1,3,9,0,1,6,8,0,1,4,4,2,10,6,10,3,15,1.3,4.6,-3398,-555,-3.4 %,-1.1 %,0,-38,0.0 %,-0.1 %,0,-38,0.0 %,-0.1 %,66.7 %,90.9 %,66.7 %,90.9 %,100.0 %,90.0 %,1632,832,-1076,-555,100.0 %,83.3 %
XLY,21d RSI XLY LT42 - L XLY,-5.0 %,9.4 %,-2494,4680,100.0 %,6.3 %,-5.0 %,147.4 %,-19.0 %,-1.6 %,6,6,0.5,0.5,50.0 %,83.3 %,0.8,6.6,-416,754,-0.8 %,1.5 %,4,1.7,3,1,3,3,3,1,2,3,1,0,1,4,1,5,3,5,0.8,32.9,-0.3,3.4,-20783,-142,-20.8 %,-0.3 %,-20783,-142,-20.8 %,-0.3 %,-7085,0,-7.1 %,0.0 %,50.0 %,83.3 %,50.0 %,83.3 %,40.0 %,83.3 %,2633,933,-3464,-142,50.0 %,100.0 %
XME,4d RSI XME LT12 - L XME,-14.9 %,2.4 %,-7460,1217,54.2 %,5.2 %,-27.5 %,47.2 %,-16.5 %,-5.1 %,4,4,0.3,0.3,25.0 %,50.0 %,0.3,2.2,-1865,309,-3.7 %,0.6 %,5.5,2.2,3,2,1,2,3,2,1,2,2,2,1,2,0.3,1,1,2,0.1,2.2,-2.1,0.7,-16852,-1045,-16.9 %,-2.1 %,-16852,-1045,-16.9 %,-2.1 %,-16852,-1045,-16.9 %,-2.1 %,25.0 %,50.0 %,25.0 %,50.0 %,25.0 %,50.0 %,966,1141,-2809,-523,33.3 %,50.0 %
XMHQ,6d RSI XMHQ LT27 - L XMHQ,6.6 %,10.6 %,3303,5343,16.6 %,7.6 %,39.8 %,141.2 %,-16.5 %,-2.3 %,10,7,0.8,0.6,80.0 %,100.0 %,0.3,,330,730,0.7 %,1.5 %,2.3,1.7,2,0,6,7,2,0,5,6,1,0,2,4,4,,8,7,1.4,,0.4,4,-16953,0,-17.0 %,0.0 %,-16953,0,-17.0 %,0.0 %,-1732,0,-1.7 %,0.0 %,80.0 %,100.0 %,80.0 %,100.0 %,77.8 %,100.0 %,1472,730,-4238,0,80.0 %,100.0 %
XMMO,16d RSI XMMO LT41 - L XMMO,5.9 %,16.9 %,2949,8454,18.2 %,6.8 %,32.4 %,250.6 %,-7.8 %,-1.3 %,8,7,0.7,0.6,62.5 %,100.0 %,0.9,,369,1131,0.7 %,2.3 %,2.5,1.4,2,0,4,7,1,0,3,7,0,0,2,5,1.7,,5,7,1.5,,0.6,5.4,-7880,0,-7.9 %,0.0 %,-7880,0,-7.9 %,0.0 %,0,0,0.0 %,0.0 %,62.5 %,100.0 %,62.5 %,100.0 %,80.0 %,100.0 %,1703,1131,-1856,0,100.0 %,100.0 %
XOP,8d RSI XOP LT24 - L XOP,-53.8 %,14.8 %,-26882,7380,18.2 %,6.8 %,-294.8 %,218.8 %,-49.8 %,-3.9 %,3,5,0.2,0.4,0.0 %,100.0 %,0,,-8961,1398,-17.9 %,2.8 %,9.3,2.4,3,0,0,5,3,0,0,5,3,0,0,4,0,,0,5,0,,-1.7,6.5,-53764,0,-53.8 %,0.0 %,-53764,0,-53.8 %,0.0 %,-53764,0,-53.8 %,0.0 %,0.0 %,100.0 %,0.0 %,100.0 %,0.0 %,100.0 %,0,1398,-8961,0,0.0 %,100.0 %
XOVR,21d RSI XOVR LT39 - L XOVR,12.3 %,10.3 %,6164,5174,77.8 %,5.2 %,15.9 %,200.6 %,-9.4 %,-1.3 %,5,6,0.4,0.5,80.0 %,100.0 %,0.5,,1233,828,2.5 %,1.7 %,1.8,1.2,1,0,2,6,1,0,2,5,0,0,1,4,4,,4,6,2.2,,0.9,8.7,-10403,0,-10.4 %,0.0 %,-4660,0,-4.7 %,0.0 %,0,0,0.0 %,0.0 %,80.0 %,100.0 %,80.0 %,100.0 %,75.0 %,100.0 %,2841,828,-5201,0,100.0 %,100.0 %
XRT,11d RSI XRT LT26 - L XRT,-2.1 %,5.7 %,-1035,2838,50.0 %,6.3 %,-4.1 %,89.4 %,-11.0 %,-2.5 %,4,4,0.3,0.3,75.0 %,75.0 %,0.3,4.1,-259,700,-0.5 %,1.4 %,3.8,3,1,1,2,2,1,1,2,2,1,1,1,1,3,3,3,3,0.8,12.3,-0.2,2,-11550,-248,-11.5 %,-0.5 %,-11550,-248,-11.5 %,-0.5 %,-6153,-248,-6.2 %,-0.5 %,75.0 %,75.0 %,75.0 %,75.0 %,75.0 %,75.0 %,1580,1015,-5775,-248,50.0 %,66.7 %
XSMO,15d RSI XSMO LT40 - L XSMO,-5.1 %,9.5 %,-2533,4738,19.3 %,6.0 %,-26.2 %,159.2 %,-27.0 %,-2.5 %,8,5,0.7,0.4,75.0 %,100.0 %,0.3,,-317,917,-0.6 %,1.8 %,3.4,2,1,0,5,5,2,0,3,5,1,0,3,4,3,,6,5,0.8,,-0.2,3.4,-26795,0,-26.8 %,0.0 %,-19673,0,-19.7 %,0.0 %,-19673,0,-19.7 %,0.0 %,75.0 %,100.0 %,75.0 %,100.0 %,60.0 %,100.0 %,2177,917,-7798,0,75.0 %,100.0 %
XSOE,18d RSI XSOE LT33 - L XSOE,22.0 %,4.4 %,11020,2210,91.7 %,5.2 %,24.0 %,85.7 %,0.0 %,-1.1 %,4,4,0.3,0.3,100.0 %,100.0 %,,,2755,544,5.5 %,1.1 %,1.8,2.2,0,0,4,4,0,0,3,4,0,0,1,2,,,4,4,,,15.8,3.7,0,0,0.0 %,0.0 %,0,0,0.0 %,0.0 %,0,0,0.0 %,0.0 %,100.0 %,100.0 %,100.0 %,100.0 %,100.0 %,100.0 %,2755,544,0,0,100.0 %,100.0 %
XT,11d RSI XT LT36 - L XT,6.8 %,16.3 %,3400,8153,14.7 %,9.5 %,46.2 %,171.2 %,-6.9 %,-1.4 %,8,10,0.7,0.8,62.5 %,90.0 %,1.1,27.2,425,763,0.9 %,1.5 %,2.6,1.4,2,1,3,5,1,1,3,4,0,0,4,5,1.7,9,5,9,1.8,244.9,0.7,5.1,-7263,-31,-7.3 %,-0.1 %,-7263,-31,-7.3 %,-0.1 %,0,0,0.0 %,0.0 %,62.5 %,90.0 %,62.5 %,90.0 %,83.3 %,88.9 %,1535,852,-1424,-31,100.0 %,100.0 %
XYLD,14d RSI XYLD LT36 - L XYLD,-8.2 %,12.0 %,-4076,6001,14.4 %,5.6 %,-56.8 %,216.0 %,-11.7 %,-1.7 %,5,5,0.4,0.4,40.0 %,100.0 %,0.6,,-815,1150,-1.6 %,2.3 %,4.2,1.8,3,0,2,5,3,0,2,5,1,0,1,5,0.7,,2,5,0.4,,-1,4,-12891,0,-12.9 %,0.0 %,-12891,0,-12.9 %,0.0 %,-10634,0,-10.6 %,0.0 %,40.0 %,100.0 %,40.0 %,100.0 %,40.0 %,100.0 %,1185,1150,-2149,0,50.0 %,100.0 %
YANG,14d RSI YANG LT32 - L YANG,23.3 %,9.8 %,11650,4909,10.7 %,8.7 %,217.2 %,112.5 %,-1.6 %,-5.6 %,6,6,0.5,0.5,66.7 %,66.7 %,3.9,2.4,1942,800,3.9 %,1.6 %,3,2.5,1,2,2,4,1,2,2,4,0,1,3,3,2,2,4,4,7.8,4.8,1.7,1.7,-1871,-1252,-1.9 %,-2.5 %,-1871,-1252,-1.9 %,-2.5 %,0,-1252,0.0 %,-2.5 %,66.7 %,66.7 %,66.7 %,66.7 %,66.7 %,66.7 %,3343,1513,-862,-626,100.0 %,75.0 %
YINN,20d RSI YINN LT33 - L YINN,34.7 %,21.7 %,17361,10865,100.0 %,6.8 %,34.7 %,322.1 %,0.0 %,-5.6 %,2,5,0.2,0.4,100.0 %,100.0 %,,,8680,2014,17.4 %,4.0 %,3.5,2.4,0,0,2,5,0,0,2,4,0,0,1,3,,,2,5,,,19.5,4.8,0,0,0.0 %,0.0 %,0,0,0.0 %,0.0 %,0,0,0.0 %,0.0 %,100.0 %,100.0 %,100.0 %,100.0 %,100.0 %,100.0 %,8680,2014,0,0,100.0 %,100.0 %
YLD,21d RSI YLD LT51 - L YLD,-4.7 %,8.3 %,-2369,4140,38.8 %,23.4 %,-12.2 %,35.4 %,-17.7 %,-1.5 %,21,14,1.8,1.2,57.1 %,85.7 %,0.6,2.4,-113,286,-0.2 %,0.6 %,2.7,3.2,3,1,6,9,4,1,3,8,2,0,4,5,1.3,6,12,12,0.8,14.4,-0.4,3.8,-15055,-299,-15.1 %,-0.6 %,-14325,-299,-14.3 %,-0.6 %,-12071,0,-12.1 %,0.0 %,57.1 %,85.7 %,57.1 %,85.7 %,53.3 %,91.7 %,625,358,-1097,-150,71.4 %,100.0 %
YYY,21d RSI YYY LT44 - L YYY,-8.3 %,3.8 %,-4174,1905,24.3 %,6.0 %,-34.3 %,64.0 %,-34.6 %,-0.8 %,9,5,0.8,0.4,77.8 %,100.0 %,0.2,,-464,376,-0.9 %,0.8 %,3.9,2,1,0,6,5,2,0,5,5,1,0,3,3,3.5,,7,5,0.8,,-0.2,4.3,-34560,0,-34.6 %,0.0 %,-34800,0,-34.8 %,0.0 %,-17294,0,-17.3 %,0.0 %,77.8 %,100.0 %,77.8 %,100.0 %,71.4 %,100.0 %,2061,376,-9301,0,75.0 %,100.0 %
ZROZ,10d RSI ZROZ LT33 - L ZROZ,-0.1 %,8.2 %,-73,4127,21.2 %,5.2 %,-0.7 %,160.0 %,0.0 %,-0.3 %,5,5,0.4,0.4,80.0 %,100.0 %,0.2,,-15,801,-0.0 %,1.6 %,3.4,1.6,1,0,4,5,1,0,4,5,1,0,2,4,4,,4,5,0.9,,-0.1,5.1,-2532,0,-2.5 %,0.0 %,-2532,0,-2.5 %,0.0 %,-2532,0,-2.5 %,0.0 %,80.0 %,100.0 %,80.0 %,100.0 %,80.0 %,100.0 %,298,801,-1266,0,66.7 %,100.0 %
ZSL,6d RSI ZSL LT13 - L ZSL,5.4 %,8.3 %,2692,4146,25.8 %,5.6 %,20.9 %,149.3 %,-19.2 %,-7.4 %,3,4,0.2,0.3,33.3 %,75.0 %,2.5,4.1,897,1016,1.8 %,2.0 %,4.3,2.5,2,1,1,2,2,1,1,2,2,1,1,2,0.5,3,1,3,1.3,12.3,0.2,2,-20768,-359,-20.8 %,-0.7 %,-20768,-359,-20.8 %,-0.7 %,-20768,-359,-20.8 %,-0.7 %,33.3 %,75.0 %,33.3 %,75.0 %,33.3 %,75.0 %,13076,1474,-5192,-359,33.3 %,75.0 %
