,,"Purpose of This Spreadsheet is to Outline the Methodology of System 30
Branches Traded in 2021 OOS",,,,,,,,,,,,,,,,,,,,,,,,,,,,,,,,,,,,,,,,,,,,,,,,,,,,,,,,,,,,,,,,,,,
Ticker (406),Condition (406),Profit %,IS Profit %,Profit $ Per Year,IS Profit $ Per Year,Time in market%,IS Time in market%,TIMAR%,IS TIMAR%,Max DD%,IS Max DD%,Total Trades,IS Total Trades,AVG Trades Per Month,IS AVG Trades Per Month,Win %,IS Win %,Risk to Reward Ratio,IS Risk to Reward Ratio,Avg P&L $,IS Avg P&L $,Avg P&L %,IS Avg P&L %,AVG Hold Period (days),IS AVG Hold Period (days),Max Consec. Losing Days,IS Max Consec. Losing Days,Max Consec. Winning Days,IS Max Consec. Winning Days,Max Consec. Losing Weeks,IS Max Consec. Losing Weeks,Max Consec. Winning Weeks,IS Max Consec. Winning Weeks,Max Consec. Losing Months,IS Max Consec. Losing Months,Max Consec. Winning Months,IS Max Consec. Winning Months,Win to Loss Ratio,IS Win to Loss Ratio,Total Profitable Trades,IS Total Profitable Trades,Profit Factor,IS Profit Factor,Sharpe Ratio,IS Sharpe Ratio,Losing Days Streak $ Loss,IS Losing Days Streak $ Loss,Losing Days Streak % Loss,IS Losing Days Streak % Loss,Losing Weeks Streak $ Loss,IS Losing Weeks Streak $ Loss,Losing Weeks Streak % Loss,IS Losing Weeks Streak % Loss,Losing Months Streak $ Loss,IS Losing Months Streak $ Loss,Losing Months Streak % Loss,IS Losing Months Streak % Loss,Winning Trades%,IS Winning Trades%,Winning Days%,IS Winning Days%,Winning Weeks%,IS Winning Weeks%,Avg Win Trade $,IS Avg Win Trade $,Avg Losing Trade $,IS Avg Losing Trade $,Winning Months%,IS Winning Months%
AAXJ,10d RSI AAXJ LT30 - L AAXJ,10.0 %,26.5 %,5008,13193,16.2 %,5.5 %,61.6 %,476.8 %,0.0 %,-3.7 %,7,6,0.6,0.5,100.0 %,100.0 %,,,715,2011,1.4 %,4.0 %,2.7,1.3,0,0,7,6,0,0,7,5,0,0,5,3,,,7,6,,,4.9,4.1,0,0,0.0 %,0.0 %,0,0,0.0 %,0.0 %,0,0,0.0 %,0.0 %,100.0 %,100.0 %,100.0 %,100.0 %,100.0 %,100.0 %,715,2011,0,0,100.0 %,100.0 %
ACWV,9d RSI ACWV LT26 - L ACWV,-0.3 %,18.6 %,-170,9283,11.8 %,5.9 %,-2.9 %,313.1 %,-0.9 %,-7.4 %,3,5,0.2,0.4,66.7 %,80.0 %,0.3,2.3,-57,1769,-0.1 %,3.5 %,7,2,1,1,1,4,1,1,1,4,1,0,1,2,2,4,2,4,0.6,9,-0.4,2.2,-900,-1101,-0.9 %,-2.2 %,-900,-1101,-0.9 %,-2.2 %,-900,0,-0.9 %,0.0 %,66.7 %,80.0 %,66.7 %,80.0 %,66.7 %,80.0 %,140,2486,-450,-1101,66.7 %,100.0 %
AGG,15d RSI AGG LT62 - L AGG,1.2 %,0.2 %,615,115,95.0 %,73.1 %,1.3 %,0.3 %,-2.7 %,-8.0 %,59,39,4.9,3.2,62.7 %,74.4 %,0.7,0.4,10,4,0.0 %,0.0 %,3.1,3.7,6,3,11,12,6,3,9,13,3,3,4,3,1.7,2.9,37,29,1.2,1.1,0.5,0.1,-2688,-352,-2.7 %,-0.7 %,-2566,-352,-2.6 %,-0.7 %,-2692,-490,-2.7 %,-1.0 %,62.7 %,74.4 %,62.7 %,74.4 %,54.5 %,73.5 %,102,110,-144,-302,50.0 %,63.6 %
AIA,15d RSI AIA LT35 - L AIA,10.4 %,27.7 %,5196,13804,16.9 %,5.1 %,61.6 %,537.3 %,-2.7 %,-2.2 %,8,6,0.7,0.5,87.5 %,100.0 %,0.7,,650,2092,1.3 %,4.2 %,2.4,1.2,1,0,4,6,1,0,4,4,1,0,3,2,7,,7,6,4.7,,2,4.8,-2827,0,-2.8 %,0.0 %,-2827,0,-2.8 %,0.0 %,-2827,0,-2.8 %,0.0 %,87.5 %,100.0 %,87.5 %,100.0 %,87.5 %,100.0 %,944,2092,-1414,0,83.3 %,100.0 %
ANGL,3d RSI ANGL LT10 - L ANGL,1.2 %,8.6 %,617,4277,12.6 %,5.9 %,9.8 %,144.3 %,-1.0 %,-5.7 %,5,4,0.4,0.3,60.0 %,75.0 %,1.5,7.9,123,1054,0.2 %,2.1 %,3.8,2.8,2,1,3,3,2,1,3,3,2,0,2,2,1.5,3,3,3,2.3,23.7,0.9,1.8,-971,-186,-1.0 %,-0.4 %,-971,-186,-1.0 %,-0.4 %,-971,0,-1.0 %,0.0 %,60.0 %,75.0 %,60.0 %,75.0 %,60.0 %,75.0 %,367,1467,-243,-186,50.0 %,100.0 %
AOA,9d RSI AOA LT26 - L AOA,0.2 %,12.6 %,123,6267,100.0 %,5.5 %,0.2 %,226.5 %,0.0 %,-5.8 %,1,4,0.1,0.3,100.0 %,75.0 %,,3.8,123,1521,0.2 %,3.0 %,6,2.5,0,1,1,3,0,1,1,2,0,0,1,1,,3,1,3,,11.3,0,2.3,0,-588,0.0 %,-1.2 %,0,-588,0.0 %,-1.2 %,0,0,0.0 %,0.0 %,100.0 %,75.0 %,100.0 %,75.0 %,100.0 %,66.7 %,123,2223,0,-588,100.0 %,100.0 %
AOR,3d RSI AOR LT18 - L AOR,4.8 %,11.1 %,2420,5545,21.3 %,11.9 %,22.8 %,93.5 %,-1.2 %,-5.9 %,11,10,0.9,0.8,72.7 %,90.0 %,1.5,0.6,220,536,0.4 %,1.1 %,3.5,2,2,1,6,7,2,1,6,5,2,0,5,6,2.7,9,8,9,4.1,5.7,2.1,2.4,-689,-1146,-0.7 %,-2.3 %,-689,-1146,-0.7 %,-2.3 %,-689,0,-0.7 %,0.0 %,72.7 %,90.0 %,72.7 %,90.0 %,72.7 %,87.5 %,400,723,-261,-1146,66.7 %,100.0 %
ARKK,3d RSI ARKK LT11 - L ARKK,16.5 %,0.9 %,8256,459,26.5 %,7.5 %,62.4 %,12.2 %,-6.2 %,-9.9 %,10,4,0.8,0.3,80.0 %,50.0 %,0.6,1.2,826,143,1.7 %,0.3 %,4.3,3.8,1,1,5,1,1,1,5,1,1,1,4,1,4,1,8,2,2.2,1.2,1.1,0.2,-7724,-2448,-7.7 %,-4.9 %,-7724,-2448,-7.7 %,-4.9 %,-7724,-2448,-7.7 %,-4.9 %,80.0 %,50.0 %,80.0 %,50.0 %,80.0 %,50.0 %,1884,1515,-3408,-1229,71.4 %,50.0 %
ARKQ,3d RSI ARKQ LT10 - L ARKQ,16.9 %,4.5 %,8459,2228,21.8 %,5.1 %,77.5 %,86.7 %,-3.3 %,-10.4 %,10,3,0.8,0.2,70.0 %,66.7 %,1.7,1.5,846,753,1.7 %,1.5 %,3.2,3.3,1,1,4,2,1,1,4,2,1,1,5,2,2.3,2,7,2,4,3.1,1.9,1,-4002,-1088,-4.0 %,-2.2 %,-4002,-1088,-4.0 %,-2.2 %,-4002,-1088,-4.0 %,-2.2 %,70.0 %,66.7 %,70.0 %,66.7 %,70.0 %,66.7 %,1606,1673,-928,-1088,75.0 %,66.7 %
ASHR,20d RSI ASHR LT44 - L ASHR,12.1 %,23.5 %,6025,11701,35.0 %,9.5 %,34.4 %,246.7 %,-3.4 %,-5.9 %,19,7,1.6,0.6,73.7 %,100.0 %,0.8,,317,1536,0.6 %,3.1 %,1.9,2.4,2,0,8,7,3,0,7,6,1,0,5,3,2.8,,14,7,2.3,,1.6,5.2,-1975,0,-2.0 %,0.0 %,-1081,0,-1.1 %,0.0 %,-1552,0,-1.6 %,0.0 %,73.7 %,100.0 %,73.7 %,100.0 %,66.7 %,100.0 %,755,1536,-909,0,85.7 %,100.0 %
BAR,16d RSI BAR LT36 - L BAR,5.1 %,11.8 %,2538,5856,19.3 %,5.5 %,26.3 %,211.7 %,-0.8 %,-2.1 %,8,4,0.7,0.3,62.5 %,100.0 %,2.6,,317,1421,0.6 %,2.8 %,3.1,2.5,2,0,2,4,2,0,2,4,1,0,3,3,1.7,,5,4,4.4,,1.9,2.6,-797,0,-0.8 %,0.0 %,-797,0,-0.8 %,0.0 %,-457,0,-0.5 %,0.0 %,62.5 %,100.0 %,62.5 %,100.0 %,62.5 %,100.0 %,657,1421,-249,0,80.0 %,100.0 %
BBHY,5d RSI BBHY LT11 - L BBHY,0.9 %,11.8 %,431,5868,13.9 %,5.5 %,6.2 %,212.1 %,0.0 %,-2.0 %,2,5,0.2,0.4,100.0 %,100.0 %,,,215,1136,0.4 %,2.3 %,1.5,1.8,0,0,2,5,0,0,2,5,0,0,2,3,,,2,5,,,5.1,2.5,0,0,0.0 %,0.0 %,0,0,0.0 %,0.0 %,0,0,0.0 %,0.0 %,100.0 %,100.0 %,100.0 %,100.0 %,100.0 %,100.0 %,215,1136,0,0,100.0 %,100.0 %
BCI,5d RSI BCI LT10 - L BCI,1.8 %,4.3 %,886,2141,100.0 %,5.5 %,1.8 %,77.4 %,0.0 %,-4.4 %,1,3,0.1,0.2,100.0 %,66.7 %,,1.2,886,739,1.8 %,1.5 %,4,3.7,0,1,1,2,0,1,1,2,0,1,1,1,,2,1,2,,2.4,0,0.7,0,-1586,0.0 %,-3.2 %,0,-1586,0.0 %,-3.2 %,0,-1586,0.0 %,-3.2 %,100.0 %,66.7 %,100.0 %,66.7 %,100.0 %,66.7 %,886,1902,0,-1586,100.0 %,50.0 %
BIL,3d RSI BIL LT10 - L BIL,-0.0 %,0.0 %,-19,13,100.0 %,14.6 %,-0.0 %,0.2 %,0.0 %,-0.0 %,1,1,0.1,0.1,0.0 %,100.0 %,0,,-19,13,-0.0 %,0.0 %,133,11,1,0,0,1,1,0,0,1,1,0,0,1,0,,0,1,0,,0,0,-38,0,-0.0 %,0.0 %,-38,0,-0.0 %,0.0 %,-38,0,-0.0 %,0.0 %,0.0 %,100.0 %,0.0 %,100.0 %,0.0 %,100.0 %,0,13,-19,0,0.0 %,100.0 %
BIV,17d RSI BIV LT38 - L BIV,-1.2 %,0.2 %,-581,83,23.8 %,5.1 %,-4.9 %,3.2 %,-2.6 %,-5.1 %,10,3,0.8,0.2,50.0 %,66.7 %,0.6,0.6,-58,29,-0.1 %,0.1 %,4.4,3.3,3,1,3,2,3,1,3,2,1,1,1,2,1,2,5,2,0.6,1.2,-0.6,0.1,-2610,-438,-2.6 %,-0.9 %,-2610,-438,-2.6 %,-0.9 %,-2610,-438,-2.6 %,-0.9 %,50.0 %,66.7 %,50.0 %,66.7 %,50.0 %,66.7 %,178,263,-294,-438,60.0 %,66.7 %
BLV,10d RSI BLV LT28 - L BLV,2.2 %,10.5 %,1101,5248,14.0 %,5.1 %,15.7 %,204.3 %,-1.3 %,-1.4 %,6,4,0.5,0.3,66.7 %,100.0 %,1.4,,183,1288,0.4 %,2.6 %,3.5,2.2,2,0,3,4,2,0,3,4,1,0,2,3,2,,4,4,2.7,,1.1,1.8,-1269,0,-1.3 %,0.0 %,-1269,0,-1.3 %,0.0 %,-1269,0,-1.3 %,0.0 %,66.7 %,100.0 %,66.7 %,100.0 %,66.7 %,100.0 %,434,1288,-317,0,75.0 %,100.0 %
BND,14d RSI BND LT39 - L BND,-0.0 %,8.9 %,-16,4422,28.9 %,9.5 %,-0.1 %,93.2 %,-2.0 %,-5.0 %,13,7,1.1,0.6,53.8 %,100.0 %,0.8,,-1,619,-0.0 %,1.2 %,3.9,2.4,4,0,3,7,4,0,3,6,2,0,4,4,1.2,,7,7,1,,0,1.9,-1970,0,-2.0 %,0.0 %,-1970,0,-2.0 %,0.0 %,-1849,0,-1.8 %,0.0 %,53.8 %,100.0 %,53.8 %,100.0 %,53.8 %,100.0 %,162,619,-191,0,71.4 %,100.0 %
BNDX,3d RSI BNDX LT11 - L BNDX,-0.1 %,0.9 %,-34,451,14.2 %,5.9 %,-0.5 %,15.2 %,-0.7 %,-4.2 %,7,4,0.6,0.3,71.4 %,100.0 %,0.4,,-5,113,-0.0 %,0.2 %,2.9,2.8,1,0,2,4,1,0,2,4,1,0,2,4,2.5,,5,4,0.9,,-0.1,7.7,-647,0,-0.6 %,0.0 %,-647,0,-0.6 %,0.0 %,-606,0,-0.6 %,0.0 %,71.4 %,100.0 %,71.4 %,100.0 %,71.4 %,100.0 %,69,113,-188,0,66.7 %,100.0 %
BOND,18d RSI BOND LT48 - L BOND,-0.5 %,3.6 %,-273,1774,41.2 %,15.8 %,-1.3 %,22.4 %,-1.8 %,-6.8 %,22,10,1.8,0.8,54.5 %,90.0 %,0.7,0.4,-12,176,-0.0 %,0.3 %,3.7,3,3,1,4,9,3,0,4,8,2,0,2,5,1.2,9,12,9,0.8,3.9,-0.3,1.8,-879,-603,-0.9 %,-1.2 %,-959,0,-1.0 %,0.0 %,-1398,0,-1.4 %,0.0 %,54.5 %,90.0 %,54.5 %,90.0 %,52.6 %,100.0 %,117,263,-168,-603,62.5 %,100.0 %
BOTZ,5d RSI BOTZ LT24 - L BOTZ,18.3 %,25.6 %,9127,12732,18.8 %,9.5 %,96.9 %,268.4 %,-3.4 %,-8.5 %,11,7,0.9,0.6,72.7 %,85.7 %,2.1,1.6,830,1679,1.7 %,3.4 %,2.7,2.4,3,1,7,4,3,1,7,3,2,0,4,5,2.7,6,8,6,5.5,9.7,2.4,2.7,-4036,-1347,-4.0 %,-2.7 %,-4036,-1347,-4.0 %,-2.7 %,-3945,0,-3.9 %,0.0 %,72.7 %,85.7 %,72.7 %,85.7 %,72.7 %,83.3 %,1393,2183,-673,-1347,71.4 %,100.0 %
BSV,20d RSI BSV LT51 - L BSV,-0.5 %,1.1 %,-241,543,64.3 %,19.0 %,-0.8 %,5.7 %,-0.6 %,-3.4 %,28,8,2.3,0.7,60.7 %,87.5 %,0.4,0.4,-9,68,-0.0 %,0.1 %,4.7,5,4,1,9,7,3,1,8,7,1,0,3,5,1.5,7,17,7,0.7,2.6,-0.6,0.8,-580,-337,-0.6 %,-0.7 %,-553,-337,-0.6 %,-0.7 %,-539,0,-0.5 %,0.0 %,60.7 %,87.5 %,60.7 %,87.5 %,60.0 %,87.5 %,30,126,-69,-337,63.6 %,100.0 %
BTAL,5d RSI BTAL LT17 - L BTAL,-2.2 %,4.5 %,-1076,2253,20.9 %,5.9 %,-10.3 %,76.0 %,-3.7 %,-8.3 %,4,5,0.3,0.4,50.0 %,60.0 %,0.6,1.4,-269,463,-0.5 %,0.9 %,9,2,1,2,1,2,1,2,1,2,1,2,1,1,1,1.5,2,3,0.6,2.1,-0.5,0.8,-3721,-2026,-3.7 %,-4.0 %,-3721,-2026,-3.7 %,-4.0 %,-3721,-2026,-3.7 %,-4.0 %,50.0 %,60.0 %,50.0 %,60.0 %,50.0 %,60.0 %,785,1447,-1323,-1013,50.0 %,50.0 %
BWX,19d RSI BWX LT44 - L BWX,0.4 %,0.9 %,224,437,49.6 %,7.1 %,0.9 %,12.3 %,-2.5 %,-8.1 %,25,4,2.1,0.3,52.0 %,75.0 %,1,0.9,9,110,0.0 %,0.2 %,3.7,3.5,3,1,3,2,3,1,3,2,2,1,2,2,1.1,3,13,3,1.1,2.6,0.1,0.9,-2518,-275,-2.5 %,-0.6 %,-2518,-275,-2.5 %,-0.6 %,-373,-275,-0.4 %,-0.6 %,52.0 %,75.0 %,52.0 %,75.0 %,50.0 %,75.0 %,263,238,-266,-275,55.6 %,75.0 %
BWZ,21d RSI BWZ LT34 - L BWZ,2.1 %,0.5 %,1055,253,10.5 %,5.1 %,20.0 %,9.8 %,0.0 %,-4.1 %,6,3,0.5,0.2,100.0 %,66.7 %,,2.9,176,85,0.4 %,0.2 %,2,3.3,0,1,6,2,0,1,6,2,0,0,5,2,,2,6,2,,5.7,5.6,1.1,0,-54,0.0 %,-0.1 %,0,-54,0.0 %,-0.1 %,0,0,0.0 %,0.0 %,100.0 %,66.7 %,100.0 %,66.7 %,100.0 %,66.7 %,176,154,0,-54,100.0 %,100.0 %
CEF,5d RSI CEF LT12 - L CEF,-0.3 %,0.6 %,-130,307,9.8 %,5.1 %,-2.7 %,11.9 %,-1.9 %,-11.6 %,3,3,0.2,0.2,66.7 %,66.7 %,0.4,0.6,-43,136,-0.1 %,0.3 %,3,3.3,1,1,2,2,1,1,2,2,1,1,2,2,2,2,2,2,0.9,1.2,-0.1,0.1,-1935,-2369,-1.9 %,-4.7 %,-1935,-2369,-1.9 %,-4.7 %,-1935,-2369,-1.9 %,-4.7 %,66.7 %,66.7 %,66.7 %,66.7 %,66.7 %,66.7 %,419,1388,-968,-2369,66.7 %,66.7 %
CHAU,19d RSI CHAU LT42 - L CHAU,12.0 %,46.4 %,6003,23102,27.8 %,9.1 %,43.2 %,508.2 %,-3.8 %,-9.8 %,14,7,1.2,0.6,64.3 %,100.0 %,1.1,,429,2815,0.9 %,5.6 %,1.9,2.3,2,0,4,7,3,0,4,6,1,0,2,3,1.8,,9,7,1.9,,1,5.5,-3790,0,-3.8 %,0.0 %,-1474,0,-1.5 %,0.0 %,-669,0,-0.7 %,0.0 %,64.3 %,100.0 %,64.3 %,100.0 %,54.5 %,100.0 %,1409,2815,-1336,0,60.0 %,100.0 %
CMF,5d RSI CMF LT15 - L CMF,-1.3 %,2.1 %,-636,1025,16.6 %,10.7 %,-7.7 %,19.2 %,-0.2 %,-10.3 %,5,4,0.4,0.3,40.0 %,100.0 %,0.2,,-127,256,-0.3 %,0.5 %,4.4,5.8,2,0,2,4,2,0,2,4,2,0,2,3,0.7,,2,4,0.1,,-1.1,1.6,-215,0,-0.2 %,0.0 %,-215,0,-0.2 %,0.0 %,-215,0,-0.2 %,0.0 %,40.0 %,100.0 %,40.0 %,100.0 %,40.0 %,100.0 %,55,256,-249,0,40.0 %,100.0 %
COPX,7d RSI COPX LT18 - L COPX,3.0 %,22.1 %,1516,11016,100.0 %,5.5 %,3.0 %,398.2 %,0.0 %,-4.6 %,1,4,0.1,0.3,100.0 %,100.0 %,,,1516,2593,3.0 %,5.2 %,2,2.5,0,0,1,4,0,0,1,3,0,0,1,2,,,1,4,,,0,2.8,0,0,0.0 %,0.0 %,0,0,0.0 %,0.0 %,0,0,0.0 %,0.0 %,100.0 %,100.0 %,100.0 %,100.0 %,100.0 %,100.0 %,1516,2593,0,0,100.0 %,100.0 %
CORN,8d RSI CORN LT24 - L CORN,7.9 %,9.8 %,3951,4868,5.0 %,6.7 %,156.7 %,144.9 %,0.0 %,-1.6 %,2,6,0.2,0.5,100.0 %,100.0 %,,,1975,784,4.0 %,1.6 %,2,1.8,0,0,2,6,0,0,2,6,0,0,2,3,,,2,6,,,1.8,6.8,0,0,0.0 %,0.0 %,0,0,0.0 %,0.0 %,0,0,0.0 %,0.0 %,100.0 %,100.0 %,100.0 %,100.0 %,100.0 %,100.0 %,1975,784,0,0,100.0 %,100.0 %
CPER,19d RSI CPER LT37 - L CPER,3.3 %,1.0 %,1640,516,12.8 %,12.7 %,25.7 %,8.2 %,0.0 %,-13.7 %,2,9,0.2,0.8,100.0 %,77.8 %,,0.3,820,83,1.6 %,0.2 %,2,2.6,0,1,2,4,0,1,2,3,0,2,2,1,,3.5,2,7,,1.2,3.3,0.2,0,-3954,0.0 %,-7.9 %,0,-3954,0.0 %,-7.9 %,0,-760,0.0 %,-1.5 %,100.0 %,77.8 %,100.0 %,77.8 %,100.0 %,71.4 %,820,816,0,-2483,100.0 %,33.3 %
CQQQ,4d RSI CQQQ LT20 - L CQQQ,-3.1 %,12.7 %,-1571,6331,25.6 %,6.7 %,-12.3 %,188.4 %,-6.3 %,-6.8 %,12,6,1,0.5,58.3 %,66.7 %,0.6,3.1,-131,1024,-0.3 %,2.0 %,3.6,1.8,2,1,3,4,2,1,3,3,2,1,2,2,1.4,2,7,4,0.8,6.2,-0.4,1.9,-4616,-1140,-4.6 %,-2.3 %,-4616,-1140,-4.6 %,-2.3 %,-5878,-1140,-5.9 %,-2.3 %,58.3 %,66.7 %,58.3 %,66.7 %,58.3 %,60.0 %,795,1832,-1427,-593,42.9 %,66.7 %
CXSE,20d RSI CXSE LT44 - L CXSE,-3.5 %,28.3 %,-1747,14082,54.2 %,6.7 %,-6.5 %,419.1 %,-11.5 %,-2.7 %,30,7,2.5,0.6,63.3 %,100.0 %,0.5,,-58,1818,-0.1 %,3.6 %,2.9,1.4,2,0,4,7,2,0,3,6,2,0,2,4,1.7,,19,7,0.9,,-0.2,5.4,-7423,0,-7.4 %,0.0 %,-6861,0,-6.9 %,0.0 %,-9613,0,-9.6 %,0.0 %,63.3 %,100.0 %,63.3 %,100.0 %,60.0 %,100.0 %,725,1818,-1412,0,55.6 %,100.0 %
DBEF,10d RSI DBEF LT26 - L DBEF,1.2 %,23.1 %,619,11531,100.0 %,6.7 %,1.2 %,343.2 %,0.0 %,-6.7 %,1,6,0.1,0.5,100.0 %,83.3 %,,1.6,619,1797,1.2 %,3.6 %,6,1.8,0,1,1,5,0,1,1,3,0,0,1,2,,5,1,5,,7.9,0,2.5,0,-1568,0.0 %,-3.1 %,0,-59,0.0 %,-0.1 %,0,0,0.0 %,0.0 %,100.0 %,83.3 %,100.0 %,83.3 %,100.0 %,75.0 %,619,2470,0,-1568,100.0 %,100.0 %
DEM,8d RSI DEM LT22 - L DEM,1.2 %,17.0 %,598,8482,100.0 %,5.5 %,1.2 %,306.6 %,0.0 %,-4.0 %,1,6,0.1,0.5,100.0 %,100.0 %,,,598,1338,1.2 %,2.7 %,2,1.3,0,0,1,6,0,0,1,5,0,0,1,4,,,1,6,,,0,3.2,0,0,0.0 %,0.0 %,0,0,0.0 %,0.0 %,0,0,0.0 %,0.0 %,100.0 %,100.0 %,100.0 %,100.0 %,100.0 %,100.0 %,598,1338,0,0,100.0 %,100.0 %
DGRO,3d RSI DGRO LT19 - L DGRO,6.4 %,39.2 %,3223,19519,16.1 %,18.2 %,40.1 %,214.7 %,-1.2 %,-11.7 %,8,12,0.7,1,75.0 %,75.0 %,1.3,2.3,403,1439,0.8 %,2.9 %,3.5,2.8,1,2,3,7,1,2,3,6,1,1,3,5,3,3,6,9,4,6.8,1.8,2.4,-1323,-541,-1.3 %,-1.1 %,-1323,-541,-1.3 %,-1.1 %,-1323,-440,-1.3 %,-0.9 %,75.0 %,75.0 %,75.0 %,75.0 %,75.0 %,72.7 %,714,2250,-531,-995,75.0 %,85.7 %
DGRW,3d RSI DGRW LT15 - L DGRW,-1.2 %,11.9 %,-584,5930,17.7 %,10.7 %,-6.6 %,111.1 %,-1.6 %,-11.2 %,3,8,0.2,0.7,33.3 %,75.0 %,0.7,0.9,-195,740,-0.4 %,1.5 %,6.3,2.4,2,1,1,4,2,1,1,4,2,1,1,5,0.5,3,1,6,0.4,2.8,-0.7,1.1,-1806,-2028,-1.8 %,-4.1 %,-1806,-2028,-1.8 %,-4.1 %,-1806,-1188,-1.8 %,-2.4 %,33.3 %,75.0 %,33.3 %,75.0 %,33.3 %,75.0 %,319,1523,-452,-1608,33.3 %,83.3 %
DGS,8d RSI DGS LT21 - L DGS,3.1 %,16.4 %,1563,8153,100.0 %,6.3 %,3.1 %,257.8 %,0.0 %,-6.2 %,1,5,0.1,0.4,100.0 %,80.0 %,,,1563,1548,3.1 %,3.1 %,7,2.2,0,1,1,3,0,1,1,2,0,0,1,2,,4,1,4,,,0,3.6,0,0,0.0 %,0.0 %,0,0,0.0 %,0.0 %,0,0,0.0 %,0.0 %,100.0 %,80.0 %,100.0 %,80.0 %,100.0 %,75.0 %,1563,1935,0,0,100.0 %,100.0 %
DIA,10d RSI DIA LT27 - L DIA,6.4 %,27.7 %,3223,13806,9.0 %,5.9 %,71.5 %,465.7 %,0.0 %,-8.8 %,3,5,0.2,0.4,100.0 %,80.0 %,,5,1074,2561,2.1 %,5.1 %,2.7,2,0,1,3,4,0,1,3,3,0,0,3,2,,4,3,4,,19.8,13,2.4,0,-681,0.0 %,-1.4 %,0,-681,0.0 %,-1.4 %,0,0,0.0 %,0.0 %,100.0 %,80.0 %,100.0 %,80.0 %,100.0 %,75.0 %,1074,3371,0,-681,100.0 %,100.0 %
DIVB,7d RSI DIVB LT24 - L DIVB,5.5 %,26.2 %,2752,13046,7.4 %,7.9 %,74.6 %,330.1 %,0.0 %,-8.1 %,3,7,0.2,0.6,100.0 %,85.7 %,,1.6,917,1726,1.8 %,3.5 %,2,1.9,0,1,3,4,0,1,3,3,0,0,3,4,,6,3,6,,9.3,4.3,2.3,0,-1455,0.0 %,-2.9 %,0,-1455,0.0 %,-2.9 %,0,0,0.0 %,0.0 %,100.0 %,85.7 %,100.0 %,85.7 %,100.0 %,83.3 %,917,2256,0,-1455,100.0 %,100.0 %
DIVI,3d RSI DIVI LT11 - L DIVI,2.6 %,12.2 %,1287,6052,16.7 %,5.5 %,15.4 %,218.7 %,0.0 %,-1.8 %,4,5,0.3,0.4,100.0 %,80.0 %,,4.4,322,1187,0.6 %,2.4 %,2.2,1.8,0,1,4,4,0,1,4,3,0,1,4,2,,4,4,4,,17.7,13.7,1.6,0,-356,0.0 %,-0.7 %,0,-356,0.0 %,-0.7 %,0,-356,0.0 %,-0.7 %,100.0 %,80.0 %,100.0 %,80.0 %,100.0 %,75.0 %,322,1573,0,-356,100.0 %,66.7 %
DLN,10d RSI DLN LT28 - L DLN,3.0 %,25.6 %,1496,12739,8.6 %,5.9 %,34.9 %,429.7 %,0.0 %,-9.3 %,2,5,0.2,0.4,100.0 %,80.0 %,,3.6,748,2375,1.5 %,4.8 %,2,2,0,1,2,4,0,1,2,3,0,0,2,2,,4,2,4,,14.2,80.1,2.5,0,-897,0.0 %,-1.8 %,0,-897,0.0 %,-1.8 %,0,0,0.0 %,0.0 %,100.0 %,80.0 %,100.0 %,80.0 %,100.0 %,75.0 %,748,3193,0,-897,100.0 %,100.0 %
DOG,11d RSI DOG LT26 - L DOG,3.3 %,3.2 %,1635,1583,4.9 %,5.5 %,67.2 %,57.2 %,-0.1 %,-1.8 %,3,4,0.2,0.3,66.7 %,75.0 %,12.9,3.4,545,396,1.1 %,0.8 %,2,2.5,1,1,1,2,1,0,1,3,1,1,1,2,2,3,2,3,25.7,10.2,1.2,1.4,-132,-173,-0.1 %,-0.3 %,-132,0,-0.1 %,0.0 %,-132,-173,-0.1 %,-0.3 %,66.7 %,75.0 %,66.7 %,75.0 %,66.7 %,100.0 %,850,585,-66,-173,66.7 %,75.0 %
DRV,16d RSI DRV LT33 - L DRV,2.5 %,9.5 %,1226,4737,31.4 %,5.9 %,7.8 %,159.8 %,-18.2 %,-5.1 %,9,4,0.8,0.3,77.8 %,75.0 %,0.3,7.2,136,1158,0.3 %,2.3 %,5.4,2.8,2,1,4,2,2,1,4,2,2,0,4,3,3.5,3,7,3,1.1,21.5,0.1,2.4,-20815,-226,-20.8 %,-0.5 %,-20815,-226,-20.8 %,-0.5 %,-20815,0,-20.8 %,0.0 %,77.8 %,75.0 %,77.8 %,75.0 %,77.8 %,75.0 %,1662,1620,-5204,-226,75.0 %,100.0 %
DSI,9d RSI DSI LT29 - L DSI,3.8 %,26.5 %,1918,13180,64.3 %,5.9 %,6.0 %,444.6 %,0.0 %,-8.7 %,2,5,0.2,0.4,100.0 %,80.0 %,,4.8,959,2449,1.9 %,4.9 %,3.5,2,0,1,2,4,0,1,2,3,0,0,2,2,,4,2,4,,19.4,3,2.5,0,-666,0.0 %,-1.3 %,0,-666,0.0 %,-1.3 %,0,0,0.0 %,0.0 %,100.0 %,80.0 %,100.0 %,80.0 %,100.0 %,75.0 %,959,3227,0,-666,100.0 %,100.0 %
DUST,6d RSI DUST LT19 - L DUST,-2.1 %,33.0 %,-1025,16414,17.4 %,5.1 %,-11.8 %,638.9 %,-6.7 %,-11.3 %,3,4,0.2,0.3,66.7 %,100.0 %,0.4,,-342,3707,-0.7 %,7.4 %,6.7,2.2,1,0,1,4,1,0,1,4,1,0,1,2,2,,2,4,0.7,,-0.3,5.7,-6838,0,-6.8 %,0.0 %,-6838,0,-6.8 %,0.0 %,-6838,0,-6.8 %,0.0 %,66.7 %,100.0 %,66.7 %,100.0 %,66.7 %,100.0 %,1197,3707,-3419,0,66.7 %,100.0 %
DVY,3d RSI DVY LT17 - L DVY,8.9 %,46.7 %,4441,23270,16.5 %,21.3 %,53.8 %,218.1 %,-0.2 %,-12.9 %,9,15,0.8,1.2,77.8 %,93.3 %,6.1,0.5,493,1328,1.0 %,2.7 %,3.1,2.6,1,1,3,11,1,1,3,10,1,0,2,10,3.5,14,7,14,21.3,7.5,2.9,2.7,-224,-3079,-0.2 %,-6.2 %,-224,-3079,-0.2 %,-6.2 %,-224,0,-0.2 %,0.0 %,77.8 %,93.3 %,77.8 %,93.3 %,77.8 %,92.9 %,666,1643,-109,-3079,75.0 %,100.0 %
DVYE,10d RSI DVYE LT26 - L DVYE,7.1 %,20.2 %,3526,10038,12.1 %,7.5 %,58.0 %,267.3 %,0.0 %,-6.4 %,4,6,0.3,0.5,100.0 %,83.3 %,,1.9,881,1578,1.8 %,3.2 %,2.2,2.2,0,1,4,4,0,1,4,3,0,0,3,3,,5,4,5,,9.7,3.8,2.5,0,-1087,0.0 %,-2.2 %,0,-1087,0.0 %,-2.2 %,0,0,0.0 %,0.0 %,100.0 %,83.3 %,100.0 %,83.3 %,100.0 %,80.0 %,881,2111,0,-1087,100.0 %,100.0 %
DXD,12d RSI DXD LT28 - L DXD,11.1 %,7.2 %,5527,3594,11.9 %,7.9 %,93.0 %,90.9 %,-0.3 %,-3.5 %,5,5,0.4,0.4,60.0 %,80.0 %,25.4,2.3,1105,713,2.2 %,1.4 %,3.4,3,1,1,2,3,1,0,2,4,1,0,2,4,1.5,4,3,4,38.1,9.4,2,1.5,-298,-425,-0.3 %,-0.8 %,-298,0,-0.3 %,0.0 %,-298,0,-0.3 %,0.0 %,60.0 %,80.0 %,60.0 %,80.0 %,60.0 %,100.0 %,1892,997,-74,-425,60.0 %,100.0 %
DXJ,3d RSI DXJ LT16 - L DXJ,16.0 %,27.8 %,8002,13839,14.9 %,14.2 %,107.2 %,194.5 %,-0.6 %,-7.9 %,10,12,0.8,1,90.0 %,91.7 %,2.7,0.8,800,1053,1.6 %,2.1 %,2,2,1,1,6,8,1,1,6,7,1,0,5,8,9,11,9,11,24.3,8.7,5.1,2.5,-686,-1631,-0.7 %,-3.3 %,-686,-1631,-0.7 %,-3.3 %,-686,0,-0.7 %,0.0 %,90.0 %,91.7 %,90.0 %,91.7 %,90.0 %,90.9 %,927,1297,-343,-1631,88.9 %,100.0 %
ECH,5d RSI ECH LT12 - L ECH,0.6 %,0.4 %,280,196,100.0 %,5.1 %,0.6 %,7.6 %,0.0 %,-9.3 %,1,3,0.1,0.2,100.0 %,33.3 %,,2.3,280,78,0.6 %,0.2 %,3,3.3,0,2,1,1,0,2,1,1,0,2,1,1,,0.5,1,1,,1.2,0,0.1,0,-1380,0.0 %,-2.8 %,0,-1380,0.0 %,-2.8 %,0,-1380,0.0 %,-2.8 %,100.0 %,33.3 %,100.0 %,33.3 %,100.0 %,33.3 %,280,1615,0,-690,100.0 %,33.3 %
EDV,18d RSI EDV LT37 - L EDV,-5.4 %,2.9 %,-2689,1427,26.0 %,5.1 %,-20.7 %,55.6 %,-10.0 %,-1.6 %,10,3,0.8,0.2,40.0 %,100.0 %,0.7,,-269,474,-0.5 %,0.9 %,4,3.3,5,0,2,3,4,0,2,3,2,0,1,2,0.7,,4,3,0.5,,-1,3.1,-10200,0,-10.2 %,0.0 %,-10200,0,-10.2 %,0.0 %,-8988,0,-9.0 %,0.0 %,40.0 %,100.0 %,40.0 %,100.0 %,44.4 %,100.0 %,633,474,-870,0,50.0 %,100.0 %
EDZ,8d RSI EDZ LT24 - L EDZ,-2.5 %,46.3 %,-1251,23041,13.9 %,9.9 %,-18.0 %,466.3 %,0.0 %,-3.8 %,3,8,0.2,0.7,66.7 %,100.0 %,0.3,,-417,2456,-0.8 %,4.9 %,4,2.1,1,0,2,8,1,0,2,8,1,0,1,6,2,,2,8,0.7,,-0.3,4.5,-7202,0,-7.2 %,0.0 %,-7202,0,-7.2 %,0.0 %,-5218,0,-5.2 %,0.0 %,66.7 %,100.0 %,66.7 %,100.0 %,66.7 %,100.0 %,1175,2456,-3601,0,50.0 %,100.0 %
EEM,12d RSI EEM LT30 - L EEM,5.1 %,28.8 %,2535,14356,16.5 %,5.5 %,30.7 %,518.9 %,-0.1 %,-3.9 %,4,5,0.3,0.4,75.0 %,100.0 %,13,,634,2606,1.3 %,5.2 %,3.5,1.8,1,0,2,5,1,0,2,4,1,0,1,1,3,,3,5,39,,2.3,6.3,-134,0,-0.1 %,0.0 %,-134,0,-0.1 %,0.0 %,-134,0,-0.1 %,0.0 %,75.0 %,100.0 %,75.0 %,100.0 %,75.0 %,100.0 %,867,2606,-67,0,66.7 %,100.0 %
EEMA,7d RSI EEMA LT25 - L EEMA,12.1 %,17.1 %,6065,8523,11.3 %,6.3 %,107.6 %,269.6 %,0.0 %,-5.1 %,8,6,0.7,0.5,100.0 %,100.0 %,,,758,1353,1.5 %,2.7 %,2,1.7,0,0,8,6,0,0,8,5,0,0,6,4,,,8,6,,,5,2.4,0,0,0.0 %,0.0 %,0,0,0.0 %,0.0 %,0,0,0.0 %,0.0 %,100.0 %,100.0 %,100.0 %,100.0 %,100.0 %,100.0 %,758,1353,0,0,100.0 %,100.0 %
EFA,3d RSI EFA LT10 - L EFA,2.3 %,3.8 %,1151,1893,9.4 %,7.1 %,24.5 %,53.2 %,-2.5 %,-7.4 %,5,5,0.4,0.4,80.0 %,80.0 %,0.5,0.5,230,389,0.5 %,0.8 %,2.6,2.6,1,1,4,3,1,1,4,3,1,1,4,2,4,4,4,4,1.9,2,0.6,0.7,-2629,-1855,-2.6 %,-3.7 %,-2629,-1855,-2.6 %,-3.7 %,-2629,-26,-2.6 %,-0.1 %,80.0 %,80.0 %,80.0 %,80.0 %,80.0 %,80.0 %,616,950,-1314,-1855,80.0 %,75.0 %
EFG,12d RSI EFG LT27 - L EFG,0.7 %,20.1 %,339,10003,100.0 %,5.1 %,0.7 %,389.4 %,0.0 %,-5.7 %,1,5,0.1,0.4,100.0 %,80.0 %,,3,339,1889,0.7 %,3.8 %,3,1.6,0,1,1,4,0,0,1,3,0,0,1,1,,4,1,4,,12,0,2.6,0,-862,0.0 %,-1.7 %,0,0,0.0 %,0.0 %,0,0,0.0 %,0.0 %,100.0 %,80.0 %,100.0 %,80.0 %,100.0 %,100.0 %,339,2577,0,-862,100.0 %,100.0 %
EFV,4d RSI EFV LT11 - L EFV,-0.5 %,5.0 %,-236,2473,11.5 %,7.1 %,-4.1 %,69.5 %,-1.9 %,-7.8 %,2,5,0.2,0.4,50.0 %,80.0 %,0.8,0.5,-118,508,-0.2 %,1.0 %,5.5,2.6,1,1,1,3,1,1,1,3,1,1,1,2,1,4,1,4,0.8,2.1,-0.2,0.8,-1963,-2226,-2.0 %,-4.5 %,-1963,-2226,-2.0 %,-4.5 %,-1963,-179,-2.0 %,-0.4 %,50.0 %,80.0 %,50.0 %,80.0 %,50.0 %,80.0 %,745,1192,-981,-2226,50.0 %,75.0 %
EMGF,14d RSI EMGF LT30 - L EMGF,5.9 %,26.6 %,2960,13238,10.4 %,5.1 %,56.8 %,515.3 %,0.0 %,-4.0 %,2,5,0.2,0.4,100.0 %,100.0 %,,,1480,2420,3.0 %,4.8 %,4,1.6,0,0,2,5,0,0,2,4,0,0,2,1,,,2,5,,,7.8,6.4,0,0,0.0 %,0.0 %,0,0,0.0 %,0.0 %,0,0,0.0 %,0.0 %,100.0 %,100.0 %,100.0 %,100.0 %,100.0 %,100.0 %,1480,2420,0,0,100.0 %,100.0 %
EMHY,7d RSI EMHY LT19 - L EMHY,0.7 %,5.4 %,360,2676,29.8 %,5.5 %,2.4 %,96.7 %,-0.4 %,-10.8 %,4,4,0.3,0.3,50.0 %,75.0 %,1.8,1.9,90,672,0.2 %,1.3 %,2.5,2.5,2,1,2,2,2,1,2,2,1,0,2,2,1,3,2,3,1.8,5.7,0.6,1.2,-853,-566,-0.9 %,-1.1 %,-853,-566,-0.9 %,-1.1 %,-456,0,-0.5 %,0.0 %,50.0 %,75.0 %,50.0 %,75.0 %,50.0 %,75.0 %,393,1084,-213,-566,66.7 %,100.0 %
EPHE,6d RSI EPHE LT15 - L EPHE,2.2 %,25.7 %,1088,12807,6.3 %,5.1 %,34.6 %,498.5 %,0.0 %,-4.3 %,2,5,0.2,0.4,100.0 %,100.0 %,,,544,2372,1.1 %,4.7 %,3,1.6,0,0,2,5,0,0,2,4,0,0,2,3,,,2,5,,,3.8,2.9,0,0,0.0 %,0.0 %,0,0,0.0 %,0.0 %,0,0,0.0 %,0.0 %,100.0 %,100.0 %,100.0 %,100.0 %,100.0 %,100.0 %,544,2372,0,0,100.0 %,100.0 %
EPI,4d RSI EPI LT10 - L EPI,2.7 %,3.1 %,1340,1558,18.2 %,5.9 %,14.7 %,52.6 %,0.0 %,-15.0 %,2,5,0.2,0.4,100.0 %,60.0 %,,0.9,670,403,1.3 %,0.8 %,1,2,0,2,2,2,0,1,2,2,0,1,2,1,,1.5,2,3,,1.4,5.3,0.3,0,-5521,0.0 %,-11.0 %,0,-1902,0.0 %,-3.8 %,0,-52,0.0 %,-0.1 %,100.0 %,60.0 %,100.0 %,60.0 %,100.0 %,75.0 %,670,2512,0,-2761,100.0 %,66.7 %
EPOL,5d RSI EPOL LT10 - L EPOL,-2.4 %,2.0 %,-1221,981,83.3 %,5.5 %,-2.9 %,35.5 %,0.0 %,-10.7 %,2,3,0.2,0.2,50.0 %,66.7 %,0.6,0.7,-611,383,-1.2 %,0.8 %,4,3.7,1,1,1,2,1,1,1,2,1,0,0,2,1,2,1,2,0.6,1.4,-0.4,0.3,-5750,-2555,-5.7 %,-5.1 %,-5750,-2555,-5.7 %,-5.1 %,-2442,0,-2.4 %,0.0 %,50.0 %,66.7 %,50.0 %,66.7 %,50.0 %,66.7 %,1654,1851,-2875,-2555,0.0 %,100.0 %
EPP,3d RSI EPP LT12 - L EPP,2.0 %,6.3 %,1023,3135,16.4 %,7.5 %,12.5 %,83.5 %,-1.3 %,-6.7 %,6,6,0.5,0.5,66.7 %,83.3 %,1.3,0.5,171,534,0.3 %,1.1 %,2.3,2.2,1,1,3,3,1,1,3,3,1,0,3,5,2,5,4,5,2.6,2.6,1,0.9,-1291,-2022,-1.3 %,-4.0 %,-1291,-2022,-1.3 %,-4.0 %,-1291,0,-1.3 %,0.0 %,66.7 %,83.3 %,66.7 %,83.3 %,66.7 %,83.3 %,420,1046,-329,-2022,66.7 %,100.0 %
EQWL,4d RSI EQWL LT15 - L EQWL,3.3 %,9.4 %,1674,4685,8.6 %,7.9 %,39.1 %,118.5 %,-1.5 %,-11.5 %,4,7,0.3,0.6,50.0 %,85.7 %,3.2,0.4,418,691,0.8 %,1.4 %,3.8,1.9,2,1,1,5,2,1,1,5,2,0,1,5,1,6,2,6,3.2,2.4,1,0.9,-1538,-3577,-1.5 %,-7.2 %,-1538,-3577,-1.5 %,-7.2 %,-1538,0,-1.5 %,0.0 %,50.0 %,85.7 %,50.0 %,85.7 %,50.0 %,85.7 %,1221,1403,-384,-3577,50.0 %,100.0 %
ERY,3d RSI ERY LT11 - L ERY,5.2 %,25.5 %,2625,12718,23.2 %,5.1 %,22.6 %,495.0 %,-6.2 %,-10.8 %,9,4,0.8,0.3,55.6 %,75.0 %,1,4.2,292,3049,0.6 %,6.1 %,4.3,2.2,2,1,4,2,2,1,4,2,1,1,4,1,1.2,3,5,3,1.3,12.5,0.3,1.7,-15300,-1057,-15.3 %,-2.1 %,-15300,-1057,-15.3 %,-2.1 %,-9748,-1057,-9.7 %,-2.1 %,55.6 %,75.0 %,55.6 %,75.0 %,55.6 %,75.0 %,2270,4417,-2181,-1057,62.5 %,66.7 %
ESGE,4d RSI ESGE LT14 - L ESGE,8.8 %,6.4 %,4403,3201,12.6 %,5.9 %,69.8 %,108.0 %,-0.7 %,-6.3 %,7,5,0.6,0.4,85.7 %,80.0 %,2.2,1.3,629,637,1.3 %,1.3 %,2.7,2,1,1,5,2,1,1,5,2,0,0,5,4,6,4,6,4,12.9,5.1,3,1.4,-739,-771,-0.7 %,-1.5 %,-739,-771,-0.7 %,-1.5 %,0,0,0.0 %,0.0 %,85.7 %,80.0 %,85.7 %,80.0 %,85.7 %,80.0 %,795,989,-369,-771,100.0 %,100.0 %
ESGU,5d RSI ESGU LT20 - L ESGU,5.0 %,7.7 %,2494,3827,5.6 %,5.1 %,89.8 %,149.0 %,0.0 %,-11.6 %,3,3,0.2,0.2,100.0 %,66.7 %,,1.4,831,1327,1.7 %,2.6 %,1.7,3.3,0,1,3,2,0,1,3,2,0,0,3,2,,2,3,2,,2.8,3.7,0.8,0,-2152,0.0 %,-4.3 %,0,-2152,0.0 %,-4.3 %,0,0,0.0 %,0.0 %,100.0 %,66.7 %,100.0 %,66.7 %,100.0 %,66.7 %,831,3066,0,-2152,100.0 %,100.0 %
EWA,3d RSI EWA LT20 - L EWA,4.4 %,39.5 %,2176,19692,21.0 %,11.5 %,20.7 %,343.6 %,-3.1 %,-9.7 %,12,10,1,0.8,66.7 %,90.0 %,0.9,0.7,181,1758,0.4 %,3.5 %,2.9,1.9,2,1,3,7,2,1,3,6,2,0,2,6,2,9,8,9,1.9,6.7,0.8,2.2,-3340,-3094,-3.3 %,-6.2 %,-3340,-3094,-3.3 %,-6.2 %,-3340,0,-3.3 %,0.0 %,66.7 %,90.0 %,66.7 %,90.0 %,66.7 %,88.9 %,590,2297,-636,-3094,55.6 %,100.0 %
EWD,4d RSI EWD LT23 - L EWD,-1.0 %,28.5 %,-496,14198,14.0 %,10.3 %,-7.1 %,276.3 %,-5.3 %,-7.9 %,8,8,0.7,0.7,50.0 %,87.5 %,0.9,1.2,-62,1620,-0.1 %,3.2 %,2.8,2.2,2,1,1,6,2,1,1,5,2,0,1,5,1,7,4,7,0.9,8.7,-0.1,2.7,-2102,-1692,-2.1 %,-3.4 %,-2102,-1692,-2.1 %,-3.4 %,-2102,0,-2.1 %,0.0 %,50.0 %,87.5 %,50.0 %,87.5 %,50.0 %,85.7 %,978,2094,-1102,-1692,50.0 %,100.0 %
EWH,11d RSI EWH LT30 - L EWH,-1.1 %,37.3 %,-555,18555,17.9 %,9.1 %,-6.2 %,408.2 %,-4.3 %,-1.9 %,6,7,0.5,0.6,66.7 %,100.0 %,0.4,,-93,2333,-0.2 %,4.7 %,2.2,2.3,1,0,2,7,1,0,1,6,1,0,1,4,2,,4,7,0.8,,-0.2,4.3,-4342,0,-4.3 %,0.0 %,-4342,0,-4.3 %,0.0 %,-2011,0,-2.0 %,0.0 %,66.7 %,100.0 %,66.7 %,100.0 %,60.0 %,100.0 %,460,2333,-1199,0,66.7 %,100.0 %
EWL,13d RSI EWL LT28 - L EWL,0.4 %,21.1 %,205,10499,63.6 %,5.1 %,0.6 %,408.6 %,0.0 %,-5.2 %,2,5,0.2,0.4,50.0 %,80.0 %,2.1,3.8,102,1980,0.2 %,4.0 %,2.5,1.6,1,1,1,4,1,1,1,3,1,0,1,2,1,4,1,4,2.1,15.4,0.5,2.5,-359,-688,-0.4 %,-1.4 %,-359,-688,-0.4 %,-1.4 %,-359,0,-0.4 %,0.0 %,50.0 %,80.0 %,50.0 %,80.0 %,50.0 %,75.0 %,384,2647,-179,-688,50.0 %,100.0 %
EWM,6d RSI EWM LT15 - L EWM,3.4 %,10.6 %,1680,5286,7.7 %,5.1 %,43.7 %,205.7 %,0.0 %,-0.3 %,3,5,0.2,0.4,100.0 %,100.0 %,,,560,1022,1.1 %,2.0 %,1.7,1.6,0,0,3,5,0,0,3,5,0,0,3,4,,,3,5,,,4,4.1,0,0,0.0 %,0.0 %,0,0,0.0 %,0.0 %,0,0,0.0 %,0.0 %,100.0 %,100.0 %,100.0 %,100.0 %,100.0 %,100.0 %,560,1022,0,0,100.0 %,100.0 %
EWP,4d RSI EWP LT11 - L EWP,-5.4 %,14.1 %,-2717,7024,16.8 %,5.5 %,-32.3 %,253.9 %,-6.3 %,-6.0 %,2,4,0.2,0.3,50.0 %,75.0 %,0.1,8.2,-1359,1705,-2.7 %,3.4 %,7,2.5,1,1,1,3,1,1,1,3,1,0,1,3,1,3,1,3,0.1,24.6,-1.1,2,-6305,-289,-6.3 %,-0.6 %,-6305,-289,-6.3 %,-0.6 %,-6305,0,-6.3 %,0.0 %,50.0 %,75.0 %,50.0 %,75.0 %,50.0 %,75.0 %,435,2370,-3153,-289,50.0 %,100.0 %
EWQ,4d RSI EWQ LT12 - L EWQ,-0.4 %,8.8 %,-189,4389,19.6 %,7.1 %,-1.9 %,123.4 %,-1.8 %,-8.1 %,2,5,0.2,0.4,50.0 %,80.0 %,0.8,0.9,-95,882,-0.2 %,1.8 %,4,2.6,1,1,1,3,1,1,1,3,1,0,1,4,1,4,1,4,0.8,3.4,-0.2,1.1,-1871,-1829,-1.9 %,-3.7 %,-1871,-1829,-1.9 %,-3.7 %,-1871,0,-1.9 %,0.0 %,50.0 %,80.0 %,50.0 %,80.0 %,50.0 %,80.0 %,746,1559,-935,-1829,50.0 %,100.0 %
EWS,3d RSI EWS LT10 - L EWS,1.5 %,21.4 %,773,10677,9.6 %,8.3 %,16.0 %,257.3 %,-1.9 %,-2.5 %,5,8,0.4,0.7,80.0 %,87.5 %,0.4,2.5,155,1245,0.3 %,2.5 %,2.2,1.6,1,1,3,7,1,1,3,7,1,1,3,5,4,7,4,7,1.8,17.8,0.6,2.7,-1968,-593,-2.0 %,-1.2 %,-1968,-593,-2.0 %,-1.2 %,-1336,-593,-1.3 %,-1.2 %,80.0 %,87.5 %,80.0 %,87.5 %,80.0 %,87.5 %,439,1508,-984,-593,75.0 %,83.3 %
EWT,3d RSI EWT LT17 - L EWT,4.7 %,15.3 %,2334,7623,13.7 %,8.7 %,34.1 %,175.3 %,-2.4 %,-5.6 %,9,8,0.8,0.7,55.6 %,100.0 %,2.1,,259,903,0.5 %,1.8 %,2.3,1.8,2,0,3,8,2,0,3,7,2,0,1,6,1.2,,5,8,2.7,,1.2,3.5,-2467,0,-2.5 %,0.0 %,-2467,0,-2.5 %,0.0 %,-2185,0,-2.2 %,0.0 %,55.6 %,100.0 %,55.6 %,100.0 %,55.6 %,100.0 %,748,903,-352,0,42.9 %,100.0 %
EWU,4d RSI EWU LT12 - L EWU,5.8 %,1.4 %,2923,685,8.5 %,5.5 %,68.4 %,24.8 %,0.0 %,-9.7 %,4,4,0.3,0.3,100.0 %,75.0 %,,0.4,731,207,1.5 %,0.4 %,1.5,2.5,0,1,4,2,0,1,4,1,0,1,3,1,,3,4,3,,1.3,3.7,0.2,0,-2953,0.0 %,-5.9 %,0,-934,0.0 %,-1.9 %,0,-934,0.0 %,-1.9 %,100.0 %,75.0 %,100.0 %,75.0 %,100.0 %,66.7 %,731,1261,0,-2953,100.0 %,66.7 %
EWW,3d RSI EWW LT13 - L EWW,-1.1 %,30.8 %,-534,15319,15.7 %,10.7 %,-6.8 %,287.1 %,-5.5 %,-13.1 %,7,8,0.6,0.7,71.4 %,87.5 %,0.3,1,-76,1765,-0.2 %,3.5 %,3.9,2.4,1,1,4,6,1,1,4,5,2,0,3,5,2.5,7,5,7,0.8,7.3,-0.2,2,-5633,-2256,-5.6 %,-4.5 %,-5633,-2256,-5.6 %,-4.5 %,-5769,0,-5.8 %,0.0 %,71.4 %,87.5 %,71.4 %,87.5 %,71.4 %,85.7 %,569,2340,-1688,-2256,60.0 %,100.0 %
EWY,5d RSI EWY LT21 - L EWY,9.8 %,14.1 %,4881,7005,11.6 %,6.3 %,84.5 %,221.5 %,-2.2 %,-4.9 %,8,5,0.7,0.4,87.5 %,80.0 %,0.8,2.8,610,1350,1.2 %,2.7 %,1.9,2.2,1,1,5,4,1,1,5,4,1,1,4,2,7,4,7,4,5.3,11.4,2.3,2.3,-2278,-651,-2.3 %,-1.3 %,-2278,-651,-2.3 %,-1.3 %,-1126,-651,-1.1 %,-1.3 %,87.5 %,80.0 %,87.5 %,80.0 %,87.5 %,80.0 %,860,1851,-1139,-651,85.7 %,66.7 %
EWZ,6d RSI EWZ LT16 - L EWZ,0.0 %,27.8 %,21,13841,100.0 %,5.9 %,0.0 %,466.9 %,0.0 %,-8.0 %,1,4,0.1,0.3,100.0 %,75.0 %,,9.5,21,3292,0.0 %,6.6 %,2,2.8,0,1,1,3,0,1,1,2,0,0,1,2,,3,1,3,,28.6,0,1.7,0,-477,0.0 %,-0.9 %,0,-477,0.0 %,-0.9 %,0,0,0.0 %,0.0 %,100.0 %,75.0 %,100.0 %,75.0 %,100.0 %,66.7 %,21,4548,0,-477,100.0 %,100.0 %
EWZS,3d RSI EWZS LT10 - L EWZS,2.9 %,22.9 %,1437,11389,8.4 %,11.9 %,34.2 %,192.1 %,-2.6 %,-10.5 %,4,6,0.3,0.5,75.0 %,66.7 %,0.7,2.8,359,1815,0.7 %,3.6 %,3.8,4,1,1,3,3,1,1,3,3,1,1,3,3,3,2,3,4,2,5.5,0.6,1.7,-2766,-1790,-2.8 %,-3.6 %,-2766,-1790,-2.8 %,-3.6 %,-2766,-609,-2.8 %,-1.2 %,75.0 %,66.7 %,75.0 %,66.7 %,75.0 %,66.7 %,940,3322,-1383,-1200,75.0 %,80.0 %
EZU,6d RSI EZU LT16 - L EZU,-1.0 %,7.7 %,-492,3835,19.6 %,5.1 %,-5.0 %,149.2 %,-2.2 %,-6.0 %,2,4,0.2,0.3,50.0 %,75.0 %,0.6,2,-246,956,-0.5 %,1.9 %,4,2.2,1,1,1,2,1,1,1,2,1,0,1,3,1,3,1,3,0.6,6.1,-0.4,1.3,-2244,-756,-2.2 %,-1.5 %,-2244,-756,-2.2 %,-1.5 %,-2244,0,-2.2 %,0.0 %,50.0 %,75.0 %,50.0 %,75.0 %,50.0 %,75.0 %,630,1527,-1122,-756,50.0 %,100.0 %
FAZ,18d RSI FAZ LT32 - L FAZ,1.5 %,19.4 %,752,9682,16.6 %,6.7 %,9.1 %,288.2 %,-3.5 %,-3.3 %,6,3,0.5,0.2,33.3 %,100.0 %,2.4,,125,3071,0.3 %,6.1 %,4.8,4.7,3,0,1,3,3,0,1,3,3,0,1,3,0.5,,2,3,1.2,,0.2,3.6,-3540,0,-3.5 %,0.0 %,-3540,0,-3.5 %,0.0 %,-3540,0,-3.5 %,0.0 %,33.3 %,100.0 %,33.3 %,100.0 %,33.3 %,100.0 %,2264,3071,-944,0,40.0 %,100.0 %
FBND,9d RSI FBND LT60 - L FBND,1.3 %,0.3 %,659,148,82.6 %,50.2 %,1.6 %,0.6 %,-2.4 %,-14.6 %,42,31,3.5,2.6,66.7 %,74.2 %,0.6,0.4,16,13,0.0 %,0.0 %,3.9,3.1,3,2,8,11,3,2,7,12,2,1,4,7,2,2.9,28,23,1.3,1.1,0.6,0.1,-2419,-238,-2.4 %,-0.5 %,-2166,-238,-2.2 %,-0.5 %,-2076,-3192,-2.1 %,-6.4 %,66.7 %,74.2 %,66.7 %,74.2 %,63.9 %,80.0 %,109,244,-170,-651,66.7 %,83.3 %
FBT,6d RSI FBT LT23 - L FBT,4.6 %,16.6 %,2312,8278,15.7 %,5.9 %,29.5 %,279.2 %,-0.2 %,-3.8 %,6,5,0.5,0.4,83.3 %,100.0 %,5.2,,385,1569,0.8 %,3.1 %,4.3,2,1,0,4,5,1,0,4,5,1,0,3,4,5,,5,5,26.2,,2.8,3.9,-183,0,-0.2 %,0.0 %,-183,0,-0.2 %,0.0 %,-183,0,-0.2 %,0.0 %,83.3 %,100.0 %,83.3 %,100.0 %,83.3 %,100.0 %,481,1569,-92,0,80.0 %,100.0 %
FCOM,3d RSI FCOM LT19 - L FCOM,5.3 %,31.6 %,2666,15716,24.9 %,14.6 %,21.4 %,214.9 %,-4.9 %,-10.1 %,12,12,1,1,83.3 %,91.7 %,0.3,0.8,222,1174,0.4 %,2.4 %,3.7,2.1,1,1,7,9,1,1,7,8,1,0,5,7,5,11,10,11,1.7,8.3,0.7,2.9,-5485,-1923,-5.5 %,-3.9 %,-5485,-1923,-5.5 %,-3.9 %,-5485,0,-5.5 %,0.0 %,83.3 %,91.7 %,83.3 %,91.7 %,83.3 %,90.9 %,645,1456,-1893,-1923,77.8 %,100.0 %
FDIS,4d RSI FDIS LT16 - L FDIS,11.3 %,6.5 %,5641,3244,8.5 %,5.9 %,132.4 %,109.4 %,0.0 %,-11.5 %,6,5,0.5,0.4,100.0 %,80.0 %,,0.6,940,670,1.9 %,1.3 %,2.2,2,0,1,6,3,0,1,6,3,0,1,5,2,,4,6,4,,2.2,4.2,0.8,0,-2785,0.0 %,-5.6 %,0,-2785,0.0 %,-5.6 %,0,-230,0.0 %,-0.5 %,100.0 %,80.0 %,100.0 %,80.0 %,100.0 %,80.0 %,940,1533,0,-2785,100.0 %,75.0 %
FDL,7d RSI FDL LT19 - L FDL,1.7 %,9.3 %,838,4617,100.0 %,5.1 %,1.7 %,179.7 %,0.0 %,-9.9 %,1,4,0.1,0.3,100.0 %,75.0 %,,1.6,838,1159,1.7 %,2.3 %,1,2.2,0,1,1,2,0,1,1,2,0,0,1,3,,3,1,3,,4.8,0,1.2,0,-1230,0.0 %,-2.5 %,0,-1230,0.0 %,-2.5 %,0,0,0.0 %,0.0 %,100.0 %,75.0 %,100.0 %,75.0 %,100.0 %,75.0 %,838,1956,0,-1230,100.0 %,100.0 %
FDN,7d RSI FDN LT27 - L FDN,12.5 %,19.1 %,6233,9518,16.2 %,5.1 %,77.1 %,370.5 %,-0.5 %,-7.4 %,8,4,0.7,0.3,75.0 %,75.0 %,7.7,8.8,779,2261,1.6 %,4.5 %,3.1,2.2,2,1,6,3,2,1,6,2,2,0,4,1,3,3,6,3,23.2,26.4,2.2,2.7,-561,-356,-0.6 %,-0.7 %,-561,-356,-0.6 %,-0.7 %,-561,0,-0.6 %,0.0 %,75.0 %,75.0 %,75.0 %,75.0 %,75.0 %,66.7 %,1086,3134,-140,-356,66.7 %,100.0 %
FDT,4d RSI FDT LT11 - L FDT,7.4 %,2.7 %,3697,1356,7.4 %,5.5 %,100.1 %,49.0 %,0.0 %,-7.4 %,4,4,0.3,0.3,100.0 %,75.0 %,,0.6,924,362,1.8 %,0.7 %,2.8,2.5,0,1,4,2,0,1,4,2,0,0,4,3,,3,4,3,,1.7,4.8,0.5,0,-1972,0.0 %,-3.9 %,0,-1972,0.0 %,-3.9 %,0,0,0.0 %,0.0 %,100.0 %,75.0 %,100.0 %,75.0 %,100.0 %,75.0 %,924,1140,0,-1972,100.0 %,100.0 %
FDVV,3d RSI FDVV LT10 - L FDVV,2.8 %,6.7 %,1394,3356,17.4 %,5.9 %,16.0 %,113.2 %,-0.8 %,-12.4 %,5,4,0.4,0.3,80.0 %,75.0 %,1.1,0.8,279,888,0.6 %,1.8 %,3,2.8,1,1,3,3,1,1,3,3,1,0,3,3,4,3,4,3,4.2,2.3,1.4,0.7,-864,-2760,-0.9 %,-5.5 %,-864,-2760,-0.9 %,-5.5 %,-864,0,-0.9 %,0.0 %,80.0 %,75.0 %,80.0 %,75.0 %,80.0 %,75.0 %,456,2103,-432,-2760,80.0 %,100.0 %
FEZ,4d RSI FEZ LT11 - L FEZ,-0.7 %,7.3 %,-335,3616,11.5 %,7.1 %,-5.8 %,101.7 %,-3.3 %,-8.5 %,3,5,0.2,0.4,66.7 %,80.0 %,0.4,0.7,-112,732,-0.2 %,1.5 %,3.3,2.6,1,1,2,3,1,1,2,3,1,0,2,4,2,4,2,4,0.8,2.8,-0.2,1,-3381,-2001,-3.4 %,-4.0 %,-3381,-2001,-3.4 %,-4.0 %,-3381,0,-3.4 %,0.0 %,66.7 %,80.0 %,66.7 %,80.0 %,66.7 %,80.0 %,678,1415,-1691,-2001,66.7 %,100.0 %
FFTY,13d RSI FFTY LT33 - L FFTY,10.5 %,21.7 %,5261,10816,6.2 %,7.5 %,169.8 %,288.1 %,0.0 %,-10.7 %,3,6,0.2,0.5,100.0 %,66.7 %,,3.7,1754,1700,3.5 %,3.4 %,1.3,2.2,0,1,3,2,0,0,3,4,0,0,2,1,,2,3,4,,7.5,9.1,2.2,0,-1450,0.0 %,-2.9 %,0,0,0.0 %,0.0 %,0,0,0.0 %,0.0 %,100.0 %,66.7 %,100.0 %,66.7 %,100.0 %,100.0 %,1754,2944,0,-788,100.0 %,100.0 %
FHLC,8d RSI FHLC LT28 - L FHLC,4.7 %,18.7 %,2338,9326,15.1 %,5.5 %,31.0 %,337.1 %,-0.4 %,-7.2 %,4,5,0.3,0.4,75.0 %,80.0 %,4.4,14,585,1768,1.2 %,3.5 %,6.5,1.8,1,1,2,3,1,1,2,3,1,0,2,3,3,4,3,4,13.2,55.9,1.4,2.6,-383,-161,-0.4 %,-0.3 %,-383,-161,-0.4 %,-0.3 %,-383,0,-0.4 %,0.0 %,75.0 %,80.0 %,75.0 %,80.0 %,75.0 %,80.0 %,843,2251,-191,-161,75.0 %,100.0 %
FIDU,7d RSI FIDU LT22 - L FIDU,4.7 %,27.8 %,2325,13838,9.8 %,5.9 %,47.3 %,466.8 %,0.0 %,-8.5 %,3,5,0.2,0.4,100.0 %,80.0 %,,2.4,775,2574,1.6 %,5.2 %,3,2,0,1,3,4,0,1,3,3,0,0,3,2,,4,3,4,,9.5,2.5,2.3,0,-1517,0.0 %,-3.0 %,0,-1517,0.0 %,-3.0 %,0,0,0.0 %,0.0 %,100.0 %,80.0 %,100.0 %,80.0 %,100.0 %,75.0 %,775,3597,0,-1517,100.0 %,100.0 %
FIXD,3d RSI FIXD LT10 - L FIXD,0.2 %,2.5 %,81,1261,16.1 %,5.1 %,1.0 %,49.1 %,-0.7 %,-3.3 %,7,4,0.6,0.3,71.4 %,75.0 %,0.5,,12,315,0.0 %,0.6 %,3.6,2.2,1,1,3,2,1,1,3,2,1,0,4,3,2.5,3,5,3,1.2,,0.2,1.5,-710,0,-0.7 %,0.0 %,-710,0,-0.7 %,0.0 %,-710,0,-0.7 %,0.0 %,71.4 %,75.0 %,71.4 %,75.0 %,71.4 %,75.0 %,89,420,-183,0,83.3 %,100.0 %
FLBR,4d RSI FLBR LT10 - L FLBR,2.2 %,9.0 %,1102,4492,3.8 %,6.3 %,57.3 %,142.1 %,0.0 %,-7.7 %,2,4,0.2,0.3,100.0 %,75.0 %,,2.6,551,1118,1.1 %,2.2 %,1.5,3,0,1,2,3,0,1,2,3,0,0,2,3,,3,2,3,,7.9,3.3,1.3,0,-649,0.0 %,-1.3 %,0,-649,0.0 %,-1.3 %,0,0,0.0 %,0.0 %,100.0 %,75.0 %,100.0 %,75.0 %,100.0 %,75.0 %,551,1707,0,-649,100.0 %,100.0 %
FLCH,8d RSI FLCH LT30 - L FLCH,0.2 %,15.2 %,81,7588,20.6 %,5.1 %,0.8 %,295.3 %,-5.2 %,-2.1 %,10,6,0.8,0.5,30.0 %,100.0 %,2.4,,8,1202,0.0 %,2.4 %,3.4,1.2,4,0,1,6,4,0,1,5,3,0,1,4,0.4,,3,6,1,,0,3.6,-5395,0,-5.4 %,0.0 %,-5395,0,-5.4 %,0.0 %,-5395,0,-5.4 %,0.0 %,30.0 %,100.0 %,30.0 %,100.0 %,30.0 %,100.0 %,1149,1202,-481,0,33.3 %,100.0 %
FLJP,10d RSI FLJP LT23 - L FLJP,2.0 %,4.7 %,994,2349,100.0 %,5.5 %,2.0 %,84.9 %,0.0 %,-8.3 %,1,4,0.1,0.3,100.0 %,75.0 %,,1.1,994,588,2.0 %,1.2 %,2,2.5,0,1,1,3,0,1,1,2,0,0,1,1,,3,1,3,,3.3,0,1.2,0,-1027,0.0 %,-2.0 %,0,-96,0.0 %,-0.2 %,0,0,0.0 %,0.0 %,100.0 %,75.0 %,100.0 %,75.0 %,100.0 %,66.7 %,994,1127,0,-1027,100.0 %,100.0 %
FLKR,10d RSI FLKR LT31 - L FLKR,7.9 %,29.2 %,3955,14545,19.4 %,7.5 %,40.7 %,387.4 %,-2.2 %,-5.5 %,8,7,0.7,0.6,87.5 %,100.0 %,0.7,,494,1893,1.0 %,3.8 %,1.5,1.7,1,0,5,7,1,0,5,5,1,0,3,2,7,,7,7,4.6,,2.2,2.8,-2223,0,-2.2 %,0.0 %,-2223,0,-2.2 %,0.0 %,-1145,0,-1.1 %,0.0 %,87.5 %,100.0 %,87.5 %,100.0 %,87.5 %,100.0 %,724,1893,-1112,0,80.0 %,100.0 %
FLMI,20d RSI FLMI LT58 - L FLMI,0.1 %,1.6 %,51,784,58.6 %,44.3 %,0.2 %,3.5 %,-1.6 %,-10.7 %,22,26,1.8,2.2,68.2 %,80.8 %,0.5,0.3,2,36,0.0 %,0.1 %,4.3,3.3,3,2,7,12,4,2,5,10,2,1,3,6,2.1,4.2,15,21,1,1.2,0,0.2,-1306,-4316,-1.3 %,-8.6 %,-1613,-2289,-1.6 %,-4.6 %,-1613,-2313,-1.6 %,-4.6 %,68.2 %,80.8 %,68.2 %,80.8 %,56.2 %,80.0 %,112,255,-233,-883,57.1 %,87.5 %
FLTW,9d RSI FLTW LT29 - L FLTW,6.5 %,4.0 %,3226,1981,9.3 %,7.1 %,69.0 %,55.7 %,0.0 %,-14.5 %,4,6,0.3,0.5,100.0 %,83.3 %,,0.3,806,373,1.6 %,0.8 %,1.5,2,0,1,4,3,0,1,3,3,0,0,3,3,,5,4,5,,1.6,4.7,0.4,0,-4038,0.0 %,-8.1 %,0,-4038,0.0 %,-8.1 %,0,0,0.0 %,0.0 %,100.0 %,83.3 %,100.0 %,83.3 %,100.0 %,83.3 %,806,1255,0,-4038,100.0 %,100.0 %
FNCL,7d RSI FNCL LT22 - L FNCL,6.2 %,19.6 %,3096,9752,4.4 %,5.1 %,139.3 %,379.6 %,-0.1 %,-9.7 %,3,4,0.2,0.3,66.7 %,75.0 %,29.6,2.3,1032,2360,2.1 %,4.7 %,2.3,2.2,1,1,1,3,1,1,1,2,1,0,1,2,2,3,2,3,59.2,6.9,2,1.7,-106,-1587,-0.1 %,-3.2 %,-106,-1587,-0.1 %,-3.2 %,-106,0,-0.1 %,0.0 %,66.7 %,75.0 %,66.7 %,75.0 %,66.7 %,66.7 %,1575,3676,-53,-1587,66.7 %,100.0 %
FNDB,4d RSI FNDB LT23 - L FNDB,7.7 %,29.5 %,3857,14696,16.2 %,14.2 %,47.6 %,206.6 %,-0.9 %,-12.1 %,9,11,0.8,0.9,66.7 %,81.8 %,4.5,1.2,429,1225,0.9 %,2.5 %,3,2.3,2,1,3,6,2,1,3,5,2,0,2,6,2,4.5,6,9,9,5.5,2.2,2.1,-61,-2771,-0.1 %,-5.5 %,-61,-2771,-0.1 %,-5.5 %,-61,0,-0.1 %,0.0 %,66.7 %,81.8 %,66.7 %,81.8 %,66.7 %,80.0 %,723,1829,-161,-1496,62.5 %,100.0 %
FNDC,5d RSI FNDC LT19 - L FNDC,-1.2 %,13.2 %,-585,6596,16.3 %,8.3 %,-7.2 %,158.9 %,-3.0 %,-7.4 %,4,7,0.3,0.6,50.0 %,85.7 %,0.7,0.8,-146,915,-0.3 %,1.8 %,3.8,2,1,1,2,4,1,1,2,3,1,0,2,4,1,6,2,6,0.7,4.6,-0.3,1.8,-3086,-1767,-3.1 %,-3.5 %,-3086,-1767,-3.1 %,-3.5 %,-3086,0,-3.1 %,0.0 %,50.0 %,85.7 %,50.0 %,85.7 %,50.0 %,83.3 %,574,1362,-866,-1767,50.0 %,100.0 %
FNDE,6d RSI FNDE LT17 - L FNDE,2.5 %,16.3 %,1275,8108,5.7 %,5.1 %,44.6 %,315.6 %,0.0 %,-4.0 %,2,6,0.2,0.5,100.0 %,100.0 %,,,637,1288,1.3 %,2.6 %,2,1.2,0,0,2,6,0,0,2,5,0,0,2,4,,,2,6,,,8.6,2.5,0,0,0.0 %,0.0 %,0,0,0.0 %,0.0 %,0,0,0.0 %,0.0 %,100.0 %,100.0 %,100.0 %,100.0 %,100.0 %,100.0 %,637,1288,0,0,100.0 %,100.0 %
FNDF,4d RSI FNDF LT11 - L FNDF,0.8 %,0.6 %,414,315,13.1 %,6.3 %,6.3 %,10.0 %,-1.6 %,-7.6 %,3,4,0.2,0.3,66.7 %,75.0 %,0.8,0.4,138,95,0.3 %,0.2 %,4,3,1,1,2,2,1,1,2,2,1,1,2,2,2,3,2,3,1.5,1.2,0.3,0.2,-1641,-2045,-1.6 %,-4.1 %,-1641,-2045,-1.6 %,-4.1 %,-1641,-2045,-1.6 %,-4.1 %,66.7 %,75.0 %,66.7 %,75.0 %,66.7 %,75.0 %,617,808,-821,-2045,66.7 %,75.0 %
FNDX,3d RSI FNDX LT20 - L FNDX,7.5 %,33.3 %,3757,16586,18.5 %,19.0 %,40.7 %,174.8 %,-3.0 %,-12.1 %,10,14,0.8,1.2,70.0 %,71.4 %,1.4,2.1,376,1072,0.8 %,2.1 %,3.3,2.4,2,2,3,8,2,2,3,7,2,1,3,6,2.3,2.5,7,10,3.2,5.2,1.5,2.1,-1676,-641,-1.7 %,-1.3 %,-1676,-641,-1.7 %,-1.3 %,-1676,-424,-1.7 %,-0.8 %,70.0 %,71.4 %,70.0 %,71.4 %,70.0 %,69.2 %,779,1859,-566,-895,66.7 %,77.8 %
FREL,3d RSI FREL LT10 - L FREL,2.8 %,11.0 %,1415,5469,5.4 %,5.9 %,52.4 %,184.5 %,0.0 %,-7.4 %,2,4,0.2,0.3,100.0 %,100.0 %,,,708,1321,1.4 %,2.6 %,1,2.8,0,0,2,4,0,0,2,4,0,0,2,3,,,2,4,,,3.1,7.3,0,0,0.0 %,0.0 %,0,0,0.0 %,0.0 %,0,0,0.0 %,0.0 %,100.0 %,100.0 %,100.0 %,100.0 %,100.0 %,100.0 %,708,1321,0,0,100.0 %,100.0 %
FSTA,10d RSI FSTA LT34 - L FSTA,3.3 %,26.6 %,1655,13224,13.4 %,7.5 %,24.8 %,352.2 %,-0.2 %,-9.6 %,4,6,0.3,0.5,75.0 %,83.3 %,5,3.3,414,2038,0.8 %,4.1 %,5.8,2.2,1,1,2,5,1,1,2,5,1,0,2,3,3,5,3,5,15,16.5,2.4,2.6,-236,-787,-0.2 %,-1.6 %,-236,-787,-0.2 %,-1.6 %,-236,0,-0.2 %,0.0 %,75.0 %,83.3 %,75.0 %,83.3 %,75.0 %,83.3 %,591,2602,-118,-787,75.0 %,100.0 %
FTCS,9d RSI FTCS LT28 - L FTCS,6.0 %,22.9 %,3010,11389,13.9 %,5.9 %,43.2 %,384.2 %,0.0 %,-8.5 %,4,5,0.3,0.4,100.0 %,80.0 %,,2.9,753,2144,1.5 %,4.3 %,3.2,2,0,1,4,4,0,1,4,3,0,0,4,2,,4,4,4,,11.5,3.3,2.3,0,-1023,0.0 %,-2.0 %,0,-1023,0.0 %,-2.0 %,0,0,0.0 %,0.0 %,100.0 %,80.0 %,100.0 %,80.0 %,100.0 %,75.0 %,753,2935,0,-1023,100.0 %,100.0 %
FTEC,10d RSI FTEC LT32 - L FTEC,8.0 %,33.5 %,4019,16663,11.0 %,6.3 %,73.3 %,527.0 %,0.0 %,-9.3 %,4,5,0.3,0.4,100.0 %,100.0 %,,,1005,3018,2.0 %,6.0 %,3.2,2.2,0,0,4,5,0,0,4,4,0,0,4,2,,,4,5,,,3.3,3,0,0,0.0 %,0.0 %,0,0,0.0 %,0.0 %,0,0,0.0 %,0.0 %,100.0 %,100.0 %,100.0 %,100.0 %,100.0 %,100.0 %,1005,3018,0,0,100.0 %,100.0 %
FTSM,17d RSI FTSM LT70 - L FTSM,0.2 %,0.3 %,98,128,100.0 %,79.8 %,0.2 %,0.3 %,-0.1 %,-6.1 %,9,25,0.8,2.1,88.9 %,92.0 %,0.3,0.1,11,6,0.0 %,0.0 %,26,6.4,1,1,7,18,1,1,7,18,1,1,4,9,8,11.5,8,23,2.7,1.1,1.2,0.1,-118,-1289,-0.1 %,-2.6 %,-118,-1116,-0.1 %,-2.2 %,-118,-1035,-0.1 %,-2.1 %,88.9 %,92.0 %,88.9 %,92.0 %,88.9 %,94.7 %,20,62,-59,-645,83.3 %,90.0 %
FTXL,4d RSI FTXL LT18 - L FTXL,18.2 %,14.5 %,9111,7234,17.1 %,5.1 %,106.7 %,281.6 %,0.0 %,-9.2 %,7,4,0.6,0.3,100.0 %,50.0 %,,11.1,1302,1771,2.6 %,3.5 %,2,2.2,0,1,7,2,0,1,7,1,0,1,5,1,,1,7,2,,11.1,5.7,1.6,0,-389,0.0 %,-0.8 %,0,-389,0.0 %,-0.8 %,0,-311,0.0 %,-0.6 %,100.0 %,50.0 %,100.0 %,50.0 %,100.0 %,33.3 %,1302,3892,0,-350,100.0 %,50.0 %
FUTY,3d RSI FUTY LT16 - L FUTY,-1.7 %,19.5 %,-834,9724,21.2 %,13.0 %,-7.9 %,149.1 %,-2.8 %,-11.4 %,5,9,0.4,0.8,60.0 %,77.8 %,0.4,1.4,-167,1037,-0.3 %,2.1 %,6,2.7,1,1,2,4,1,1,2,4,1,1,2,4,1.5,3.5,3,7,0.6,5.1,-0.5,1.6,-2838,-1844,-2.8 %,-3.7 %,-2838,-1844,-2.8 %,-3.7 %,-2838,-451,-2.8 %,-0.9 %,60.0 %,77.8 %,60.0 %,77.8 %,60.0 %,77.8 %,368,1661,-969,-1148,60.0 %,85.7 %
FVD,4d RSI FVD LT17 - L FVD,5.3 %,6.4 %,2651,3201,6.8 %,7.5 %,78.5 %,85.2 %,-0.5 %,-11.4 %,4,5,0.3,0.4,75.0 %,80.0 %,4.1,0.5,663,672,1.3 %,1.3 %,2.8,2.8,1,1,2,4,1,1,2,4,1,0,2,4,3,4,3,4,12.2,2.2,2,0.7,-474,-2842,-0.5 %,-5.7 %,-474,-2842,-0.5 %,-5.7 %,-474,0,-0.5 %,0.0 %,75.0 %,80.0 %,75.0 %,80.0 %,75.0 %,80.0 %,963,1551,-237,-2842,75.0 %,100.0 %
FXE,4d RSI FXE LT11 - L FXE,0.2 %,2.0 %,106,1015,10.9 %,6.3 %,2.0 %,32.1 %,-0.7 %,-0.6 %,5,3,0.4,0.2,80.0 %,100.0 %,0.3,,21,339,0.0 %,0.7 %,3,4.3,1,0,3,3,1,0,3,3,1,0,3,3,4,,4,3,1.3,,0.2,1.3,-674,0,-0.7 %,0.0 %,-674,0,-0.7 %,0.0 %,-674,0,-0.7 %,0.0 %,80.0 %,100.0 %,80.0 %,100.0 %,80.0 %,100.0 %,111,339,-337,0,80.0 %,100.0 %
FXF,17d RSI FXF LT39 - L FXF,2.5 %,3.2 %,1269,1615,28.6 %,5.1 %,8.9 %,62.8 %,-2.2 %,-0.4 %,16,3,1.3,0.2,68.8 %,100.0 %,0.9,,79,537,0.2 %,1.1 %,2.7,3.3,3,0,5,3,3,0,5,3,3,0,5,3,2.2,,11,3,1.9,,0.9,1.9,-2220,0,-2.2 %,0.0 %,-1607,0,-1.6 %,0.0 %,-1078,0,-1.1 %,0.0 %,68.8 %,100.0 %,68.8 %,100.0 %,61.5 %,100.0 %,238,537,-269,0,62.5 %,100.0 %
FXI,11d RSI FXI LT29 - L FXI,16.1 %,21.8 %,8033,10831,8.7 %,5.1 %,184.3 %,421.6 %,0.0 %,-0.5 %,6,6,0.5,0.5,100.0 %,100.0 %,,,1339,1678,2.7 %,3.4 %,1.8,1.2,0,0,6,6,0,0,6,5,0,0,4,4,,,6,6,,,8.2,3.8,0,0,0.0 %,0.0 %,0,0,0.0 %,0.0 %,0,0,0.0 %,0.0 %,100.0 %,100.0 %,100.0 %,100.0 %,100.0 %,100.0 %,1339,1678,0,0,100.0 %,100.0 %
FXO,3d RSI FXO LT12 - L FXO,10.8 %,5.6 %,5408,2777,16.2 %,7.9 %,66.9 %,70.2 %,-2.9 %,-12.9 %,9,5,0.8,0.4,66.7 %,80.0 %,1.8,0.5,601,595,1.2 %,1.2 %,3.2,3,2,1,2,4,2,1,2,4,2,1,2,3,2,4,6,4,3.5,1.8,1.7,0.6,-1238,-3620,-1.2 %,-7.2 %,-1238,-3620,-1.2 %,-7.2 %,-1238,-860,-1.2 %,-1.7 %,66.7 %,80.0 %,66.7 %,80.0 %,66.7 %,80.0 %,1262,1648,-721,-3620,62.5 %,75.0 %
FXU,5d RSI FXU LT25 - L FXU,-2.8 %,13.8 %,-1420,6899,15.8 %,12.7 %,-17.9 %,109.1 %,-2.3 %,-14.4 %,3,8,0.2,0.7,33.3 %,75.0 %,0.6,1.3,-473,848,-0.9 %,1.7 %,7.3,3,1,1,1,6,1,1,1,6,1,1,1,5,0.5,3,1,6,0.3,4,-1.1,1.4,-2289,-1800,-2.3 %,-3.6 %,-2289,-1800,-2.3 %,-3.6 %,-2289,-467,-2.3 %,-0.9 %,33.3 %,75.0 %,33.3 %,75.0 %,33.3 %,75.0 %,599,1508,-1009,-1134,33.3 %,83.3 %
FXY,3d RSI FXY LT14 - L FXY,-0.9 %,2.6 %,-452,1282,29.2 %,8.7 %,-3.1 %,29.5 %,-2.3 %,-0.8 %,14,6,1.2,0.5,64.3 %,66.7 %,0.4,3.5,-32,214,-0.1 %,0.4 %,3.2,2.7,2,1,6,3,2,1,5,3,3,1,4,3,1.8,2,9,4,0.8,7.1,-0.4,1.4,-2263,-193,-2.3 %,-0.4 %,-2263,-193,-2.3 %,-0.4 %,-2465,-193,-2.5 %,-0.4 %,64.3 %,66.7 %,64.3 %,66.7 %,61.5 %,66.7 %,162,373,-382,-105,50.0 %,66.7 %
GEM,11d RSI GEM LT27 - L GEM,7.2 %,25.1 %,3577,12483,13.5 %,5.1 %,52.8 %,485.9 %,0.0 %,-4.2 %,3,5,0.2,0.4,100.0 %,100.0 %,,,1192,2296,2.4 %,4.6 %,3.3,1.6,0,0,3,5,0,0,3,4,0,0,3,1,,,3,5,,,4.6,5.5,0,0,0.0 %,0.0 %,0,0,0.0 %,0.0 %,0,0,0.0 %,0.0 %,100.0 %,100.0 %,100.0 %,100.0 %,100.0 %,100.0 %,1192,2296,0,0,100.0 %,100.0 %
GLD,14d RSI GLD LT46 - L GLD,-7.1 %,13.5 %,-3546,6717,48.0 %,23.3 %,-14.8 %,57.6 %,-10.6 %,-5.1 %,23,16,1.9,1.3,60.9 %,81.2 %,0.3,1.2,-154,402,-0.3 %,0.8 %,4,2.7,3,2,3,5,3,2,5,5,3,1,2,3,1.6,4.3,14,13,0.5,5,-1.1,2.3,-7639,-836,-7.6 %,-1.7 %,-7639,-463,-7.6 %,-0.9 %,-10810,-763,-10.8 %,-1.5 %,60.9 %,81.2 %,60.9 %,81.2 %,61.1 %,78.6 %,284,618,-836,-533,44.4 %,83.3 %
GLTR,20d RSI GLTR LT47 - L GLTR,-1.2 %,4.2 %,-623,2084,51.8 %,17.8 %,-2.4 %,23.4 %,-9.1 %,-12.7 %,30,12,2.5,1,66.7 %,83.3 %,0.5,0.3,-21,186,-0.0 %,0.4 %,3.2,2.8,2,1,5,7,2,1,4,6,2,1,2,3,2,5,20,10,0.9,1.5,-0.1,0.5,-6726,-3252,-6.7 %,-6.5 %,-6227,-2086,-6.2 %,-4.2 %,-7974,-2086,-8.0 %,-4.2 %,66.7 %,83.3 %,66.7 %,83.3 %,56.5 %,80.0 %,508,656,-1079,-2162,44.4 %,71.4 %
GOVI,13d RSI GOVI LT33 - L GOVI,-1.4 %,2.4 %,-684,1169,23.5 %,5.5 %,-5.8 %,42.2 %,-2.7 %,-0.6 %,9,4,0.8,0.3,55.6 %,100.0 %,0.5,,-76,291,-0.2 %,0.6 %,4,2.5,2,0,2,4,3,0,2,4,3,0,1,3,1.2,,5,4,0.6,,-0.6,3.8,-2149,0,-2.1 %,0.0 %,-2670,0,-2.7 %,0.0 %,-2697,0,-2.7 %,0.0 %,55.6 %,100.0 %,55.6 %,100.0 %,50.0 %,100.0 %,199,291,-420,0,25.0 %,100.0 %
GOVT,16d RSI GOVT LT38 - L GOVT,0.6 %,1.9 %,297,938,30.0 %,7.9 %,2.0 %,23.7 %,-2.2 %,-0.4 %,12,6,1,0.5,66.7 %,100.0 %,0.6,,25,156,0.0 %,0.3 %,4,2.3,4,0,5,6,4,0,5,6,2,0,3,4,2,,8,6,1.3,,0.3,3.4,-2168,0,-2.2 %,0.0 %,-2168,0,-2.2 %,0.0 %,-2042,0,-2.0 %,0.0 %,66.7 %,100.0 %,66.7 %,100.0 %,66.7 %,100.0 %,173,156,-271,0,66.7 %,100.0 %
GREK,9d RSI GREK LT20 - L GREK,2.3 %,19.6 %,1169,9743,100.0 %,6.3 %,2.3 %,308.1 %,0.0 %,-11.3 %,1,6,0.1,0.5,100.0 %,83.3 %,,0.7,1169,1607,2.3 %,3.2 %,1,1.7,0,1,1,3,0,1,1,2,0,0,1,2,,5,1,5,,3.6,0,1.3,0,-3715,0.0 %,-7.4 %,0,-947,0.0 %,-1.9 %,0,0,0.0 %,0.0 %,100.0 %,83.3 %,100.0 %,83.3 %,100.0 %,75.0 %,1169,2672,0,-3715,100.0 %,100.0 %
GSIE,4d RSI GSIE LT13 - L GSIE,1.8 %,3.6 %,898,1781,7.4 %,5.5 %,24.2 %,64.4 %,-1.8 %,-7.9 %,4,4,0.3,0.3,75.0 %,75.0 %,0.7,0.6,225,475,0.4 %,0.9 %,2.5,2.5,1,1,3,2,1,1,3,2,1,0,3,3,3,3,3,3,2,1.9,0.7,0.5,-1821,-2057,-1.8 %,-4.1 %,-1821,-2057,-1.8 %,-4.1 %,-1821,0,-1.8 %,0.0 %,75.0 %,75.0 %,75.0 %,75.0 %,75.0 %,75.0 %,603,1319,-910,-2057,75.0 %,100.0 %
GSLC,9d RSI GSLC LT28 - L GSLC,3.9 %,23.8 %,1939,11843,71.4 %,5.9 %,5.4 %,399.5 %,0.0 %,-8.7 %,2,5,0.2,0.4,100.0 %,80.0 %,,3.9,969,2223,1.9 %,4.5 %,4,2,0,1,2,4,0,1,2,3,0,0,2,2,,4,2,4,,15.6,98.4,2.3,0,-763,0.0 %,-1.5 %,0,-763,0.0 %,-1.5 %,0,0,0.0 %,0.0 %,100.0 %,80.0 %,100.0 %,80.0 %,100.0 %,75.0 %,969,2970,0,-763,100.0 %,100.0 %
GSY,21d RSI GSY LT70 - L GSY,0.2 %,0.3 %,107,154,99.6 %,83.4 %,0.2 %,0.4 %,-0.1 %,-6.3 %,15,34,1.2,2.8,53.3 %,91.2 %,1.6,0.1,7,5,0.0 %,0.0 %,15.7,5,4,2,6,21,4,2,7,17,2,1,4,8,1.1,10.3,8,31,1.8,1.1,0.9,0.1,-47,0,-0.0 %,0.0 %,-47,0,-0.0 %,0.0 %,-142,-1282,-0.1 %,-2.6 %,53.3 %,91.2 %,53.3 %,91.2 %,57.1 %,88.9 %,30,53,-19,-493,55.6 %,90.9 %
GTO,16d RSI GTO LT50 - L GTO,3.1 %,2.1 %,1526,1063,52.5 %,18.2 %,5.8 %,11.7 %,-1.4 %,-12.0 %,31,10,2.6,0.8,71.0 %,90.0 %,0.9,0.2,49,112,0.1 %,0.2 %,3.3,3.6,5,1,8,9,4,1,8,8,2,1,4,5,2.4,9,22,9,2.1,1.6,1.8,0.5,-1391,-1968,-1.4 %,-3.9 %,-1347,-1968,-1.3 %,-3.9 %,-942,-1561,-0.9 %,-3.1 %,71.0 %,90.0 %,71.0 %,90.0 %,68.0 %,88.9 %,132,343,-152,-1968,70.0 %,83.3 %
GVAL,4d RSI GVAL LT11 - L GVAL,-2.9 %,11.5 %,-1465,5726,9.7 %,9.1 %,-30.1 %,126.0 %,-3.5 %,-8.5 %,2,7,0.2,0.6,50.0 %,85.7 %,0.2,0.6,-732,807,-1.5 %,1.6 %,7.5,2.3,1,1,1,5,1,1,1,4,1,0,1,5,1,6,1,6,0.2,3.5,-1,1.4,-3562,-2275,-3.6 %,-4.5 %,-3562,-2275,-3.6 %,-4.5 %,-3562,0,-3.6 %,0.0 %,50.0 %,85.7 %,50.0 %,85.7 %,50.0 %,83.3 %,316,1321,-1781,-2275,50.0 %,100.0 %
GVI,18d RSI GVI LT52 - L GVI,1.4 %,4.1 %,686,2058,81.0 %,33.6 %,1.7 %,12.2 %,-1.7 %,-10.0 %,30,12,2.5,1,66.7 %,75.0 %,0.7,10.2,23,170,0.0 %,0.3 %,5.5,6.1,3,1,7,4,3,1,8,4,2,0,6,6,2,3,20,9,1.4,30.6,0.7,1.9,-1696,-44,-1.7 %,-0.1 %,-1696,-44,-1.7 %,-0.1 %,-1606,0,-1.6 %,0.0 %,66.7 %,75.0 %,66.7 %,75.0 %,62.5 %,81.8 %,123,234,-178,-23,72.7 %,100.0 %
HDEF,4d RSI HDEF LT12 - L HDEF,3.2 %,0.2 %,1578,95,9.0 %,6.3 %,35.0 %,3.0 %,0.0 %,-8.0 %,3,4,0.2,0.3,100.0 %,75.0 %,,0.4,526,40,1.1 %,0.1 %,2.7,3,0,1,3,2,0,1,3,2,0,1,3,2,,3,3,3,,1.1,4.5,0.1,0,-2115,0.0 %,-4.2 %,0,-2115,0.0 %,-4.2 %,0,-2115,0.0 %,-4.2 %,100.0 %,75.0 %,100.0 %,75.0 %,100.0 %,75.0 %,526,759,0,-2115,100.0 %,75.0 %
HDGE,11d RSI HDGE LT19 - L HDGE,-6.6 %,2.8 %,-3289,1381,100.0 %,9.1 %,-6.6 %,30.4 %,0.0 %,-4.7 %,1,5,0.1,0.4,0.0 %,80.0 %,0,0.5,-3289,282,-6.6 %,0.6 %,15,3.6,1,1,0,3,1,1,0,3,1,1,0,3,0,4,0,4,0,2.1,0,0.7,-6577,-1261,-6.6 %,-2.5 %,-6577,-1261,-6.6 %,-2.5 %,-6577,-611,-6.6 %,-1.2 %,0.0 %,80.0 %,0.0 %,80.0 %,0.0 %,80.0 %,0,668,-3289,-1261,0.0 %,75.0 %
HEFA,9d RSI HEFA LT26 - L HEFA,1.2 %,24.1 %,584,11997,100.0 %,6.7 %,1.2 %,357.1 %,0.0 %,-6.7 %,1,6,0.1,0.5,100.0 %,83.3 %,,1.7,584,1862,1.2 %,3.7 %,6,1.8,0,1,1,5,0,0,1,4,0,0,1,2,,5,1,5,,8.5,0,2.6,0,-1492,0.0 %,-3.0 %,0,0,0.0 %,0.0 %,0,0,0.0 %,0.0 %,100.0 %,83.3 %,100.0 %,83.3 %,100.0 %,100.0 %,584,2533,0,-1492,100.0 %,100.0 %
HEWJ,4d RSI HEWJ LT22 - L HEWJ,8.2 %,21.4 %,4091,10669,14.4 %,15.4 %,57.0 %,138.4 %,-1.8 %,-8.1 %,9,12,0.8,1,88.9 %,83.3 %,0.6,0.9,455,837,0.9 %,1.7 %,2.2,2.2,1,1,7,7,1,1,7,5,1,1,6,7,8,5,8,10,5.1,4.7,2.1,2,-1990,-2071,-2.0 %,-4.1 %,-1990,-879,-2.0 %,-1.8 %,-1990,-617,-2.0 %,-1.2 %,88.9 %,83.3 %,88.9 %,83.3 %,88.9 %,80.0 %,636,1273,-995,-1344,87.5 %,87.5 %
HFXI,10d RSI HFXI LT25 - L HFXI,1.2 %,20.6 %,601,10244,100.0 %,6.7 %,1.2 %,304.9 %,0.0 %,-6.0 %,1,6,0.1,0.5,100.0 %,83.3 %,,1.6,601,1608,1.2 %,3.2 %,6,1.8,0,1,1,5,0,0,1,4,0,0,1,2,,5,1,5,,7.8,0,2.5,0,-1410,0.0 %,-2.8 %,0,0,0.0 %,0.0 %,0,0,0.0 %,0.0 %,100.0 %,83.3 %,100.0 %,83.3 %,100.0 %,100.0 %,601,2212,0,-1410,100.0 %,100.0 %
HTRB,21d RSI HTRB LT53 - L HTRB,2.5 %,3.0 %,1274,1472,74.5 %,27.7 %,3.4 %,10.6 %,-2.6 %,-8.6 %,36,18,3,1.5,61.1 %,83.3 %,0.9,0.4,35,84,0.1 %,0.2 %,4.1,2.9,2,1,7,8,3,1,6,7,2,1,5,6,1.6,5,22,15,1.5,1.8,0.8,0.7,-1271,-1862,-1.3 %,-3.7 %,-1122,-1148,-1.1 %,-2.3 %,-2469,-839,-2.5 %,-1.7 %,61.1 %,83.3 %,61.1 %,83.3 %,56.7 %,84.6 %,184,228,-199,-636,72.7 %,87.5 %
HYEM,5d RSI HYEM LT10 - L HYEM,-0.4 %,9.3 %,-206,4648,55.0 %,6.3 %,-0.7 %,147.0 %,0.0 %,-12.0 %,2,2,0.2,0.2,50.0 %,50.0 %,0.8,3.5,-103,2468,-0.2 %,4.9 %,10,7,1,1,1,1,1,1,1,1,1,0,1,1,1,1,1,1,0.8,3.5,-0.2,0.8,-1712,-1957,-1.7 %,-3.9 %,-1712,-1957,-1.7 %,-3.9 %,-1712,0,-1.7 %,0.0 %,50.0 %,50.0 %,50.0 %,50.0 %,50.0 %,50.0 %,650,6892,-856,-1957,50.0 %,100.0 %
HYLB,5d RSI HYLB LT16 - L HYLB,0.4 %,8.9 %,214,4453,13.5 %,6.3 %,3.2 %,140.8 %,-0.3 %,-4.1 %,3,6,0.2,0.5,66.7 %,83.3 %,1.2,,71,722,0.1 %,1.4 %,3,1.7,1,1,2,4,1,1,2,3,1,0,2,3,2,5,2,5,2.3,,0.6,3.3,-327,0,-0.3 %,0.0 %,-327,0,-0.3 %,0.0 %,-327,0,-0.3 %,0.0 %,66.7 %,83.3 %,66.7 %,83.3 %,66.7 %,80.0 %,189,866,-164,0,66.7 %,100.0 %
HYS,4d RSI HYS LT12 - L HYS,0.4 %,0.1 %,177,76,11.5 %,7.9 %,3.1 %,1.9 %,-0.3 %,-8.1 %,2,6,0.2,0.5,50.0 %,66.7 %,2.2,0.5,88,19,0.2 %,0.0 %,4,2.3,1,2,1,3,1,2,1,3,1,1,1,2,1,2,1,4,2.2,1.1,0.5,0.1,-295,-1709,-0.3 %,-3.4 %,-295,-1709,-0.3 %,-3.4 %,-295,-611,-0.3 %,-1.2 %,50.0 %,66.7 %,50.0 %,66.7 %,50.0 %,66.7 %,324,455,-148,-854,50.0 %,75.0 %
IAGG,13d RSI IAGG LT56 - L IAGG,-0.3 %,3.6 %,-169,1779,75.6 %,47.8 %,-0.4 %,7.4 %,-2.0 %,-4.6 %,47,33,3.9,2.7,59.6 %,84.8 %,0.6,0.4,-4,54,-0.0 %,0.1 %,3,2.7,5,2,6,8,4,2,6,9,3,1,1,4,1.5,5.6,28,28,0.9,2.3,-0.2,1.5,-414,-208,-0.4 %,-0.4 %,-414,-208,-0.4 %,-0.4 %,-726,-114,-0.7 %,-0.2 %,59.6 %,84.8 %,59.6 %,84.8 %,52.8 %,85.2 %,90,111,-141,-266,36.4 %,81.8 %
IAI,4d RSI IAI LT14 - L IAI,2.6 %,21.3 %,1295,10615,4.7 %,8.3 %,55.7 %,255.8 %,0.0 %,-8.3 %,3,6,0.2,0.5,66.7 %,83.3 %,1.4,2.9,432,1680,0.9 %,3.4 %,1.7,2.5,1,1,2,5,1,1,2,4,1,0,2,3,2,5,2,5,2.8,14.6,0.9,1.9,-1450,-742,-1.4 %,-1.5 %,-1450,-742,-1.4 %,-1.5 %,-1450,0,-1.4 %,0.0 %,66.7 %,83.3 %,66.7 %,83.3 %,66.7 %,80.0 %,1010,2164,-725,-742,66.7 %,100.0 %
IAU,20d RSI IAU LT45 - L IAU,-2.4 %,10.2 %,-1208,5093,36.5 %,13.0 %,-6.6 %,78.1 %,-9.7 %,-5.2 %,21,10,1.8,0.8,57.1 %,90.0 %,0.6,1,-58,493,-0.1 %,1.0 %,3.1,2.3,3,1,3,6,3,1,3,6,3,0,2,4,1.3,9,12,9,0.8,9.2,-0.3,2.4,-6890,-600,-6.9 %,-1.2 %,-6890,-198,-6.9 %,-0.4 %,-10042,0,-10.0 %,0.0 %,57.1 %,90.0 %,57.1 %,90.0 %,56.2 %,88.9 %,432,615,-710,-600,55.6 %,100.0 %
IBB,11d RSI IBB LT33 - L IBB,3.3 %,24.1 %,1659,11999,11.5 %,5.5 %,28.9 %,433.7 %,-3.5 %,-3.3 %,4,6,0.3,0.5,75.0 %,100.0 %,0.6,,415,1850,0.8 %,3.7 %,4.8,1.3,1,0,2,6,1,0,2,6,1,0,1,4,3,,3,6,1.9,,0.6,3.3,-3635,0,-3.6 %,0.0 %,-3635,0,-3.6 %,0.0 %,-1813,0,-1.8 %,0.0 %,75.0 %,100.0 %,75.0 %,100.0 %,75.0 %,100.0 %,1159,1850,-1817,0,66.7 %,100.0 %
IBDR,21d RSI IBDR LT69 - L IBDR,-1.7 %,3.7 %,-848,1862,99.6 %,90.5 %,-1.7 %,4.1 %,-2.5 %,-14.4 %,35,43,2.9,3.6,57.1 %,81.4 %,0.5,0.3,-24,50,-0.0 %,0.1 %,6.1,4.3,5,2,8,15,5,2,6,12,3,1,4,5,1.3,4.4,20,35,0.7,1.4,-0.8,0.4,-2294,0,-2.3 %,0.0 %,-2294,-3940,-2.3 %,-7.9 %,-1894,-3940,-1.9 %,-7.9 %,57.1 %,81.4 %,57.1 %,81.4 %,48.3 %,81.8 %,92,231,-179,-739,54.5 %,83.3 %
ICF,4d RSI ICF LT19 - L ICF,-0.4 %,31.8 %,-182,15817,6.5 %,12.2 %,-5.6 %,258.2 %,0.0 %,-4.9 %,2,8,0.2,0.7,50.0 %,100.0 %,0.4,,-91,1779,-0.2 %,3.6 %,4,2.9,1,0,1,8,1,0,1,8,1,0,1,6,1,,1,8,0.4,,-0.6,3.1,-584,0,-0.6 %,0.0 %,-584,0,-0.6 %,0.0 %,-584,0,-0.6 %,0.0 %,50.0 %,100.0 %,50.0 %,100.0 %,50.0 %,100.0 %,111,1779,-292,0,50.0 %,100.0 %
ICSH,4d RSI ICSH LT11 - L ICSH,0.2 %,1.6 %,82,791,43.0 %,17.0 %,0.4 %,9.3 %,0.0 %,-2.0 %,3,3,0.2,0.2,100.0 %,100.0 %,,,27,264,0.1 %,0.5 %,11,13.3,0,0,3,3,0,0,3,3,0,0,3,2,,,3,3,,,4.3,2,0,0,0.0 %,0.0 %,0,0,0.0 %,0.0 %,0,0,0.0 %,0.0 %,100.0 %,100.0 %,100.0 %,100.0 %,100.0 %,100.0 %,27,264,0,0,100.0 %,100.0 %
IDMO,3d RSI IDMO LT32 - L IDMO,0.2 %,17.3 %,93,8611,31.6 %,25.7 %,0.6 %,67.0 %,-6.5 %,-5.5 %,22,17,1.8,1.4,59.1 %,82.3 %,0.7,0.9,4,478,0.0 %,1.0 %,2.3,2.8,3,1,4,9,3,1,4,9,3,1,5,8,1.4,4.7,13,14,1,4.4,0,2.4,-6930,-1576,-6.9 %,-3.1 %,-6930,-1576,-6.9 %,-3.1 %,-4290,-355,-4.3 %,-0.7 %,59.1 %,82.3 %,59.1 %,82.3 %,60.0 %,82.3 %,535,749,-763,-789,54.5 %,90.0 %
IDU,4d RSI IDU LT22 - L IDU,-3.3 %,20.7 %,-1634,10290,18.0 %,14.6 %,-18.1 %,140.7 %,-3.2 %,-12.6 %,3,10,0.2,0.8,33.3 %,80.0 %,0.4,1.3,-545,978,-1.1 %,2.0 %,8.7,2.7,1,1,1,4,1,1,1,4,1,1,1,3,0.5,4,1,8,0.2,5.2,-1.2,1.7,-3218,-1719,-3.2 %,-3.4 %,-3218,-1719,-3.2 %,-3.4 %,-3218,-622,-3.2 %,-1.2 %,33.3 %,80.0 %,33.3 %,80.0 %,33.3 %,77.8 %,370,1516,-1002,-1171,33.3 %,83.3 %
IEF,14d RSI IEF LT34 - L IEF,-0.7 %,2.1 %,-369,1061,23.2 %,6.3 %,-3.2 %,33.5 %,-1.8 %,-0.3 %,11,4,0.9,0.3,45.5 %,100.0 %,0.8,,-34,264,-0.1 %,0.5 %,3.3,3,2,0,2,4,2,0,2,4,2,0,2,2,0.8,,5,4,0.7,,-0.5,4.3,-20,0,-0.0 %,0.0 %,-20,0,-0.0 %,0.0 %,-1787,0,-1.8 %,0.0 %,45.5 %,100.0 %,45.5 %,100.0 %,45.5 %,100.0 %,152,264,-188,0,60.0 %,100.0 %
IEFA,6d RSI IEFA LT19 - L IEFA,0.4 %,13.4 %,183,6663,10.7 %,7.1 %,3.4 %,187.3 %,-1.9 %,-7.4 %,3,6,0.2,0.5,66.7 %,83.3 %,0.6,0.9,61,1088,0.1 %,2.2 %,3,2,1,1,2,4,1,1,2,3,1,0,2,3,2,5,2,5,1.2,4.4,0.1,1.5,-1900,-1905,-1.9 %,-3.8 %,-1900,-1905,-1.9 %,-3.8 %,-1900,0,-1.9 %,0.0 %,66.7 %,83.3 %,66.7 %,83.3 %,66.7 %,80.0 %,566,1687,-950,-1905,66.7 %,100.0 %
IEI,11d RSI IEI LT34 - L IEI,0.1 %,0.9 %,60,462,23.7 %,6.7 %,0.5 %,13.8 %,-0.9 %,-0.1 %,13,6,1.1,0.5,53.8 %,100.0 %,0.9,,5,77,0.0 %,0.1 %,3.2,1.8,2,0,3,6,3,0,3,6,2,0,1,4,1.2,,7,6,1.1,,0.1,3.7,-683,0,-0.7 %,0.0 %,-438,0,-0.4 %,0.0 %,-438,0,-0.4 %,0.0 %,53.8 %,100.0 %,53.8 %,100.0 %,50.0 %,100.0 %,125,77,-136,0,50.0 %,100.0 %
IEMG,12d RSI IEMG LT29 - L IEMG,5.2 %,28.0 %,2604,13949,15.6 %,5.5 %,33.3 %,504.2 %,-0.1 %,-4.1 %,3,5,0.2,0.4,66.7 %,100.0 %,20.4,,868,2539,1.7 %,5.1 %,4,1.8,1,0,1,5,1,0,1,4,1,0,1,1,2,,2,5,40.9,,2.3,6.3,-131,0,-0.1 %,0.0 %,-131,0,-0.1 %,0.0 %,-131,0,-0.1 %,0.0 %,66.7 %,100.0 %,66.7 %,100.0 %,66.7 %,100.0 %,1335,2539,-65,0,66.7 %,100.0 %
IEUR,3d RSI IEUR LT10 - L IEUR,-1.5 %,6.8 %,-741,3407,14.8 %,7.1 %,-10.0 %,95.8 %,-3.4 %,-8.2 %,4,5,0.3,0.4,50.0 %,80.0 %,0.6,0.7,-185,694,-0.4 %,1.4 %,3.2,2.6,2,1,2,3,2,1,2,3,2,0,2,4,1,4,2,4,0.6,2.8,-0.5,0.9,-3452,-1978,-3.5 %,-4.0 %,-3452,-1978,-3.5 %,-4.0 %,-3452,0,-3.5 %,0.0 %,50.0 %,80.0 %,50.0 %,80.0 %,50.0 %,80.0 %,493,1361,-863,-1978,50.0 %,100.0 %
IEV,4d RSI IEV LT13 - L IEV,0.7 %,5.8 %,353,2895,11.5 %,7.1 %,6.1 %,81.4 %,-1.9 %,-8.2 %,3,5,0.2,0.4,66.7 %,80.0 %,0.7,0.6,118,595,0.2 %,1.2 %,3.3,2.6,1,1,2,3,1,1,2,3,1,0,2,4,2,4,2,4,1.4,2.4,0.3,0.8,-1984,-2124,-2.0 %,-4.2 %,-1984,-2124,-2.0 %,-4.2 %,-1984,0,-2.0 %,0.0 %,66.7 %,80.0 %,66.7 %,80.0 %,66.7 %,80.0 %,672,1275,-992,-2124,66.7 %,100.0 %
IGM,9d RSI IGM LT30 - L IGM,4.9 %,17.6 %,2444,8740,11.3 %,5.5 %,43.2 %,315.9 %,0.0 %,-8.5 %,3,4,0.2,0.3,100.0 %,100.0 %,,,815,2095,1.6 %,4.2 %,3,2.5,0,0,3,4,0,0,3,3,0,0,3,2,,,3,4,,,2.4,2.3,0,0,0.0 %,0.0 %,0,0,0.0 %,0.0 %,0,0,0.0 %,0.0 %,100.0 %,100.0 %,100.0 %,100.0 %,100.0 %,100.0 %,815,2095,0,0,100.0 %,100.0 %
IGOV,21d RSI IGOV LT44 - L IGOV,-0.9 %,0.3 %,-427,154,50.8 %,8.3 %,-1.7 %,3.7 %,-2.6 %,-7.5 %,26,5,2.2,0.4,53.8 %,80.0 %,0.8,0.3,-16,32,-0.0 %,0.1 %,3.6,3.2,3,1,4,3,3,1,2,2,1,1,2,2,1.2,4,14,4,0.9,1.2,-0.3,0.2,-2575,-671,-2.6 %,-1.3 %,-2575,-671,-2.6 %,-1.3 %,-2575,-671,-2.6 %,-1.3 %,53.8 %,80.0 %,53.8 %,80.0 %,47.8 %,75.0 %,224,208,-297,-671,62.5 %,75.0 %
IGSB,17d RSI IGSB LT70 - L IGSB,-0.2 %,0.2 %,-116,95,99.2 %,81.4 %,-0.2 %,0.2 %,-1.1 %,-12.7 %,50,44,4.2,3.6,66.0 %,88.6 %,0.5,0.1,-2,6,-0.0 %,0.0 %,4,3.7,4,1,8,14,4,1,5,12,2,1,4,8,1.9,7.8,33,39,0.9,1.1,-0.2,0.1,-512,-3709,-0.5 %,-7.4 %,-512,-2941,-0.5 %,-5.9 %,-1068,-2500,-1.1 %,-5.0 %,66.0 %,88.6 %,66.0 %,88.6 %,59.0 %,87.9 %,35,110,-75,-810,66.7 %,90.9 %
IGV,5d RSI IGV LT20 - L IGV,12.6 %,21.5 %,6286,10693,11.7 %,5.1 %,107.8 %,416.2 %,-0.3 %,-7.7 %,7,4,0.6,0.3,85.7 %,100.0 %,7.1,,898,2521,1.8 %,5.0 %,2.9,2.2,1,0,3,4,1,0,3,3,0,0,5,2,6,,6,4,42.6,,4.5,2.8,-302,0,-0.3 %,0.0 %,-302,0,-0.3 %,0.0 %,0,0,0.0 %,0.0 %,85.7 %,100.0 %,85.7 %,100.0 %,85.7 %,100.0 %,1073,2521,-151,0,100.0 %,100.0 %
IHDG,13d RSI IHDG LT29 - L IHDG,1.2 %,26.4 %,613,13167,100.0 %,5.1 %,1.2 %,512.5 %,0.0 %,-2.8 %,1,6,0.1,0.5,100.0 %,100.0 %,,,613,2010,1.2 %,4.0 %,3,1.2,0,0,1,6,0,0,1,4,0,0,1,2,,,1,6,,,0,3.8,0,0,0.0 %,0.0 %,0,0,0.0 %,0.0 %,0,0,0.0 %,0.0 %,100.0 %,100.0 %,100.0 %,100.0 %,100.0 %,100.0 %,613,2010,0,0,100.0 %,100.0 %
IHE,14d RSI IHE LT32 - L IHE,4.5 %,17.0 %,2240,8483,5.5 %,6.3 %,81.8 %,268.3 %,0.0 %,-8.2 %,2,6,0.2,0.5,100.0 %,83.3 %,,2.1,1120,1341,2.2 %,2.7 %,3,1.7,0,1,2,5,0,0,2,4,0,0,2,1,,5,2,5,,10.4,4.3,2.9,0,-859,0.0 %,-1.7 %,0,0,0.0 %,0.0 %,0,0,0.0 %,0.0 %,100.0 %,83.3 %,100.0 %,83.3 %,100.0 %,100.0 %,1120,1781,0,-859,100.0 %,100.0 %
IHF,8d RSI IHF LT28 - L IHF,3.2 %,26.9 %,1584,13378,14.8 %,6.7 %,21.5 %,398.2 %,-0.0 %,-7.4 %,4,6,0.3,0.5,75.0 %,100.0 %,27.4,,396,2046,0.8 %,4.1 %,3.5,1.8,1,0,3,6,1,0,3,6,1,0,3,4,3,,3,6,82.1,,2.1,3.2,-39,0,-0.0 %,0.0 %,-39,0,-0.0 %,0.0 %,-39,0,-0.0 %,0.0 %,75.0 %,100.0 %,75.0 %,100.0 %,75.0 %,100.0 %,535,2046,-20,0,75.0 %,100.0 %
IHI,5d RSI IHI LT20 - L IHI,2.5 %,16.6 %,1232,8281,16.1 %,6.3 %,15.3 %,261.9 %,-1.5 %,-7.9 %,4,5,0.3,0.4,50.0 %,80.0 %,2.6,2.3,308,1603,0.6 %,3.2 %,6.8,2.2,2,1,1,3,2,1,1,3,2,0,1,4,1,4,2,4,2.6,9.1,0.8,1.7,-1503,-984,-1.5 %,-2.0 %,-1503,-984,-1.5 %,-2.0 %,-1503,0,-1.5 %,0.0 %,50.0 %,80.0 %,50.0 %,80.0 %,50.0 %,80.0 %,992,2250,-376,-984,50.0 %,100.0 %
IJK,5d RSI IJK LT21 - L IJK,10.0 %,13.4 %,5018,6694,14.0 %,5.9 %,71.7 %,225.8 %,0.0 %,-8.9 %,6,5,0.5,0.4,100.0 %,80.0 %,,1.3,836,1313,1.7 %,2.6 %,2.5,2,0,1,6,4,0,1,6,3,0,0,6,3,,4,6,4,,5.2,4.1,1.5,0,-1578,0.0 %,-3.2 %,0,-1578,0.0 %,-3.2 %,0,0,0.0 %,0.0 %,100.0 %,80.0 %,100.0 %,80.0 %,100.0 %,75.0 %,836,2036,0,-1578,100.0 %,100.0 %
ILF,4d RSI ILF LT17 - L ILF,-2.1 %,29.3 %,-1036,14589,13.6 %,10.7 %,-15.3 %,273.4 %,-4.0 %,-9.3 %,5,6,0.4,0.5,20.0 %,83.3 %,2.3,2.2,-207,2251,-0.4 %,4.5 %,4.8,3.5,3,1,1,4,3,1,1,3,3,0,1,4,0.2,5,1,5,0.6,10.9,-0.5,2.1,-4086,-1358,-4.1 %,-2.7 %,-4086,-1358,-4.1 %,-2.7 %,-4086,0,-4.1 %,0.0 %,20.0 %,83.3 %,20.0 %,83.3 %,20.0 %,80.0 %,1390,2973,-606,-1358,25.0 %,100.0 %
IMCG,5d RSI IMCG LT22 - L IMCG,21.5 %,16.2 %,10770,8058,15.1 %,5.5 %,142.5 %,291.2 %,0.0 %,-7.9 %,10,5,0.8,0.4,100.0 %,80.0 %,,3.2,1077,1541,2.2 %,3.1 %,2.4,1.8,0,1,10,4,0,1,10,3,0,0,8,3,,4,10,4,,12.8,6,2.5,0,-654,0.0 %,-1.3 %,0,-654,0.0 %,-1.3 %,0,0,0.0 %,0.0 %,100.0 %,80.0 %,100.0 %,80.0 %,100.0 %,75.0 %,1077,2090,0,-654,100.0 %,100.0 %
IMTM,8d RSI IMTM LT24 - L IMTM,7.9 %,7.4 %,3964,3701,6.5 %,5.5 %,121.4 %,133.8 %,0.0 %,-7.7 %,4,4,0.3,0.3,100.0 %,75.0 %,,1.1,991,935,2.0 %,1.9 %,2.2,2.5,0,1,4,3,0,1,4,3,0,0,4,2,,3,4,3,,3.4,2.8,1.1,0,-1541,0.0 %,-3.1 %,0,-1541,0.0 %,-3.1 %,0,0,0.0 %,0.0 %,100.0 %,75.0 %,100.0 %,75.0 %,100.0 %,75.0 %,991,1760,0,-1541,100.0 %,100.0 %
INDA,4d RSI INDA LT10 - L INDA,1.4 %,5.9 %,684,2921,100.0 %,5.5 %,1.4 %,105.6 %,0.0 %,-11.8 %,1,4,0.1,0.3,100.0 %,75.0 %,,0.6,684,804,1.4 %,1.6 %,1,2.5,0,1,1,2,0,0,1,3,0,0,1,3,,3,1,3,,1.9,0,0.5,0,-3599,0.0 %,-7.2 %,0,0,0.0 %,0.0 %,0,0,0.0 %,0.0 %,100.0 %,75.0 %,100.0 %,75.0 %,100.0 %,100.0 %,684,2272,0,-3599,100.0 %,100.0 %
INDY,6d RSI INDY LT19 - L INDY,0.6 %,14.7 %,302,7327,6.5 %,6.7 %,9.3 %,218.1 %,-0.2 %,-12.2 %,2,5,0.2,0.4,50.0 %,80.0 %,4.6,0.7,151,1491,0.3 %,3.0 %,4,2.4,1,1,1,3,1,0,1,4,1,0,1,3,1,4,1,4,4.6,3,0.9,1,-167,-3769,-0.2 %,-7.5 %,-167,0,-0.2 %,0.0 %,-167,0,-0.2 %,0.0 %,50.0 %,80.0 %,50.0 %,80.0 %,50.0 %,100.0 %,385,2806,-83,-3769,50.0 %,100.0 %
INTF,3d RSI INTF LT10 - L INTF,4.4 %,2.7 %,2219,1357,16.9 %,7.1 %,26.2 %,38.1 %,0.0 %,-8.2 %,6,5,0.5,0.4,83.3 %,80.0 %,2.1,0.4,370,291,0.7 %,0.6 %,2.5,2.6,1,1,5,3,1,1,5,3,1,1,5,2,5,4,5,4,10.5,1.6,2.2,0.4,-466,-2376,-0.5 %,-4.8 %,-466,-2376,-0.5 %,-4.8 %,-466,-400,-0.5 %,-0.8 %,83.3 %,80.0 %,83.3 %,80.0 %,83.3 %,80.0 %,490,958,-233,-2376,83.3 %,75.0 %
IOO,3d RSI IOO LT14 - L IOO,5.4 %,7.6 %,2711,3765,12.1 %,7.1 %,44.7 %,105.8 %,-1.0 %,-10.0 %,6,6,0.5,0.5,83.3 %,83.3 %,1.2,0.7,452,624,0.9 %,1.2 %,3.2,2,1,1,4,4,1,1,4,4,1,0,4,4,5,5,5,5,6.1,3.6,2.3,1.3,-1059,-1419,-1.1 %,-2.8 %,-1059,-1419,-1.1 %,-2.8 %,-1059,0,-1.1 %,0.0 %,83.3 %,83.3 %,83.3 %,83.3 %,83.3 %,83.3 %,648,1033,-530,-1419,83.3 %,100.0 %
IPAC,5d RSI IPAC LT15 - L IPAC,2.1 %,8.9 %,1033,4423,9.9 %,5.1 %,20.8 %,172.2 %,0.0 %,-6.1 %,3,4,0.2,0.3,100.0 %,75.0 %,,1.4,344,1099,0.7 %,2.2 %,3,2.2,0,1,3,2,0,1,3,1,0,0,3,2,,3,3,3,,4.2,3.7,1.4,0,-1388,0.0 %,-2.8 %,0,-1388,0.0 %,-2.8 %,0,0,0.0 %,0.0 %,100.0 %,75.0 %,100.0 %,75.0 %,100.0 %,66.7 %,344,1928,0,-1388,100.0 %,100.0 %
ISTB,18d RSI ISTB LT47 - L ISTB,0.3 %,1.7 %,148,848,50.5 %,7.1 %,0.6 %,23.8 %,-0.5 %,-4.8 %,18,4,1.5,0.3,61.1 %,100.0 %,0.9,,8,212,0.0 %,0.4 %,5.1,3.5,3,0,4,4,3,0,4,3,2,0,4,2,1.6,,11,4,1.4,,0.5,1.6,-499,0,-0.5 %,0.0 %,-499,0,-0.5 %,0.0 %,-429,0,-0.4 %,0.0 %,61.1 %,100.0 %,61.1 %,100.0 %,58.8 %,100.0 %,50,212,-58,0,71.4 %,100.0 %
ITOT,8d RSI ITOT LT26 - L ITOT,5.0 %,23.7 %,2477,11801,14.0 %,5.9 %,35.3 %,398.1 %,0.0 %,-8.8 %,2,5,0.2,0.4,100.0 %,80.0 %,,3.9,1239,2216,2.5 %,4.4 %,3,2,0,1,2,4,0,1,2,3,0,0,2,2,,4,2,4,,15.6,2.3,2.3,0,-758,0.0 %,-1.5 %,0,-758,0.0 %,-1.5 %,0,0,0.0 %,0.0 %,100.0 %,80.0 %,100.0 %,80.0 %,100.0 %,75.0 %,1239,2960,0,-758,100.0 %,100.0 %
IUSB,3d RSI IUSB LT11 - L IUSB,0.8 %,5.3 %,421,2632,15.6 %,6.7 %,5.4 %,78.3 %,-0.7 %,-1.4 %,7,5,0.6,0.4,85.7 %,100.0 %,0.4,,60,521,0.1 %,1.0 %,3.4,2.4,1,0,5,5,1,0,5,5,1,0,4,4,6,,6,5,2.3,,0.9,2.1,-658,0,-0.7 %,0.0 %,-658,0,-0.7 %,0.0 %,-658,0,-0.7 %,0.0 %,85.7 %,100.0 %,85.7 %,100.0 %,85.7 %,100.0 %,125,521,-329,0,83.3 %,100.0 %
IUSG,9d RSI IUSG LT30 - L IUSG,10.2 %,29.0 %,5118,14424,13.0 %,6.3 %,78.5 %,456.1 %,0.0 %,-8.4 %,5,5,0.4,0.4,100.0 %,80.0 %,,16.5,1024,2646,2.0 %,5.3 %,3.2,2.2,0,1,5,4,0,1,5,3,0,0,4,2,,4,5,4,,65.9,5,3,0,-204,0.0 %,-0.4 %,0,-204,0.0 %,-0.4 %,0,0,0.0 %,0.0 %,100.0 %,80.0 %,100.0 %,80.0 %,100.0 %,75.0 %,1024,3359,0,-204,100.0 %,100.0 %
IUSV,3d RSI IUSV LT25 - L IUSV,9.0 %,33.9 %,4493,16862,27.8 %,24.1 %,32.3 %,139.9 %,-1.7 %,-12.1 %,13,17,1.1,1.4,53.8 %,76.5 %,2.1,1.5,346,887,0.7 %,1.8 %,4,2.6,3,2,3,10,3,2,3,9,2,1,3,7,1.2,3.2,7,13,2.5,5,1.5,2.4,-1031,-528,-1.0 %,-1.1 %,-1031,-528,-1.0 %,-1.1 %,-722,-336,-0.7 %,-0.7 %,53.8 %,76.5 %,53.8 %,76.5 %,53.8 %,75.0 %,1071,1448,-500,-934,54.5 %,80.0 %
IVE,3d RSI IVE LT26 - L IVE,6.7 %,41.3 %,3356,20581,29.0 %,26.1 %,23.2 %,157.8 %,-2.0 %,-12.1 %,13,18,1.1,1.5,61.5 %,77.8 %,1.3,1.7,258,992,0.5 %,2.0 %,4.2,2.7,1,1,3,10,1,1,3,9,1,1,3,8,1.6,3.5,8,14,2.1,6,1.2,2.8,-2103,-2689,-2.1 %,-5.4 %,-2103,-2689,-2.1 %,-5.4 %,-2103,-358,-2.1 %,-0.7 %,61.5 %,77.8 %,61.5 %,77.8 %,61.5 %,76.5 %,818,1532,-637,-897,63.6 %,81.8 %
IVV,3d RSI IVV LT20 - L IVV,17.2 %,30.9 %,8619,15367,19.1 %,16.6 %,90.2 %,185.1 %,-1.9 %,-11.5 %,11,13,0.9,1.1,90.9 %,76.9 %,0.9,1.6,784,1073,1.6 %,2.1 %,2.9,2.2,1,1,7,5,1,1,7,6,1,1,6,6,10,3.3,10,10,9,5.2,3.6,2.3,-2150,-2073,-2.2 %,-4.2 %,-2150,-2073,-2.2 %,-4.2 %,-2150,-1214,-2.2 %,-2.4 %,90.9 %,76.9 %,90.9 %,76.9 %,90.9 %,81.8 %,969,1730,-1075,-1114,90.0 %,87.5 %
IVW,10d RSI IVW LT31 - L IVW,10.4 %,28.8 %,5184,14336,13.0 %,6.3 %,79.5 %,453.4 %,0.0 %,-8.4 %,5,5,0.4,0.4,100.0 %,80.0 %,,30.6,1037,2631,2.1 %,5.3 %,3.2,2.2,0,1,5,4,0,1,5,3,0,0,4,2,,4,5,4,,122.3,5.4,3,0,-108,0.0 %,-0.2 %,0,-108,0.0 %,-0.2 %,0,0,0.0 %,0.0 %,100.0 %,80.0 %,100.0 %,80.0 %,100.0 %,75.0 %,1037,3316,0,-108,100.0 %,100.0 %
IWB,9d RSI IWB LT28 - L IWB,4.8 %,24.6 %,2413,12231,14.0 %,5.9 %,34.4 %,412.6 %,0.0 %,-8.8 %,2,5,0.2,0.4,100.0 %,80.0 %,,4.4,1206,2289,2.4 %,4.6 %,3,2,0,1,2,4,0,1,2,3,0,0,2,2,,4,2,4,,17.4,2.3,2.4,0,-697,0.0 %,-1.4 %,0,-697,0.0 %,-1.4 %,0,0,0.0 %,0.0 %,100.0 %,80.0 %,100.0 %,80.0 %,100.0 %,75.0 %,1206,3036,0,-697,100.0 %,100.0 %
IWD,4d RSI IWD LT25 - L IWD,6.2 %,37.6 %,3082,18750,20.1 %,18.6 %,30.7 %,201.9 %,-2.2 %,-12.3 %,8,13,0.7,1.1,62.5 %,76.9 %,1.6,1.8,385,1284,0.8 %,2.6 %,4.5,2.6,2,2,3,8,2,2,3,7,2,1,3,7,1.7,3.3,5,10,2.7,6,1.3,2.3,-2348,-391,-2.3 %,-0.8 %,-2348,-391,-2.3 %,-0.8 %,-2348,-168,-2.3 %,-0.3 %,62.5 %,76.9 %,62.5 %,76.9 %,62.5 %,75.0 %,972,2003,-592,-1111,62.5 %,87.5 %
IWF,4d RSI IWF LT26 - L IWF,16.5 %,29.0 %,8252,14444,21.5 %,10.7 %,76.7 %,270.7 %,-0.1 %,-10.9 %,13,8,1.1,0.7,84.6 %,75.0 %,12.5,2,635,1661,1.3 %,3.3 %,2.7,2.4,1,1,5,5,1,1,5,4,1,1,6,4,5.5,3,11,6,68.6,6.1,4.4,2.2,-151,-1553,-0.2 %,-3.1 %,-151,-1553,-0.2 %,-3.1 %,-93,-1036,-0.1 %,-2.1 %,84.6 %,75.0 %,84.6 %,75.0 %,84.6 %,71.4 %,761,2646,-61,-1294,88.9 %,80.0 %
IWP,3d RSI IWP LT22 - L IWP,6.9 %,36.2 %,3426,18011,28.0 %,17.4 %,24.5 %,207.1 %,-2.9 %,-10.9 %,13,12,1.1,1,69.2 %,83.3 %,0.9,1.4,264,1336,0.5 %,2.7 %,3.9,2.4,2,1,6,6,2,1,6,5,1,1,4,5,2.2,5,9,10,2,7.1,1,2.5,-963,-2329,-1.0 %,-4.7 %,-963,-2329,-1.0 %,-4.7 %,-1410,-281,-1.4 %,-0.6 %,69.2 %,83.3 %,69.2 %,83.3 %,69.2 %,81.8 %,767,1864,-869,-1305,62.5 %,87.5 %
IWR,3d RSI IWR LT20 - L IWR,17.2 %,27.1 %,8613,13513,26.7 %,16.2 %,64.5 %,166.8 %,-1.7 %,-12.1 %,13,13,1.1,1.1,76.9 %,92.3 %,1.9,0.4,663,954,1.3 %,1.9 %,3.8,2.1,2,1,7,10,2,1,7,8,2,0,5,8,3.3,12,10,12,6.5,5.1,2.6,2.3,-1208,-3036,-1.2 %,-6.1 %,-1208,-3036,-1.2 %,-6.1 %,-1208,0,-1.2 %,0.0 %,76.9 %,92.3 %,76.9 %,92.3 %,76.9 %,90.9 %,1019,1286,-526,-3036,77.8 %,100.0 %
IWS,3d RSI IWS LT20 - L IWS,7.1 %,40.9 %,3574,20343,22.5 %,19.8 %,31.8 %,205.9 %,-2.0 %,-13.0 %,11,14,0.9,1.2,63.6 %,85.7 %,1.3,1,325,1278,0.6 %,2.6 %,3.7,2.6,1,1,3,8,1,1,3,7,1,0,2,9,1.8,6,7,12,2.3,6,1.2,2.4,-2088,-3524,-2.1 %,-7.0 %,-2088,-3524,-2.1 %,-7.0 %,-2088,0,-2.1 %,0.0 %,63.6 %,85.7 %,63.6 %,85.7 %,63.6 %,84.6 %,906,1790,-692,-1800,66.7 %,100.0 %
IWX,10d RSI IWX LT28 - L IWX,6.3 %,30.8 %,3126,15329,8.2 %,6.7 %,76.3 %,456.3 %,0.0 %,-9.2 %,3,6,0.2,0.5,100.0 %,83.3 %,,2.5,1042,2331,2.1 %,4.7 %,2.3,1.8,0,1,3,5,0,0,3,4,0,0,3,2,,5,3,5,,12.7,14.8,2.6,0,-1191,0.0 %,-2.4 %,0,0,0.0 %,0.0 %,0,0,0.0 %,0.0 %,100.0 %,83.3 %,100.0 %,83.3 %,100.0 %,100.0 %,1042,3036,0,-1191,100.0 %,100.0 %
IWY,9d RSI IWY LT30 - L IWY,9.5 %,25.9 %,4761,12904,12.5 %,6.3 %,76.2 %,408.1 %,0.0 %,-8.5 %,5,5,0.4,0.4,100.0 %,100.0 %,,,952,2392,1.9 %,4.8 %,3,2.2,0,0,5,5,0,0,5,4,0,0,4,2,,,5,5,,,3.7,2.8,0,0,0.0 %,0.0 %,0,0,0.0 %,0.0 %,0,0,0.0 %,0.0 %,100.0 %,100.0 %,100.0 %,100.0 %,100.0 %,100.0 %,952,2392,0,0,100.0 %,100.0 %
IXJ,15d RSI IXJ LT35 - L IXJ,7.8 %,27.4 %,3902,13629,13.8 %,7.5 %,56.6 %,363.0 %,-0.3 %,-6.6 %,5,7,0.4,0.6,80.0 %,85.7 %,6.2,12.7,780,1771,1.6 %,3.5 %,4.6,1.7,1,1,2,6,1,0,2,5,0,0,3,2,4,6,4,6,24.7,76.4,2.6,4,-329,-164,-0.3 %,-0.3 %,-329,0,-0.3 %,0.0 %,0,0,0.0 %,0.0 %,80.0 %,85.7 %,80.0 %,85.7 %,80.0 %,100.0 %,1017,2094,-164,-164,100.0 %,100.0 %
IXN,9d RSI IXN LT29 - L IXN,5.9 %,21.4 %,2960,10642,12.1 %,5.5 %,48.7 %,384.6 %,0.0 %,-8.8 %,3,4,0.2,0.3,100.0 %,100.0 %,,,987,2519,2.0 %,5.0 %,3.3,2.5,0,0,3,4,0,0,3,3,0,0,3,2,,,3,4,,,2.7,2.5,0,0,0.0 %,0.0 %,0,0,0.0 %,0.0 %,0,0,0.0 %,0.0 %,100.0 %,100.0 %,100.0 %,100.0 %,100.0 %,100.0 %,987,2519,0,0,100.0 %,100.0 %
IXUS,3d RSI IXUS LT18 - L IXUS,3.5 %,15.5 %,1746,7698,20.9 %,12.2 %,16.7 %,125.7 %,-3.2 %,-7.2 %,11,9,0.9,0.8,63.6 %,88.9 %,1,0.7,159,817,0.3 %,1.6 %,3.2,2.4,2,1,4,6,2,1,4,5,2,0,3,6,1.8,8,7,8,1.8,5.8,0.8,2.2,-2397,-1546,-2.4 %,-3.1 %,-2397,-1546,-2.4 %,-3.1 %,-2397,0,-2.4 %,0.0 %,63.6 %,88.9 %,63.6 %,88.9 %,63.6 %,87.5 %,562,1112,-548,-1546,55.6 %,100.0 %
IYC,6d RSI IYC LT22 - L IYC,8.0 %,13.5 %,3988,6739,6.7 %,6.3 %,119.6 %,213.1 %,0.0 %,-8.4 %,3,5,0.2,0.4,100.0 %,80.0 %,,1.4,1329,1317,2.7 %,2.6 %,2.3,2.2,0,1,3,3,0,1,3,2,0,0,3,3,,4,3,4,,5.6,6.9,1.6,0,-1443,0.0 %,-2.9 %,0,-1443,0.0 %,-2.9 %,0,0,0.0 %,0.0 %,100.0 %,80.0 %,100.0 %,80.0 %,100.0 %,75.0 %,1329,2008,0,-1443,100.0 %,100.0 %
IYF,7d RSI IYF LT24 - L IYF,10.6 %,36.3 %,5289,18092,8.0 %,7.5 %,132.2 %,481.8 %,0.0 %,-9.6 %,5,6,0.4,0.5,100.0 %,83.3 %,,2.5,1058,2710,2.1 %,5.4 %,2.6,2.2,0,1,5,5,0,1,5,4,0,0,5,3,,5,5,5,,12.6,3,2.7,0,-1402,0.0 %,-2.8 %,0,-1402,0.0 %,-2.8 %,0,0,0.0 %,0.0 %,100.0 %,83.3 %,100.0 %,83.3 %,100.0 %,80.0 %,1058,3532,0,-1402,100.0 %,100.0 %
IYG,6d RSI IYG LT20 - L IYG,9.4 %,26.3 %,4719,13119,5.8 %,6.7 %,163.4 %,390.5 %,0.0 %,-9.3 %,4,5,0.3,0.4,100.0 %,80.0 %,,3,1180,2454,2.4 %,4.9 %,2.2,2.4,0,1,4,4,0,1,4,3,0,0,4,3,,4,4,4,,11.8,2.6,2.2,0,-1134,0.0 %,-2.3 %,0,-1134,0.0 %,-2.3 %,0,0,0.0 %,0.0 %,100.0 %,80.0 %,100.0 %,80.0 %,100.0 %,75.0 %,1180,3351,0,-1134,100.0 %,100.0 %
IYH,8d RSI IYH LT27 - L IYH,4.3 %,22.0 %,2134,10949,8.0 %,6.3 %,53.1 %,346.3 %,0.0 %,-7.1 %,3,6,0.2,0.5,100.0 %,83.3 %,,15.8,711,1704,1.4 %,3.4 %,4.3,1.7,0,1,3,4,0,1,3,4,0,0,3,4,,5,3,5,,79.2,2.5,2.9,0,-131,0.0 %,-0.3 %,0,-131,0.0 %,-0.3 %,0,0,0.0 %,0.0 %,100.0 %,83.3 %,100.0 %,83.3 %,100.0 %,83.3 %,711,2071,0,-131,100.0 %,100.0 %
IYK,8d RSI IYK LT27 - L IYK,7.4 %,18.0 %,3702,8953,4.9 %,5.9 %,151.0 %,302.0 %,0.0 %,-9.5 %,4,5,0.3,0.4,100.0 %,80.0 %,,2.4,925,1717,1.9 %,3.4 %,1.5,2,0,1,4,4,0,1,4,3,0,0,4,2,,4,4,4,,9.5,5.7,2,0,-1010,0.0 %,-2.0 %,0,-1010,0.0 %,-2.0 %,0,0,0.0 %,0.0 %,100.0 %,80.0 %,100.0 %,80.0 %,100.0 %,75.0 %,925,2399,0,-1010,100.0 %,100.0 %
IYM,4d RSI IYM LT13 - L IYM,0.3 %,3.2 %,150,1572,7.6 %,5.1 %,4.0 %,61.2 %,-2.4 %,-8.9 %,5,4,0.4,0.3,60.0 %,75.0 %,0.7,0.7,30,402,0.1 %,0.8 %,2.4,2.2,2,1,3,2,2,1,3,2,2,1,3,2,1.5,3,3,3,1.1,2.2,0.1,0.7,-3392,-1397,-3.4 %,-2.8 %,-3392,-1397,-3.4 %,-2.8 %,-3392,-1397,-3.4 %,-2.8 %,60.0 %,75.0 %,60.0 %,75.0 %,60.0 %,75.0 %,616,1002,-848,-1397,60.0 %,75.0 %
IYR,3d RSI IYR LT10 - L IYR,2.9 %,10.1 %,1435,5009,3.3 %,5.9 %,86.1 %,169.0 %,0.0 %,-7.6 %,2,4,0.2,0.3,100.0 %,100.0 %,,,717,1213,1.4 %,2.4 %,1.5,2.8,0,0,2,4,0,0,2,4,0,0,2,3,,,2,4,,,3,7.3,0,0,0.0 %,0.0 %,0,0,0.0 %,0.0 %,0,0,0.0 %,0.0 %,100.0 %,100.0 %,100.0 %,100.0 %,100.0 %,100.0 %,717,1213,0,0,100.0 %,100.0 %
IYZ,8d RSI IYZ LT24 - L IYZ,3.7 %,16.2 %,1843,8083,37.3 %,5.1 %,9.9 %,314.6 %,0.0 %,-4.2 %,2,4,0.2,0.3,100.0 %,100.0 %,,,921,1929,1.8 %,3.9 %,10,2.2,0,0,2,4,0,0,2,4,0,0,2,3,,,2,4,,,2.4,3.3,0,0,0.0 %,0.0 %,0,0,0.0 %,0.0 %,0,0,0.0 %,0.0 %,100.0 %,100.0 %,100.0 %,100.0 %,100.0 %,100.0 %,921,1929,0,0,100.0 %,100.0 %
JDST,18d RSI JDST LT34 - L JDST,7.4 %,62.6 %,3720,31174,47.1 %,5.9 %,15.8 %,1051.6 %,0.0 %,-10.1 %,2,5,0.2,0.4,100.0 %,100.0 %,,,1860,5133,3.7 %,10.3 %,3,2,0,0,2,5,0,0,2,5,0,0,2,4,,,2,5,,,7.5,6.6,0,0,0.0 %,0.0 %,0,0,0.0 %,0.0 %,0,0,0.0 %,0.0 %,100.0 %,100.0 %,100.0 %,100.0 %,100.0 %,100.0 %,1860,5133,0,0,100.0 %,100.0 %
JPIB,16d RSI JPIB LT70 - L JPIB,-0.2 %,11.0 %,-89,5472,99.6 %,89.7 %,-0.2 %,12.2 %,-1.6 %,-12.0 %,46,49,3.8,4.1,69.6 %,91.8 %,0.4,0.2,-2,110,-0.0 %,0.2 %,4.4,3.6,4,1,7,25,4,1,5,20,2,1,5,5,2.3,11.2,32,45,1,2.3,-0.1,1.4,-915,-3444,-0.9 %,-6.9 %,-915,-3444,-0.9 %,-6.9 %,-868,-2585,-0.9 %,-5.2 %,69.6 %,91.8 %,69.6 %,91.8 %,64.7 %,94.6 %,56,212,-135,-1046,58.3 %,83.3 %
JQUA,9d RSI JQUA LT28 - L JQUA,2.4 %,23.3 %,1202,11612,64.3 %,5.9 %,3.7 %,391.7 %,0.0 %,-7.9 %,2,5,0.2,0.4,100.0 %,80.0 %,,4.6,601,2178,1.2 %,4.4 %,3.5,2,0,1,2,4,0,1,2,3,0,0,2,2,,4,2,4,,18.4,3.9,2.4,0,-625,0.0 %,-1.2 %,0,-625,0.0 %,-1.2 %,0,0,0.0 %,0.0 %,100.0 %,80.0 %,100.0 %,80.0 %,100.0 %,75.0 %,601,2879,0,-625,100.0 %,100.0 %
KBA,21d RSI KBA LT46 - L KBA,11.4 %,29.7 %,5721,14795,43.5 %,11.9 %,26.3 %,249.6 %,-5.3 %,-5.2 %,21,9,1.8,0.8,76.2 %,100.0 %,0.8,,272,1473,0.5 %,3.0 %,2.3,2.3,3,0,7,9,2,0,12,7,1,0,6,4,3.2,,16,9,2.5,,1.8,5.4,-5335,0,-5.3 %,0.0 %,-4524,0,-4.5 %,0.0 %,-2323,0,-2.3 %,0.0 %,76.2 %,100.0 %,76.2 %,100.0 %,83.3 %,100.0 %,595,1473,-760,0,85.7 %,100.0 %
KBWB,6d RSI KBWB LT19 - L KBWB,4.8 %,25.6 %,2414,12750,6.5 %,5.9 %,74.8 %,430.1 %,0.0 %,-10.1 %,2,5,0.2,0.4,100.0 %,80.0 %,,1.8,1207,2425,2.4 %,4.8 %,3,2,0,1,2,3,0,1,2,2,0,0,2,3,,4,2,4,,7.4,1.7,1.7,0,-1905,0.0 %,-3.8 %,0,-1905,0.0 %,-3.8 %,0,0,0.0 %,0.0 %,100.0 %,80.0 %,100.0 %,80.0 %,100.0 %,75.0 %,1207,3507,0,-1905,100.0 %,100.0 %
KIE,4d RSI KIE LT15 - L KIE,5.3 %,7.0 %,2656,3467,10.3 %,5.5 %,51.7 %,125.3 %,-1.8 %,-13.3 %,5,4,0.4,0.3,80.0 %,75.0 %,1,0.7,531,924,1.1 %,1.9 %,3.6,2.5,1,1,2,3,1,1,2,3,1,0,2,3,4,3,4,3,3.9,2.1,1.5,0.7,-1832,-3420,-1.8 %,-6.8 %,-1832,-3420,-1.8 %,-6.8 %,-1832,0,-1.8 %,0.0 %,80.0 %,75.0 %,80.0 %,75.0 %,80.0 %,75.0 %,893,2372,-916,-3420,80.0 %,100.0 %
KOLD,18d RSI KOLD LT34 - L KOLD,-47.3 %,18.3 %,-23675,9123,59.2 %,7.5 %,-80.0 %,243.0 %,-52.2 %,-7.4 %,12,5,1,0.4,33.3 %,80.0 %,0.4,4.3,-1973,1734,-3.9 %,3.5 %,3.9,2.8,4,1,2,2,4,1,2,2,4,0,2,2,0.5,4,4,4,0.2,17.2,-2.3,2.5,-31195,-535,-31.2 %,-1.1 %,-31195,-535,-31.2 %,-1.1 %,-57534,0,-57.5 %,0.0 %,33.3 %,80.0 %,33.3 %,80.0 %,27.3 %,80.0 %,1581,2302,-3750,-535,33.3 %,100.0 %
KWEB,7d RSI KWEB LT32 - L KWEB,-6.0 %,34.4 %,-3001,17127,38.7 %,12.2 %,-15.5 %,279.6 %,-16.9 %,-9.0 %,20,10,1.7,0.8,65.0 %,90.0 %,0.5,5.3,-150,1518,-0.3 %,3.0 %,3.2,2.1,2,1,3,9,2,1,3,8,1,1,4,4,1.9,9,13,9,0.8,47.3,-0.3,3.4,-8418,-328,-8.4 %,-0.7 %,-8418,-328,-8.4 %,-0.7 %,-10693,-328,-10.7 %,-0.7 %,65.0 %,90.0 %,65.0 %,90.0 %,63.2 %,88.9 %,1261,1723,-2771,-328,60.0 %,80.0 %
LMBS,21d RSI LMBS LT56 - L LMBS,-0.1 %,2.1 %,-35,1048,90.6 %,66.0 %,-0.1 %,3.2 %,-0.9 %,-4.8 %,24,22,2,1.8,58.3 %,86.4 %,0.7,0.4,-1,48,-0.0 %,0.1 %,8,6.3,2,1,4,10,4,1,4,10,3,1,2,9,1.4,6.3,14,19,0.9,2.6,-0.1,1.2,-582,-654,-0.6 %,-1.3 %,-953,-654,-1.0 %,-1.3 %,-860,-654,-0.9 %,-1.3 %,58.3 %,86.4 %,58.3 %,86.4 %,54.5 %,85.7 %,47,90,-70,-218,50.0 %,90.0 %
LRGF,8d RSI LRGF LT26 - L LRGF,7.4 %,23.6 %,3690,11748,13.0 %,5.9 %,56.7 %,396.3 %,0.0 %,-9.2 %,4,5,0.3,0.4,100.0 %,80.0 %,,2.8,922,2210,1.8 %,4.4 %,3,2,0,1,4,4,0,1,4,3,0,0,4,2,,4,4,4,,11.2,3.8,2.2,0,-1081,0.0 %,-2.2 %,0,-1081,0.0 %,-2.2 %,0,0,0.0 %,0.0 %,100.0 %,80.0 %,100.0 %,80.0 %,100.0 %,75.0 %,922,3032,0,-1081,100.0 %,100.0 %
MBB,11d RSI MBB LT39 - L MBB,0.7 %,3.6 %,372,1820,34.8 %,11.1 %,2.1 %,32.9 %,-0.4 %,-2.7 %,15,4,1.2,0.3,46.7 %,100.0 %,2.2,,25,455,0.0 %,0.9 %,3.6,6,3,0,4,4,3,0,5,4,1,0,4,4,0.9,,7,4,1.9,,1,1.4,-375,0,-0.4 %,0.0 %,-375,0,-0.4 %,0.0 %,-202,0,-0.2 %,0.0 %,46.7 %,100.0 %,46.7 %,100.0 %,50.0 %,100.0 %,113,455,-52,0,75.0 %,100.0 %
MCHI,10d RSI MCHI LT33 - L MCHI,5.7 %,25.5 %,2858,12719,20.5 %,5.9 %,27.9 %,429.0 %,-4.9 %,-2.2 %,11,6,0.9,0.5,36.4 %,100.0 %,3.3,,260,1942,0.5 %,3.9 %,3.1,1.5,4,0,1,6,4,0,1,5,3,0,2,3,0.6,,4,6,1.9,,0.8,4.6,-5135,0,-5.1 %,0.0 %,-5135,0,-5.1 %,0.0 %,-5135,0,-5.1 %,0.0 %,36.4 %,100.0 %,36.4 %,100.0 %,36.4 %,100.0 %,1531,1942,-467,0,50.0 %,100.0 %
MEAR,17d RSI MEAR LT43 - L MEAR,0.5 %,0.2 %,245,79,21.3 %,5.1 %,2.3 %,3.1 %,0.0 %,-3.2 %,5,2,0.4,0.2,100.0 %,50.0 %,,1.2,49,42,0.1 %,0.1 %,8,5.5,0,1,5,1,0,1,5,1,0,1,5,1,,1,5,1,,1.2,3.5,0.1,0,-430,0.0 %,-0.9 %,0,-430,0.0 %,-0.9 %,0,-430,0.0 %,-0.9 %,100.0 %,50.0 %,100.0 %,50.0 %,100.0 %,50.0 %,49,514,0,-430,100.0 %,50.0 %
MGC,8d RSI MGC LT25 - L MGC,1.0 %,17.0 %,478,8452,100.0 %,5.5 %,1.0 %,305.5 %,0.0 %,-8.6 %,1,4,0.1,0.3,100.0 %,75.0 %,,6.1,478,2034,1.0 %,4.1 %,2,2.5,0,1,1,3,0,1,1,2,0,0,1,2,,3,1,3,,18.3,0,2.1,0,-469,0.0 %,-0.9 %,0,-469,0.0 %,-0.9 %,0,0,0.0 %,0.0 %,100.0 %,75.0 %,100.0 %,75.0 %,100.0 %,66.7 %,478,2869,0,-469,100.0 %,100.0 %
MGK,9d RSI MGK LT31 - L MGK,9.8 %,28.5 %,4899,14204,12.5 %,6.3 %,78.4 %,449.2 %,0.0 %,-8.4 %,5,5,0.4,0.4,100.0 %,100.0 %,,,980,2609,2.0 %,5.2 %,3,2.2,0,0,5,5,0,0,5,4,0,0,4,2,,,5,5,,,3.9,3,0,0,0.0 %,0.0 %,0,0,0.0 %,0.0 %,0,0,0.0 %,0.0 %,100.0 %,100.0 %,100.0 %,100.0 %,100.0 %,100.0 %,980,2609,0,0,100.0 %,100.0 %
MGV,11d RSI MGV LT29 - L MGV,6.9 %,30.8 %,3453,15357,7.4 %,6.7 %,93.6 %,457.1 %,0.0 %,-9.1 %,3,6,0.2,0.5,100.0 %,83.3 %,,2.8,1151,2329,2.3 %,4.7 %,2,1.8,0,1,3,5,0,0,3,4,0,0,3,2,,5,3,5,,13.8,8.1,2.8,0,-1096,0.0 %,-2.2 %,0,0,0.0 %,0.0 %,0,0,0.0 %,0.0 %,100.0 %,83.3 %,100.0 %,83.3 %,100.0 %,100.0 %,1151,3015,0,-1096,100.0 %,100.0 %
MMIT,5d RSI MMIT LT15 - L MMIT,-0.8 %,1.4 %,-391,687,12.6 %,7.1 %,-6.2 %,19.3 %,-0.2 %,-8.5 %,2,4,0.2,0.3,0.0 %,100.0 %,0,,-196,172,-0.4 %,0.3 %,9.5,3.5,2,0,0,4,2,0,0,4,2,0,0,3,0,,0,4,0,,-2.5,6,-783,0,-0.8 %,0.0 %,-783,0,-0.8 %,0.0 %,-783,0,-0.8 %,0.0 %,0.0 %,100.0 %,0.0 %,100.0 %,0.0 %,100.0 %,0,172,-196,0,0.0 %,100.0 %
MOAT,7d RSI MOAT LT21 - L MOAT,1.7 %,12.6 %,841,6264,19.6 %,5.1 %,8.6 %,243.8 %,-0.5 %,-7.8 %,2,4,0.2,0.3,50.0 %,75.0 %,4.6,4.2,420,1530,0.8 %,3.1 %,4.5,2.2,1,1,1,3,1,1,1,2,1,0,1,2,1,3,1,3,4.6,12.5,0.9,1.8,-469,-531,-0.5 %,-1.1 %,-469,-531,-0.5 %,-1.1 %,-469,0,-0.5 %,0.0 %,50.0 %,75.0 %,50.0 %,75.0 %,50.0 %,66.7 %,1075,2217,-234,-531,50.0 %,100.0 %
MOO,7d RSI MOO LT20 - L MOO,1.3 %,14.8 %,627,7349,8.9 %,6.3 %,14.1 %,232.4 %,0.0 %,-6.4 %,2,6,0.2,0.5,100.0 %,83.3 %,,2.8,314,1175,0.6 %,2.4 %,4.5,1.7,0,1,2,3,0,1,2,2,0,0,2,4,,5,2,5,,14.2,1.4,2.3,0,-533,0.0 %,-1.1 %,0,-533,0.0 %,-1.1 %,0,0,0.0 %,0.0 %,100.0 %,83.3 %,100.0 %,83.3 %,100.0 %,80.0 %,314,1517,0,-533,100.0 %,100.0 %
MTUM,7d RSI MTUM LT27 - L MTUM,15.4 %,24.0 %,7725,11932,10.7 %,7.5 %,144.7 %,317.8 %,0.0 %,-9.2 %,7,6,0.6,0.5,100.0 %,83.3 %,,3.9,1104,1845,2.2 %,3.7 %,2.1,2.2,0,1,7,5,0,1,7,4,0,0,6,3,,5,7,5,,19.7,6.2,2.9,0,-593,0.0 %,-1.2 %,0,-593,0.0 %,-1.2 %,0,0,0.0 %,0.0 %,100.0 %,83.3 %,100.0 %,83.3 %,100.0 %,80.0 %,1104,2333,0,-593,100.0 %,100.0 %
MUNI,21d RSI MUNI LT70 - L MUNI,0.6 %,0.7 %,302,335,92.9 %,87.0 %,0.6 %,0.8 %,-1.4 %,-13.2 %,37,43,3.1,3.6,70.3 %,86.0 %,0.5,0.2,8,13,0.0 %,0.0 %,5.2,4.1,3,3,6,19,3,3,7,11,1,2,2,4,2.4,6.2,26,37,1.2,1.1,0.3,0.1,-281,-267,-0.3 %,-0.5 %,-281,-267,-0.3 %,-0.5 %,-1312,-3394,-1.3 %,-6.8 %,70.3 %,86.0 %,70.3 %,86.0 %,70.0 %,80.0 %,74,166,-149,-930,63.6 %,66.7 %
NLR,6d RSI NLR LT22 - L NLR,1.0 %,1.5 %,515,765,6.2 %,8.7 %,16.6 %,17.6 %,0.0 %,-13.1 %,3,6,0.2,0.5,66.7 %,66.7 %,,0.6,172,152,0.3 %,0.3 %,3,2.7,1,2,2,4,1,2,2,4,1,1,2,3,2,2,2,4,,1.3,2,0.2,0,-3286,0.0 %,-6.6 %,0,-3286,0.0 %,-6.6 %,0,-417,0.0 %,-0.8 %,66.7 %,66.7 %,66.7 %,66.7 %,66.7 %,66.7 %,257,1049,0,-1643,66.7 %,75.0 %
NULG,3d RSI NULG LT12 - L NULG,7.1 %,0.8 %,3565,400,15.9 %,5.1 %,45.0 %,15.6 %,-0.4 %,-11.8 %,7,3,0.6,0.2,85.7 %,66.7 %,2.9,0.6,509,160,1.0 %,0.3 %,2.7,3.3,1,1,5,2,1,1,5,2,0,1,5,2,6,2,6,2,17.3,1.2,3,0.2,-438,-2126,-0.4 %,-4.2 %,-438,-2126,-0.4 %,-4.2 %,0,-2126,0.0 %,-4.2 %,85.7 %,66.7 %,85.7 %,66.7 %,85.7 %,66.7 %,631,1303,-219,-2126,100.0 %,66.7 %
NULV,7d RSI NULV LT21 - L NULV,7.3 %,12.5 %,3639,6216,4.9 %,5.1 %,148.2 %,242.0 %,0.0 %,-9.1 %,3,4,0.2,0.3,100.0 %,75.0 %,,1.8,1213,1530,2.4 %,3.1 %,2.7,2.2,0,1,3,3,0,1,3,2,0,0,3,2,,3,3,3,,5.5,5.6,1.6,0,-1360,0.0 %,-2.7 %,0,-1360,0.0 %,-2.7 %,0,0,0.0 %,0.0 %,100.0 %,75.0 %,100.0 %,75.0 %,100.0 %,66.7 %,1213,2493,0,-1360,100.0 %,100.0 %
OEF,8d RSI OEF LT25 - L OEF,2.0 %,17.9 %,977,8895,100.0 %,5.5 %,2.0 %,321.5 %,0.0 %,-8.7 %,1,4,0.1,0.3,100.0 %,75.0 %,,10.2,977,2135,2.0 %,4.3 %,3,2.5,0,1,1,3,0,1,1,2,0,0,1,2,,3,1,3,,30.5,0,2.1,0,-290,0.0 %,-0.6 %,0,-290,0.0 %,-0.6 %,0,0,0.0 %,0.0 %,100.0 %,75.0 %,100.0 %,75.0 %,100.0 %,66.7 %,977,2943,0,-290,100.0 %,100.0 %
ONEQ,13d RSI ONEQ LT31 - L ONEQ,5.8 %,27.9 %,2921,13874,6.5 %,5.5 %,89.3 %,501.4 %,0.0 %,-9.5 %,2,4,0.2,0.3,100.0 %,100.0 %,,,1461,3178,2.9 %,6.4 %,2.5,2.5,0,0,2,4,0,0,2,3,0,0,2,1,,,2,4,,,15.1,6.3,0,0,0.0 %,0.0 %,0,0,0.0 %,0.0 %,0,0,0.0 %,0.0 %,100.0 %,100.0 %,100.0 %,100.0 %,100.0 %,100.0 %,1461,3178,0,0,100.0 %,100.0 %
OUNZ,6d RSI OUNZ LT19 - L OUNZ,-2.9 %,8.8 %,-1462,4378,10.0 %,5.5 %,-29.4 %,158.2 %,-2.9 %,-2.0 %,4,4,0.3,0.3,25.0 %,100.0 %,0.5,,-366,1076,-0.7 %,2.1 %,4,2.5,3,0,1,4,3,0,1,4,3,0,1,3,0.3,,1,4,0.2,,-1.3,2,-3533,0,-3.5 %,0.0 %,-3533,0,-3.5 %,0.0 %,-3533,0,-3.5 %,0.0 %,25.0 %,100.0 %,25.0 %,100.0 %,25.0 %,100.0 %,304,1076,-589,0,25.0 %,100.0 %
PFF,3d RSI PFF LT11 - L PFF,3.0 %,23.9 %,1484,11883,13.7 %,9.5 %,21.7 %,250.5 %,-0.6 %,-10.6 %,6,7,0.5,0.6,66.7 %,85.7 %,1.7,2.2,247,1600,0.5 %,3.2 %,4.2,2.4,1,1,2,6,1,1,2,6,1,0,2,4,2,6,4,6,3.5,12.9,1.5,1.9,-604,-941,-0.6 %,-1.9 %,-604,-941,-0.6 %,-1.9 %,-604,0,-0.6 %,0.0 %,66.7 %,85.7 %,66.7 %,85.7 %,66.7 %,85.7 %,521,2024,-301,-941,66.7 %,100.0 %
PHYS,13d RSI PHYS LT38 - L PHYS,3.6 %,8.6 %,1807,4260,23.4 %,9.5 %,15.5 %,89.8 %,-3.5 %,-7.0 %,13,7,1.1,0.6,76.9 %,85.7 %,0.5,2.7,139,597,0.3 %,1.2 %,3.1,2.4,1,1,4,6,1,1,4,6,1,1,4,4,3.3,6,10,6,1.7,16,0.7,1.8,-3706,-278,-3.7 %,-0.6 %,-2996,-278,-3.0 %,-0.6 %,-3706,-278,-3.7 %,-0.6 %,76.9 %,85.7 %,76.9 %,85.7 %,81.8 %,85.7 %,442,743,-871,-278,87.5 %,80.0 %
PICK,8d RSI PICK LT21 - L PICK,5.0 %,14.1 %,2509,6996,12.9 %,5.1 %,39.0 %,272.3 %,0.0 %,-11.3 %,3,4,0.2,0.3,100.0 %,75.0 %,,1.1,836,1763,1.7 %,3.5 %,2,2.2,0,1,3,2,0,1,3,1,0,0,3,2,,3,3,3,,3.2,3.4,1.2,0,-3167,0.0 %,-6.3 %,0,-3167,0.0 %,-6.3 %,0,0,0.0 %,0.0 %,100.0 %,75.0 %,100.0 %,75.0 %,100.0 %,66.7 %,836,3407,0,-3167,100.0 %,100.0 %
PPA,3d RSI PPA LT10 - L PPA,8.0 %,11.8 %,4014,5898,13.4 %,8.7 %,59.9 %,135.7 %,-2.8 %,-13.5 %,7,5,0.6,0.4,85.7 %,80.0 %,0.6,0.7,573,1198,1.1 %,2.4 %,3.1,3.4,1,1,6,4,1,1,6,4,1,1,5,3,6,4,6,4,3.6,2.6,1.6,1,-3075,-3687,-3.1 %,-7.4 %,-3075,-3687,-3.1 %,-7.4 %,-3075,-145,-3.1 %,-0.3 %,85.7 %,80.0 %,85.7 %,80.0 %,85.7 %,80.0 %,925,2419,-1538,-3687,83.3 %,75.0 %
PPH,14d RSI PPH LT32 - L PPH,1.3 %,29.4 %,645,14664,19.3 %,5.1 %,6.7 %,570.8 %,-0.3 %,-4.7 %,2,6,0.2,0.5,50.0 %,100.0 %,5.1,,323,2208,0.6 %,4.4 %,4.5,1.2,1,0,1,6,1,0,1,5,1,0,1,2,1,,1,6,5.1,,1,5.2,-313,0,-0.3 %,0.0 %,-313,0,-0.3 %,0.0 %,-313,0,-0.3 %,0.0 %,50.0 %,100.0 %,50.0 %,100.0 %,50.0 %,100.0 %,801,2208,-156,0,50.0 %,100.0 %
PRF,3d RSI PRF LT20 - L PRF,7.3 %,41.9 %,3636,20865,18.5 %,19.8 %,39.4 %,211.2 %,-2.7 %,-12.2 %,10,14,0.8,1.2,70.0 %,71.4 %,1.4,2.4,364,1303,0.7 %,2.6 %,3.3,2.6,2,2,3,8,2,2,3,7,2,1,3,6,2.3,2.5,7,10,3.3,5.9,1.5,2.5,-1393,-725,-1.4 %,-1.4 %,-1393,-725,-1.4 %,-1.4 %,-1393,-430,-1.4 %,-0.9 %,70.0 %,71.4 %,70.0 %,71.4 %,70.0 %,69.2 %,741,2195,-518,-926,66.7 %,77.8 %
PSI,5d RSI PSI LT21 - L PSI,19.2 %,27.0 %,9588,13436,13.7 %,6.3 %,139.6 %,424.9 %,0.0 %,-9.0 %,7,5,0.6,0.4,100.0 %,100.0 %,,,1370,2469,2.7 %,4.9 %,2.6,2.2,0,0,7,5,0,0,7,4,0,0,5,3,,,7,5,,,7.5,3.6,0,0,0.0 %,0.0 %,0,0,0.0 %,0.0 %,0,0,0.0 %,0.0 %,100.0 %,100.0 %,100.0 %,100.0 %,100.0 %,100.0 %,1370,2469,0,0,100.0 %,100.0 %
PSQ,10d RSI PSQ LT20 - L PSQ,-0.4 %,6.8 %,-181,3401,10.8 %,5.9 %,-3.4 %,114.7 %,-0.5 %,-2.7 %,2,3,0.2,0.2,50.0 %,66.7 %,0.3,5.2,-91,1127,-0.2 %,2.2 %,3.5,4,1,1,1,2,1,1,1,2,1,1,1,2,1,2,1,2,0.3,10.4,-0.7,1.7,-538,-358,-0.5 %,-0.7 %,-538,-358,-0.5 %,-0.7 %,-538,-358,-0.5 %,-0.7 %,50.0 %,66.7 %,50.0 %,66.7 %,50.0 %,66.7 %,88,1869,-269,-358,50.0 %,66.7 %
PWZ,21d RSI PWZ LT43 - L PWZ,-0.7 %,0.8 %,-347,396,38.4 %,22.9 %,-1.8 %,3.5 %,-0.7 %,-10.9 %,6,7,0.5,0.6,66.7 %,71.4 %,0.3,0.5,-58,67,-0.1 %,0.1 %,10.7,7.3,1,1,3,4,1,2,3,4,1,2,1,4,2,2.5,4,5,0.6,1.2,-0.4,0.2,-1251,-2026,-1.3 %,-4.0 %,-1251,-1237,-1.3 %,-2.5 %,-698,-1237,-0.7 %,-2.5 %,66.7 %,71.4 %,66.7 %,71.4 %,66.7 %,66.7 %,157,590,-487,-1241,50.0 %,66.7 %
PXF,4d RSI PXF LT11 - L PXF,-0.0 %,0.9 %,-13,474,11.5 %,6.3 %,-0.2 %,15.0 %,-1.5 %,-7.4 %,2,4,0.2,0.3,50.0 %,75.0 %,1,0.4,-6,134,-0.0 %,0.3 %,5.5,3,1,1,1,2,1,1,1,2,1,1,1,2,1,3,1,3,1,1.3,0,0.2,-1525,-1962,-1.5 %,-3.9 %,-1525,-1962,-1.5 %,-3.9 %,-1525,-1962,-1.5 %,-3.9 %,50.0 %,75.0 %,50.0 %,75.0 %,50.0 %,75.0 %,750,833,-763,-1962,50.0 %,75.0 %
PXH,10d RSI PXH LT25 - L PXH,1.2 %,22.4 %,612,11139,100.0 %,5.5 %,1.2 %,402.6 %,0.0 %,-6.0 %,1,5,0.1,0.4,100.0 %,80.0 %,,5.5,612,2084,1.2 %,4.2 %,1,1.8,0,1,1,3,0,1,1,2,0,0,1,2,,4,1,4,,22.1,0,2.9,0,-494,0.0 %,-1.0 %,0,-494,0.0 %,-1.0 %,0,0,0.0 %,0.0 %,100.0 %,80.0 %,100.0 %,80.0 %,100.0 %,75.0 %,612,2729,0,-494,100.0 %,100.0 %
QAI,6d RSI QAI LT18 - L QAI,1.7 %,5.1 %,848,2556,7.4 %,5.1 %,23.0 %,99.5 %,0.0 %,-1.8 %,4,4,0.3,0.3,100.0 %,75.0 %,,3.8,212,633,0.4 %,1.3 %,2.8,2.2,0,1,4,3,0,1,4,2,0,0,4,1,,3,4,3,,11.5,2.9,2.1,0,-240,0.0 %,-0.5 %,0,-240,0.0 %,-0.5 %,0,0,0.0 %,0.0 %,100.0 %,75.0 %,100.0 %,75.0 %,100.0 %,66.7 %,212,924,0,-240,100.0 %,100.0 %
QLTA,4d RSI QLTA LT13 - L QLTA,3.7 %,0.3 %,1838,166,10.9 %,5.5 %,33.8 %,6.0 %,0.0 %,-11.5 %,6,3,0.5,0.2,100.0 %,66.7 %,,0.8,306,56,0.6 %,0.1 %,2.5,3.7,0,1,6,2,0,1,6,2,0,1,6,2,,2,6,2,,1.7,4.4,0.4,0,-242,0.0 %,-0.5 %,0,-242,0.0 %,-0.5 %,0,-242,0.0 %,-0.5 %,100.0 %,66.7 %,100.0 %,66.7 %,100.0 %,66.7 %,306,205,0,-242,100.0 %,66.7 %
QQQ,13d RSI QQQ LT32 - L QQQ,1.4 %,30.9 %,701,15371,100.0 %,5.5 %,1.4 %,555.6 %,0.0 %,-9.3 %,1,4,0.1,0.3,100.0 %,100.0 %,,,701,3484,1.4 %,7.0 %,5,2.5,0,0,1,4,0,0,1,3,0,0,1,1,,,1,4,,,0,8.5,0,0,0.0 %,0.0 %,0,0,0.0 %,0.0 %,0,0,0.0 %,0.0 %,100.0 %,100.0 %,100.0 %,100.0 %,100.0 %,100.0 %,701,3484,0,0,100.0 %,100.0 %
QQQE,5d RSI QQQE LT20 - L QQQE,14.6 %,13.8 %,7312,6861,14.2 %,5.5 %,102.9 %,248.0 %,0.0 %,-8.0 %,8,4,0.7,0.3,100.0 %,75.0 %,,7.1,914,1661,1.8 %,3.3 %,2.6,2.5,0,1,8,3,0,1,8,2,0,0,7,2,,3,8,3,,21.2,5.5,2.2,0,-328,0.0 %,-0.7 %,0,-328,0.0 %,-0.7 %,0,0,0.0 %,0.0 %,100.0 %,75.0 %,100.0 %,75.0 %,100.0 %,66.7 %,914,2324,0,-328,100.0 %,100.0 %
QQXT,4d RSI QQXT LT19 - L QQXT,11.2 %,12.3 %,5594,6125,15.6 %,6.3 %,71.7 %,193.7 %,-1.7 %,-7.9 %,10,6,0.8,0.5,90.0 %,83.3 %,0.7,0.8,559,1002,1.1 %,2.0 %,2.2,1.7,1,1,9,4,1,1,8,3,1,0,6,4,9,5,9,5,6.7,4.1,2.9,1.5,-1949,-1921,-1.9 %,-3.8 %,-1949,-1921,-1.9 %,-3.8 %,-1949,0,-1.9 %,0.0 %,90.0 %,83.3 %,90.0 %,83.3 %,88.9 %,80.0 %,730,1587,-974,-1921,85.7 %,100.0 %
QTEC,7d RSI QTEC LT24 - L QTEC,3.0 %,17.3 %,1520,8611,8.5 %,5.5 %,35.8 %,311.2 %,-0.2 %,-8.3 %,2,4,0.2,0.3,50.0 %,75.0 %,20.1,29.9,760,2061,1.5 %,4.1 %,3.5,2.5,1,1,1,3,1,1,1,2,1,0,1,2,1,3,1,3,20.1,89.6,1.3,2.4,-159,-93,-0.2 %,-0.2 %,-159,-93,-0.2 %,-0.2 %,-159,0,-0.2 %,0.0 %,50.0 %,75.0 %,50.0 %,75.0 %,50.0 %,66.7 %,1599,2779,-80,-93,50.0 %,100.0 %
QYLD,18d RSI QYLD LT33 - L QYLD,5.2 %,19.5 %,2586,9698,5.7 %,6.3 %,91.4 %,306.7 %,0.0 %,-8.6 %,2,4,0.2,0.3,100.0 %,100.0 %,,,1293,2294,2.6 %,4.6 %,2,3,0,0,2,4,0,0,2,3,0,0,2,1,,,2,4,,,6.3,3.2,0,0,0.0 %,0.0 %,0,0,0.0 %,0.0 %,0,0,0.0 %,0.0 %,100.0 %,100.0 %,100.0 %,100.0 %,100.0 %,100.0 %,1293,2294,0,0,100.0 %,100.0 %
RDVY,7d RSI RDVY LT25 - L RDVY,6.8 %,23.3 %,3395,11601,7.6 %,7.1 %,89.9 %,326.1 %,-0.1 %,-8.8 %,4,6,0.3,0.5,75.0 %,83.3 %,19.9,2.3,849,1818,1.7 %,3.6 %,3.2,2,1,1,2,3,1,1,2,2,1,0,2,4,3,5,3,5,59.6,11.4,2.4,2.1,-116,-1051,-0.1 %,-2.1 %,-116,-1051,-0.1 %,-2.1 %,-116,0,-0.1 %,0.0 %,75.0 %,83.3 %,75.0 %,83.3 %,75.0 %,80.0 %,1151,2391,-58,-1051,75.0 %,100.0 %
REMX,3d RSI REMX LT14 - L REMX,18.9 %,4.3 %,9459,2122,10.6 %,8.3 %,178.9 %,51.1 %,-2.0 %,-12.2 %,7,6,0.6,0.5,85.7 %,50.0 %,1.6,1.8,1351,380,2.7 %,0.8 %,2.1,2.5,1,1,4,2,1,1,4,2,1,1,3,3,6,1,6,3,9.7,1.8,3.3,0.5,-2187,-2145,-2.2 %,-4.3 %,-2187,-2145,-2.2 %,-4.3 %,-2187,-829,-2.2 %,-1.7 %,85.7 %,50.0 %,85.7 %,50.0 %,85.7 %,50.0 %,1759,1751,-1093,-991,80.0 %,60.0 %
ROBO,7d RSI ROBO LT24 - L ROBO,9.6 %,20.2 %,4813,10049,13.1 %,5.1 %,73.7 %,391.1 %,-0.9 %,-6.3 %,6,5,0.5,0.4,83.3 %,80.0 %,2.3,6.4,802,1895,1.6 %,3.8 %,3.3,1.6,1,1,4,4,1,1,4,3,1,0,4,2,5,4,5,4,11.4,25.8,2.6,2.7,-923,-382,-0.9 %,-0.8 %,-923,-382,-0.9 %,-0.8 %,-923,0,-0.9 %,0.0 %,83.3 %,80.0 %,83.3 %,80.0 %,83.3 %,75.0 %,1055,2464,-461,-382,83.3 %,100.0 %
RPG,6d RSI RPG LT21 - L RPG,6.2 %,14.8 %,3120,7355,6.5 %,5.1 %,95.4 %,286.3 %,0.0 %,-7.6 %,2,4,0.2,0.3,100.0 %,75.0 %,,10.7,1560,1779,3.1 %,3.6 %,2.5,2.2,0,1,2,3,0,1,2,2,0,0,2,2,,3,2,3,,32.1,401.5,2.1,0,-229,0.0 %,-0.5 %,0,-229,0.0 %,-0.5 %,0,0,0.0 %,0.0 %,100.0 %,75.0 %,100.0 %,75.0 %,100.0 %,66.7 %,1560,2448,0,-229,100.0 %,100.0 %
RPV,3d RSI RPV LT18 - L RPV,4.4 %,23.1 %,2219,11522,21.0 %,17.4 %,21.2 %,132.5 %,-3.9 %,-14.3 %,10,11,0.8,0.9,60.0 %,81.8 %,1.2,0.7,222,1008,0.4 %,2.0 %,3.7,3,1,1,3,8,1,1,3,7,1,1,2,8,1.5,4.5,6,9,1.8,3.2,0.7,1.4,-4006,-4320,-4.0 %,-8.6 %,-4006,-4320,-4.0 %,-8.6 %,-4006,-615,-4.0 %,-1.2 %,60.0 %,81.8 %,60.0 %,81.8 %,60.0 %,80.0 %,846,1780,-714,-2468,62.5 %,88.9 %
RSP,3d RSI RSP LT19 - L RSP,8.9 %,38.9 %,4463,19369,19.1 %,16.6 %,46.6 %,233.3 %,-2.6 %,-11.9 %,10,13,0.8,1.1,70.0 %,84.6 %,1.6,1.2,446,1316,0.9 %,2.6 %,3.4,2.2,2,1,3,8,2,1,3,7,2,0,3,8,2.3,5.5,7,11,3.6,6.8,1.8,2.4,-2560,-2890,-2.6 %,-5.8 %,-2560,-2890,-2.6 %,-5.8 %,-2560,0,-2.6 %,0.0 %,70.0 %,84.6 %,70.0 %,84.6 %,70.0 %,83.3 %,879,1825,-563,-1484,66.7 %,100.0 %
RSPN,7d RSI RSPN LT22 - L RSPN,5.1 %,24.2 %,2549,12037,9.8 %,5.1 %,51.8 %,468.5 %,0.0 %,-8.1 %,3,5,0.2,0.4,100.0 %,80.0 %,,2,850,2286,1.7 %,4.6 %,3,1.6,0,1,3,4,0,1,3,3,0,0,3,2,,4,3,4,,8.1,2.9,1.8,0,-1603,0.0 %,-3.2 %,0,-1603,0.0 %,-3.2 %,0,0,0.0 %,0.0 %,100.0 %,80.0 %,100.0 %,80.0 %,100.0 %,75.0 %,850,3258,0,-1603,100.0 %,100.0 %
RSPT,6d RSI RSPT LT21 - L RSPT,4.7 %,16.0 %,2330,7967,6.2 %,5.1 %,74.6 %,310.1 %,0.0 %,-8.3 %,2,4,0.2,0.3,100.0 %,75.0 %,,5.9,1165,1927,2.3 %,3.9 %,2,2.2,0,1,2,3,0,1,2,2,0,0,2,2,,3,2,3,,17.7,2.5,1.9,0,-462,0.0 %,-0.9 %,0,-462,0.0 %,-0.9 %,0,0,0.0 %,0.0 %,100.0 %,75.0 %,100.0 %,75.0 %,100.0 %,66.7 %,1165,2724,0,-462,100.0 %,100.0 %
RWM,4d RSI RWM LT10 - L RWM,1.9 %,6.2 %,958,3082,5.1 %,7.9 %,37.7 %,78.0 %,0.0 %,-2.0 %,2,5,0.2,0.4,100.0 %,80.0 %,,15.6,479,609,1.0 %,1.2 %,3.5,3,0,1,2,2,0,1,2,2,0,1,2,2,,4,2,4,,62.5,3.2,1.9,0,-49,0.0 %,-0.1 %,0,-49,0.0 %,-0.1 %,0,-49,0.0 %,-0.1 %,100.0 %,80.0 %,100.0 %,80.0 %,100.0 %,80.0 %,479,774,0,-49,100.0 %,80.0 %
RWR,3d RSI RWR LT14 - L RWR,7.8 %,24.8 %,3895,12332,10.4 %,12.2 %,75.1 %,201.3 %,0.0 %,-10.2 %,4,9,0.3,0.8,100.0 %,88.9 %,,0.8,974,1274,1.9 %,2.5 %,1.8,2.4,0,1,4,7,0,1,4,6,0,0,3,6,,8,4,8,,6.6,4.9,2.2,0,-2034,0.0 %,-4.1 %,0,-2034,0.0 %,-4.1 %,0,0,0.0 %,0.0 %,100.0 %,88.9 %,100.0 %,88.9 %,100.0 %,87.5 %,974,1688,0,-2034,100.0 %,100.0 %
SCHB,9d RSI SCHB LT28 - L SCHB,5.0 %,24.8 %,2504,12371,14.0 %,5.9 %,35.7 %,417.3 %,0.0 %,-8.8 %,2,5,0.2,0.4,100.0 %,80.0 %,,4.1,1252,2316,2.5 %,4.6 %,3,2,0,1,2,4,0,1,2,3,0,0,2,2,,4,2,4,,16.5,2.4,2.3,0,-748,0.0 %,-1.5 %,0,-748,0.0 %,-1.5 %,0,0,0.0 %,0.0 %,100.0 %,80.0 %,100.0 %,80.0 %,100.0 %,75.0 %,1252,3082,0,-748,100.0 %,100.0 %
SCHD,13d RSI SCHD LT31 - L SCHD,6.8 %,35.9 %,3379,17892,7.4 %,5.9 %,91.6 %,603.6 %,0.0 %,-8.8 %,3,6,0.2,0.5,100.0 %,83.3 %,,3.6,1126,2656,2.3 %,5.3 %,2,1.5,0,1,3,5,0,0,3,4,0,0,3,1,,5,3,5,,18.2,11,3.6,0,-924,0.0 %,-1.9 %,0,0,0.0 %,0.0 %,0,0,0.0 %,0.0 %,100.0 %,83.3 %,100.0 %,83.3 %,100.0 %,100.0 %,1126,3372,0,-924,100.0 %,100.0 %
SCHE,9d RSI SCHE LT26 - L SCHE,8.4 %,23.0 %,4200,11455,17.4 %,5.1 %,48.2 %,445.9 %,0.0 %,-3.5 %,5,6,0.4,0.5,100.0 %,100.0 %,,,840,1771,1.7 %,3.5 %,2.8,1.2,0,0,5,6,0,0,5,5,0,0,4,3,,,5,6,,,5.7,3.4,0,0,0.0 %,0.0 %,0,0,0.0 %,0.0 %,0,0,0.0 %,0.0 %,100.0 %,100.0 %,100.0 %,100.0 %,100.0 %,100.0 %,840,1771,0,0,100.0 %,100.0 %
SCHF,11d RSI SCHF LT24 - L SCHF,1.0 %,16.3 %,514,8100,100.0 %,5.1 %,1.0 %,315.3 %,0.0 %,-6.2 %,1,5,0.1,0.4,100.0 %,80.0 %,,2.1,514,1551,1.0 %,3.1 %,6,1.6,0,1,1,4,0,0,1,3,0,0,1,1,,4,1,4,,8.5,0,2.4,0,-1031,0.0 %,-2.1 %,0,0,0.0 %,0.0 %,0,0,0.0 %,0.0 %,100.0 %,80.0 %,100.0 %,80.0 %,100.0 %,100.0 %,514,2196,0,-1031,100.0 %,100.0 %
SCHG,4d RSI SCHG LT27 - L SCHG,18.0 %,31.1 %,9023,15468,21.5 %,11.9 %,83.8 %,260.9 %,-0.1 %,-11.0 %,13,9,1.1,0.8,92.3 %,77.8 %,24.8,1.8,694,1567,1.4 %,3.1 %,2.7,2.3,1,1,7,6,1,1,7,5,0,1,9,4,12,3.5,12,7,297.3,6.2,4.6,2.3,-61,-1625,-0.1 %,-3.2 %,-61,-1625,-0.1 %,-3.2 %,0,-1088,0.0 %,-2.2 %,92.3 %,77.8 %,92.3 %,77.8 %,92.3 %,75.0 %,754,2402,-30,-1357,100.0 %,80.0 %
SCHH,3d RSI SCHH LT10 - L SCHH,2.7 %,16.3 %,1375,8130,3.3 %,6.7 %,82.5 %,242.0 %,0.0 %,-5.4 %,2,5,0.2,0.4,100.0 %,100.0 %,,,687,1550,1.4 %,3.1 %,1.5,2.4,0,0,2,5,0,0,2,5,0,0,2,4,,,2,5,,,2.9,2.8,0,0,0.0 %,0.0 %,0,0,0.0 %,0.0 %,0,0,0.0 %,0.0 %,100.0 %,100.0 %,100.0 %,100.0 %,100.0 %,100.0 %,687,1550,0,0,100.0 %,100.0 %
SCHK,3d RSI SCHK LT14 - L SCHK,12.2 %,7.6 %,6088,3804,16.0 %,7.5 %,76.2 %,101.3 %,-1.1 %,-11.6 %,9,6,0.8,0.5,88.9 %,83.3 %,1.3,0.5,676,639,1.4 %,1.3 %,2.9,2.2,1,1,6,4,1,1,6,4,1,0,5,4,8,5,8,5,10.7,2.7,3.7,1.1,-1254,-2240,-1.3 %,-4.5 %,-1254,-2240,-1.3 %,-4.5 %,-1254,0,-1.3 %,0.0 %,88.9 %,83.3 %,88.9 %,83.3 %,88.9 %,83.3 %,839,1214,-627,-2240,87.5 %,100.0 %
SCHM,3d RSI SCHM LT20 - L SCHM,18.9 %,25.7 %,9451,12786,26.8 %,15.8 %,70.5 %,161.8 %,-1.9 %,-12.0 %,13,13,1.1,1.1,76.9 %,92.3 %,1.9,0.4,727,912,1.5 %,1.8 %,3.8,2.1,2,1,8,10,2,1,8,8,2,0,5,8,3.3,12,10,12,6.2,4.5,2.6,2.1,-1398,-3408,-1.4 %,-6.8 %,-1398,-3408,-1.4 %,-6.8 %,-1398,0,-1.4 %,0.0 %,76.9 %,92.3 %,76.9 %,92.3 %,76.9 %,90.9 %,1127,1272,-607,-3408,77.8 %,100.0 %
SCHO,15d RSI SCHO LT46 - L SCHO,0.4 %,0.5 %,203,270,76.9 %,22.9 %,0.5 %,2.4 %,-0.3 %,-0.1 %,18,7,1.5,0.6,66.7 %,100.0 %,0.9,,11,39,0.0 %,0.1 %,8.2,7.3,2,0,4,7,2,0,4,7,1,0,3,5,2,,12,7,1.8,,1,6.5,-90,0,-0.1 %,0.0 %,-90,0,-0.1 %,0.0 %,-315,0,-0.3 %,0.0 %,66.7 %,100.0 %,66.7 %,100.0 %,64.7 %,100.0 %,38,39,-41,0,77.8 %,100.0 %
SCHP,3d RSI SCHP LT12 - L SCHP,-0.5 %,1.5 %,-268,745,11.4 %,5.5 %,-4.7 %,26.9 %,-0.9 %,-5.4 %,6,3,0.5,0.2,50.0 %,100.0 %,0.5,,-45,248,-0.1 %,0.5 %,3.7,3.7,2,0,2,3,2,0,2,3,2,0,2,3,1,,3,3,0.5,,-0.6,2.3,-959,0,-1.0 %,0.0 %,-959,0,-1.0 %,0.0 %,-959,0,-1.0 %,0.0 %,50.0 %,100.0 %,50.0 %,100.0 %,50.0 %,100.0 %,89,248,-179,0,50.0 %,100.0 %
SCHR,13d RSI SCHR LT39 - L SCHR,-0.5 %,1.6 %,-274,797,32.6 %,11.5 %,-1.7 %,13.9 %,-1.8 %,-0.2 %,16,8,1.3,0.7,50.0 %,87.5 %,0.8,,-17,99,-0.0 %,0.2 %,3.7,2.6,3,1,3,5,3,1,2,5,2,0,1,5,1,7,8,7,0.8,,-0.4,4.6,-1210,0,-1.2 %,0.0 %,-1210,0,-1.2 %,0.0 %,-605,0,-0.6 %,0.0 %,50.0 %,87.5 %,50.0 %,87.5 %,38.5 %,87.5 %,127,114,-161,0,42.9 %,100.0 %
SCHV,7d RSI SCHV LT21 - L SCHV,3.1 %,14.1 %,1573,7038,5.7 %,5.1 %,55.3 %,273.9 %,0.0 %,-9.3 %,2,4,0.2,0.3,50.0 %,75.0 %,64.5,2.1,786,1725,1.6 %,3.5 %,2.5,2.2,1,1,1,3,1,1,1,2,1,0,1,2,1,3,1,3,64.5,6.3,1.4,1.6,-50,-1299,-0.0 %,-2.6 %,-50,-1299,-0.0 %,-2.6 %,-50,0,-0.0 %,0.0 %,50.0 %,75.0 %,50.0 %,75.0 %,50.0 %,66.7 %,1597,2733,-25,-1299,50.0 %,100.0 %
SCHX,9d RSI SCHX LT29 - L SCHX,6.9 %,24.9 %,3474,12398,24.6 %,5.9 %,28.3 %,418.2 %,0.0 %,-8.9 %,3,5,0.2,0.4,100.0 %,80.0 %,,4.4,1158,2318,2.3 %,4.6 %,3.7,2,0,1,3,4,0,1,3,3,0,0,3,2,,4,3,4,,17.5,3.4,2.4,0,-702,0.0 %,-1.4 %,0,-702,0.0 %,-1.4 %,0,0,0.0 %,0.0 %,100.0 %,80.0 %,100.0 %,80.0 %,100.0 %,75.0 %,1158,3073,0,-702,100.0 %,100.0 %
SCHZ,18d RSI SCHZ LT44 - L SCHZ,-1.2 %,4.2 %,-593,2100,37.8 %,14.2 %,-3.1 %,29.5 %,-2.3 %,-4.1 %,17,9,1.4,0.8,52.9 %,88.9 %,0.6,,-35,231,-0.1 %,0.5 %,4,3,2,1,4,6,3,1,3,6,2,0,2,5,1.1,8,9,8,0.7,,-0.8,3,-1323,0,-1.3 %,0.0 %,-813,0,-0.8 %,0.0 %,-2189,0,-2.2 %,0.0 %,52.9 %,88.9 %,52.9 %,88.9 %,46.7 %,88.9 %,125,259,-215,0,57.1 %,100.0 %
SCO,7d RSI SCO LT20 - L SCO,5.8 %,14.3 %,2877,7128,22.0 %,5.5 %,26.1 %,257.6 %,-7.9 %,-6.6 %,8,4,0.7,0.3,75.0 %,75.0 %,0.6,4.6,360,1725,0.7 %,3.5 %,4.5,2.5,2,1,6,3,2,1,6,3,2,1,3,3,3,3,6,3,1.7,13.8,0.6,2.2,-7961,-539,-8.0 %,-1.1 %,-7961,-539,-8.0 %,-1.1 %,-1587,-539,-1.6 %,-1.1 %,75.0 %,75.0 %,75.0 %,75.0 %,75.0 %,75.0 %,1143,2480,-1990,-539,60.0 %,75.0 %
SCZ,4d RSI SCZ LT11 - L SCZ,1.0 %,0.2 %,487,107,12.2 %,5.5 %,8.0 %,3.9 %,-0.9 %,-7.9 %,3,4,0.2,0.3,66.7 %,75.0 %,1,0.4,162,48,0.3 %,0.1 %,3.7,2.5,1,1,2,2,1,1,2,2,1,1,2,1,2,3,2,3,2.1,1.1,0.6,0.1,-927,-2247,-0.9 %,-4.5 %,-927,-2247,-0.9 %,-4.5 %,-927,-520,-0.9 %,-1.0 %,66.7 %,75.0 %,66.7 %,75.0 %,66.7 %,75.0 %,475,813,-463,-2247,66.7 %,66.7 %
SDS,11d RSI SDS LT23 - L SDS,-2.3 %,5.5 %,-1155,2754,6.6 %,5.9 %,-34.9 %,92.9 %,-1.2 %,-6.3 %,2,3,0.2,0.2,0.0 %,100.0 %,0,,-577,907,-1.2 %,1.8 %,4,4,2,0,0,3,2,0,0,3,2,0,0,3,0,,0,3,0,,-39.1,4.1,-2309,0,-2.3 %,0.0 %,-2309,0,-2.3 %,0.0 %,-2309,0,-2.3 %,0.0 %,0.0 %,100.0 %,0.0 %,100.0 %,0.0 %,100.0 %,0,907,-577,0,0.0 %,100.0 %
SDY,9d RSI SDY LT28 - L SDY,6.9 %,34.6 %,3469,17255,9.0 %,6.7 %,76.9 %,513.6 %,0.0 %,-9.0 %,3,6,0.2,0.5,100.0 %,83.3 %,,2.4,1156,2588,2.3 %,5.2 %,2.7,1.8,0,1,3,5,0,1,3,4,0,0,3,2,,5,3,5,,11.9,3.8,2.9,0,-1431,0.0 %,-2.9 %,0,-1431,0.0 %,-2.9 %,0,0,0.0 %,0.0 %,100.0 %,83.3 %,100.0 %,83.3 %,100.0 %,80.0 %,1156,3391,0,-1431,100.0 %,100.0 %
SECT,3d RSI SECT LT12 - L SECT,4.3 %,3.9 %,2167,1951,26.1 %,5.5 %,16.6 %,70.5 %,-0.8 %,-8.7 %,5,4,0.4,0.3,80.0 %,75.0 %,1.6,1,433,491,0.9 %,1.0 %,2.6,2.5,1,1,4,2,1,1,4,2,1,1,3,2,4,3,4,3,6.3,3.1,2,1.1,-814,-944,-0.8 %,-1.9 %,-814,-944,-0.8 %,-1.9 %,-814,-944,-0.8 %,-1.9 %,80.0 %,75.0 %,80.0 %,75.0 %,80.0 %,75.0 %,644,969,-407,-944,75.0 %,75.0 %
SGOL,21d RSI SGOL LT46 - L SGOL,-2.9 %,9.3 %,-1464,4637,45.5 %,15.8 %,-6.4 %,58.7 %,-10.0 %,-5.0 %,23,12,1.9,1,60.9 %,91.7 %,0.5,0.8,-64,376,-0.1 %,0.8 %,3.7,2.3,3,1,3,8,3,1,4,7,2,0,2,5,1.6,11,14,11,0.8,8.6,-0.4,2.2,-7677,-595,-7.7 %,-1.2 %,-7677,-253,-7.7 %,-0.5 %,-7971,0,-8.0 %,0.0 %,60.9 %,91.7 %,60.9 %,91.7 %,61.1 %,90.0 %,384,464,-760,-595,60.0 %,100.0 %
SH,15d RSI SH LT26 - L SH,0.5 %,1.2 %,257,592,3.4 %,5.1 %,15.2 %,23.1 %,0.0 %,-3.1 %,2,2,0.2,0.2,100.0 %,100.0 %,,,129,297,0.3 %,0.6 %,1.5,5.5,0,0,2,2,0,0,2,2,0,0,2,2,,,2,2,,,3.3,6.2,0,0,0.0 %,0.0 %,0,0,0.0 %,0.0 %,0,0,0.0 %,0.0 %,100.0 %,100.0 %,100.0 %,100.0 %,100.0 %,100.0 %,129,297,0,0,100.0 %,100.0 %
SHLD,9d RSI SHLD LT64 - L SHLD,19.3 %,7088.3 %,9671,3530128,68.3 %,88.1 %,28.3 %,8010.1 %,-2.8 %,-0.2 %,32,3,2.7,0.2,78.1 %,100.0 %,1.2,,302,1156027,0.6 %,2312.1 %,3.2,73.3,3,0,11,3,2,0,11,3,1,0,5,2,3.6,,25,3,4.1,,3,1.2,-3324,0,-3.3 %,0.0 %,-1371,0,-1.4 %,0.0 %,-1264,0,-1.3 %,0.0 %,78.1 %,100.0 %,78.1 %,100.0 %,80.0 %,100.0 %,511,1156027,-442,0,80.0 %,100.0 %
SHM,21d RSI SHM LT50 - L SHM,0.4 %,0.6 %,197,303,65.9 %,26.9 %,0.6 %,2.3 %,-0.3 %,-10.7 %,18,7,1.5,0.6,61.1 %,71.4 %,1,0.5,11,54,0.0 %,0.1 %,7.7,8.7,2,1,3,4,2,1,2,3,2,0,2,4,1.6,2.5,11,5,1.6,1.2,0.7,0.1,-44,-2128,-0.0 %,-4.3 %,-44,-2128,-0.0 %,-4.3 %,-260,0,-0.3 %,0.0 %,61.1 %,71.4 %,61.1 %,71.4 %,56.2 %,66.7 %,49,506,-48,-1075,54.5 %,100.0 %
SHV,17d RSI SHV LT43 - L SHV,0.0 %,0.0 %,5,11,87.4 %,5.9 %,0.0 %,0.4 %,0.0 %,-0.0 %,4,1,0.3,0.1,25.0 %,100.0 %,,,1,11,0.0 %,0.0 %,29.5,14,2,0,1,1,2,0,1,1,2,0,1,1,0.3,,1,1,,,1.2,0,0,0,0.0 %,0.0 %,0,0,0.0 %,0.0 %,0,0,0.0 %,0.0 %,25.0 %,100.0 %,25.0 %,100.0 %,25.0 %,100.0 %,5,11,0,0,25.0 %,100.0 %
SHY,4d RSI SHY LT11 - L SHY,0.2 %,0.1 %,119,39,10.0 %,5.5 %,2.4 %,1.4 %,-0.0 %,-0.0 %,4,1,0.3,0.1,75.0 %,100.0 %,2.3,,30,40,0.1 %,0.1 %,3.2,13,1,0,3,1,1,0,3,1,1,0,3,1,3,,3,1,7,,2,0,-40,0,-0.0 %,0.0 %,-40,0,-0.0 %,0.0 %,-40,0,-0.0 %,0.0 %,75.0 %,100.0 %,75.0 %,100.0 %,75.0 %,100.0 %,46,40,-20,0,75.0 %,100.0 %
SHYG,6d RSI SHYG LT19 - L SHYG,0.3 %,7.3 %,163,3659,8.3 %,5.1 %,3.9 %,142.4 %,-0.2 %,-2.4 %,2,5,0.2,0.4,50.0 %,80.0 %,2.9,5.4,81,718,0.2 %,1.4 %,2.5,1.6,1,1,1,3,1,1,1,2,1,0,1,2,1,4,1,4,2.9,21.8,0.7,2.6,-176,-173,-0.2 %,-0.3 %,-176,-173,-0.2 %,-0.3 %,-176,0,-0.2 %,0.0 %,50.0 %,80.0 %,50.0 %,80.0 %,50.0 %,75.0 %,250,940,-88,-173,50.0 %,100.0 %
SJB,13d RSI SJB LT25 - L SJB,-0.2 %,2.6 %,-96,1276,100.0 %,6.7 %,-0.2 %,38.0 %,0.0 %,-0.4 %,1,4,0.1,0.3,0.0 %,100.0 %,0,,-96,317,-0.2 %,0.6 %,9,2.2,1,0,0,4,1,0,0,4,1,0,0,3,0,,0,4,0,,0,3.9,-192,0,-0.2 %,0.0 %,-192,0,-0.2 %,0.0 %,-192,0,-0.2 %,0.0 %,0.0 %,100.0 %,0.0 %,100.0 %,0.0 %,100.0 %,0,317,-96,0,0.0 %,100.0 %
SJNK,4d RSI SJNK LT11 - L SJNK,0.0 %,3.4 %,2,1668,10.4 %,5.5 %,0.0 %,60.3 %,-0.5 %,-2.7 %,2,5,0.2,0.4,50.0 %,80.0 %,1,2.8,1,331,0.0 %,0.7 %,3.5,1.8,1,1,1,3,1,1,1,3,1,0,1,3,1,4,1,4,1,11.1,0,2.5,-495,-164,-0.5 %,-0.3 %,-495,-164,-0.5 %,-0.3 %,-495,0,-0.5 %,0.0 %,50.0 %,80.0 %,50.0 %,80.0 %,50.0 %,80.0 %,249,455,-247,-164,50.0 %,100.0 %
SKYY,9d RSI SKYY LT26 - L SKYY,10.2 %,20.4 %,5094,10133,5.1 %,5.5 %,200.7 %,366.2 %,0.0 %,-8.2 %,3,5,0.2,0.4,100.0 %,80.0 %,,2.6,1698,1918,3.4 %,3.8 %,2.3,1.8,0,1,3,4,0,1,3,3,0,0,3,2,,4,3,4,,10.3,6.7,2.4,0,-1032,0.0 %,-2.1 %,0,-1032,0.0 %,-2.1 %,0,0,0.0 %,0.0 %,100.0 %,80.0 %,100.0 %,80.0 %,100.0 %,75.0 %,1698,2655,0,-1032,100.0 %,100.0 %
SMH,3d RSI SMH LT24 - L SMH,17.4 %,46.6 %,8685,23204,22.1 %,17.8 %,78.7 %,260.9 %,-1.5 %,-10.5 %,13,12,1.1,1,61.5 %,83.3 %,3.2,1.7,668,1645,1.3 %,3.3 %,2.9,2.8,2,1,3,7,2,1,3,6,1,1,3,6,1.6,5,8,10,5.2,8.6,2.4,3.5,-1706,-1777,-1.7 %,-3.5 %,-1706,-1777,-1.7 %,-3.5 %,-577,-1777,-0.6 %,-3.5 %,61.5 %,83.3 %,61.5 %,83.3 %,61.5 %,81.8 %,1345,2236,-415,-1307,77.8 %,87.5 %
SOXS,4d RSI SOXS LT14 - L SOXS,-4.5 %,75.7 %,-2270,37711,14.5 %,9.9 %,-31.2 %,763.3 %,-14.4 %,-12.5 %,7,6,0.6,0.5,71.4 %,83.3 %,0.3,3.3,-324,5064,-0.6 %,10.1 %,3.4,3.2,1,1,5,5,1,1,5,5,1,1,4,4,2.5,5,5,5,0.8,16.5,-0.2,3.2,-16058,-1961,-16.1 %,-3.9 %,-16058,-1961,-16.1 %,-3.9 %,-16058,-1961,-16.1 %,-3.9 %,71.4 %,83.3 %,71.4 %,83.3 %,71.4 %,83.3 %,1804,6469,-5644,-1961,66.7 %,80.0 %
SOXX,7d RSI SOXX LT28 - L SOXX,7.8 %,27.6 %,3912,13747,14.0 %,5.5 %,55.8 %,496.9 %,0.0 %,-8.2 %,4,5,0.3,0.4,100.0 %,100.0 %,,,978,2525,2.0 %,5.0 %,2.8,1.8,0,0,4,5,0,0,4,4,0,0,4,3,,,4,5,,,2.7,3.3,0,0,0.0 %,0.0 %,0,0,0.0 %,0.0 %,0,0,0.0 %,0.0 %,100.0 %,100.0 %,100.0 %,100.0 %,100.0 %,100.0 %,978,2525,0,0,100.0 %,100.0 %
SOYB,3d RSI SOYB LT10 - L SOYB,16.4 %,0.6 %,8215,313,14.2 %,13.0 %,115.5 %,4.8 %,-0.4 %,-5.7 %,8,8,0.7,0.7,87.5 %,75.0 %,5,0.4,1027,46,2.1 %,0.1 %,3,3.1,1,1,5,4,1,1,5,4,1,2,4,3,7,3,7,6,35.1,1.1,3.6,0.2,-482,-1452,-0.5 %,-2.9 %,-482,-1452,-0.5 %,-2.9 %,-482,-2114,-0.5 %,-4.2 %,87.5 %,75.0 %,87.5 %,75.0 %,87.5 %,75.0 %,1208,500,-241,-1318,85.7 %,60.0 %
SPAB,14d RSI SPAB LT42 - L SPAB,-0.4 %,4.0 %,-224,1974,35.4 %,12.2 %,-1.3 %,32.2 %,-2.2 %,-7.2 %,15,7,1.2,0.6,53.3 %,100.0 %,0.7,,-15,279,-0.0 %,0.6 %,4.9,3.4,3,0,4,7,3,0,4,7,3,0,2,4,1.1,,8,7,0.8,,-0.2,3.1,-2185,0,-2.2 %,0.0 %,-1988,0,-2.0 %,0.0 %,-2065,0,-2.1 %,0.0 %,53.3 %,100.0 %,53.3 %,100.0 %,50.0 %,100.0 %,157,279,-211,0,50.0 %,100.0 %
SPDN,19d RSI SPDN LT30 - L SPDN,-0.2 %,1.5 %,-122,746,4.7 %,5.9 %,-5.2 %,25.2 %,-0.2 %,-3.1 %,2,4,0.2,0.3,0.0 %,75.0 %,0,2.9,-61,187,-0.1 %,0.4 %,2.5,2.8,2,1,0,2,2,0,0,3,2,0,0,2,0,3,0,3,0,8.6,-1.4,2,-244,-98,-0.2 %,-0.2 %,-244,0,-0.2 %,0.0 %,-244,0,-0.2 %,0.0 %,0.0 %,75.0 %,0.0 %,75.0 %,0.0 %,100.0 %,0,282,-61,-98,0.0 %,100.0 %
SPEM,15d RSI SPEM LT30 - L SPEM,5.0 %,26.4 %,2486,13170,10.4 %,5.1 %,47.7 %,512.6 %,0.0 %,-3.5 %,2,5,0.2,0.4,100.0 %,100.0 %,,,1243,2410,2.5 %,4.8 %,4,1.6,0,0,2,5,0,0,2,4,0,0,2,1,,,2,5,,,22.5,5.9,0,0,0.0 %,0.0 %,0,0,0.0 %,0.0 %,0,0,0.0 %,0.0 %,100.0 %,100.0 %,100.0 %,100.0 %,100.0 %,100.0 %,1243,2410,0,0,100.0 %,100.0 %
SPGM,6d RSI SPGM LT19 - L SPGM,2.4 %,11.2 %,1193,5592,17.5 %,5.1 %,13.6 %,217.7 %,0.0 %,-7.2 %,2,4,0.2,0.3,100.0 %,75.0 %,,2,597,1379,1.2 %,2.8 %,4,2.2,0,1,2,3,0,1,2,2,0,0,2,2,,3,2,3,,6.1,2.4,1.5,0,-1077,0.0 %,-2.1 %,0,-1077,0.0 %,-2.1 %,0,0,0.0 %,0.0 %,100.0 %,75.0 %,100.0 %,75.0 %,100.0 %,66.7 %,597,2198,0,-1077,100.0 %,100.0 %
SPHB,5d RSI SPHB LT18 - L SPHB,9.8 %,21.9 %,4879,10889,5.0 %,5.9 %,194.3 %,367.3 %,0.0 %,-8.9 %,5,5,0.4,0.4,100.0 %,80.0 %,,3,976,2058,2.0 %,4.1 %,1.2,2,0,1,5,3,0,1,5,2,0,0,5,3,,4,5,4,,12.2,4.2,2.2,0,-922,0.0 %,-1.8 %,0,-922,0.0 %,-1.8 %,0,0,0.0 %,0.0 %,100.0 %,80.0 %,100.0 %,80.0 %,100.0 %,75.0 %,976,2803,0,-922,100.0 %,100.0 %
SPHD,4d RSI SPHD LT18 - L SPHD,4.9 %,41.0 %,2470,20416,11.5 %,13.0 %,43.0 %,313.1 %,0.0 %,-9.5 %,5,11,0.4,0.9,80.0 %,90.9 %,3.5,1.3,494,1615,1.0 %,3.2 %,1.8,2,1,1,4,8,1,1,4,7,1,0,4,8,4,10,4,10,14,13.3,2.8,3.1,-380,-1439,-0.4 %,-2.9 %,-380,-1439,-0.4 %,-2.9 %,-380,0,-0.4 %,0.0 %,80.0 %,90.9 %,80.0 %,90.9 %,80.0 %,90.0 %,665,1920,-190,-1439,80.0 %,100.0 %
SPHQ,11d RSI SPHQ LT30 - L SPHQ,0.9 %,28.0 %,459,13950,100.0 %,5.9 %,0.9 %,470.6 %,0.0 %,-8.1 %,1,5,0.1,0.4,100.0 %,80.0 %,,13.9,459,2579,0.9 %,5.2 %,2,2,0,1,1,4,0,1,1,3,0,0,1,2,,4,1,4,,55.7,0,2.6,0,-236,0.0 %,-0.5 %,0,-236,0.0 %,-0.5 %,0,0,0.0 %,0.0 %,100.0 %,80.0 %,100.0 %,80.0 %,100.0 %,75.0 %,459,3282,0,-236,100.0 %,100.0 %
SPIP,17d RSI SPIP LT39 - L SPIP,-0.2 %,1.0 %,-78,489,92.9 %,5.5 %,-0.2 %,17.7 %,0.0 %,-5.2 %,3,3,0.2,0.2,66.7 %,100.0 %,0.4,,-26,163,-0.1 %,0.3 %,3.3,3.7,1,0,2,3,1,0,2,3,1,0,1,2,2,,2,3,0.8,,-0.2,3,-729,0,-0.7 %,0.0 %,-729,0,-0.7 %,0.0 %,-729,0,-0.7 %,0.0 %,66.7 %,100.0 %,66.7 %,100.0 %,66.7 %,100.0 %,143,163,-365,0,50.0 %,100.0 %
SPLV,12d RSI SPLV LT30 - L SPLV,2.8 %,17.2 %,1386,8548,5.7 %,5.1 %,49.0 %,332.7 %,0.0 %,-9.3 %,2,5,0.2,0.4,100.0 %,80.0 %,,1.9,693,1638,1.4 %,3.3 %,3.5,1.6,0,1,2,4,0,1,2,4,0,0,2,2,,4,2,4,,7.6,15.6,2.1,0,-1245,0.0 %,-2.5 %,0,-1245,0.0 %,-2.5 %,0,0,0.0 %,0.0 %,100.0 %,80.0 %,100.0 %,80.0 %,100.0 %,80.0 %,693,2359,0,-1245,100.0 %,100.0 %
SPMB,20d RSI SPMB LT53 - L SPMB,-0.1 %,18.2 %,-61,9064,82.4 %,52.2 %,-0.1 %,34.7 %,-1.3 %,-4.3 %,33,24,2.8,2,57.6 %,83.3 %,0.7,19.6,-2,363,-0.0 %,0.7 %,5.2,4.5,3,1,5,7,3,1,6,6,2,0,3,10,1.4,5,19,20,1,98,-0.1,1.5,-1349,-45,-1.3 %,-0.1 %,-1349,-45,-1.3 %,-0.1 %,-452,0,-0.5 %,0.0 %,57.6 %,83.3 %,57.6 %,83.3 %,64.3 %,86.4 %,72,440,-102,-22,63.6 %,100.0 %
SPMO,3d RSI SPMO LT12 - L SPMO,14.0 %,5.5 %,6981,2728,13.4 %,5.9 %,103.9 %,92.0 %,0.0 %,-13.0 %,9,3,0.8,0.2,88.9 %,66.7 %,4.5,1.2,776,953,1.6 %,1.9 %,2,4,1,1,8,2,1,1,8,2,1,0,6,2,8,2,8,2,36.2,2.3,4.3,0.7,-396,-2157,-0.4 %,-4.3 %,-396,-2157,-0.4 %,-4.3 %,-396,0,-0.4 %,0.0 %,88.9 %,66.7 %,88.9 %,66.7 %,88.9 %,66.7 %,897,2509,-198,-2157,85.7 %,100.0 %
SPSB,8d RSI SPSB LT70 - L SPSB,0.7 %,2.0 %,361,976,97.3 %,76.7 %,0.7 %,2.5 %,-0.7 %,-13.4 %,24,25,2,2.1,70.8 %,92.0 %,0.7,0.1,15,43,0.0 %,0.1 %,9.2,6.7,3,1,5,19,3,1,4,16,2,1,8,8,2.4,11.5,17,23,1.7,1.4,1,0.3,-530,-2946,-0.5 %,-5.9 %,-530,-1827,-0.5 %,-3.6 %,-604,-1323,-0.6 %,-2.6 %,70.8 %,92.0 %,70.8 %,92.0 %,66.7 %,90.9 %,52,175,-76,-1473,81.8 %,90.9 %
SPTI,10d RSI SPTI LT33 - L SPTI,-0.7 %,1.8 %,-332,885,27.3 %,8.3 %,-2.4 %,21.3 %,-0.9 %,-0.2 %,9,6,0.8,0.5,33.3 %,100.0 %,1.1,,-37,147,-0.1 %,0.3 %,5.2,2.5,3,0,2,6,3,0,2,6,1,0,1,4,0.5,,3,6,0.5,,-0.8,8.3,-282,0,-0.3 %,0.0 %,-282,0,-0.3 %,0.0 %,-734,0,-0.7 %,0.0 %,33.3 %,100.0 %,33.3 %,100.0 %,33.3 %,100.0 %,134,147,-122,0,50.0 %,100.0 %
SPTL,4d RSI SPTL LT10 - L SPTL,2.2 %,3.4 %,1088,1681,34.2 %,5.5 %,6.4 %,60.8 %,0.0 %,-0.9 %,3,4,0.2,0.3,66.7 %,100.0 %,3.6,,363,417,0.7 %,0.8 %,3.3,2.5,1,0,2,4,1,0,2,4,1,0,1,3,2,,2,4,7.3,,1.6,3.9,-348,0,-0.3 %,0.0 %,-348,0,-0.3 %,0.0 %,-348,0,-0.3 %,0.0 %,66.7 %,100.0 %,66.7 %,100.0 %,66.7 %,100.0 %,631,417,-174,0,50.0 %,100.0 %
SPTM,8d RSI SPTM LT26 - L SPTM,1.0 %,24.6 %,509,12250,100.0 %,5.9 %,1.0 %,413.2 %,0.0 %,-8.7 %,1,5,0.1,0.4,100.0 %,80.0 %,,4.5,509,2293,1.0 %,4.6 %,2,2,0,1,1,4,0,1,1,3,0,0,1,2,,4,1,4,,18.1,0,2.4,0,-669,0.0 %,-1.3 %,0,-669,0.0 %,-1.3 %,0,0,0.0 %,0.0 %,100.0 %,80.0 %,100.0 %,80.0 %,100.0 %,75.0 %,509,3033,0,-669,100.0 %,100.0 %
SPTS,8d RSI SPTS LT33 - L SPTS,0.2 %,0.3 %,76,168,26.2 %,15.0 %,0.6 %,2.2 %,-0.2 %,-0.1 %,7,2,0.6,0.2,71.4 %,100.0 %,0.6,,11,84,0.0 %,0.2 %,7.1,18,1,0,3,2,1,0,3,2,2,0,2,2,2.5,,5,2,1.6,,0.5,2.5,-225,0,-0.2 %,0.0 %,-225,0,-0.2 %,0.0 %,-188,0,-0.2 %,0.0 %,71.4 %,100.0 %,71.4 %,100.0 %,71.4 %,100.0 %,41,84,-66,0,60.0 %,100.0 %
SPXS,11d RSI SPXS LT23 - L SPXS,-1.6 %,7.9 %,-780,3935,5.4 %,5.9 %,-29.0 %,132.7 %,-1.8 %,-9.3 %,2,3,0.2,0.2,50.0 %,100.0 %,0.1,,-390,1288,-0.8 %,2.6 %,3,4,1,0,1,3,1,0,1,3,1,0,1,3,1,,1,3,0.1,,-1.1,3.3,-1818,0,-1.8 %,0.0 %,-1818,0,-1.8 %,0.0 %,-1818,0,-1.8 %,0.0 %,50.0 %,100.0 %,50.0 %,100.0 %,50.0 %,100.0 %,129,1288,-909,0,50.0 %,100.0 %
SPXU,11d RSI SPXU LT23 - L SPXU,-1.2 %,8.4 %,-607,4197,5.4 %,5.9 %,-22.6 %,141.6 %,-1.6 %,-9.2 %,2,3,0.2,0.2,50.0 %,100.0 %,0.2,,-304,1370,-0.6 %,2.7 %,3,4,1,0,1,3,1,0,1,3,1,0,1,3,1,,1,3,0.2,,-0.9,3.9,-1607,0,-1.6 %,0.0 %,-1607,0,-1.6 %,0.0 %,-1607,0,-1.6 %,0.0 %,50.0 %,100.0 %,50.0 %,100.0 %,50.0 %,100.0 %,196,1370,-803,0,50.0 %,100.0 %
SPY,8d RSI SPY LT24 - L SPY,2.1 %,10.4 %,1053,5157,100.0 %,5.1 %,2.1 %,200.7 %,0.0 %,-8.7 %,1,4,0.1,0.3,100.0 %,75.0 %,,3.2,1053,1266,2.1 %,2.5 %,3,2.2,0,1,1,3,0,1,1,2,0,0,1,2,,3,1,3,,9.6,0,1.8,0,-590,0.0 %,-1.2 %,0,-590,0.0 %,-1.2 %,0,0,0.0 %,0.0 %,100.0 %,75.0 %,100.0 %,75.0 %,100.0 %,66.7 %,1053,1884,0,-590,100.0 %,100.0 %
SPYG,10d RSI SPYG LT31 - L SPYG,9.3 %,28.4 %,4663,14135,12.5 %,6.3 %,74.6 %,447.0 %,0.0 %,-8.4 %,5,5,0.4,0.4,100.0 %,80.0 %,,51.6,933,2595,1.9 %,5.2 %,3,2.2,0,1,5,4,0,1,5,3,0,0,4,2,,4,5,4,,206.5,3.8,3.1,0,-63,0.0 %,-0.1 %,0,-63,0.0 %,-0.1 %,0,0,0.0 %,0.0 %,100.0 %,80.0 %,100.0 %,80.0 %,100.0 %,75.0 %,933,3260,0,-63,100.0 %,100.0 %
SPYV,3d RSI SPYV LT24 - L SPYV,8.8 %,34.1 %,4393,16963,26.9 %,23.7 %,32.7 %,143.1 %,-1.8 %,-12.0 %,13,17,1.1,1.4,61.5 %,76.5 %,1.8,1.6,338,891,0.7 %,1.8 %,3.7,2.5,1,2,3,10,1,2,3,9,1,1,3,7,1.6,3.2,8,13,2.9,5.1,1.6,2.5,-1877,-577,-1.9 %,-1.1 %,-1877,-577,-1.9 %,-1.1 %,-1877,-395,-1.9 %,-0.8 %,61.5 %,76.5 %,61.5 %,76.5 %,61.5 %,75.0 %,844,1447,-472,-915,72.7 %,80.0 %
SPYX,8d RSI SPYX LT25 - L SPYX,2.0 %,13.5 %,984,6738,100.0 %,5.1 %,2.0 %,262.3 %,0.0 %,-8.5 %,1,4,0.1,0.3,100.0 %,75.0 %,,3.5,984,1649,2.0 %,3.3 %,3,2.2,0,1,1,3,0,1,1,2,0,0,1,2,,3,1,3,,10.5,0,1.7,0,-695,0.0 %,-1.4 %,0,-695,0.0 %,-1.4 %,0,0,0.0 %,0.0 %,100.0 %,75.0 %,100.0 %,75.0 %,100.0 %,66.7 %,984,2431,0,-695,100.0 %,100.0 %
SQQQ,10d RSI SQQQ LT21 - L SQQQ,-1.8 %,19.5 %,-914,9696,10.8 %,5.9 %,-17.0 %,327.1 %,-1.7 %,-8.4 %,2,3,0.2,0.2,0.0 %,66.7 %,0,4.8,-457,3171,-0.9 %,6.3 %,3.5,4,2,1,0,2,2,1,0,2,2,1,0,2,0,2,0,2,0,9.6,-1.6,1.6,-1828,-1106,-1.8 %,-2.2 %,-1828,-1106,-1.8 %,-2.2 %,-1828,-1106,-1.8 %,-2.2 %,0.0 %,66.7 %,0.0 %,66.7 %,0.0 %,66.7 %,0,5309,-457,-1106,0.0 %,66.7 %
SRLN,4d RSI SRLN LT14 - L SRLN,0.7 %,13.6 %,351,6763,24.0 %,7.1 %,2.9 %,190.1 %,0.0 %,-2.1 %,3,6,0.2,0.5,100.0 %,83.3 %,,2.4,117,1090,0.2 %,2.2 %,7,2,0,1,3,5,0,1,3,4,0,0,3,3,,5,3,5,,11.9,4.3,2,0,-601,0.0 %,-1.2 %,0,-601,0.0 %,-1.2 %,0,0,0.0 %,0.0 %,100.0 %,83.3 %,100.0 %,83.3 %,100.0 %,80.0 %,117,1428,0,-601,100.0 %,100.0 %
STIP,20d RSI STIP LT70 - L STIP,4.3 %,0.7 %,2174,356,86.5 %,75.5 %,5.0 %,0.9 %,-0.5 %,-5.2 %,57,49,4.8,4.1,75.4 %,79.6 %,1.4,0.3,38,8,0.1 %,0.0 %,2.4,2.9,2,2,14,12,2,2,7,14,1,1,7,8,3.1,3.9,43,39,4.2,1.2,4.2,0.2,-412,-82,-0.4 %,-0.2 %,-397,-82,-0.4 %,-0.2 %,-334,-1075,-0.3 %,-2.1 %,75.4 %,79.6 %,75.4 %,79.6 %,73.7 %,78.4 %,66,60,-48,-194,90.9 %,90.9 %
SUB,7d RSI SUB LT57 - L SUB,0.8 %,0.5 %,378,245,81.4 %,54.9 %,0.9 %,0.9 %,-0.4 %,-9.2 %,25,29,2.1,2.4,80.0 %,89.7 %,0.5,0.1,15,11,0.0 %,0.0 %,7,3.7,1,2,6,16,1,1,6,13,1,1,4,9,4,8.7,20,26,1.9,1.1,1.2,0.1,-382,0,-0.4 %,0.0 %,-382,-1188,-0.4 %,-2.4 %,-382,-1188,-0.4 %,-2.4 %,80.0 %,89.7 %,80.0 %,89.7 %,79.2 %,91.7 %,40,97,-86,-735,70.0 %,90.9 %
SUSB,10d RSI SUSB LT65 - L SUSB,-0.4 %,4.4 %,-176,2205,96.1 %,83.0 %,-0.4 %,5.3 %,-1.4 %,-12.5 %,29,21,2.4,1.7,62.1 %,90.5 %,0.5,0.2,-6,111,-0.0 %,0.2 %,7.3,9,5,1,8,10,5,1,8,8,3,1,3,4,1.6,9.5,18,19,0.9,1.6,-0.3,0.6,-840,-3682,-0.8 %,-7.4 %,-840,-2875,-0.8 %,-5.8 %,-1197,-1746,-1.2 %,-3.5 %,62.1 %,90.5 %,62.1 %,90.5 %,63.0 %,89.5 %,58,317,-111,-1841,58.3 %,80.0 %
TAIL,4d RSI TAIL LT11 - L TAIL,1.3 %,3.3 %,659,1661,9.7 %,5.9 %,13.6 %,56.0 %,0.0 %,-0.4 %,3,4,0.2,0.3,100.0 %,100.0 %,,,220,412,0.4 %,0.8 %,4.7,2.8,0,0,3,4,0,0,3,4,0,0,3,4,,,3,4,,,4,4.8,0,0,0.0 %,0.0 %,0,0,0.0 %,0.0 %,0,0,0.0 %,0.0 %,100.0 %,100.0 %,100.0 %,100.0 %,100.0 %,100.0 %,220,412,0,0,100.0 %,100.0 %
TBLL,19d RSI TBLL LT46 - L TBLL,0.0 %,0.0 %,6,22,87.9 %,18.6 %,0.0 %,0.2 %,0.0 %,-0.0 %,2,1,0.2,0.1,50.0 %,100.0 %,,,3,22,0.0 %,0.0 %,52.5,46,1,0,1,1,1,0,1,1,0,0,1,1,1,,1,1,,,1.4,0,0,0,0.0 %,0.0 %,0,0,0.0 %,0.0 %,0,0,0.0 %,0.0 %,50.0 %,100.0 %,50.0 %,100.0 %,50.0 %,100.0 %,6,22,0,0,100.0 %,100.0 %
TDTF,21d RSI TDTF LT70 - L TDTF,2.1 %,6.3 %,1073,3156,93.7 %,87.8 %,2.3 %,7.2 %,-1.9 %,-9.9 %,55,56,4.6,4.7,69.1 %,75.0 %,0.6,0.6,20,56,0.0 %,0.1 %,3.2,3,3,3,8,7,3,3,8,7,2,1,3,5,2.2,3,38,42,1.4,1.9,0.9,1.3,-1914,-162,-1.9 %,-0.3 %,-1689,-162,-1.7 %,-0.3 %,-1730,-1314,-1.7 %,-2.6 %,69.1 %,75.0 %,69.1 %,75.0 %,65.0 %,69.2 %,108,154,-178,-239,50.0 %,83.3 %
TDTT,20d RSI TDTT LT70 - L TDTT,4.3 %,3.2 %,2174,1579,82.7 %,83.0 %,5.3 %,3.8 %,-0.9 %,-7.0 %,50,43,4.2,3.6,72.0 %,74.4 %,1.1,0.5,43,38,0.1 %,0.1 %,3.1,3.9,3,2,9,6,4,2,12,8,1,1,5,9,2.6,2.9,36,32,2.9,1.6,3,0.7,-574,-148,-0.6 %,-0.3 %,-334,-98,-0.3 %,-0.2 %,-94,-832,-0.1 %,-1.7 %,72.0 %,74.4 %,72.0 %,74.4 %,73.2 %,75.8 %,91,143,-80,-267,83.3 %,91.7 %
THD,6d RSI THD LT12 - L THD,-2.2 %,1.3 %,-1105,634,6.6 %,5.5 %,-33.5 %,22.9 %,-1.0 %,-7.7 %,2,3,0.2,0.2,0.0 %,66.7 %,0,0.7,-553,239,-1.1 %,0.5 %,2.5,3.7,2,1,0,1,2,1,0,1,2,0,0,2,0,2,0,2,0,1.4,-9.8,0.2,-2210,-1755,-2.2 %,-3.5 %,-2210,-1755,-2.2 %,-3.5 %,-2210,0,-2.2 %,0.0 %,0.0 %,66.7 %,0.0 %,66.7 %,0.0 %,66.7 %,0,1237,-553,-1755,0.0 %,100.0 %
TIP,21d RSI TIP LT55 - L TIP,3.6 %,4.9 %,1784,2461,49.4 %,30.8 %,7.2 %,16.0 %,-1.4 %,-7.9 %,32,23,2.7,1.9,65.6 %,78.3 %,1.1,1,56,106,0.1 %,0.2 %,2.9,2.4,3,2,10,7,3,3,8,10,1,1,6,6,1.9,3.6,21,18,2,3.7,1.5,2.1,-1028,-174,-1.0 %,-0.3 %,-1028,-275,-1.0 %,-0.6 %,-1426,-284,-1.4 %,-0.6 %,65.6 %,78.3 %,65.6 %,78.3 %,68.0 %,77.8 %,167,185,-157,-180,72.7 %,87.5 %
TIPX,19d RSI TIPX LT54 - L TIPX,1.5 %,0.6 %,766,304,45.6 %,22.1 %,3.4 %,2.7 %,-0.7 %,-5.5 %,26,11,2.2,0.9,69.2 %,81.8 %,0.8,0.3,29,30,0.1 %,0.1 %,2.9,4.1,3,1,7,7,4,1,5,7,2,1,3,6,2.2,4.5,18,9,1.8,1.2,1.3,0.2,-706,-1371,-0.7 %,-2.7 %,-588,-1371,-0.6 %,-2.7 %,-705,-985,-0.7 %,-2.0 %,69.2 %,81.8 %,69.2 %,81.8 %,61.9 %,81.8 %,97,209,-122,-775,66.7 %,85.7 %
TLH,12d RSI TLH LT32 - L TLH,-2.1 %,3.6 %,-1033,1796,22.5 %,7.1 %,-9.2 %,50.5 %,-4.0 %,-0.8 %,9,5,0.8,0.4,44.4 %,100.0 %,0.7,,-115,356,-0.2 %,0.7 %,3.8,2.6,3,0,2,5,4,0,2,5,2,0,1,4,0.8,,4,5,0.6,,-0.6,4,-3395,0,-3.4 %,0.0 %,-3980,0,-4.0 %,0.0 %,-3980,0,-4.0 %,0.0 %,44.4 %,100.0 %,44.4 %,100.0 %,37.5 %,100.0 %,360,356,-495,0,50.0 %,100.0 %
TLT,4d RSI TLT LT10 - L TLT,2.5 %,3.6 %,1237,1788,34.2 %,5.5 %,7.2 %,64.6 %,0.0 %,-1.0 %,3,4,0.2,0.3,66.7 %,100.0 %,4.2,,412,443,0.8 %,0.9 %,3.3,2.5,1,0,2,4,1,0,2,4,1,0,1,3,2,,2,4,8.5,,1.7,4.1,-331,0,-0.3 %,0.0 %,-331,0,-0.3 %,0.0 %,-331,0,-0.3 %,0.0 %,66.7 %,100.0 %,66.7 %,100.0 %,66.7 %,100.0 %,701,443,-165,0,50.0 %,100.0 %
TMF,20d RSI TMF LT38 - L TMF,-13.3 %,10.7 %,-6646,5313,28.0 %,5.9 %,-47.5 %,179.2 %,-23.9 %,-3.9 %,12,4,1,0.3,50.0 %,100.0 %,0.5,,-554,1293,-1.1 %,2.6 %,3.5,2.8,5,0,3,4,4,0,3,4,2,0,2,3,1,,6,4,0.5,,-1.1,2.5,-24312,0,-24.3 %,0.0 %,-24312,0,-24.3 %,0.0 %,-21355,0,-21.4 %,0.0 %,50.0 %,100.0 %,50.0 %,100.0 %,50.0 %,100.0 %,1025,1293,-2132,0,60.0 %,100.0 %
TOTL,21d RSI TOTL LT52 - L TOTL,2.1 %,4.6 %,1071,2287,70.8 %,36.0 %,3.0 %,12.7 %,-1.0 %,-4.7 %,36,14,3,1.2,72.2 %,85.7 %,0.7,6,30,161,0.1 %,0.3 %,3.9,5.5,1,2,6,10,3,2,6,9,2,1,6,5,2.6,6,26,12,1.7,35.8,1.3,5.8,-772,-65,-0.8 %,-0.1 %,-874,-65,-0.9 %,-0.1 %,-720,-65,-0.7 %,-0.1 %,72.2 %,85.7 %,72.2 %,85.7 %,65.5 %,84.6 %,100,193,-154,-32,75.0 %,85.7 %
TWM,5d RSI TWM LT13 - L TWM,4.8 %,7.5 %,2400,3735,4.6 %,5.1 %,104.5 %,145.4 %,0.0 %,-2.6 %,2,3,0.2,0.2,100.0 %,100.0 %,,,1200,1222,2.4 %,2.4 %,3,3.3,0,0,2,3,0,0,2,3,0,0,2,3,,,2,3,,,2.5,4.8,0,0,0.0 %,0.0 %,0,0,0.0 %,0.0 %,0,0,0.0 %,0.0 %,100.0 %,100.0 %,100.0 %,100.0 %,100.0 %,100.0 %,1200,1222,0,0,100.0 %,100.0 %
TZA,4d RSI TZA LT10 - L TZA,5.3 %,25.8 %,2640,12849,5.6 %,7.5 %,94.6 %,342.2 %,0.0 %,-4.4 %,2,5,0.2,0.4,100.0 %,100.0 %,,,1320,2379,2.6 %,4.8 %,4,2.8,0,0,2,5,0,0,2,5,0,0,2,5,,,2,5,,,2,3,0,0,0.0 %,0.0 %,0,0,0.0 %,0.0 %,0,0,0.0 %,0.0 %,100.0 %,100.0 %,100.0 %,100.0 %,100.0 %,100.0 %,1320,2379,0,0,100.0 %,100.0 %
UDN,4d RSI UDN LT11 - L UDN,0.1 %,1.7 %,31,834,10.6 %,6.3 %,0.6 %,26.4 %,-0.7 %,-0.9 %,3,4,0.2,0.3,66.7 %,75.0 %,0.5,2.7,10,209,0.0 %,0.4 %,2,3,1,1,1,2,1,1,1,2,1,1,1,2,2,3,2,3,1.1,8.2,0.1,1.3,-699,-116,-0.7 %,-0.2 %,-699,-116,-0.7 %,-0.2 %,-699,-116,-0.7 %,-0.2 %,66.7 %,75.0 %,66.7 %,75.0 %,66.7 %,75.0 %,190,317,-350,-116,66.7 %,75.0 %
UGL,10d RSI UGL LT27 - L UGL,0.1 %,19.1 %,44,9495,14.3 %,5.1 %,0.6 %,369.6 %,-0.8 %,-4.3 %,4,4,0.3,0.3,50.0 %,100.0 %,1,,11,2280,0.0 %,4.6 %,3.2,2.2,1,0,2,4,1,0,2,4,1,0,1,3,1,,2,4,1,,0,2,-1375,0,-1.4 %,0.0 %,-1375,0,-1.4 %,0.0 %,-1375,0,-1.4 %,0.0 %,50.0 %,100.0 %,50.0 %,100.0 %,50.0 %,100.0 %,579,2280,-557,0,33.3 %,100.0 %
UITB,16d RSI UITB LT41 - L UITB,-1.7 %,0.1 %,-870,48,29.4 %,11.1 %,-5.9 %,0.9 %,-2.3 %,-6.2 %,11,7,0.9,0.6,36.4 %,85.7 %,0.8,0.2,-79,11,-0.2 %,0.0 %,4.5,3,4,1,2,6,6,1,2,4,4,1,1,3,0.6,6,4,6,0.5,1.1,-1.1,0,-1174,-1577,-1.2 %,-3.1 %,-2250,-715,-2.3 %,-1.4 %,-2552,-715,-2.6 %,-1.4 %,36.4 %,85.7 %,36.4 %,85.7 %,30.0 %,80.0 %,183,276,-229,-1577,20.0 %,75.0 %
ULST,21d RSI ULST LT70 - L ULST,0.4 %,1.5 %,205,736,100.0 %,86.6 %,0.4 %,1.7 %,-0.2 %,-6.5 %,11,37,0.9,3.1,81.8 %,94.6 %,0.6,0.1,19,22,0.0 %,0.0 %,21,4.9,2,1,9,25,2,1,9,19,2,1,6,9,4.5,17.5,9,35,2.8,1.3,1.5,0.3,-233,-2467,-0.2 %,-4.9 %,-233,-2467,-0.2 %,-4.9 %,-233,-1945,-0.2 %,-3.9 %,81.8 %,94.6 %,81.8 %,94.6 %,81.8 %,93.5 %,36,93,-58,-1233,75.0 %,91.7 %
URTH,8d RSI URTH LT23 - L URTH,3.8 %,12.2 %,1913,6096,100.0 %,5.1 %,3.8 %,237.3 %,0.0 %,-7.5 %,1,4,0.1,0.3,100.0 %,75.0 %,,2.8,1913,1497,3.8 %,3.0 %,4,2.2,0,1,1,3,0,1,1,2,0,0,1,2,,3,1,3,,8.3,0,1.6,0,-820,0.0 %,-1.6 %,0,-820,0.0 %,-1.6 %,0,0,0.0 %,0.0 %,100.0 %,75.0 %,100.0 %,75.0 %,100.0 %,66.7 %,1913,2269,0,-820,100.0 %,100.0 %
USDU,20d RSI USDU LT34 - L USDU,0.6 %,2.9 %,300,1445,100.0 %,9.9 %,0.6 %,29.2 %,0.0 %,-0.9 %,1,7,0.1,0.6,100.0 %,85.7 %,,2.6,300,205,0.6 %,0.4 %,2,2.6,0,1,1,6,0,1,1,5,0,0,1,4,,6,1,6,,15.5,0,2.6,0,-99,0.0 %,-0.2 %,0,-99,0.0 %,-0.2 %,0,0,0.0 %,0.0 %,100.0 %,85.7 %,100.0 %,85.7 %,100.0 %,83.3 %,300,256,0,-99,100.0 %,100.0 %
USHY,4d RSI USHY LT12 - L USHY,-0.1 %,9.3 %,-32,4628,27.0 %,6.3 %,-0.2 %,146.4 %,-0.2 %,-2.6 %,2,6,0.2,0.5,50.0 %,83.3 %,0.7,50.3,-16,749,-0.0 %,1.5 %,3.5,1.7,1,1,1,4,1,1,1,3,1,0,1,3,1,5,1,5,0.7,251.6,-0.3,3.3,-195,-18,-0.2 %,-0.0 %,-195,-18,-0.2 %,-0.0 %,-195,0,-0.2 %,0.0 %,50.0 %,83.3 %,50.0 %,83.3 %,50.0 %,80.0 %,65,902,-97,-18,50.0 %,100.0 %
USMC,10d RSI USMC LT29 - L USMC,0.8 %,13.4 %,391,6667,100.0 %,5.1 %,0.8 %,259.5 %,0.0 %,-8.5 %,1,4,0.1,0.3,100.0 %,75.0 %,,4.3,391,1640,0.8 %,3.3 %,2,2.2,0,1,1,3,0,1,1,2,0,0,1,2,,3,1,3,,12.8,0,1.5,0,-555,0.0 %,-1.1 %,0,-555,0.0 %,-1.1 %,0,0,0.0 %,0.0 %,100.0 %,75.0 %,100.0 %,75.0 %,100.0 %,66.7 %,391,2371,0,-555,100.0 %,100.0 %
USMV,3d RSI USMV LT13 - L USMV,0.9 %,9.7 %,444,4832,88.9 %,8.3 %,1.0 %,116.4 %,0.0 %,-11.4 %,2,5,0.2,0.4,50.0 %,80.0 %,3.2,0.8,222,979,0.4 %,2.0 %,7,3.2,1,1,1,4,1,1,1,4,1,0,1,3,1,4,1,4,3.2,3.1,0.7,1,-397,-2360,-0.4 %,-4.7 %,-397,-2360,-0.4 %,-4.7 %,-397,0,-0.4 %,0.0 %,50.0 %,80.0 %,50.0 %,80.0 %,50.0 %,80.0 %,643,1814,-198,-2360,50.0 %,100.0 %
USRT,5d RSI USRT LT21 - L USRT,0.6 %,29.8 %,300,14835,100.0 %,7.1 %,0.6 %,417.0 %,0.0 %,-5.5 %,1,6,0.1,0.5,100.0 %,100.0 %,,,300,2247,0.6 %,4.5 %,2,2,0,0,1,6,0,0,1,5,0,0,1,3,,,1,6,,,0,3.3,0,0,0.0 %,0.0 %,0,0,0.0 %,0.0 %,0,0,0.0 %,0.0 %,100.0 %,100.0 %,100.0 %,100.0 %,100.0 %,100.0 %,300,2247,0,0,100.0 %,100.0 %
USTB,20d RSI USTB LT56 - L USTB,1.4 %,0.1 %,723,31,69.0 %,19.0 %,2.1 %,0.3 %,-0.2 %,-4.4 %,26,14,2.2,1.2,65.4 %,92.9 %,2.5,0.1,28,5,0.1 %,0.0 %,4.5,2.4,3,1,8,13,3,1,12,7,1,1,6,4,1.9,13,17,13,4.7,1,3,0,-163,-1833,-0.2 %,-3.7 %,-163,-1378,-0.2 %,-2.8 %,-47,-1189,-0.0 %,-2.4 %,65.4 %,92.9 %,65.4 %,92.9 %,72.7 %,87.5 %,54,146,-22,-1833,77.8 %,80.0 %
UTES,5d RSI UTES LT20 - L UTES,-3.2 %,15.6 %,-1578,7754,12.0 %,5.5 %,-26.2 %,280.2 %,-2.8 %,-10.1 %,2,5,0.2,0.4,0.0 %,80.0 %,0,7.1,-789,1494,-1.6 %,3.0 %,8.5,1.8,2,1,0,3,2,1,0,3,2,0,0,3,0,4,0,4,0,28.2,-1.8,2,-3156,-274,-3.2 %,-0.6 %,-3156,-274,-3.2 %,-0.6 %,-3156,0,-3.2 %,0.0 %,0.0 %,80.0 %,0.0 %,80.0 %,0.0 %,80.0 %,0,1936,-789,-274,0.0 %,100.0 %
UVXY,4d RSI UVXY LT11 - L UVXY,-20.7 %,29.4 %,-10368,14618,24.4 %,5.5 %,-85.0 %,528.3 %,-11.6 %,-4.4 %,3,3,0.2,0.2,33.3 %,100.0 %,0.9,,-3456,4485,-6.9 %,9.0 %,12.3,3.7,1,0,1,3,1,0,1,3,1,0,1,3,0.5,,1,3,0.4,,-0.7,9.6,-26667,0,-26.7 %,0.0 %,-26667,0,-26.7 %,0.0 %,-26667,0,-26.7 %,0.0 %,33.3 %,100.0 %,33.3 %,100.0 %,33.3 %,100.0 %,8170,4485,-9269,0,33.3 %,100.0 %
VCSH,21d RSI VCSH LT69 - L VCSH,-0.3 %,0.3 %,-173,147,100.0 %,79.0 %,-0.3 %,0.4 %,-1.2 %,-12.7 %,49,47,4.1,3.9,73.5 %,89.4 %,0.3,0.1,-4,7,-0.0 %,0.0 %,4.1,3.3,4,1,12,15,4,1,8,13,2,1,4,5,2.8,8.4,36,42,0.9,1.1,-0.3,0.1,-521,-3708,-0.5 %,-7.4 %,-521,-2540,-0.5 %,-5.1 %,-973,-2380,-1.0 %,-4.8 %,73.5 %,89.4 %,73.5 %,89.4 %,65.8 %,86.5 %,33,100,-105,-776,58.3 %,83.3 %
VDC,10d RSI VDC LT33 - L VDC,3.4 %,29.4 %,1713,14624,13.4 %,7.5 %,25.6 %,389.4 %,-0.2 %,-9.6 %,4,6,0.3,0.5,75.0 %,83.3 %,5.2,3.4,428,2240,0.9 %,4.5 %,5.8,2.2,1,1,2,5,1,1,2,5,1,0,2,3,3,5,3,5,15.7,16.9,2.5,2.4,-233,-846,-0.2 %,-1.7 %,-233,-846,-0.2 %,-1.7 %,-233,0,-0.2 %,0.0 %,75.0 %,83.3 %,75.0 %,83.3 %,75.0 %,83.3 %,610,2857,-116,-846,75.0 %,100.0 %
VEA,3d RSI VEA LT11 - L VEA,2.7 %,10.4 %,1357,5188,11.2 %,9.1 %,24.3 %,114.1 %,-2.5 %,-7.6 %,7,7,0.6,0.6,71.4 %,85.7 %,0.8,0.6,194,732,0.4 %,1.5 %,2.4,2.3,1,1,5,4,1,1,5,3,1,0,5,5,2.5,6,5,6,2,3.6,0.8,1.4,-2619,-1969,-2.6 %,-3.9 %,-2619,-1969,-2.6 %,-3.9 %,-2619,0,-2.6 %,0.0 %,71.4 %,85.7 %,71.4 %,85.7 %,71.4 %,83.3 %,538,1182,-667,-1969,71.4 %,100.0 %
VFH,7d RSI VFH LT21 - L VFH,6.9 %,19.6 %,3466,9752,5.7 %,5.1 %,121.8 %,379.6 %,0.0 %,-9.7 %,2,4,0.2,0.3,100.0 %,75.0 %,,2.4,1733,2357,3.5 %,4.7 %,2.5,2.2,0,1,2,3,0,1,2,2,0,0,2,2,,3,2,3,,7.1,4.6,1.7,0,-1538,0.0 %,-3.1 %,0,-1538,0.0 %,-3.1 %,0,0,0.0 %,0.0 %,100.0 %,75.0 %,100.0 %,75.0 %,100.0 %,66.7 %,1733,3656,0,-1538,100.0 %,100.0 %
VGIT,13d RSI VGIT LT35 - L VGIT,-1.2 %,1.1 %,-600,575,25.0 %,5.5 %,-4.8 %,20.8 %,-1.3 %,-0.2 %,10,5,0.8,0.4,40.0 %,100.0 %,0.4,,-60,115,-0.1 %,0.2 %,4.1,1.8,2,0,2,5,2,0,2,5,1,0,1,3,0.7,,4,5,0.3,,-1.7,3.4,-927,0,-0.9 %,0.0 %,-927,0,-0.9 %,0.0 %,-1080,0,-1.1 %,0.0 %,40.0 %,100.0 %,40.0 %,100.0 %,40.0 %,100.0 %,55,115,-137,0,50.0 %,100.0 %
VGK,4d RSI VGK LT12 - L VGK,-2.0 %,6.5 %,-977,3223,13.1 %,7.1 %,-14.9 %,90.6 %,-3.4 %,-8.3 %,3,5,0.2,0.4,33.3 %,80.0 %,0.9,0.6,-326,660,-0.7 %,1.3 %,4,2.6,2,1,1,3,2,1,1,3,2,0,1,4,0.5,4,1,4,0.4,2.5,-0.7,0.9,-3433,-2173,-3.4 %,-4.3 %,-3433,-2173,-3.4 %,-4.3 %,-3433,0,-3.4 %,0.0 %,33.3 %,80.0 %,33.3 %,80.0 %,33.3 %,80.0 %,740,1368,-858,-2173,33.3 %,100.0 %
VGLT,6d RSI VGLT LT17 - L VGLT,1.8 %,3.3 %,881,1652,44.7 %,5.5 %,3.9 %,59.7 %,0.0 %,-1.0 %,4,4,0.3,0.3,75.0 %,100.0 %,1.9,,220,410,0.4 %,0.8 %,3.2,2.5,1,0,3,4,1,0,3,4,1,0,1,3,3,,3,4,5.8,,1.7,3.6,-368,0,-0.4 %,0.0 %,-368,0,-0.4 %,0.0 %,-368,0,-0.4 %,0.0 %,75.0 %,100.0 %,75.0 %,100.0 %,75.0 %,100.0 %,355,410,-184,0,50.0 %,100.0 %
VGSH,21d RSI VGSH LT47 - L VGSH,0.2 %,0.3 %,84,140,48.0 %,11.9 %,0.3 %,2.4 %,-0.3 %,-0.1 %,19,5,1.6,0.4,63.2 %,100.0 %,0.8,,4,28,0.0 %,0.1 %,5.3,5,3,0,6,5,3,0,6,4,1,0,6,2,1.7,,12,5,1.3,,0.5,4.7,-187,0,-0.2 %,0.0 %,-187,0,-0.2 %,0.0 %,-187,0,-0.2 %,0.0 %,63.2 %,100.0 %,63.2 %,100.0 %,61.1 %,100.0 %,27,28,-35,0,77.8 %,100.0 %
VGT,12d RSI VGT LT33 - L VGT,4.5 %,32.9 %,2265,16379,7.5 %,6.3 %,60.0 %,518.0 %,0.0 %,-9.2 %,2,5,0.2,0.4,100.0 %,100.0 %,,,1132,2970,2.3 %,5.9 %,3,2.2,0,0,2,5,0,0,2,4,0,0,2,2,,,2,5,,,2.6,3.1,0,0,0.0 %,0.0 %,0,0,0.0 %,0.0 %,0,0,0.0 %,0.0 %,100.0 %,100.0 %,100.0 %,100.0 %,100.0 %,100.0 %,1132,2970,0,0,100.0 %,100.0 %
VHT,8d RSI VHT LT28 - L VHT,8.0 %,22.5 %,3998,11226,14.8 %,6.3 %,54.1 %,355.0 %,-0.3 %,-7.3 %,5,6,0.4,0.5,80.0 %,83.3 %,6.4,10.4,800,1745,1.6 %,3.5 %,5,1.7,1,1,3,4,1,1,3,4,1,0,2,4,4,5,4,5,25.8,52.1,2.6,2.8,-323,-205,-0.3 %,-0.4 %,-323,-205,-0.3 %,-0.4 %,-323,0,-0.3 %,0.0 %,80.0 %,83.3 %,80.0 %,83.3 %,80.0 %,83.3 %,1040,2135,-161,-205,75.0 %,100.0 %
VIG,9d RSI VIG LT29 - L VIG,9.9 %,22.5 %,4948,11201,8.9 %,5.9 %,110.8 %,377.9 %,0.0 %,-8.8 %,5,5,0.4,0.4,100.0 %,80.0 %,,3.1,990,2110,2.0 %,4.2 %,3,2,0,1,5,4,0,1,5,3,0,0,5,2,,4,5,4,,12.6,8.1,2.3,0,-912,0.0 %,-1.8 %,0,-912,0.0 %,-1.8 %,0,0,0.0 %,0.0 %,100.0 %,80.0 %,100.0 %,80.0 %,100.0 %,75.0 %,990,2866,0,-912,100.0 %,100.0 %
VIXM,4d RSI VIXM LT11 - L VIXM,-11.5 %,12.2 %,-5740,6052,100.0 %,7.1 %,-11.5 %,170.1 %,0.0 %,-1.6 %,1,4,0.1,0.3,0.0 %,100.0 %,0,,-5740,1458,-11.5 %,2.9 %,19,3.5,1,0,0,4,1,0,0,4,1,0,0,4,0,,0,4,0,,0,4.8,-11481,0,-11.5 %,0.0 %,-11481,0,-11.5 %,0.0 %,-11481,0,-11.5 %,0.0 %,0.0 %,100.0 %,0.0 %,100.0 %,0.0 %,100.0 %,0,1458,-5740,0,0.0 %,100.0 %
VIXY,5d RSI VIXY LT14 - L VIXY,-0.4 %,19.1 %,-209,9516,7.7 %,5.5 %,-5.4 %,343.9 %,-1.8 %,-2.8 %,2,3,0.2,0.2,50.0 %,100.0 %,0.8,,-104,3003,-0.2 %,6.0 %,4.5,3.7,1,0,1,3,1,0,1,3,1,0,1,3,1,,1,3,0.8,,-0.2,10.3,-1860,0,-1.9 %,0.0 %,-1860,0,-1.9 %,0.0 %,-1860,0,-1.9 %,0.0 %,50.0 %,100.0 %,50.0 %,100.0 %,50.0 %,100.0 %,721,3003,-930,0,50.0 %,100.0 %
VLUE,3d RSI VLUE LT11 - L VLUE,10.0 %,3.4 %,5004,1701,14.3 %,8.7 %,70.1 %,39.1 %,-0.2 %,-12.2 %,8,6,0.7,0.5,87.5 %,83.3 %,7,0.3,626,304,1.3 %,0.6 %,3,2.7,1,1,6,4,1,1,6,4,1,1,5,4,7,5,7,5,49.2,1.6,3.5,0.5,-207,-2873,-0.2 %,-5.8 %,-207,-2873,-0.2 %,-5.8 %,-207,-2873,-0.2 %,-5.8 %,87.5 %,83.3 %,87.5 %,83.3 %,87.5 %,83.3 %,730,940,-104,-2873,85.7 %,83.3 %
VMBS,3d RSI VMBS LT19 - L VMBS,0.0 %,3.2 %,5,1592,25.7 %,21.3 %,0.0 %,14.9 %,-0.9 %,-1.0 %,12,9,1,0.8,41.7 %,88.9 %,1.4,18.4,0,176,0.0 %,0.3 %,3.8,5,5,1,4,5,5,1,4,5,4,1,2,5,0.7,8,5,8,1,147.5,0,1.6,-933,-11,-0.9 %,-0.0 %,-933,-11,-0.9 %,-0.0 %,-933,-11,-0.9 %,-0.0 %,41.7 %,88.9 %,41.7 %,88.9 %,41.7 %,88.9 %,112,199,-79,-11,33.3 %,88.9 %
VNLA,21d RSI VNLA LT69 - L VNLA,0.1 %,3.8 %,38,1885,99.6 %,80.2 %,0.1 %,4.7 %,-0.5 %,-7.7 %,24,28,2,2.3,70.8 %,89.3 %,0.4,0.3,2,67,0.0 %,0.1 %,9.4,6.2,2,1,8,15,2,1,7,12,2,1,4,7,2.4,8.3,17,25,1.1,2.6,0.1,1.2,-487,-1182,-0.5 %,-2.4 %,-487,-1182,-0.5 %,-2.4 %,-413,-1182,-0.4 %,-2.4 %,70.8 %,89.3 %,70.8 %,89.3 %,68.4 %,87.5 %,29,123,-66,-394,60.0 %,90.0 %
VNQ,3d RSI VNQ LT10 - L VNQ,2.8 %,21.4 %,1411,10643,5.4 %,6.7 %,52.2 %,316.8 %,0.0 %,-6.9 %,2,5,0.2,0.4,100.0 %,100.0 %,,,706,1989,1.4 %,4.0 %,1,2.4,0,0,2,5,0,0,2,5,0,0,2,3,,,2,5,,,3,3.6,0,0,0.0 %,0.0 %,0,0,0.0 %,0.0 %,0,0,0.0 %,0.0 %,100.0 %,100.0 %,100.0 %,100.0 %,100.0 %,100.0 %,706,1989,0,0,100.0 %,100.0 %
VOE,3d RSI VOE LT19 - L VOE,8.2 %,35.7 %,4109,17799,19.6 %,19.8 %,42.0 %,180.1 %,-2.8 %,-12.8 %,11,14,0.9,1.2,81.8 %,85.7 %,0.8,0.9,374,1132,0.7 %,2.3 %,3.2,2.6,1,1,4,7,1,1,4,6,1,1,3,6,4.5,6,9,12,3.5,5.6,1.7,2.5,-1680,-3365,-1.7 %,-6.7 %,-1680,-3365,-1.7 %,-6.7 %,-1680,-74,-1.7 %,-0.1 %,81.8 %,85.7 %,81.8 %,85.7 %,81.8 %,84.6 %,639,1607,-821,-1719,77.8 %,88.9 %
VONG,9d RSI VONG LT30 - L VONG,9.3 %,15.9 %,4671,7930,12.5 %,5.5 %,74.7 %,286.6 %,-0.1 %,-8.1 %,5,4,0.4,0.3,80.0 %,75.0 %,32.4,24.8,934,1911,1.9 %,3.8 %,3,2.5,1,1,4,3,1,1,4,2,1,0,3,2,4,3,4,3,129.7,74.4,3.5,2.2,-73,-104,-0.1 %,-0.2 %,-73,-104,-0.1 %,-0.2 %,-73,0,-0.1 %,0.0 %,80.0 %,75.0 %,80.0 %,75.0 %,80.0 %,66.7 %,1177,2583,-36,-104,75.0 %,100.0 %
VOO,9d RSI VOO LT28 - L VOO,2.1 %,25.5 %,1042,12705,100.0 %,5.9 %,2.1 %,428.6 %,0.0 %,-8.7 %,1,5,0.1,0.4,100.0 %,80.0 %,,5.3,1042,2368,2.1 %,4.7 %,3,2,0,1,1,4,0,1,1,3,0,0,1,2,,4,1,4,,21.3,0,2.5,0,-582,0.0 %,-1.2 %,0,-582,0.0 %,-1.2 %,0,0,0.0 %,0.0 %,100.0 %,80.0 %,100.0 %,80.0 %,100.0 %,75.0 %,1042,3105,0,-582,100.0 %,100.0 %
VOOG,10d RSI VOOG LT31 - L VOOG,9.5 %,29.4 %,4727,14664,12.5 %,6.3 %,75.6 %,463.8 %,0.0 %,-8.3 %,5,5,0.4,0.4,100.0 %,80.0 %,,53.1,945,2685,1.9 %,5.4 %,3,2.2,0,1,5,4,0,1,5,3,0,0,4,2,,4,5,4,,212.6,3.7,3.1,0,-63,0.0 %,-0.1 %,0,-63,0.0 %,-0.1 %,0,0,0.0 %,0.0 %,100.0 %,80.0 %,100.0 %,80.0 %,100.0 %,75.0 %,945,3372,0,-63,100.0 %,100.0 %
VOT,3d RSI VOT LT13 - L VOT,13.2 %,1.0 %,6582,499,14.8 %,5.1 %,88.9 %,19.4 %,-0.0 %,-11.3 %,9,3,0.8,0.2,88.9 %,66.7 %,87.9,0.6,731,208,1.5 %,0.4 %,2.6,3.3,1,1,6,2,1,1,6,2,0,1,8,1,8,2,8,2,703.1,1.2,4.2,0.2,-19,-2548,-0.0 %,-5.1 %,-19,-2548,-0.0 %,-5.1 %,0,-267,0.0 %,-0.5 %,88.9 %,66.7 %,88.9 %,66.7 %,88.9 %,66.7 %,824,1586,-9,-2548,100.0 %,50.0 %
VOX,11d RSI VOX LT29 - L VOX,-1.8 %,15.1 %,-914,7517,100.0 %,5.1 %,-1.8 %,292.6 %,0.0 %,-9.7 %,1,4,0.1,0.3,0.0 %,75.0 %,0,4.1,-914,1821,-1.8 %,3.6 %,6,2.2,1,1,0,3,1,1,0,2,1,0,0,1,0,3,0,3,0,12.4,0,2,-1827,-640,-1.8 %,-1.3 %,-1827,-640,-1.8 %,-1.3 %,-1827,0,-1.8 %,0.0 %,0.0 %,75.0 %,0.0 %,75.0 %,0.0 %,66.7 %,0,2641,-914,-640,0.0 %,100.0 %
VPU,3d RSI VPU LT17 - L VPU,2.6 %,23.9 %,1275,11913,26.5 %,14.2 %,9.6 %,167.4 %,-3.3 %,-11.7 %,7,10,0.6,0.8,85.7 %,80.0 %,0.3,1.5,182,1118,0.4 %,2.2 %,5.1,2.6,1,1,6,5,1,1,6,4,1,1,5,4,6,4,6,8,1.7,6,0.6,1.9,-3459,-1845,-3.5 %,-3.7 %,-3459,-1845,-3.5 %,-3.7 %,-3459,-393,-3.5 %,-0.8 %,85.7 %,80.0 %,85.7 %,80.0 %,85.7 %,77.8 %,501,1677,-1729,-1119,83.3 %,85.7 %
VSS,4d RSI VSS LT10 - L VSS,1.1 %,1.6 %,541,779,9.8 %,5.9 %,11.1 %,26.3 %,-0.3 %,-8.2 %,2,4,0.2,0.3,50.0 %,75.0 %,5,0.5,270,216,0.5 %,0.4 %,4.5,2.8,1,1,1,2,1,1,1,2,1,1,1,1,1,3,1,3,5,1.4,0.9,0.3,-273,-2193,-0.3 %,-4.4 %,-273,-2193,-0.3 %,-4.4 %,-273,-429,-0.3 %,-0.9 %,50.0 %,75.0 %,50.0 %,75.0 %,50.0 %,75.0 %,677,1019,-136,-2193,50.0 %,66.7 %
VT,7d RSI VT LT21 - L VT,2.1 %,12.4 %,1030,6159,100.0 %,5.1 %,2.1 %,239.7 %,0.0 %,-7.4 %,1,4,0.1,0.3,100.0 %,75.0 %,,2.9,1030,1510,2.1 %,3.0 %,7,2.2,0,1,1,3,0,1,1,2,0,0,1,2,,3,1,3,,8.8,0,1.7,0,-770,0.0 %,-1.5 %,0,-770,0.0 %,-1.5 %,0,0,0.0 %,0.0 %,100.0 %,75.0 %,100.0 %,75.0 %,100.0 %,66.7 %,1030,2270,0,-770,100.0 %,100.0 %
VTI,7d RSI VTI LT22 - L VTI,3.9 %,15.9 %,1958,7900,100.0 %,5.5 %,3.9 %,285.5 %,0.0 %,-8.8 %,1,4,0.1,0.3,100.0 %,75.0 %,,3.4,1958,1911,3.9 %,3.8 %,4,2.5,0,1,1,3,0,1,1,2,0,0,1,2,,3,1,3,,10.3,0,2,0,-822,0.0 %,-1.6 %,0,-822,0.0 %,-1.6 %,0,0,0.0 %,0.0 %,100.0 %,75.0 %,100.0 %,75.0 %,100.0 %,66.7 %,1958,2822,0,-822,100.0 %,100.0 %
VTIP,20d RSI VTIP LT65 - L VTIP,4.2 %,2.0 %,2113,1015,77.9 %,66.4 %,5.4 %,3.1 %,-0.6 %,-5.1 %,51,43,4.2,3.6,80.4 %,79.1 %,1,0.4,41,24,0.1 %,0.1 %,2.4,2.9,2,3,19,11,2,3,16,9,1,1,7,8,4.1,3.8,41,34,4.1,1.6,3.9,0.8,-434,0,-0.4 %,0.0 %,-434,0,-0.4 %,0.0 %,-273,-568,-0.3 %,-1.1 %,80.4 %,79.1 %,80.4 %,79.1 %,76.3 %,77.1 %,68,79,-69,-184,81.8 %,90.9 %
VTV,3d RSI VTV LT20 - L VTV,4.6 %,40.0 %,2288,19907,20.4 %,21.7 %,22.4 %,183.2 %,-1.8 %,-12.1 %,9,15,0.8,1.2,66.7 %,73.3 %,1.2,2.2,254,1168,0.5 %,2.3 %,4.1,2.7,1,2,2,8,1,2,2,7,1,1,2,6,2,2.8,6,11,2.3,6,1,2.4,-1865,-412,-1.9 %,-0.8 %,-1865,-412,-1.9 %,-0.8 %,-1865,-346,-1.9 %,-0.7 %,66.7 %,73.3 %,66.7 %,73.3 %,66.7 %,71.4 %,673,1910,-584,-872,66.7 %,77.8 %
VUG,7d RSI VUG LT25 - L VUG,8.0 %,16.1 %,3976,8041,8.8 %,5.5 %,90.9 %,290.6 %,0.0 %,-8.4 %,4,4,0.3,0.3,100.0 %,75.0 %,,20.7,994,1937,2.0 %,3.9 %,2.5,2.5,0,1,4,3,0,1,4,2,0,0,4,2,,3,4,3,,62.2,4.1,2.2,0,-127,0.0 %,-0.2 %,0,-127,0.0 %,-0.2 %,0,0,0.0 %,0.0 %,100.0 %,75.0 %,100.0 %,75.0 %,100.0 %,66.7 %,994,2625,0,-127,100.0 %,100.0 %
VV,9d RSI VV LT28 - L VV,1.0 %,25.0 %,477,12448,100.0 %,5.9 %,1.0 %,419.9 %,0.0 %,-8.7 %,1,5,0.1,0.4,100.0 %,80.0 %,,5.1,477,2326,1.0 %,4.7 %,2,2,0,1,1,4,0,1,1,3,0,0,1,2,,4,1,4,,20.3,0,2.4,0,-603,0.0 %,-1.2 %,0,-603,0.0 %,-1.2 %,0,0,0.0 %,0.0 %,100.0 %,80.0 %,100.0 %,80.0 %,100.0 %,75.0 %,477,3058,0,-603,100.0 %,100.0 %
VWO,10d RSI VWO LT28 - L VWO,6.0 %,26.7 %,3012,13305,14.7 %,6.3 %,41.0 %,420.8 %,0.0 %,-3.5 %,4,6,0.3,0.5,100.0 %,100.0 %,,,753,2023,1.5 %,4.0 %,3,1.7,0,0,4,6,0,0,4,5,0,0,3,2,,,4,6,,,5.2,4.8,0,0,0.0 %,0.0 %,0,0,0.0 %,0.0 %,0,0,0.0 %,0.0 %,100.0 %,100.0 %,100.0 %,100.0 %,100.0 %,100.0 %,753,2023,0,0,100.0 %,100.0 %
VXUS,3d RSI VXUS LT16 - L VXUS,2.7 %,14.7 %,1329,7336,18.2 %,11.5 %,14.6 %,128.0 %,-2.3 %,-7.3 %,10,8,0.8,0.7,60.0 %,87.5 %,1.1,0.8,133,884,0.3 %,1.8 %,3,2.6,2,1,3,5,2,1,3,4,2,0,2,6,1.5,7,6,7,1.7,5.3,0.7,1.9,-2327,-1652,-2.3 %,-3.3 %,-2327,-1652,-2.3 %,-3.3 %,-2327,0,-2.3 %,0.0 %,60.0 %,87.5 %,60.0 %,87.5 %,60.0 %,85.7 %,558,1246,-504,-1652,50.0 %,100.0 %
WEAT,5d RSI WEAT LT20 - L WEAT,9.0 %,12.7 %,4503,6328,15.5 %,11.9 %,58.1 %,106.7 %,0.0 %,-2.6 %,5,7,0.4,0.6,100.0 %,100.0 %,,,901,865,1.8 %,1.7 %,3,3.3,0,0,5,7,0,0,5,7,0,0,4,4,,,5,7,,,4.2,4,0,0,0.0 %,0.0 %,0,0,0.0 %,0.0 %,0,0,0.0 %,0.0 %,100.0 %,100.0 %,100.0 %,100.0 %,100.0 %,100.0 %,901,865,0,0,100.0 %,100.0 %
WTPI,8d RSI WTPI LT26 - L WTPI,3.0 %,12.1 %,1500,6043,100.0 %,5.1 %,3.0 %,235.2 %,0.0 %,-9.0 %,1,4,0.1,0.3,100.0 %,75.0 %,,3.5,1500,1483,3.0 %,3.0 %,4,2.2,0,1,1,3,0,1,1,2,0,0,1,2,,3,1,3,,10.5,0,1.7,0,-625,0.0 %,-1.2 %,0,-625,0.0 %,-1.2 %,0,0,0.0 %,0.0 %,100.0 %,75.0 %,100.0 %,75.0 %,100.0 %,66.7 %,1500,2186,0,-625,100.0 %,100.0 %
WTV,7d RSI WTV LT20 - L WTV,4.4 %,18.9 %,2181,9407,5.7 %,7.5 %,76.0 %,250.5 %,0.0 %,-9.4 %,2,6,0.2,0.5,100.0 %,83.3 %,,1.3,1091,1489,2.2 %,3.0 %,2.5,2.2,0,1,2,5,0,1,2,4,0,0,2,3,,5,2,5,,6.6,10.5,2.2,0,-1591,0.0 %,-3.2 %,0,-1591,0.0 %,-3.2 %,0,0,0.0 %,0.0 %,100.0 %,83.3 %,100.0 %,83.3 %,100.0 %,80.0 %,1091,2105,0,-1591,100.0 %,100.0 %
XAR,3d RSI XAR LT13 - L XAR,7.2 %,20.2 %,3617,10053,23.7 %,11.1 %,30.6 %,181.7 %,-4.1 %,-13.9 %,11,8,0.9,0.7,54.5 %,87.5 %,1.9,0.4,329,1218,0.7 %,2.4 %,3.7,2.5,4,1,5,6,4,1,5,5,3,0,4,5,1.2,7,6,7,2.3,3.1,1.1,1.5,-4614,-4610,-4.6 %,-9.2 %,-4614,-4610,-4.6 %,-9.2 %,-4302,0,-4.3 %,0.0 %,54.5 %,87.5 %,54.5 %,87.5 %,54.5 %,85.7 %,1055,2050,-542,-4610,55.6 %,100.0 %
XHB,3d RSI XHB LT10 - L XHB,3.2 %,13.0 %,1596,6456,100.0 %,5.5 %,3.2 %,233.3 %,0.0 %,-10.5 %,1,4,0.1,0.3,100.0 %,75.0 %,,1.4,1596,1622,3.2 %,3.2 %,2,2.5,0,1,1,3,0,1,1,3,0,0,1,3,,3,1,3,,4.2,0,1.2,0,-2036,0.0 %,-4.1 %,0,-2036,0.0 %,-4.1 %,0,0,0.0 %,0.0 %,100.0 %,75.0 %,100.0 %,75.0 %,100.0 %,75.0 %,1596,2841,0,-2036,100.0 %,100.0 %
XLB,3d RSI XLB LT10 - L XLB,-2.1 %,5.1 %,-1042,2521,11.1 %,7.1 %,-18.8 %,70.9 %,-2.5 %,-12.8 %,5,5,0.4,0.4,40.0 %,80.0 %,0.9,0.5,-208,535,-0.4 %,1.1 %,4,2.6,2,1,1,3,2,1,1,3,2,1,1,3,0.7,4,2,4,0.6,1.9,-0.6,0.6,-3092,-3114,-3.1 %,-6.2 %,-3092,-3114,-3.1 %,-6.2 %,-3092,-3114,-3.1 %,-6.2 %,40.0 %,80.0 %,40.0 %,80.0 %,40.0 %,80.0 %,709,1447,-820,-3114,40.0 %,80.0 %
XLF,7d RSI XLF LT22 - L XLF,7.7 %,14.6 %,3838,7282,5.3 %,5.1 %,143.9 %,283.4 %,-0.1 %,-9.7 %,4,4,0.3,0.3,75.0 %,75.0 %,17.3,2,960,1781,1.9 %,3.6 %,2,2.2,1,1,2,3,1,1,2,2,1,0,2,2,3,3,3,3,51.8,6,2.2,1.6,-151,-1427,-0.2 %,-2.9 %,-151,-1427,-0.2 %,-2.9 %,-151,0,-0.2 %,0.0 %,75.0 %,75.0 %,75.0 %,75.0 %,75.0 %,66.7 %,1305,2850,-76,-1427,75.0 %,100.0 %
XLG,5d RSI XLG LT26 - L XLG,4.8 %,30.9 %,2394,15400,15.3 %,9.1 %,31.2 %,338.8 %,-1.4 %,-11.3 %,5,8,0.4,0.7,80.0 %,87.5 %,1.1,1.4,479,1754,1.0 %,3.5 %,4,1.9,1,1,3,6,1,1,3,5,1,0,3,4,4,7,4,7,4.3,10,1.5,2.4,-1432,-1566,-1.4 %,-3.1 %,-1432,-1566,-1.4 %,-3.1 %,-1432,0,-1.4 %,0.0 %,80.0 %,87.5 %,80.0 %,87.5 %,80.0 %,85.7 %,778,2228,-716,-1566,80.0 %,100.0 %
XLI,3d RSI XLI LT13 - L XLI,8.1 %,13.9 %,4070,6938,8.5 %,7.5 %,96.1 %,184.8 %,0.0 %,-12.2 %,6,5,0.5,0.4,83.3 %,80.0 %,3.2,0.8,678,1419,1.4 %,2.8 %,2.3,2.8,1,1,5,4,1,1,5,4,1,0,4,3,5,4,5,4,16.2,3.1,2.9,1,-534,-3402,-0.5 %,-6.8 %,-534,-3402,-0.5 %,-6.8 %,-534,0,-0.5 %,0.0 %,83.3 %,80.0 %,83.3 %,80.0 %,83.3 %,80.0 %,867,2624,-267,-3402,80.0 %,100.0 %
XLK,8d RSI XLK LT27 - L XLK,6.2 %,22.4 %,3096,11178,10.4 %,5.5 %,59.7 %,404.0 %,0.0 %,-9.3 %,3,4,0.2,0.3,100.0 %,100.0 %,,,1032,2640,2.1 %,5.3 %,2.7,2.5,0,0,3,4,0,0,3,3,0,0,3,2,,,3,4,,,3.4,2.4,0,0,0.0 %,0.0 %,0,0,0.0 %,0.0 %,0,0,0.0 %,0.0 %,100.0 %,100.0 %,100.0 %,100.0 %,100.0 %,100.0 %,1032,2640,0,0,100.0 %,100.0 %
XLP,10d RSI XLP LT34 - L XLP,4.0 %,17.6 %,2010,8792,16.0 %,7.5 %,25.1 %,234.1 %,-0.5 %,-10.3 %,6,5,0.5,0.4,83.3 %,80.0 %,1.6,3.1,335,1687,0.7 %,3.4 %,5,2.8,1,1,4,4,1,1,4,4,1,0,4,3,5,4,5,4,8.2,12.2,2.1,2,-561,-751,-0.6 %,-1.5 %,-561,-751,-0.6 %,-1.5 %,-561,0,-0.6 %,0.0 %,83.3 %,80.0 %,83.3 %,80.0 %,83.3 %,80.0 %,458,2296,-281,-751,83.3 %,100.0 %
XLRE,4d RSI XLRE LT18 - L XLRE,1.2 %,13.6 %,596,6771,8.9 %,7.9 %,13.5 %,171.3 %,0.0 %,-7.7 %,3,5,0.2,0.4,66.7 %,100.0 %,2.2,,199,1295,0.4 %,2.6 %,3.7,3,1,0,2,5,1,0,2,5,1,0,2,4,2,,2,5,4.4,,0.9,4.6,-352,0,-0.4 %,0.0 %,-352,0,-0.4 %,0.0 %,-352,0,-0.4 %,0.0 %,66.7 %,100.0 %,66.7 %,100.0 %,66.7 %,100.0 %,386,1295,-176,0,66.7 %,100.0 %
XLU,6d RSI XLU LT22 - L XLU,-1.2 %,16.9 %,-618,8396,14.3 %,5.1 %,-8.7 %,326.8 %,-1.7 %,-11.7 %,2,4,0.2,0.3,50.0 %,75.0 %,0.3,2.7,-309,2040,-0.6 %,4.1 %,10.5,2.2,1,1,1,3,1,1,1,3,1,0,1,2,1,3,1,3,0.3,8.2,-0.8,1.7,-1704,-1136,-1.7 %,-2.3 %,-1704,-1136,-1.7 %,-2.3 %,-1704,0,-1.7 %,0.0 %,50.0 %,75.0 %,50.0 %,75.0 %,50.0 %,75.0 %,233,3099,-852,-1136,50.0 %,100.0 %
XLV,8d RSI XLV LT27 - L XLV,4.1 %,22.2 %,2049,11050,8.0 %,6.7 %,51.0 %,328.9 %,-0.2 %,-7.4 %,3,6,0.2,0.5,66.7 %,83.3 %,9.5,120.8,683,1718,1.4 %,3.4 %,4.3,1.8,1,1,1,4,1,1,1,4,1,0,1,4,2,5,2,5,19,604.1,2.1,2.9,-227,-17,-0.2 %,-0.0 %,-227,-17,-0.2 %,-0.0 %,-227,0,-0.2 %,0.0 %,66.7 %,83.3 %,66.7 %,83.3 %,66.7 %,83.3 %,1081,2065,-114,-17,66.7 %,100.0 %
XLY,3d RSI XLY LT13 - L XLY,6.8 %,7.3 %,3387,3623,10.3 %,8.3 %,65.9 %,87.3 %,0.0 %,-10.6 %,5,6,0.4,0.5,100.0 %,83.3 %,,0.5,677,612,1.4 %,1.2 %,2,2.5,0,1,5,4,0,1,5,4,0,0,4,5,,5,5,5,,2.5,3.2,1,0,-2389,0.0 %,-4.8 %,0,-2389,0.0 %,-4.8 %,0,0,0.0 %,0.0 %,100.0 %,83.3 %,100.0 %,83.3 %,100.0 %,83.3 %,677,1212,0,-2389,100.0 %,100.0 %
XMMO,3d RSI XMMO LT20 - L XMMO,29.3 %,16.9 %,14665,8403,26.8 %,13.4 %,109.4 %,125.1 %,-0.6 %,-12.0 %,17,11,1.4,0.9,82.4 %,90.9 %,3.8,0.4,863,739,1.7 %,1.5 %,2.7,2.1,1,1,5,9,1,1,5,7,1,0,5,6,4.7,10,14,10,17.7,3.6,4.4,1.5,-750,-3122,-0.8 %,-6.2 %,-750,-3122,-0.8 %,-6.2 %,-750,0,-0.8 %,0.0 %,82.4 %,90.9 %,82.4 %,90.9 %,82.4 %,88.9 %,1110,1125,-292,-3122,88.9 %,100.0 %
XOVR,4d RSI XOVR LT18 - L XOVR,20.2 %,14.4 %,10079,7153,21.3 %,5.5 %,94.5 %,258.5 %,-0.5 %,-7.6 %,12,5,1,0.4,75.0 %,100.0 %,8.5,,840,1367,1.7 %,2.7 %,3,1.8,1,0,3,5,1,0,3,5,0,0,8,4,3,,9,5,25.4,,3.2,3.8,-568,0,-0.6 %,0.0 %,-568,0,-0.6 %,0.0 %,0,0,0.0 %,0.0 %,75.0 %,100.0 %,75.0 %,100.0 %,75.0 %,100.0 %,1166,1367,-138,0,100.0 %,100.0 %
XRT,4d RSI XRT LT13 - L XRT,6.7 %,14.8 %,3374,7363,6.0 %,5.1 %,112.5 %,286.6 %,0.0 %,-6.1 %,2,4,0.2,0.3,100.0 %,75.0 %,,2.9,1687,1780,3.4 %,3.6 %,3.5,2.2,0,1,2,2,0,1,2,2,0,0,2,3,,3,2,3,,8.6,1.8,2.2,0,-935,0.0 %,-1.9 %,0,-935,0.0 %,-1.9 %,0,0,0.0 %,0.0 %,100.0 %,75.0 %,100.0 %,75.0 %,100.0 %,75.0 %,1687,2685,0,-935,100.0 %,100.0 %
XSOE,9d RSI XSOE LT28 - L XSOE,13.5 %,28.4 %,6735,14135,13.1 %,5.1 %,102.5 %,550.2 %,0.0 %,-3.8 %,8,6,0.7,0.5,87.5 %,100.0 %,,,842,2139,1.7 %,4.3 %,2.5,1.2,1,0,4,6,1,0,4,5,1,0,3,2,7,,7,6,,,5.2,4.5,0,0,0.0 %,0.0 %,0,0,0.0 %,0.0 %,0,0,0.0 %,0.0 %,87.5 %,100.0 %,87.5 %,100.0 %,87.5 %,100.0 %,962,2139,0,0,83.3 %,100.0 %
XT,6d RSI XT LT24 - L XT,7.1 %,14.4 %,3564,7179,9.8 %,6.7 %,72.4 %,213.7 %,0.0 %,-7.0 %,5,6,0.4,0.5,100.0 %,83.3 %,,2.4,713,1151,1.4 %,2.3 %,2.8,1.8,0,1,5,4,0,1,5,3,0,0,5,4,,5,5,5,,11.8,3.5,2.2,0,-641,0.0 %,-1.3 %,0,-641,0.0 %,-1.3 %,0,0,0.0 %,0.0 %,100.0 %,83.3 %,100.0 %,83.3 %,100.0 %,80.0 %,713,1510,0,-641,100.0 %,100.0 %
XYLD,3d RSI XYLD LT14 - L XYLD,4.2 %,8.5 %,2076,4255,5.1 %,15.0 %,81.8 %,56.7 %,0.0 %,-13.2 %,4,8,0.3,0.7,100.0 %,75.0 %,,0.9,519,533,1.0 %,1.1 %,1.5,3.8,0,1,4,4,0,1,4,4,0,1,4,5,,3,4,6,,2.6,3.8,1.1,0,-2178,0.0 %,-4.4 %,0,-2178,0.0 %,-4.4 %,0,-488,0.0 %,-1.0 %,100.0 %,75.0 %,100.0 %,75.0 %,100.0 %,75.0 %,519,1155,0,-1333,100.0 %,85.7 %
YANG,4d RSI YANG LT14 - L YANG,-4.8 %,23.6 %,-2395,11762,12.8 %,8.3 %,-37.4 %,283.4 %,-6.7 %,-11.8 %,5,6,0.4,0.5,60.0 %,100.0 %,0.4,,-479,1801,-1.0 %,3.6 %,4.2,2.5,2,0,3,6,2,0,3,6,1,0,2,4,1.5,,3,6,0.6,,-0.4,8.8,-13397,0,-13.4 %,0.0 %,-13397,0,-13.4 %,0.0 %,-10354,0,-10.4 %,0.0 %,60.0 %,100.0 %,60.0 %,100.0 %,60.0 %,100.0 %,1435,1801,-3349,0,66.7 %,100.0 %
YINN,3d RSI YINN LT15 - L YINN,-7.3 %,64.1 %,-3657,31918,26.0 %,11.5 %,-28.1 %,556.9 %,-18.7 %,-10.0 %,13,11,1.1,0.9,23.1 %,90.9 %,2.4,2.5,-281,2355,-0.6 %,4.7 %,3.3,1.6,4,1,2,9,4,1,2,8,2,1,2,4,0.3,10,3,10,0.7,24.8,-0.4,3.3,-18466,-1087,-18.5 %,-2.2 %,-18466,-1087,-18.5 %,-2.2 %,-13602,-86,-13.6 %,-0.2 %,23.1 %,90.9 %,23.1 %,90.9 %,23.1 %,90.0 %,3000,2699,-1266,-1087,37.5 %,83.3 %
YLD,4d RSI YLD LT14 - L YLD,1.3 %,5.7 %,659,2845,13.9 %,11.9 %,9.5 %,48.0 %,0.0 %,-8.3 %,4,8,0.3,0.7,100.0 %,87.5 %,,0.6,165,353,0.3 %,0.7 %,3,2.8,0,1,4,6,0,1,4,5,0,0,4,4,,7,4,7,,3.9,2.7,1.5,0,-980,0.0 %,-2.0 %,0,-980,0.0 %,-2.0 %,0,0,0.0 %,0.0 %,100.0 %,87.5 %,100.0 %,87.5 %,100.0 %,85.7 %,165,543,0,-980,100.0 %,100.0 %
ZROZ,18d RSI ZROZ LT37 - L ZROZ,-2.6 %,3.1 %,-1323,1534,25.5 %,5.5 %,-10.4 %,55.5 %,-7.8 %,-1.8 %,9,4,0.8,0.3,33.3 %,100.0 %,1.4,,-147,381,-0.3 %,0.8 %,4.4,2.5,5,0,2,4,4,0,2,4,2,0,2,3,0.5,,3,4,0.7,,-0.5,13.3,-7825,0,-7.8 %,0.0 %,-7825,0,-7.8 %,0.0 %,-7825,0,-7.8 %,0.0 %,33.3 %,100.0 %,33.3 %,100.0 %,37.5 %,100.0 %,937,381,-689,0,60.0 %,100.0 %
YINN,3d RSI YINN LT15 - L YINN,-7.3 %,64.1 %,-3655,31927,26.0 %,11.5 %,-28.1 %,557.1 %,-18.7 %,-10.0 %,13,11,1.1,0.9,23.1 %,90.9 %,2.4,2.5,-281,2355,-0.6 %,4.7 %,3.3,1.6,4,1,2,9,4,1,2,8,2,1,2,4,0.3,10,3,10,0.7,24.9,-0.4,3.3,-18460,-1084,-18.5 %,-2.2 %,-18460,-1084,-18.5 %,-2.2 %,-13595,-84,-13.6 %,-0.2 %,23.1 %,90.9 %,23.1 %,90.9 %,23.1 %,90.0 %,2998,2699,-1265,-1084,37.5 %,83.3 %
YLD,4d RSI YLD LT14 - L YLD,1.3 %,5.7 %,659,2845,13.9 %,11.9 %,9.5 %,48.0 %,0.0 %,-8.3 %,4,8,0.3,0.7,100.0 %,87.5 %,,0.6,165,353,0.3 %,0.7 %,3,2.8,0,1,4,6,0,1,4,5,0,0,4,4,,7,4,7,,3.9,2.7,1.5,0,-980,0.0 %,-2.0 %,0,-980,0.0 %,-2.0 %,0,0,0.0 %,0.0 %,100.0 %,87.5 %,100.0 %,87.5 %,100.0 %,85.7 %,165,543,0,-980,100.0 %,100.0 %
ZROZ,18d RSI ZROZ LT37 - L ZROZ,-2.6 %,3.1 %,-1323,1534,25.5 %,5.5 %,-10.4 %,55.5 %,-7.8 %,-1.8 %,9,4,0.8,0.3,33.3 %,100.0 %,1.4,,-147,381,-0.3 %,0.8 %,4.4,2.5,5,0,2,4,4,0,2,4,2,0,2,3,0.5,,3,4,0.7,,-0.5,13.3,-7825,0,-7.8 %,0.0 %,-7825,0,-7.8 %,0.0 %,-7825,0,-7.8 %,0.0 %,33.3 %,100.0 %,33.3 %,100.0 %,37.5 %,100.0 %,937,381,-689,0,60.0 %,100.0 %
