,,"Purpose of This Spreadsheet is to Outline the Methodology of System 30
Branches Traded in 2022 OOS",,,,,,,,,,,,,,,,,,,,,,,,,,,,,,,,,,,,,,,,,,,,,,,,,,,,,,,,,,,,,,,,,,,
Ticker (675),Condition (675),Profit %,IS Profit %,Profit $ Per Year,IS Profit $ Per Year,Time in market%,IS Time in market%,TIMAR%,IS TIMAR%,Max DD%,IS Max DD%,Total Trades,IS Total Trades,AVG Trades Per Month,IS AVG Trades Per Month,Win %,IS Win %,Risk to Reward Ratio,IS Risk to Reward Ratio,Avg P&L $,IS Avg P&L $,Avg P&L %,IS Avg P&L %,AVG Hold Period (days),IS AVG Hold Period (days),Max Consec. Losing Days,IS Max Consec. Losing Days,Max Consec. Winning Days,IS Max Consec. Winning Days,Max Consec. Losing Weeks,IS Max Consec. Losing Weeks,Max Consec. Winning Weeks,IS Max Consec. Winning Weeks,Max Consec. Losing Months,IS Max Consec. Losing Months,Max Consec. Winning Months,IS Max Consec. Winning Months,Win to Loss Ratio,IS Win to Loss Ratio,Total Profitable Trades,IS Total Profitable Trades,Profit Factor,IS Profit Factor,Sharpe Ratio,IS Sharpe Ratio,Losing Days Streak $ Loss,IS Losing Days Streak $ Loss,Losing Days Streak % Loss,IS Losing Days Streak % Loss,Losing Weeks Streak $ Loss,IS Losing Weeks Streak $ Loss,Losing Weeks Streak % Loss,IS Losing Weeks Streak % Loss,Losing Months Streak $ Loss,IS Losing Months Streak $ Loss,Losing Months Streak % Loss,IS Losing Months Streak % Loss,Winning Trades%,IS Winning Trades%,Winning Days%,IS Winning Days%,Winning Weeks%,IS Winning Weeks%,Avg Win Trade $,IS Avg Win Trade $,Avg Losing Trade $,IS Avg Losing Trade $,Winning Months%,IS Winning Months%
AAXJ,8d RSI AAXJ LT21 - L AAXJ,15.7 %,10.7 %,7845,5369,11.2 %,6.8 %,140.3 %,159.2 %,0.0 %,-2.0 %,4,5,0.3,0.4,100.0 %,100.0 %,,,1961,1031,3.9 %,2.1 %,3.2,2.4,0,0,4,5,0,0,4,5,0,0,3,4,,,4,5,,,2.4,10,0,0,0.0 %,0.0 %,0,0,0.0 %,0.0 %,0,0,0.0 %,0.0 %,100.0 %,100.0 %,100.0 %,100.0 %,100.0 %,100.0 %,1961,1031,0,0,100.0 %,100.0 %
ACWI,15d RSI ACWI LT35 - L ACWI,16.6 %,6.7 %,8283,3359,22.6 %,5.6 %,73.2 %,120.9 %,-2.0 %,-1.8 %,11,3,0.9,0.2,90.9 %,100.0 %,0.8,,753,1099,1.5 %,2.2 %,2.7,3.7,1,0,8,3,1,0,8,3,1,0,6,3,10,,10,3,8.1,,3.7,3.3,-2342,0,-2.3 %,0.0 %,-2342,0,-2.3 %,0.0 %,-1417,0,-1.4 %,0.0 %,90.9 %,100.0 %,90.9 %,100.0 %,90.9 %,100.0 %,945,1099,-1171,0,87.5 %,100.0 %
ACWV,20d RSI ACWV LT39 - L ACWV,5.1 %,7.3 %,2572,3664,33.7 %,8.7 %,15.3 %,83.9 %,-2.5 %,-1.6 %,14,5,1.2,0.4,71.4 %,100.0 %,0.7,,184,714,0.4 %,1.4 %,3.5,3.4,1,0,3,5,1,0,3,5,2,0,3,3,2.5,,10,5,1.7,,0.9,3.6,-2575,0,-2.6 %,0.0 %,-2575,0,-2.6 %,0.0 %,-2147,0,-2.1 %,0.0 %,71.4 %,100.0 %,71.4 %,100.0 %,69.2 %,100.0 %,615,714,-895,0,57.1 %,100.0 %
ACWX,8d RSI ACWX LT26 - L ACWX,6.6 %,6.4 %,3315,3194,19.4 %,6.3 %,34.1 %,100.6 %,-2.6 %,-1.5 %,8,5,0.7,0.4,75.0 %,100.0 %,1,,414,625,0.8 %,1.2 %,3.2,2.2,1,0,3,5,1,0,3,5,1,0,2,4,3,,6,5,3.1,,1.5,3.1,-2785,0,-2.8 %,0.0 %,-2785,0,-2.8 %,0.0 %,-922,0,-0.9 %,0.0 %,75.0 %,100.0 %,75.0 %,100.0 %,75.0 %,100.0 %,819,625,-798,0,71.4 %,100.0 %
AGG,4d RSI AGG LT11 - L AGG,2.2 %,1.7 %,1113,871,9.4 %,6.0 %,23.6 %,29.3 %,-0.1 %,-0.5 %,6,5,0.5,0.4,66.7 %,100.0 %,3.2,,186,173,0.4 %,0.3 %,2,2,1,0,3,5,1,0,3,5,1,0,2,4,2,,4,5,6.4,,1.9,3.1,-305,0,-0.3 %,0.0 %,-305,0,-0.3 %,0.0 %,-305,0,-0.3 %,0.0 %,66.7 %,100.0 %,66.7 %,100.0 %,66.7 %,100.0 %,330,173,-103,0,60.0 %,100.0 %
AGQ,21d RSI AGQ LT35 - L AGQ,3.1 %,16.8 %,1541,8420,34.4 %,5.2 %,9.0 %,326.4 %,-7.6 %,-3.1 %,7,5,0.6,0.4,42.9 %,100.0 %,1.8,,220,1590,0.4 %,3.2 %,3.4,1.6,2,0,1,5,4,0,1,4,1,0,1,2,0.8,,3,5,1.3,,0.3,3.6,-7814,0,-7.8 %,0.0 %,-6337,0,-6.3 %,0.0 %,-5340,0,-5.3 %,0.0 %,42.9 %,100.0 %,42.9 %,100.0 %,33.3 %,100.0 %,2053,1590,-1155,0,66.7 %,100.0 %
AIA,4d RSI AIA LT11 - L AIA,-2.0 %,13.2 %,-977,6605,11.1 %,7.9 %,-17.6 %,166.5 %,-0.9 %,-3.2 %,3,7,0.2,0.6,33.3 %,85.7 %,0.2,16.8,-326,897,-0.7 %,1.8 %,4.7,1.9,1,1,1,3,1,1,1,3,1,1,1,2,0.5,6,1,6,0.1,100.9,-1.8,4.3,-1301,-63,-1.3 %,-0.1 %,-1301,-63,-1.3 %,-0.1 %,-1301,-63,-1.3 %,-0.1 %,33.3 %,85.7 %,33.3 %,85.7 %,33.3 %,85.7 %,97,1057,-537,-63,33.3 %,80.0 %
AIRR,8d RSI AIRR LT30 - L AIRR,9.4 %,21.5 %,4681,10770,19.1 %,6.8 %,49.0 %,319.3 %,-1.1 %,-2.1 %,9,6,0.8,0.5,77.8 %,100.0 %,1,,520,1655,1.0 %,3.3 %,3.8,1.8,1,0,6,6,1,0,6,6,1,0,3,5,3.5,,7,6,3.4,,1.8,7.5,-2666,0,-2.7 %,0.0 %,-2666,0,-2.7 %,0.0 %,-2666,0,-2.7 %,0.0 %,77.8 %,100.0 %,77.8 %,100.0 %,77.8 %,100.0 %,944,1655,-965,0,66.7 %,100.0 %
AMLP,4d RSI AMLP LT17 - L AMLP,-4.6 %,15.6 %,-2282,7779,12.2 %,15.1 %,-37.4 %,103.2 %,-2.0 %,-6.6 %,3,8,0.2,0.7,33.3 %,75.0 %,0.9,2.9,-761,923,-1.5 %,1.9 %,4,3.8,1,2,1,6,1,2,1,6,1,1,1,6,0.5,3,1,6,0.4,8.6,-0.7,2.5,-6067,-977,-6.1 %,-1.9 %,-6067,-977,-6.1 %,-1.9 %,-6067,-399,-6.1 %,-0.8 %,33.3 %,75.0 %,33.3 %,75.0 %,33.3 %,75.0 %,1703,1393,-1992,-489,33.3 %,85.7 %
ANGL,10d RSI ANGL LT29 - L ANGL,2.3 %,2.4 %,1129,1188,29.1 %,5.2 %,7.8 %,46.1 %,-1.8 %,-0.3 %,10,4,0.8,0.3,60.0 %,100.0 %,1.2,,113,295,0.2 %,0.6 %,4.5,2.2,2,0,4,4,2,0,4,4,1,0,2,4,1.5,,6,4,1.8,,0.6,3.7,-1820,0,-1.8 %,0.0 %,-1820,0,-1.8 %,0.0 %,-1244,0,-1.2 %,0.0 %,60.0 %,100.0 %,60.0 %,100.0 %,60.0 %,100.0 %,416,295,-342,0,57.1 %,100.0 %
AOA,17d RSI AOA LT38 - L AOA,10.1 %,3.4 %,5030,1705,36.6 %,6.0 %,27.5 %,57.3 %,-3.3 %,-1.5 %,16,3,1.3,0.2,68.8 %,100.0 %,1.2,,314,562,0.6 %,1.1 %,3.3,4,1,0,5,3,1,0,4,3,1,0,2,3,2.2,,11,3,2.7,,1.5,4.1,-3582,0,-3.6 %,0.0 %,-3582,0,-3.6 %,0.0 %,-3366,0,-3.4 %,0.0 %,68.8 %,100.0 %,68.8 %,100.0 %,66.7 %,100.0 %,724,562,-588,0,62.5 %,100.0 %
AOK,3d RSI AOK LT14 - L AOK,-1.2 %,3.5 %,-617,1749,22.4 %,7.1 %,-5.5 %,49.0 %,-2.9 %,-0.5 %,11,6,0.9,0.5,54.5 %,100.0 %,0.6,,-56,288,-0.1 %,0.6 %,3.9,2,2,0,2,6,2,0,2,6,2,0,2,5,1.2,,6,6,0.7,,-0.5,5.1,-1890,0,-1.9 %,0.0 %,-1890,0,-1.9 %,0.0 %,-1799,0,-1.8 %,0.0 %,54.5 %,100.0 %,54.5 %,100.0 %,54.5 %,100.0 %,257,288,-432,0,50.0 %,100.0 %
AOM,10d RSI AOM LT36 - L AOM,-1.7 %,5.6 %,-867,2809,40.2 %,12.3 %,-4.3 %,45.7 %,-5.9 %,-0.8 %,21,7,1.8,0.6,47.6 %,100.0 %,0.9,,-41,392,-0.1 %,0.8 %,3.7,3.4,4,0,4,7,4,0,4,7,2,0,2,5,0.9,,10,7,0.8,,-0.4,6.2,-1751,0,-1.8 %,0.0 %,-1751,0,-1.8 %,0.0 %,-4565,0,-4.6 %,0.0 %,47.6 %,100.0 %,47.6 %,100.0 %,45.0 %,100.0 %,384,392,-428,0,44.4 %,100.0 %
AOR,4d RSI AOR LT18 - L AOR,-0.8 %,3.1 %,-380,1543,26.5 %,5.6 %,-2.9 %,55.5 %,-3.2 %,-1.4 %,10,4,0.8,0.3,40.0 %,100.0 %,1.3,,-38,381,-0.1 %,0.8 %,3.8,2.5,3,0,2,4,3,0,2,4,2,0,2,4,0.7,,4,4,0.9,,-0.2,9.3,-2193,0,-2.2 %,0.0 %,-2193,0,-2.2 %,0.0 %,-2193,0,-2.2 %,0.0 %,40.0 %,100.0 %,40.0 %,100.0 %,40.0 %,100.0 %,569,381,-442,0,42.9 %,100.0 %
ARGT,21d RSI ARGT LT37 - L ARGT,12.8 %,1.0 %,6384,484,50.0 %,5.6 %,25.5 %,17.4 %,-0.2 %,-7.1 %,7,3,0.6,0.2,85.7 %,66.7 %,9.9,0.6,912,193,1.8 %,0.4 %,2.4,3.7,1,1,6,1,1,1,5,1,0,1,3,1,6,2,6,2,59.7,1.3,3.3,0.2,-218,-2292,-0.2 %,-4.6 %,-218,-2292,-0.2 %,-4.6 %,0,-1275,0.0 %,-2.5 %,85.7 %,66.7 %,85.7 %,66.7 %,83.3 %,66.7 %,1082,1436,-109,-2292,100.0 %,50.0 %
ARKG,13d RSI ARKG LT27 - L ARKG,13.7 %,14.4 %,6839,7194,16.9 %,8.3 %,81.1 %,172.7 %,0.0 %,-13.9 %,2,4,0.2,0.3,100.0 %,75.0 %,,2.7,3420,1741,6.8 %,3.5 %,6,4.2,0,1,2,3,0,1,2,3,0,1,2,3,,3,2,3,,8.2,3.4,1.9,0,-967,0.0 %,-1.9 %,0,-967,0.0 %,-1.9 %,0,-967,0.0 %,-1.9 %,100.0 %,75.0 %,100.0 %,75.0 %,100.0 %,75.0 %,3420,2644,0,-967,100.0 %,75.0 %
ARKK,20d RSI ARKK LT34 - L ARKK,22.9 %,29.8 %,11462,14913,26.4 %,6.8 %,86.7 %,442.1 %,0.0 %,-10.1 %,4,5,0.3,0.4,75.0 %,100.0 %,1.7,,2865,2705,5.7 %,5.4 %,4.5,2.4,1,0,3,5,1,0,3,4,1,0,3,3,3,,3,5,5,,1.6,3.7,-5689,0,-5.7 %,0.0 %,-5689,0,-5.7 %,0.0 %,-5689,0,-5.7 %,0.0 %,75.0 %,100.0 %,75.0 %,100.0 %,75.0 %,100.0 %,4769,2705,-2844,0,75.0 %,100.0 %
ARKQ,5d RSI ARKQ LT15 - L ARKQ,11.1 %,17.9 %,5574,8971,10.0 %,5.6 %,111.9 %,323.0 %,0.0 %,-1.9 %,5,5,0.4,0.4,80.0 %,100.0 %,1.3,,1115,1687,2.2 %,3.4 %,3.6,1.8,1,0,4,5,1,0,4,5,1,0,3,5,4,,4,5,5.2,,1.4,3.9,-2679,0,-2.7 %,0.0 %,-2679,0,-2.7 %,0.0 %,-2679,0,-2.7 %,0.0 %,80.0 %,100.0 %,80.0 %,100.0 %,80.0 %,100.0 %,1728,1687,-1340,0,75.0 %,100.0 %
ARKW,12d RSI ARKW LT27 - L ARKW,-0.2 %,21.5 %,-97,10756,17.9 %,6.8 %,-1.1 %,318.9 %,0.0 %,-9.7 %,2,4,0.2,0.3,50.0 %,75.0 %,1,20.4,-49,2525,-0.1 %,5.0 %,6.5,3.2,1,1,1,2,1,1,1,2,1,0,1,3,1,3,1,3,1,61.1,0,2.9,-4146,-168,-4.1 %,-0.3 %,-4146,-168,-4.1 %,-0.3 %,-4146,0,-4.1 %,0.0 %,50.0 %,75.0 %,50.0 %,75.0 %,50.0 %,75.0 %,1976,3422,-2073,-168,50.0 %,100.0 %
ASHR,8d RSI ASHR LT26 - L ASHR,4.7 %,16.5 %,2349,8260,19.2 %,5.6 %,24.5 %,297.4 %,-6.4 %,-0.8 %,9,6,0.8,0.5,66.7 %,100.0 %,0.8,,261,1296,0.5 %,2.6 %,3.1,1.3,2,0,3,6,2,0,3,5,2,0,2,3,2,,6,6,1.6,,0.6,4.4,-4237,0,-4.2 %,0.0 %,-4237,0,-4.2 %,0.0 %,-4237,0,-4.2 %,0.0 %,66.7 %,100.0 %,66.7 %,100.0 %,66.7 %,100.0 %,1039,1296,-1295,0,57.1 %,100.0 %
BAB,3d RSI BAB LT10 - L BAB,3.6 %,2.2 %,1815,1126,16.7 %,8.7 %,21.7 %,25.8 %,-2.6 %,-1.9 %,7,6,0.6,0.5,85.7 %,83.3 %,0.4,,259,186,0.5 %,0.4 %,3.7,2.7,1,1,4,4,1,1,4,4,1,1,3,3,6,5,6,5,2.4,,0.9,3.7,-2599,0,-2.6 %,0.0 %,-2599,0,-2.6 %,0.0 %,-2599,0,-2.6 %,0.0 %,85.7 %,83.3 %,85.7 %,83.3 %,85.7 %,83.3 %,519,223,-1299,0,83.3 %,80.0 %
BAR,4d RSI BAR LT11 - L BAR,-1.0 %,3.1 %,-497,1539,20.5 %,5.2 %,-4.9 %,59.7 %,0.0 %,-2.5 %,2,4,0.2,0.3,50.0 %,75.0 %,0.5,2.6,-249,383,-0.5 %,0.8 %,3.5,2.2,1,1,1,2,1,1,1,2,1,1,1,2,1,3,1,3,0.5,7.7,-0.5,1.7,-1828,-229,-1.8 %,-0.5 %,-1828,-229,-1.8 %,-0.5 %,-1828,-229,-1.8 %,-0.5 %,50.0 %,75.0 %,50.0 %,75.0 %,50.0 %,75.0 %,417,586,-914,-229,50.0 %,75.0 %
BBHY,19d RSI BBHY LT39 - L BBHY,0.3 %,2.2 %,162,1111,43.2 %,6.3 %,0.8 %,35.0 %,-2.2 %,-1.0 %,18,5,1.5,0.4,61.1 %,80.0 %,0.7,2.6,9,221,0.0 %,0.4 %,3.3,2.2,2,1,5,3,3,0,5,4,1,1,3,2,1.6,4,11,4,1.1,10.4,0.1,2.6,-2164,-117,-2.2 %,-0.2 %,-964,0,-1.0 %,0.0 %,-1246,-117,-1.2 %,-0.2 %,61.1 %,80.0 %,61.1 %,80.0 %,56.2 %,100.0 %,245,305,-362,-117,66.7 %,75.0 %
BCI,20d RSI BCI LT39 - L BCI,2.9 %,2.8 %,1458,1394,36.0 %,5.6 %,8.1 %,50.2 %,-5.7 %,-1.6 %,8,3,0.7,0.2,75.0 %,100.0 %,0.5,,182,461,0.4 %,0.9 %,2.9,3.7,2,0,6,3,2,0,5,3,2,0,2,1,3,,6,3,1.4,,0.4,5.2,-6902,0,-6.9 %,0.0 %,-6902,0,-6.9 %,0.0 %,-4886,0,-4.9 %,0.0 %,75.0 %,100.0 %,75.0 %,100.0 %,71.4 %,100.0 %,818,461,-1726,0,50.0 %,100.0 %
BIV,6d RSI BIV LT16 - L BIV,0.3 %,1.8 %,170,887,9.5 %,5.2 %,3.6 %,34.4 %,-1.3 %,-0.5 %,5,4,0.4,0.3,60.0 %,100.0 %,0.8,,34,220,0.1 %,0.4 %,2.6,2.2,1,0,3,4,1,0,3,4,1,0,3,3,1.5,,3,4,1.2,,0.2,3.4,-1343,0,-1.3 %,0.0 %,-1343,0,-1.3 %,0.0 %,-1343,0,-1.3 %,0.0 %,60.0 %,100.0 %,60.0 %,100.0 %,60.0 %,100.0 %,309,220,-379,0,60.0 %,100.0 %
BIZD,5d RSI BIZD LT21 - L BIZD,-0.4 %,9.2 %,-181,4618,17.6 %,5.2 %,-2.1 %,179.1 %,-4.6 %,-0.9 %,7,4,0.6,0.3,57.1 %,100.0 %,0.7,,-26,1120,-0.1 %,2.2 %,4.9,2.2,2,0,3,4,2,0,3,4,2,0,3,3,1.3,,4,4,0.9,,-0.1,3.6,-4767,0,-4.8 %,0.0 %,-4767,0,-4.8 %,0.0 %,-4767,0,-4.8 %,0.0 %,57.1 %,100.0 %,57.1 %,100.0 %,57.1 %,100.0 %,716,1120,-1015,0,57.1 %,100.0 %
BKLN,20d RSI BKLN LT43 - L BKLN,-3.3 %,0.9 %,-1672,437,43.4 %,9.5 %,-7.7 %,9.2 %,-3.3 %,-0.9 %,10,4,0.8,0.3,50.0 %,75.0 %,0.5,1.9,-167,109,-0.3 %,0.2 %,6,5,2,1,2,2,2,1,2,2,5,0,0,3,1,3,5,3,0.5,5.7,-0.9,1.8,-1239,-93,-1.2 %,-0.2 %,-1239,-93,-1.2 %,-0.2 %,-3345,0,-3.3 %,0.0 %,50.0 %,75.0 %,50.0 %,75.0 %,50.0 %,75.0 %,322,176,-656,-93,0.0 %,100.0 %
BLV,6d RSI BLV LT18 - L BLV,6.2 %,1.5 %,3097,768,18.1 %,5.2 %,34.2 %,29.8 %,-2.4 %,-3.7 %,8,3,0.7,0.2,62.5 %,100.0 %,2,,387,255,0.8 %,0.5 %,3.6,3.3,2,0,4,3,2,0,4,3,2,0,3,2,1.7,,5,3,3.4,,1.6,11.9,-2445,0,-2.4 %,0.0 %,-2445,0,-2.4 %,0.0 %,-2445,0,-2.4 %,0.0 %,62.5 %,100.0 %,62.5 %,100.0 %,62.5 %,100.0 %,879,255,-433,0,66.7 %,100.0 %
BND,4d RSI BND LT12 - L BND,2.0 %,0.8 %,990,402,13.1 %,6.3 %,15.1 %,12.7 %,-0.2 %,-1.2 %,8,5,0.7,0.4,62.5 %,80.0 %,2.7,15,124,80,0.2 %,0.2 %,2.1,2.2,1,1,3,2,1,1,3,2,1,0,5,4,1.7,4,5,4,4.5,59.9,1.9,2.9,-260,-7,-0.3 %,-0.0 %,-260,-7,-0.3 %,-0.0 %,-260,0,-0.3 %,0.0 %,62.5 %,80.0 %,62.5 %,80.0 %,62.5 %,80.0 %,254,102,-94,-7,83.3 %,100.0 %
BNDX,6d RSI BNDX LT20 - L BNDX,-1.4 %,0.4 %,-714,209,22.9 %,9.1 %,-6.2 %,4.6 %,-2.5 %,-1.5 %,14,5,1.2,0.4,50.0 %,80.0 %,0.7,0.4,-51,42,-0.1 %,0.1 %,3.1,3,3,1,5,3,3,1,4,3,3,1,2,2,1,4,7,4,0.7,1.6,-0.6,0.5,-2036,-324,-2.0 %,-0.7 %,-2036,-324,-2.0 %,-0.7 %,-2036,-324,-2.0 %,-0.7 %,50.0 %,80.0 %,50.0 %,80.0 %,46.2 %,80.0 %,192,133,-294,-324,33.3 %,75.0 %
BNO,3d RSI BNO LT12 - L BNO,11.6 %,22.7 %,5776,11338,17.3 %,9.5 %,66.7 %,238.1 %,-1.4 %,-6.1 %,5,6,0.4,0.5,80.0 %,100.0 %,2.1,,1155,1745,2.3 %,3.5 %,3.2,3,1,0,4,6,1,0,4,6,1,0,3,5,4,,4,6,8.4,,2.1,3.7,-1564,0,-1.6 %,0.0 %,-1564,0,-1.6 %,0.0 %,-1564,0,-1.6 %,0.0 %,80.0 %,100.0 %,80.0 %,100.0 %,80.0 %,100.0 %,1639,1745,-782,0,75.0 %,100.0 %
BOIL,16d RSI BOIL LT34 - L BOIL,41.4 %,22.8 %,20720,11381,20.2 %,6.0 %,205.5 %,382.4 %,-15.4 %,-12.2 %,6,2,0.5,0.2,66.7 %,100.0 %,1.5,,3453,5421,6.9 %,10.8 %,2.8,6.5,2,0,2,2,2,0,2,2,1,0,2,1,2,,4,2,3.1,,1.2,4.9,-19773,0,-19.8 %,0.0 %,-19773,0,-19.8 %,0.0 %,-3395,0,-3.4 %,0.0 %,66.7 %,100.0 %,66.7 %,100.0 %,66.7 %,100.0 %,7652,5421,-4943,0,75.0 %,100.0 %
BOND,4d RSI BOND LT12 - L BOND,-3.1 %,1.0 %,-1545,491,25.2 %,5.2 %,-12.2 %,19.0 %,-2.5 %,-1.0 %,8,4,0.7,0.3,50.0 %,100.0 %,0.2,,-193,122,-0.4 %,0.2 %,5.5,2.2,2,0,4,4,2,0,4,4,2,0,4,3,1,,4,4,0.2,,-1.4,3.2,-2498,0,-2.5 %,0.0 %,-2498,0,-2.5 %,0.0 %,-2498,0,-2.5 %,0.0 %,50.0 %,100.0 %,50.0 %,100.0 %,50.0 %,100.0 %,118,122,-504,0,50.0 %,100.0 %
BOTZ,7d RSI BOTZ LT23 - L BOTZ,-10.6 %,11.8 %,-5294,5919,24.9 %,6.3 %,-42.6 %,186.4 %,-11.2 %,-3.1 %,8,5,0.7,0.4,37.5 %,100.0 %,0.4,,-662,1134,-1.3 %,2.3 %,4.5,2.2,4,0,2,5,4,0,2,5,2,0,2,4,0.6,,3,5,0.3,,-1.1,5,-11870,0,-11.9 %,0.0 %,-11870,0,-11.9 %,0.0 %,-11870,0,-11.9 %,0.0 %,37.5 %,100.0 %,37.5 %,100.0 %,37.5 %,100.0 %,622,1134,-1432,0,40.0 %,100.0 %
BSCQ,7d RSI BSCQ LT21 - L BSCQ,-0.1 %,1.8 %,-37,916,22.1 %,7.1 %,-0.3 %,25.7 %,-1.0 %,-0.2 %,7,5,0.6,0.4,57.1 %,100.0 %,0.7,,-5,182,-0.0 %,0.4 %,4.9,2.6,1,0,3,5,2,0,3,5,1,0,3,2,1.3,,4,5,0.9,,-0.1,4.6,-1028,0,-1.0 %,0.0 %,-335,0,-0.3 %,0.0 %,-1028,0,-1.0 %,0.0 %,57.1 %,100.0 %,57.1 %,100.0 %,50.0 %,100.0 %,175,182,-246,0,60.0 %,100.0 %
BSCR,5d RSI BSCR LT15 - L BSCR,1.4 %,2.2 %,721,1099,20.6 %,5.2 %,7.0 %,42.6 %,-0.5 %,-0.1 %,7,4,0.6,0.3,57.1 %,100.0 %,2.6,,103,273,0.2 %,0.6 %,4.4,2.2,2,0,4,4,2,0,4,4,1,0,4,2,1.3,,4,4,3.4,,1.4,4.9,-111,0,-0.1 %,0.0 %,-111,0,-0.1 %,0.0 %,-488,0,-0.5 %,0.0 %,57.1 %,100.0 %,57.1 %,100.0 %,57.1 %,100.0 %,255,273,-100,0,66.7 %,100.0 %
BSV,4d RSI BSV LT14 - L BSV,-1.3 %,0.9 %,-649,474,21.6 %,14.3 %,-6.0 %,6.6 %,-1.7 %,-0.5 %,7,8,0.6,0.7,42.9 %,87.5 %,0.4,0.8,-93,59,-0.2 %,0.1 %,4.9,3.5,2,1,2,6,2,1,2,6,3,1,2,4,0.8,7,3,7,0.3,5.9,-1.3,2.2,-1294,-97,-1.3 %,-0.2 %,-1294,-97,-1.3 %,-0.2 %,-1737,-21,-1.7 %,-0.0 %,42.9 %,87.5 %,42.9 %,87.5 %,42.9 %,87.5 %,88,81,-228,-97,40.0 %,83.3 %
BTAL,4d RSI BTAL LT11 - L BTAL,3.5 %,0.4 %,1740,194,42.9 %,15.5 %,8.1 %,2.5 %,0.0 %,-5.3 %,2,4,0.2,0.3,100.0 %,50.0 %,,1.2,870,54,1.7 %,0.1 %,2,8.8,0,1,2,1,0,1,2,1,0,1,2,1,,1,2,2,,1.2,3.1,0.1,0,-786,0.0 %,-1.6 %,0,-786,0.0 %,-1.6 %,0,-786,0.0 %,-1.6 %,100.0 %,50.0 %,100.0 %,50.0 %,100.0 %,50.0 %,870,785,0,-678,100.0 %,50.0 %
BWX,4d RSI BWX LT11 - L BWX,-2.0 %,3.9 %,-987,1931,25.2 %,8.3 %,-7.8 %,46.4 %,-2.5 %,-0.7 %,7,7,0.6,0.6,28.6 %,100.0 %,1.1,,-141,272,-0.3 %,0.5 %,4,2,4,0,2,7,4,0,2,7,3,0,2,5,0.4,,2,7,0.4,,-0.9,5.3,-2546,0,-2.5 %,0.0 %,-2546,0,-2.5 %,0.0 %,-2546,0,-2.5 %,0.0 %,28.6 %,100.0 %,28.6 %,100.0 %,28.6 %,100.0 %,366,272,-344,0,33.3 %,100.0 %
BWZ,13d RSI BWZ LT29 - L BWZ,0.2 %,2.4 %,124,1187,34.2 %,6.8 %,0.7 %,35.2 %,-2.1 %,-0.6 %,11,6,0.9,0.5,45.5 %,83.3 %,1.3,4.8,11,196,0.0 %,0.4 %,3.5,1.8,3,1,3,5,3,1,3,5,2,1,2,5,0.8,5,5,5,1.1,24.2,0.1,3.7,-418,-51,-0.4 %,-0.1 %,-418,-51,-0.4 %,-0.1 %,-418,-51,-0.4 %,-0.1 %,45.5 %,83.3 %,45.5 %,83.3 %,45.5 %,83.3 %,310,245,-238,-51,50.0 %,83.3 %
CALF,10d RSI CALF LT34 - L CALF,17.0 %,12.2 %,8505,6082,19.9 %,5.6 %,85.4 %,219.0 %,-2.4 %,-2.4 %,12,5,1,0.4,75.0 %,100.0 %,2.2,,709,1162,1.4 %,2.3 %,2.8,1.8,2,0,7,5,2,0,6,5,1,0,4,3,3,,9,5,6.6,,2.6,8.8,-2763,0,-2.8 %,0.0 %,-2763,0,-2.8 %,0.0 %,-2474,0,-2.5 %,0.0 %,75.0 %,100.0 %,75.0 %,100.0 %,72.7 %,100.0 %,1113,1162,-503,0,85.7 %,100.0 %
CEF,10d RSI CEF LT26 - L CEF,-2.8 %,6.8 %,-1397,3373,26.7 %,6.0 %,-10.5 %,113.3 %,-4.4 %,-1.5 %,5,5,0.4,0.4,40.0 %,100.0 %,0.6,,-279,660,-0.6 %,1.3 %,3.6,2,2,0,1,5,2,0,1,4,3,0,0,4,0.7,,2,5,0.4,,-0.8,2.9,-4461,0,-4.5 %,0.0 %,-4461,0,-4.5 %,0.0 %,-2793,0,-2.8 %,0.0 %,40.0 %,100.0 %,40.0 %,100.0 %,40.0 %,100.0 %,433,660,-754,0,0.0 %,100.0 %
CHAU,8d RSI CHAU LT27 - L CHAU,6.5 %,35.0 %,3265,17493,22.6 %,6.0 %,28.9 %,587.8 %,-11.3 %,-1.4 %,11,6,0.9,0.5,63.6 %,100.0 %,0.8,,297,2582,0.6 %,5.2 %,3,1.5,3,0,4,6,3,0,4,5,3,0,2,3,1.8,,7,6,1.4,,0.4,4.5,-10176,0,-10.2 %,0.0 %,-10176,0,-10.2 %,0.0 %,-10176,0,-10.2 %,0.0 %,63.6 %,100.0 %,63.6 %,100.0 %,63.6 %,100.0 %,1676,2582,-2117,0,50.0 %,100.0 %
CIBR,8d RSI CIBR LT27 - L CIBR,2.3 %,11.4 %,1129,5692,15.2 %,5.6 %,14.9 %,204.9 %,-2.7 %,-4.9 %,5,4,0.4,0.3,60.0 %,100.0 %,1.2,,226,1368,0.5 %,2.7 %,4.6,2.5,2,0,2,4,2,0,2,4,1,0,1,3,1.5,,3,4,1.8,,0.5,6.6,-2803,0,-2.8 %,0.0 %,-2803,0,-2.8 %,0.0 %,-2782,0,-2.8 %,0.0 %,60.0 %,100.0 %,60.0 %,100.0 %,60.0 %,100.0 %,844,1368,-701,0,66.7 %,100.0 %
CMF,18d RSI CMF LT28 - L CMF,-8.3 %,0.1 %,-4148,53,42.2 %,7.9 %,-19.7 %,1.4 %,-7.1 %,-0.7 %,7,5,0.6,0.4,14.3 %,60.0 %,0,0.8,-593,11,-1.2 %,0.0 %,10,3,3,1,1,3,6,1,0,2,4,1,0,2,0.2,1.5,1,3,0,1.2,-2.4,0.2,-6172,-208,-6.2 %,-0.4 %,-8295,-208,-8.3 %,-0.4 %,-8295,-208,-8.3 %,-0.4 %,14.3 %,60.0 %,14.3 %,60.0 %,0.0 %,50.0 %,28,109,-696,-136,0.0 %,50.0 %
COLO,6d RSI COLO LT15 - L COLO,-12.4 %,6.2 %,-6184,3102,37.5 %,7.9 %,-33.0 %,78.2 %,-11.2 %,-3.4 %,4,5,0.3,0.4,50.0 %,80.0 %,0.3,0.9,-1546,615,-3.1 %,1.2 %,9,3,2,1,2,3,2,1,2,3,2,1,1,3,1,4,2,4,0.3,3.4,-1.1,1.4,-16575,-1261,-16.6 %,-2.5 %,-16575,-1261,-16.6 %,-2.5 %,-16575,-133,-16.6 %,-0.3 %,50.0 %,80.0 %,50.0 %,80.0 %,50.0 %,80.0 %,1052,1084,-4144,-1261,33.3 %,75.0 %
COMT,3d RSI COMT LT10 - L COMT,2.1 %,7.4 %,1037,3700,14.2 %,6.3 %,14.6 %,116.5 %,0.0 %,-3.3 %,4,4,0.3,0.3,75.0 %,100.0 %,0.6,,259,901,0.5 %,1.8 %,3.2,3,1,0,3,4,1,0,3,4,1,0,3,4,3,,3,4,1.9,,0.6,6.4,-2197,0,-2.2 %,0.0 %,-2197,0,-2.2 %,0.0 %,-2197,0,-2.2 %,0.0 %,75.0 %,100.0 %,75.0 %,100.0 %,75.0 %,100.0 %,712,901,-1099,0,75.0 %,100.0 %
COPX,4d RSI COPX LT13 - L COPX,1.4 %,16.0 %,713,8000,21.1 %,5.6 %,6.8 %,288.0 %,-8.9 %,-6.0 %,5,5,0.4,0.4,60.0 %,80.0 %,0.8,2.2,143,1523,0.3 %,3.0 %,3.6,1.8,1,1,2,2,1,1,2,2,1,1,2,2,1.5,4,3,4,1.1,8.8,0.1,2.6,-8735,-982,-8.7 %,-2.0 %,-8735,-982,-8.7 %,-2.0 %,-8735,-982,-8.7 %,-2.0 %,60.0 %,80.0 %,60.0 %,80.0 %,60.0 %,80.0 %,2045,2149,-2711,-982,60.0 %,80.0 %
CORN,4d RSI CORN LT16 - L CORN,-1.8 %,17.7 %,-883,8855,16.0 %,5.6 %,-11.0 %,318.8 %,-7.5 %,-2.1 %,4,5,0.3,0.4,75.0 %,100.0 %,0.3,,-221,1670,-0.4 %,3.3 %,5,1.8,1,0,2,5,1,0,2,5,1,0,2,5,3,,3,5,0.8,,-0.2,3.3,-7801,0,-7.8 %,0.0 %,-7801,0,-7.8 %,0.0 %,-7801,0,-7.8 %,0.0 %,75.0 %,100.0 %,75.0 %,100.0 %,75.0 %,100.0 %,1006,1670,-3901,0,75.0 %,100.0 %
COWZ,21d RSI COWZ LT46 - L COWZ,11.5 %,8.5 %,5746,4240,32.2 %,6.0 %,35.7 %,142.5 %,-8.2 %,-1.6 %,16,5,1.3,0.4,68.8 %,100.0 %,0.8,,359,822,0.7 %,1.6 %,3.6,2,2,0,6,5,3,0,6,5,3,0,4,4,2.2,,11,5,1.7,,1,4.6,-5288,0,-5.3 %,0.0 %,-8152,0,-8.2 %,0.0 %,-9448,0,-9.4 %,0.0 %,68.8 %,100.0 %,68.8 %,100.0 %,66.7 %,100.0 %,1261,822,-1626,0,66.7 %,100.0 %
CPER,21d RSI CPER LT42 - L CPER,-17.3 %,5.5 %,-8639,2746,59.3 %,6.0 %,-29.1 %,92.3 %,-24.3 %,-2.2 %,14,4,1.2,0.3,71.4 %,100.0 %,0.2,,-617,674,-1.2 %,1.4 %,3.6,2.8,2,0,8,4,2,0,4,4,2,0,2,3,2.5,,10,4,0.5,,-0.9,3.8,-21897,0,-21.9 %,0.0 %,-20187,0,-20.2 %,0.0 %,-25643,0,-25.6 %,0.0 %,71.4 %,100.0 %,71.4 %,100.0 %,55.6 %,100.0 %,711,674,-3936,0,50.0 %,100.0 %
CQQQ,12d RSI CQQQ LT25 - L CQQQ,14.9 %,22.4 %,7454,11211,14.3 %,5.6 %,104.4 %,403.6 %,-1.6 %,-1.9 %,5,5,0.4,0.4,80.0 %,100.0 %,2.3,,1491,2068,3.0 %,4.1 %,3.6,1.8,1,0,2,5,1,0,2,5,1,0,1,4,4,,4,5,9.3,,1.9,8,-1799,0,-1.8 %,0.0 %,-1799,0,-1.8 %,0.0 %,-1799,0,-1.8 %,0.0 %,80.0 %,100.0 %,80.0 %,100.0 %,80.0 %,100.0 %,2088,2068,-900,0,66.7 %,100.0 %
CWB,18d RSI CWB LT37 - L CWB,13.8 %,8.0 %,6918,3995,34.1 %,6.8 %,40.5 %,118.5 %,-4.5 %,-3.7 %,15,5,1.2,0.4,80.0 %,80.0 %,0.6,9.6,461,779,0.9 %,1.6 %,3.5,2.4,1,1,6,2,1,1,5,2,1,0,6,3,4,4,12,4,2.5,38.3,1.6,2.7,-4885,-104,-4.9 %,-0.2 %,-4885,-104,-4.9 %,-0.2 %,-2911,0,-2.9 %,0.0 %,80.0 %,80.0 %,80.0 %,80.0 %,78.6 %,80.0 %,960,1000,-1535,-104,85.7 %,100.0 %
CWI,21d RSI CWI LT44 - L CWI,-2.1 %,12.8 %,-1039,6401,57.4 %,12.7 %,-3.6 %,100.8 %,-9.2 %,-1.6 %,23,11,1.9,0.9,52.2 %,90.9 %,0.8,2.9,-45,552,-0.1 %,1.1 %,3.7,1.9,3,1,2,5,3,0,2,10,2,0,2,5,1.1,10,12,10,0.9,29,-0.2,4.6,-7260,-217,-7.3 %,-0.4 %,-7260,0,-7.3 %,0.0 %,-8517,0,-8.5 %,0.0 %,52.2 %,90.9 %,52.2 %,90.9 %,45.0 %,100.0 %,889,629,-1064,-217,55.6 %,100.0 %
CXSE,6d RSI CXSE LT21 - L CXSE,10.3 %,23.8 %,5170,11887,20.1 %,13.1 %,51.4 %,181.6 %,-1.6 %,-7.1 %,8,10,0.7,0.8,75.0 %,80.0 %,0.8,12.4,646,1084,1.3 %,2.2 %,3.2,2.3,1,1,3,6,1,1,3,6,1,1,3,3,3,4,6,8,2.4,49.4,1,4.4,-5900,-124,-5.9 %,-0.2 %,-5900,-124,-5.9 %,-0.2 %,-1695,-100,-1.7 %,-0.2 %,75.0 %,80.0 %,75.0 %,80.0 %,75.0 %,80.0 %,1495,1383,-1899,-112,80.0 %,83.3 %
DBA,21d RSI DBA LT48 - L DBA,-7.8 %,13.5 %,-3925,6765,66.9 %,13.1 %,-11.7 %,103.3 %,-11.4 %,-3.0 %,18,9,1.5,0.8,55.6 %,88.9 %,0.4,13.3,-218,712,-0.4 %,1.4 %,5,2.7,3,1,3,6,4,1,3,5,1,0,2,5,1.2,8,10,8,0.5,106.2,-0.9,4.4,-11646,-61,-11.6 %,-0.1 %,-11239,-61,-11.2 %,-0.1 %,-10901,0,-10.9 %,0.0 %,55.6 %,88.9 %,55.6 %,88.9 %,50.0 %,87.5 %,345,809,-922,-61,57.1 %,100.0 %
DBB,21d RSI DBB LT44 - L DBB,-7.9 %,9.7 %,-3928,4832,67.6 %,7.1 %,-11.6 %,135.3 %,-20.6 %,-0.8 %,23,6,1.9,0.5,60.9 %,100.0 %,0.5,,-171,776,-0.3 %,1.6 %,2.9,2,5,0,6,6,4,0,4,5,2,0,2,4,1.6,,14,6,0.8,,-0.5,5,-21901,0,-21.9 %,0.0 %,-21901,0,-21.9 %,0.0 %,-13774,0,-13.8 %,0.0 %,60.9 %,100.0 %,60.9 %,100.0 %,55.6 %,100.0 %,937,776,-1894,0,57.1 %,100.0 %
DBC,5d RSI DBC LT18 - L DBC,-2.7 %,9.1 %,-1364,4562,21.1 %,5.6 %,-12.9 %,164.2 %,-3.8 %,-2.4 %,3,4,0.2,0.3,33.3 %,100.0 %,0.7,,-455,1105,-0.9 %,2.2 %,3.7,2.5,2,0,1,4,2,0,1,4,2,0,1,4,0.5,,1,4,0.3,,-0.7,5.2,-4164,0,-4.2 %,0.0 %,-4164,0,-4.2 %,0.0 %,-4164,0,-4.2 %,0.0 %,33.3 %,100.0 %,33.3 %,100.0 %,33.3 %,100.0 %,717,1105,-1041,0,33.3 %,100.0 %
DBEF,10d RSI DBEF LT37 - L DBEF,9.9 %,6.7 %,4958,3354,25.0 %,6.8 %,39.7 %,99.4 %,-2.6 %,-1.7 %,13,6,1.1,0.5,69.2 %,100.0 %,1.2,,381,544,0.8 %,1.1 %,3.5,1.8,2,0,5,6,2,0,4,5,1,0,3,5,2.2,,9,6,2.8,,1.6,8.2,-2887,0,-2.9 %,0.0 %,-2887,0,-2.9 %,0.0 %,-2887,0,-2.9 %,0.0 %,69.2 %,100.0 %,69.2 %,100.0 %,66.7 %,100.0 %,857,544,-689,0,66.7 %,100.0 %
DBO,3d RSI DBO LT11 - L DBO,13.1 %,16.5 %,6574,8231,11.4 %,6.3 %,115.5 %,259.3 %,0.0 %,-4.7 %,4,4,0.3,0.3,100.0 %,100.0 %,,,1644,1955,3.3 %,3.9 %,2.5,3,0,0,4,4,0,0,4,4,0,0,3,4,,,4,4,,,4.3,3.3,0,0,0.0 %,0.0 %,0,0,0.0 %,0.0 %,0,0,0.0 %,0.0 %,100.0 %,100.0 %,100.0 %,100.0 %,100.0 %,100.0 %,1644,1955,0,0,100.0 %,100.0 %
DDM,17d RSI DDM LT38 - L DDM,25.7 %,19.5 %,12845,9763,31.4 %,6.8 %,81.8 %,289.4 %,-5.4 %,-3.0 %,13,4,1.1,0.3,76.9 %,100.0 %,1.4,,988,2281,2.0 %,4.6 %,3.5,3.2,1,0,4,4,1,0,4,4,1,0,5,4,3.3,,10,4,4.6,,2.2,13.1,-6745,0,-6.7 %,0.0 %,-6745,0,-6.7 %,0.0 %,-3694,0,-3.7 %,0.0 %,76.9 %,100.0 %,76.9 %,100.0 %,83.3 %,100.0 %,1640,2281,-1185,0,85.7 %,100.0 %
DDWM,5d RSI DDWM LT21 - L DDWM,8.1 %,4.6 %,4041,2307,21.5 %,5.2 %,37.5 %,89.5 %,-1.4 %,-1.7 %,9,4,0.8,0.3,66.7 %,100.0 %,2.1,,449,567,0.9 %,1.1 %,3.1,2.2,2,0,4,4,2,0,4,4,2,0,4,4,2,,6,4,4.3,,1.8,6,-991,0,-1.0 %,0.0 %,-991,0,-1.0 %,0.0 %,-991,0,-1.0 %,0.0 %,66.7 %,100.0 %,66.7 %,100.0 %,66.7 %,100.0 %,880,567,-414,0,62.5 %,100.0 %
DEM,4d RSI DEM LT14 - L DEM,0.8 %,6.1 %,406,3068,15.8 %,5.6 %,5.1 %,110.4 %,-3.7 %,-0.7 %,8,6,0.7,0.5,62.5 %,100.0 %,0.7,,51,499,0.1 %,1.0 %,3.2,1.3,2,0,2,6,2,0,2,6,2,0,2,6,1.7,,5,6,1.2,,0.2,8.3,-3746,0,-3.7 %,0.0 %,-3746,0,-3.7 %,0.0 %,-3746,0,-3.7 %,0.0 %,62.5 %,100.0 %,62.5 %,100.0 %,62.5 %,100.0 %,546,499,-775,0,57.1 %,100.0 %
DES,9d RSI DES LT29 - L DES,4.1 %,12.1 %,2057,6038,15.0 %,5.6 %,27.4 %,217.3 %,-3.2 %,-1.2 %,8,5,0.7,0.4,75.0 %,100.0 %,0.7,,257,1154,0.5 %,2.3 %,3.2,1.8,2,0,4,5,2,0,4,5,1,0,3,4,3,,6,5,2.2,,1,6.9,-3317,0,-3.3 %,0.0 %,-3317,0,-3.3 %,0.0 %,-3317,0,-3.3 %,0.0 %,75.0 %,100.0 %,75.0 %,100.0 %,75.0 %,100.0 %,619,1154,-829,0,83.3 %,100.0 %
DFEN,15d RSI DFEN LT37 - L DFEN,12.4 %,50.5 %,6178,25240,19.7 %,7.9 %,62.8 %,636.0 %,-8.6 %,-13.6 %,8,6,0.7,0.5,62.5 %,100.0 %,1.3,,772,3573,1.5 %,7.2 %,3.2,2.3,3,0,4,6,3,0,4,6,2,0,2,5,1.7,,5,6,2.2,,0.9,3.8,-10001,0,-10.0 %,0.0 %,-10001,0,-10.0 %,0.0 %,-8923,0,-8.9 %,0.0 %,62.5 %,100.0 %,62.5 %,100.0 %,62.5 %,100.0 %,2236,3573,-1667,0,60.0 %,100.0 %
DGRO,14d RSI DGRO LT36 - L DGRO,8.8 %,8.8 %,4386,4383,25.7 %,6.3 %,34.2 %,138.1 %,-2.5 %,-1.2 %,9,4,0.8,0.3,77.8 %,100.0 %,1.1,,487,1062,1.0 %,2.1 %,4.2,3,1,0,5,4,1,0,5,4,1,0,4,4,3.5,,7,4,3.9,,1.8,9.5,-2734,0,-2.7 %,0.0 %,-2734,0,-2.7 %,0.0 %,-279,0,-0.3 %,0.0 %,77.8 %,100.0 %,77.8 %,100.0 %,77.8 %,100.0 %,842,1062,-753,0,71.4 %,100.0 %
DGRW,9d RSI DGRW LT28 - L DGRW,1.4 %,7.6 %,703,3783,16.9 %,6.3 %,8.3 %,119.2 %,-1.9 %,-1.4 %,5,4,0.4,0.3,40.0 %,100.0 %,2.5,,141,921,0.3 %,1.8 %,4.8,3,1,0,1,4,1,0,1,4,1,0,1,4,0.7,,2,4,1.7,,0.4,7.3,-2015,0,-2.0 %,0.0 %,-2015,0,-2.0 %,0.0 %,-2015,0,-2.0 %,0.0 %,40.0 %,100.0 %,40.0 %,100.0 %,40.0 %,100.0 %,864,921,-342,0,40.0 %,100.0 %
DGS,3d RSI DGS LT11 - L DGS,3.7 %,7.4 %,1859,3710,21.2 %,7.9 %,17.5 %,93.5 %,-2.6 %,-0.5 %,9,7,0.8,0.6,66.7 %,100.0 %,0.8,,207,516,0.4 %,1.0 %,3.1,1.9,1,0,3,7,1,0,3,6,1,0,3,6,2,,6,7,1.6,,0.7,3,-2735,0,-2.7 %,0.0 %,-2735,0,-2.7 %,0.0 %,-2735,0,-2.7 %,0.0 %,66.7 %,100.0 %,66.7 %,100.0 %,66.7 %,100.0 %,821,516,-1022,0,66.7 %,100.0 %
DIA,18d RSI DIA LT39 - L DIA,10.1 %,9.5 %,5059,4764,32.5 %,6.8 %,31.2 %,141.2 %,-3.1 %,-1.5 %,12,4,1,0.3,83.3 %,100.0 %,0.8,,422,1151,0.8 %,2.3 %,4,3.2,1,0,5,4,1,0,4,4,1,0,5,4,5,,10,4,3.9,,1.8,12.7,-3351,0,-3.4 %,0.0 %,-3351,0,-3.4 %,0.0 %,-1849,0,-1.8 %,0.0 %,83.3 %,100.0 %,83.3 %,100.0 %,81.8 %,100.0 %,679,1151,-866,0,85.7 %,100.0 %
DIV,12d RSI DIV LT38 - L DIV,0.4 %,7.4 %,188,3708,24.6 %,6.0 %,1.5 %,124.6 %,-5.8 %,-1.1 %,12,5,1,0.4,75.0 %,100.0 %,0.3,,16,721,0.0 %,1.4 %,3.7,2,1,0,3,5,1,0,3,5,2,0,3,4,3,,9,5,1,,0.1,18.5,-5798,0,-5.8 %,0.0 %,-5798,0,-5.8 %,0.0 %,-5953,0,-6.0 %,0.0 %,75.0 %,100.0 %,75.0 %,100.0 %,72.7 %,100.0 %,541,721,-1562,0,71.4 %,100.0 %
DIVB,9d RSI DIVB LT33 - L DIVB,0.5 %,6.5 %,234,3251,29.0 %,6.3 %,1.6 %,102.4 %,-7.0 %,-1.0 %,10,5,0.8,0.4,60.0 %,100.0 %,0.7,,23,635,0.0 %,1.3 %,4.1,2.2,3,0,5,5,3,0,5,5,2,0,4,4,1.5,,6,5,1.1,,0.1,5.1,-7454,0,-7.5 %,0.0 %,-7454,0,-7.5 %,0.0 %,-7454,0,-7.5 %,0.0 %,60.0 %,100.0 %,60.0 %,100.0 %,60.0 %,100.0 %,676,635,-955,0,62.5 %,100.0 %
DIVI,3d RSI DIVI LT12 - L DIVI,-4.5 %,4.4 %,-2263,2186,20.7 %,6.8 %,-21.9 %,64.8 %,-6.5 %,-1.8 %,8,6,0.7,0.5,50.0 %,100.0 %,0.4,,-283,358,-0.6 %,0.7 %,3.4,1.8,3,0,3,6,3,0,3,6,2,0,2,5,1,,4,6,0.4,,-1,11.2,-6607,0,-6.6 %,0.0 %,-6607,0,-6.6 %,0.0 %,-6607,0,-6.6 %,0.0 %,50.0 %,100.0 %,50.0 %,100.0 %,50.0 %,100.0 %,308,358,-874,0,50.0 %,100.0 %
DIVO,19d RSI DIVO LT43 - L DIVO,11.2 %,4.6 %,5618,2322,41.1 %,6.8 %,27.3 %,68.8 %,-3.1 %,-2.4 %,16,4,1.3,0.3,87.5 %,100.0 %,0.4,,351,574,0.7 %,1.1 %,3.8,3.2,1,0,9,4,1,0,9,4,1,0,5,4,7,,14,4,2.8,,1.7,2.1,-3495,0,-3.5 %,0.0 %,-3495,0,-3.5 %,0.0 %,-1918,0,-1.9 %,0.0 %,87.5 %,100.0 %,87.5 %,100.0 %,86.7 %,100.0 %,628,574,-1588,0,77.8 %,100.0 %
DLN,8d RSI DLN LT31 - L DLN,2.3 %,9.6 %,1143,4781,22.8 %,7.5 %,10.0 %,126.8 %,-3.1 %,-1.1 %,7,5,0.6,0.4,57.1 %,100.0 %,1.3,,163,922,0.3 %,1.8 %,4.7,2.8,3,0,4,5,3,0,4,5,3,0,4,5,1.3,,4,5,1.7,,0.6,13.1,-3225,0,-3.2 %,0.0 %,-3225,0,-3.2 %,0.0 %,-3225,0,-3.2 %,0.0 %,57.1 %,100.0 %,57.1 %,100.0 %,57.1 %,100.0 %,689,922,-538,0,57.1 %,100.0 %
DOG,6d RSI DOG LT19 - L DOG,-0.2 %,5.8 %,-114,2920,18.6 %,6.8 %,-1.2 %,86.6 %,-0.3 %,-1.2 %,2,5,0.2,0.4,50.0 %,80.0 %,0.3,11.1,-57,575,-0.1 %,1.1 %,4.5,2.4,1,1,1,2,1,1,1,2,1,1,1,2,1,4,1,4,0.3,44.5,-0.7,2.1,-333,-66,-0.3 %,-0.1 %,-333,-66,-0.3 %,-0.1 %,-333,-66,-0.3 %,-0.1 %,50.0 %,80.0 %,50.0 %,80.0 %,50.0 %,80.0 %,52,735,-166,-66,50.0 %,80.0 %
DON,15d RSI DON LT39 - L DON,13.0 %,11.7 %,6490,5825,18.8 %,5.6 %,68.9 %,209.7 %,-3.1 %,-1.4 %,11,5,0.9,0.4,81.8 %,100.0 %,0.7,,590,1115,1.2 %,2.2 %,3,1.8,1,0,5,5,1,0,7,5,1,0,6,4,4.5,,9,5,3.2,,1.9,7,-3488,0,-3.5 %,0.0 %,-3488,0,-3.5 %,0.0 %,-3488,0,-3.5 %,0.0 %,81.8 %,100.0 %,81.8 %,100.0 %,90.0 %,100.0 %,1042,1115,-1443,0,88.9 %,100.0 %
DRIP,19d RSI DRIP LT31 - L DRIP,10.7 %,52.4 %,5330,26178,14.5 %,8.7 %,73.3 %,599.7 %,0.0 %,-11.5 %,2,6,0.2,0.5,100.0 %,100.0 %,,,2665,3657,5.3 %,7.3 %,3,2.7,0,0,2,6,0,0,2,6,0,0,2,4,,,2,6,,,10.6,5.8,0,0,0.0 %,0.0 %,0,0,0.0 %,0.0 %,0,0,0.0 %,0.0 %,100.0 %,100.0 %,100.0 %,100.0 %,100.0 %,100.0 %,2665,3657,0,0,100.0 %,100.0 %
DRN,3d RSI DRN LT14 - L DRN,-12.7 %,28.7 %,-6373,14331,25.9 %,5.6 %,-49.2 %,515.9 %,-25.1 %,-5.2 %,12,5,1,0.4,66.7 %,100.0 %,0.4,,-531,2602,-1.1 %,5.2 %,4.2,1.8,2,0,3,5,2,0,3,5,1,0,3,4,2,,8,5,0.7,,-0.4,4.4,-12304,0,-12.3 %,0.0 %,-12304,0,-12.3 %,0.0 %,-20198,0,-20.2 %,0.0 %,66.7 %,100.0 %,66.7 %,100.0 %,66.7 %,100.0 %,2133,2602,-5859,0,66.7 %,100.0 %
DRV,5d RSI DRV LT10 - L DRV,1.7 %,2.6 %,854,1304,100.0 %,5.6 %,1.7 %,46.9 %,0.0 %,-3.4 %,1,3,0.1,0.2,100.0 %,100.0 %,,,854,432,1.7 %,0.9 %,2,3.7,0,0,1,3,0,0,1,3,0,0,1,3,,,1,3,,,0,2.4,0,0,0.0 %,0.0 %,0,0,0.0 %,0.0 %,0,0,0.0 %,0.0 %,100.0 %,100.0 %,100.0 %,100.0 %,100.0 %,100.0 %,854,432,0,0,100.0 %,100.0 %
DSI,3d RSI DSI LT10 - L DSI,5.7 %,6.4 %,2839,3194,15.3 %,5.2 %,37.0 %,123.8 %,-0.6 %,-0.5 %,6,5,0.5,0.4,66.7 %,100.0 %,3.1,,473,623,0.9 %,1.2 %,3.7,1.6,1,0,3,5,1,0,3,5,0,0,4,4,2,,4,5,6.1,,1.5,8.8,-672,0,-0.7 %,0.0 %,-672,0,-0.7 %,0.0 %,0,0,0.0 %,0.0 %,66.7 %,100.0 %,66.7 %,100.0 %,66.7 %,100.0 %,848,623,-276,0,100.0 %,100.0 %
DUST,19d RSI DUST LT36 - L DUST,12.8 %,22.7 %,6424,11364,17.3 %,9.5 %,74.2 %,238.7 %,-12.7 %,-4.7 %,8,5,0.7,0.4,87.5 %,100.0 %,0.3,,803,2106,1.6 %,4.2 %,3.2,3.8,1,0,6,5,1,0,6,4,1,0,3,4,7,,7,5,2,,0.8,3.7,-13167,0,-13.2 %,0.0 %,-13167,0,-13.2 %,0.0 %,-9363,0,-9.4 %,0.0 %,87.5 %,100.0 %,87.5 %,100.0 %,87.5 %,100.0 %,1858,2106,-6583,0,80.0 %,100.0 %
DVY,20d RSI DVY LT43 - L DVY,7.8 %,13.2 %,3887,6625,31.2 %,7.9 %,24.9 %,167.0 %,-5.1 %,-0.7 %,13,7,1.1,0.6,76.9 %,100.0 %,0.6,,299,898,0.6 %,1.8 %,2.9,1.9,1,0,3,7,1,0,5,6,1,0,5,4,3.3,,10,7,1.9,,1,6.8,-5567,0,-5.6 %,0.0 %,-5567,0,-5.6 %,0.0 %,-2362,0,-2.4 %,0.0 %,76.9 %,100.0 %,76.9 %,100.0 %,83.3 %,100.0 %,805,898,-1388,0,83.3 %,100.0 %
DVYE,8d RSI DVYE LT23 - L DVYE,2.7 %,7.2 %,1331,3611,23.4 %,5.2 %,11.4 %,140.0 %,-1.7 %,-0.8 %,9,4,0.8,0.3,66.7 %,100.0 %,0.7,,148,881,0.3 %,1.8 %,2.9,2.2,1,0,5,4,1,0,5,4,2,0,3,3,2,,6,4,1.4,,0.5,3.8,-3102,0,-3.1 %,0.0 %,-3102,0,-3.1 %,0.0 %,-4127,0,-4.1 %,0.0 %,66.7 %,100.0 %,66.7 %,100.0 %,66.7 %,100.0 %,716,881,-988,0,50.0 %,100.0 %
DXD,4d RSI DXD LT11 - L DXD,4.6 %,13.3 %,2304,6665,16.9 %,9.9 %,27.2 %,134.4 %,0.0 %,-3.3 %,2,6,0.2,0.5,100.0 %,100.0 %,,,1152,1057,2.3 %,2.1 %,4,3.2,0,0,2,6,0,0,2,6,0,0,2,6,,,2,6,,,1.5,4.6,0,0,0.0 %,0.0 %,0,0,0.0 %,0.0 %,0,0,0.0 %,0.0 %,100.0 %,100.0 %,100.0 %,100.0 %,100.0 %,100.0 %,1152,1057,0,0,100.0 %,100.0 %
DXJ,21d RSI DXJ LT48 - L DXJ,15.7 %,22.6 %,7846,11288,32.2 %,19.4 %,48.7 %,116.1 %,-4.6 %,-2.6 %,18,18,1.5,1.5,83.3 %,88.9 %,0.7,3.1,436,571,0.9 %,1.1 %,3.2,1.7,1,1,10,7,1,1,10,7,1,0,7,7,5,8,15,16,3.3,24.4,1.9,5.1,-4617,-343,-4.6 %,-0.7 %,-4617,-343,-4.6 %,-0.7 %,-1783,0,-1.8 %,0.0 %,83.3 %,88.9 %,83.3 %,88.9 %,83.3 %,87.5 %,753,670,-1152,-219,80.0 %,100.0 %
EBND,20d RSI EBND LT29 - L EBND,2.4 %,1.9 %,1189,926,9.9 %,5.6 %,23.9 %,33.4 %,0.0 %,-1.6 %,4,4,0.3,0.3,100.0 %,75.0 %,,1.6,297,231,0.6 %,0.5 %,2.8,2.5,0,1,4,3,0,1,4,3,0,1,3,2,,3,4,3,,4.8,3.1,1.6,0,-244,0.0 %,-0.5 %,0,-244,0.0 %,-0.5 %,0,-244,0.0 %,-0.5 %,100.0 %,75.0 %,100.0 %,75.0 %,100.0 %,75.0 %,297,389,0,-244,100.0 %,66.7 %
ECH,4d RSI ECH LT17 - L ECH,6.6 %,14.4 %,3282,7206,28.5 %,15.5 %,23.1 %,93.1 %,-3.9 %,-6.5 %,7,9,0.6,0.8,85.7 %,66.7 %,0.4,2.4,469,766,0.9 %,1.5 %,3.6,3.3,1,1,6,2,1,1,6,2,1,1,4,3,6,2,6,6,2.5,4.7,1.1,2,-4348,-1592,-4.3 %,-3.2 %,-4348,-1592,-4.3 %,-3.2 %,-4348,-1592,-4.3 %,-3.2 %,85.7 %,66.7 %,85.7 %,66.7 %,85.7 %,66.7 %,909,1459,-2174,-619,80.0 %,83.3 %
EDC,5d RSI EDC LT13 - L EDC,4.4 %,34.4 %,2181,17192,9.3 %,7.1 %,47.1 %,481.4 %,-4.7 %,-5.7 %,3,5,0.2,0.4,66.7 %,100.0 %,0.9,,727,3050,1.5 %,6.1 %,3.7,2.6,1,0,2,5,1,0,2,5,1,0,2,4,2,,2,5,1.9,,0.4,8.7,-5126,0,-5.1 %,0.0 %,-5126,0,-5.1 %,0.0 %,-5126,0,-5.1 %,0.0 %,66.7 %,100.0 %,66.7 %,100.0 %,66.7 %,100.0 %,2372,3050,-2563,0,66.7 %,100.0 %
EDIV,10d RSI EDIV LT35 - L EDIV,-10.8 %,8.3 %,-5400,4171,42.9 %,7.5 %,-25.2 %,110.7 %,-14.3 %,-0.4 %,15,7,1.2,0.6,40.0 %,100.0 %,0.6,,-360,576,-0.7 %,1.1 %,3.7,1.7,5,0,2,7,5,0,2,7,4,0,1,4,0.7,,6,7,0.4,,-1.3,5.5,-9159,0,-9.2 %,0.0 %,-9159,0,-9.2 %,0.0 %,-6517,0,-6.5 %,0.0 %,40.0 %,100.0 %,40.0 %,100.0 %,40.0 %,100.0 %,638,576,-1026,0,25.0 %,100.0 %
EDV,4d RSI EDV LT10 - L EDV,1.1 %,2.7 %,546,1358,10.6 %,5.6 %,10.3 %,48.9 %,-0.1 %,-5.1 %,3,3,0.2,0.2,33.3 %,66.7 %,3.2,6,182,450,0.4 %,0.9 %,3.7,3.7,1,1,1,2,1,1,1,2,1,1,1,1,0.5,2,1,2,1.6,12.1,0.3,1.9,-1811,-122,-1.8 %,-0.2 %,-1811,-122,-1.8 %,-0.2 %,-1811,-122,-1.8 %,-0.2 %,33.3 %,66.7 %,33.3 %,66.7 %,33.3 %,66.7 %,1481,736,-467,-122,33.3 %,50.0 %
EDZ,5d RSI EDZ LT21 - L EDZ,17.7 %,11.0 %,8864,5516,7.6 %,12.3 %,232.4 %,89.7 %,-0.5 %,-14.6 %,5,7,0.4,0.6,80.0 %,85.7 %,7.5,0.4,1773,791,3.5 %,1.6 %,2.6,3.4,1,1,3,6,1,1,3,6,0,1,4,5,4,6,4,6,30.2,2.5,3.4,1.1,-608,-3601,-0.6 %,-7.2 %,-608,-3601,-0.6 %,-7.2 %,0,-2609,0.0 %,-5.2 %,80.0 %,85.7 %,80.0 %,85.7 %,80.0 %,85.7 %,2292,1523,-304,-3601,100.0 %,83.3 %
EEM,5d RSI EEM LT13 - L EEM,1.3 %,11.2 %,668,5603,9.9 %,7.1 %,13.4 %,156.9 %,-1.8 %,-1.9 %,3,5,0.2,0.4,33.3 %,100.0 %,3.5,,223,1074,0.4 %,2.1 %,4,2.6,2,0,1,5,2,0,1,5,2,0,1,4,0.5,,1,5,1.7,,0.4,8.8,-1823,0,-1.8 %,0.0 %,-1823,0,-1.8 %,0.0 %,-1823,0,-1.8 %,0.0 %,33.3 %,100.0 %,33.3 %,100.0 %,33.3 %,100.0 %,1579,1074,-456,0,33.3 %,100.0 %
EEMA,8d RSI EEMA LT23 - L EEMA,9.8 %,9.2 %,4909,4602,12.8 %,5.6 %,76.4 %,165.7 %,-1.5 %,-1.0 %,5,5,0.4,0.4,60.0 %,100.0 %,2.8,,982,889,2.0 %,1.8 %,3.6,1.8,1,0,2,5,1,0,2,5,1,0,3,4,1.5,,3,5,4.2,,1.4,5.7,-1654,0,-1.7 %,0.0 %,-1654,0,-1.7 %,0.0 %,-1654,0,-1.7 %,0.0 %,60.0 %,100.0 %,60.0 %,100.0 %,60.0 %,100.0 %,2141,889,-756,0,75.0 %,100.0 %
EEMV,5d RSI EEMV LT18 - L EEMV,4.2 %,7.1 %,2101,3560,19.9 %,6.3 %,21.1 %,112.1 %,-1.7 %,-0.8 %,8,5,0.7,0.4,62.5 %,100.0 %,1.9,,263,693,0.5 %,1.4 %,3.2,2.2,2,0,3,5,2,0,3,5,1,0,2,4,1.7,,5,5,3.2,,1.4,6.2,-1807,0,-1.8 %,0.0 %,-1807,0,-1.8 %,0.0 %,-1807,0,-1.8 %,0.0 %,62.5 %,100.0 %,62.5 %,100.0 %,62.5 %,100.0 %,611,693,-318,0,66.7 %,100.0 %
EFA,11d RSI EFA LT32 - L EFA,7.5 %,2.6 %,3752,1278,24.3 %,6.8 %,30.9 %,37.9 %,-4.7 %,-2.3 %,10,4,0.8,0.3,80.0 %,75.0 %,0.6,57.5,375,317,0.8 %,0.6 %,3.2,3.2,2,1,7,2,2,1,7,2,1,1,6,2,4,3,8,3,2.4,172.5,1.3,3.3,-5251,-7,-5.3 %,-0.0 %,-5251,-7,-5.3 %,-0.0 %,-5251,-7,-5.3 %,-0.0 %,80.0 %,75.0 %,80.0 %,75.0 %,80.0 %,75.0 %,797,425,-1313,-7,87.5 %,75.0 %
EFAV,20d RSI EFAV LT34 - L EFAV,6.1 %,0.9 %,3033,452,21.7 %,5.2 %,28.0 %,17.5 %,-3.5 %,-1.7 %,9,3,0.8,0.2,88.9 %,66.7 %,0.3,1.7,337,151,0.7 %,0.3 %,3.3,3.3,1,1,6,2,1,1,6,2,1,0,4,2,8,2,8,2,2.7,3.5,1.1,1.1,-3659,-181,-3.7 %,-0.4 %,-3659,-181,-3.7 %,-0.4 %,-2484,0,-2.5 %,0.0 %,88.9 %,66.7 %,88.9 %,66.7 %,88.9 %,66.7 %,608,317,-1829,-181,83.3 %,100.0 %
EFG,5d RSI EFG LT15 - L EFG,8.8 %,6.6 %,4420,3290,14.4 %,6.3 %,61.6 %,103.6 %,-1.4 %,-2.1 %,7,4,0.6,0.3,71.4 %,100.0 %,2.9,,631,804,1.3 %,1.6 %,2.7,3,1,0,3,4,1,0,3,4,1,0,4,4,2.5,,5,4,7.3,,1.8,4.2,-1377,0,-1.4 %,0.0 %,-1377,0,-1.4 %,0.0 %,-439,0,-0.4 %,0.0 %,71.4 %,100.0 %,71.4 %,100.0 %,71.4 %,100.0 %,1024,804,-351,0,80.0 %,100.0 %
EFV,10d RSI EFV LT29 - L EFV,13.7 %,7.1 %,6839,3550,20.3 %,6.0 %,67.5 %,119.3 %,-0.7 %,-1.7 %,10,5,0.8,0.4,90.0 %,100.0 %,2.1,,684,691,1.4 %,1.4 %,2,2,1,0,8,5,1,0,8,5,1,0,5,4,9,,9,5,19,,4.4,6.1,-762,0,-0.8 %,0.0 %,-762,0,-0.8 %,0.0 %,-623,0,-0.6 %,0.0 %,90.0 %,100.0 %,90.0 %,100.0 %,90.0 %,100.0 %,802,691,-381,0,85.7 %,100.0 %
EIDO,10d RSI EIDO LT32 - L EIDO,3.0 %,14.6 %,1507,7300,25.2 %,6.3 %,12.0 %,229.9 %,-2.1 %,-1.0 %,6,7,0.5,0.6,50.0 %,100.0 %,2.1,,251,988,0.5 %,2.0 %,3.7,1.3,2,0,2,7,1,0,2,6,1,0,1,5,1,,3,7,2.1,,0.8,3.8,-2106,0,-2.1 %,0.0 %,-1795,0,-1.8 %,0.0 %,-1367,0,-1.4 %,0.0 %,50.0 %,100.0 %,50.0 %,100.0 %,60.0 %,100.0 %,942,988,-440,0,50.0 %,100.0 %
EIS,19d RSI EIS LT42 - L EIS,12.2 %,12.5 %,6117,6272,36.5 %,5.6 %,33.5 %,225.8 %,-4.2 %,-2.0 %,22,5,1.8,0.4,68.2 %,100.0 %,0.9,,278,1198,0.6 %,2.4 %,2.9,1.8,2,0,5,5,2,0,4,5,1,0,6,4,2.1,,15,5,1.9,,1.2,6,-4245,0,-4.2 %,0.0 %,-4245,0,-4.2 %,0.0 %,-3460,0,-3.5 %,0.0 %,68.2 %,100.0 %,68.2 %,100.0 %,63.2 %,100.0 %,866,1198,-983,0,77.8 %,100.0 %
EMB,12d RSI EMB LT22 - L EMB,-0.3 %,3.9 %,-166,1931,7.1 %,5.6 %,-4.7 %,69.5 %,-2.0 %,-0.6 %,4,4,0.3,0.3,50.0 %,75.0 %,0.9,37.5,-41,478,-0.1 %,1.0 %,2,2.5,1,1,1,2,1,1,1,2,1,0,1,2,1,3,2,3,0.9,112.4,-0.1,2.4,-2067,-17,-2.1 %,-0.0 %,-2067,-17,-2.1 %,-0.0 %,-2067,0,-2.1 %,0.0 %,50.0 %,75.0 %,50.0 %,75.0 %,50.0 %,75.0 %,499,642,-582,-17,50.0 %,100.0 %
EMGF,4d RSI EMGF LT14 - L EMGF,7.4 %,11.9 %,3683,5957,15.6 %,7.5 %,47.1 %,158.0 %,-4.5 %,-1.2 %,7,6,0.6,0.5,71.4 %,100.0 %,0.8,,526,949,1.1 %,1.9 %,3,2.2,1,0,4,6,1,0,4,6,1,0,3,5,2.5,,5,6,2,,0.8,5.3,-5007,0,-5.0 %,0.0 %,-5007,0,-5.0 %,0.0 %,-5007,0,-5.0 %,0.0 %,71.4 %,100.0 %,71.4 %,100.0 %,71.4 %,100.0 %,1438,949,-1755,0,66.7 %,100.0 %
EMHY,12d RSI EMHY LT24 - L EMHY,3.0 %,0.9 %,1518,431,10.7 %,5.2 %,28.4 %,16.7 %,-1.3 %,-0.7 %,5,4,0.4,0.3,60.0 %,50.0 %,2.3,5,304,108,0.6 %,0.2 %,2.8,2.2,2,2,3,2,2,2,3,2,2,1,3,2,1.5,1,3,2,3.4,5,1.1,1.1,-1260,-107,-1.3 %,-0.2 %,-1260,-107,-1.3 %,-0.2 %,-1260,-46,-1.3 %,-0.1 %,60.0 %,50.0 %,60.0 %,50.0 %,60.0 %,50.0 %,716,269,-315,-54,60.0 %,66.7 %
EMLC,20d RSI EMLC LT32 - L EMLC,1.2 %,3.3 %,603,1663,19.7 %,7.5 %,6.1 %,44.1 %,-0.8 %,-1.4 %,6,5,0.5,0.4,50.0 %,80.0 %,1.6,2.1,101,329,0.2 %,0.7 %,4,2.8,2,1,2,3,2,1,2,3,2,1,1,2,1,4,3,4,1.6,8.3,0.5,2.6,-1116,-226,-1.1 %,-0.5 %,-1116,-226,-1.1 %,-0.5 %,-962,-226,-1.0 %,-0.5 %,50.0 %,80.0 %,50.0 %,80.0 %,50.0 %,80.0 %,519,468,-318,-226,40.0 %,75.0 %
EMLP,21d RSI EMLP LT45 - L EMLP,9.8 %,12.7 %,4885,6372,30.9 %,7.9 %,31.7 %,160.6 %,-4.4 %,-1.0 %,14,7,1.2,0.6,78.6 %,100.0 %,0.5,,349,865,0.7 %,1.7 %,2.8,1.9,1,0,5,7,1,0,3,7,1,0,2,6,3.7,,11,7,1.9,,1.1,7.2,-4113,0,-4.1 %,0.0 %,-3879,0,-3.9 %,0.0 %,-3879,0,-3.9 %,0.0 %,78.6 %,100.0 %,78.6 %,100.0 %,75.0 %,100.0 %,930,865,-1782,0,66.7 %,100.0 %
EMXC,8d RSI EMXC LT30 - L EMXC,1.6 %,6.8 %,821,3403,30.2 %,6.8 %,5.4 %,100.9 %,-4.4 %,-2.2 %,12,6,1,0.5,66.7 %,83.3 %,0.6,9.1,68,553,0.1 %,1.1 %,3.2,1.8,3,1,5,3,3,1,4,3,2,1,3,2,2,5,8,5,1.2,45.7,0.3,3.4,-4614,-74,-4.6 %,-0.1 %,-4614,-74,-4.6 %,-0.1 %,-3013,-74,-3.0 %,-0.1 %,66.7 %,83.3 %,66.7 %,83.3 %,63.6 %,83.3 %,628,679,-1051,-74,66.7 %,80.0 %
EPHE,20d RSI EPHE LT36 - L EPHE,-10.7 %,8.8 %,-5346,4387,34.0 %,6.3 %,-31.5 %,138.2 %,-15.8 %,-2.2 %,11,6,0.9,0.5,45.5 %,83.3 %,0.6,2.3,-486,712,-1.0 %,1.4 %,3.7,1.7,2,1,1,4,2,1,2,4,4,0,1,4,0.8,5,5,5,0.5,11.6,-0.9,2.2,-11492,-405,-11.5 %,-0.8 %,-11492,-405,-11.5 %,-0.8 %,-13031,0,-13.0 %,0.0 %,45.5 %,83.3 %,45.5 %,83.3 %,50.0 %,83.3 %,908,935,-1647,-405,20.0 %,100.0 %
EPI,5d RSI EPI LT19 - L EPI,8.9 %,6.8 %,4455,3400,13.6 %,5.2 %,65.3 %,131.8 %,-1.9 %,-0.8 %,9,6,0.8,0.5,77.8 %,100.0 %,1.2,,495,552,1.0 %,1.1 %,2.4,1.2,1,0,4,6,1,0,4,6,1,0,3,5,3.5,,7,6,4.4,,1.8,5.1,-2156,0,-2.2 %,0.0 %,-2156,0,-2.2 %,0.0 %,-2156,0,-2.2 %,0.0 %,77.8 %,100.0 %,77.8 %,100.0 %,77.8 %,100.0 %,826,552,-665,0,71.4 %,100.0 %
EPOL,4d RSI EPOL LT12 - L EPOL,9.1 %,1.2 %,4552,584,16.6 %,6.8 %,55.0 %,17.3 %,-5.7 %,-7.1 %,7,4,0.6,0.3,85.7 %,75.0 %,0.4,0.4,650,178,1.3 %,0.4 %,2.7,3.2,1,1,4,2,1,1,4,2,1,1,4,2,6,3,6,3,2.5,1.2,1,0.2,-6110,-2875,-6.1 %,-5.8 %,-6110,-2875,-6.1 %,-5.8 %,-6110,-1221,-6.1 %,-2.4 %,85.7 %,75.0 %,85.7 %,75.0 %,85.7 %,75.0 %,1268,1196,-3055,-2875,85.7 %,66.7 %
EPP,20d RSI EPP LT37 - L EPP,7.8 %,3.2 %,3895,1625,19.1 %,6.0 %,40.8 %,54.6 %,-2.8 %,-2.3 %,9,3,0.8,0.2,88.9 %,66.7 %,0.5,64.6,433,538,0.9 %,1.1 %,3,4,1,1,5,2,1,1,5,2,1,1,4,2,8,2,8,2,3.6,129.2,1.8,2.3,-2964,-13,-3.0 %,-0.0 %,-2964,-13,-3.0 %,-0.0 %,-2964,-13,-3.0 %,-0.0 %,88.9 %,66.7 %,88.9 %,66.7 %,88.9 %,66.7 %,672,813,-1482,-13,83.3 %,66.7 %
EPU,4d RSI EPU LT11 - L EPU,-10.2 %,13.2 %,-5120,6573,28.9 %,7.5 %,-35.4 %,174.4 %,-6.0 %,-2.7 %,4,5,0.3,0.4,50.0 %,100.0 %,0.3,,-1280,1262,-2.6 %,2.5 %,7.2,2.8,1,0,1,5,1,0,1,5,2,0,1,5,1,,2,5,0.3,,-1,2.6,-9069,0,-9.1 %,0.0 %,-9069,0,-9.1 %,0.0 %,-14409,0,-14.4 %,0.0 %,50.0 %,100.0 %,50.0 %,100.0 %,50.0 %,100.0 %,1063,1262,-3623,0,33.3 %,100.0 %
EQWL,5d RSI EQWL LT19 - L EQWL,2.0 %,7.8 %,975,3918,17.7 %,5.6 %,11.0 %,141.1 %,-1.4 %,-0.9 %,6,5,0.5,0.4,66.7 %,100.0 %,0.8,,163,762,0.3 %,1.5 %,4,1.8,1,0,4,5,1,0,4,5,1,0,3,5,2,,4,5,1.6,,0.5,4.3,-1966,0,-2.0 %,0.0 %,-1966,0,-2.0 %,0.0 %,-1966,0,-2.0 %,0.0 %,66.7 %,100.0 %,66.7 %,100.0 %,66.7 %,100.0 %,677,762,-866,0,60.0 %,100.0 %
ERX,4d RSI ERX LT15 - L ERX,-1.6 %,20.7 %,-814,10340,13.8 %,5.2 %,-11.8 %,400.9 %,-17.7 %,-9.8 %,4,4,0.3,0.3,75.0 %,100.0 %,0.3,,-203,2429,-0.4 %,4.9 %,4.5,2.2,1,0,2,4,1,0,2,4,1,0,2,4,3,,3,4,0.9,,-0.1,3.1,-19363,0,-19.4 %,0.0 %,-19363,0,-19.4 %,0.0 %,-19363,0,-19.4 %,0.0 %,75.0 %,100.0 %,75.0 %,100.0 %,75.0 %,100.0 %,2956,2429,-9682,0,75.0 %,100.0 %
ERY,17d RSI ERY LT29 - L ERY,8.7 %,25.8 %,4329,12916,68.9 %,7.1 %,12.6 %,361.6 %,-0.2 %,-6.7 %,4,5,0.3,0.4,50.0 %,100.0 %,5.2,,1082,2374,2.2 %,4.8 %,6.2,2.6,1,0,1,5,1,0,1,5,1,0,2,4,1,,2,5,5.2,,1.2,3.5,-1899,0,-1.9 %,0.0 %,-1899,0,-1.9 %,0.0 %,-1899,0,-1.9 %,0.0 %,50.0 %,100.0 %,50.0 %,100.0 %,50.0 %,100.0 %,2683,2374,-519,0,66.7 %,100.0 %
ESGD,14d RSI ESGD LT36 - L ESGD,12.6 %,2.6 %,6321,1320,31.2 %,6.8 %,40.5 %,39.1 %,-5.7 %,-2.3 %,14,4,1.2,0.3,71.4 %,100.0 %,1,,451,327,0.9 %,0.7 %,3.1,3.2,2,0,4,4,2,0,3,4,1,0,4,4,2.5,,10,4,2.4,,1.4,3.4,-6528,0,-6.5 %,0.0 %,-6528,0,-6.5 %,0.0 %,-6528,0,-6.5 %,0.0 %,71.4 %,100.0 %,71.4 %,100.0 %,69.2 %,100.0 %,1081,327,-1122,0,77.8 %,100.0 %
ESGE,5d RSI ESGE LT15 - L ESGE,-3.3 %,15.4 %,-1673,7721,11.2 %,8.7 %,-29.9 %,176.9 %,-2.8 %,-1.8 %,3,7,0.2,0.6,0.0 %,100.0 %,0,,-558,1037,-1.1 %,2.1 %,4.7,2.1,3,0,0,7,3,0,0,7,3,0,0,5,0,,0,7,0,,-4,11.6,-3346,0,-3.3 %,0.0 %,-3346,0,-3.3 %,0.0 %,-3346,0,-3.3 %,0.0 %,0.0 %,100.0 %,0.0 %,100.0 %,0.0 %,100.0 %,0,1037,-558,0,0.0 %,100.0 %
ESGU,15d RSI ESGU LT45 - L ESGU,3.7 %,21.5 %,1873,10755,52.6 %,13.9 %,7.1 %,154.9 %,-6.4 %,-2.0 %,28,9,2.3,0.8,64.3 %,100.0 %,0.6,,67,1097,0.1 %,2.2 %,3.5,2.9,3,0,4,9,3,0,4,9,2,0,3,6,1.8,,18,9,1.1,,0.3,6.2,-5686,0,-5.7 %,0.0 %,-5686,0,-5.7 %,0.0 %,-1595,0,-1.6 %,0.0 %,64.3 %,100.0 %,64.3 %,100.0 %,60.0 %,100.0 %,805,1097,-1262,0,60.0 %,100.0 %
EUFN,10d RSI EUFN LT27 - L EUFN,5.2 %,10.5 %,2597,5252,16.6 %,6.3 %,31.4 %,165.4 %,-5.8 %,-1.6 %,7,5,0.6,0.4,71.4 %,100.0 %,0.7,,371,1010,0.7 %,2.0 %,2.7,2.2,1,0,4,5,1,0,4,5,1,0,4,4,2.5,,5,5,1.7,,0.6,7.6,-6023,0,-6.0 %,0.0 %,-6023,0,-6.0 %,0.0 %,-6023,0,-6.0 %,0.0 %,71.4 %,100.0 %,71.4 %,100.0 %,71.4 %,100.0 %,1319,1010,-1998,0,71.4 %,100.0 %
EWA,3d RSI EWA LT11 - L EWA,-1.7 %,5.3 %,-873,2663,12.6 %,5.2 %,-13.9 %,103.2 %,-6.0 %,-1.4 %,7,5,0.6,0.4,57.1 %,100.0 %,0.6,,-125,522,-0.2 %,1.0 %,3.1,1.6,2,0,2,5,2,0,2,5,1,0,2,5,1.3,,4,5,0.8,,-0.2,6.4,-6129,0,-6.1 %,0.0 %,-6129,0,-6.1 %,0.0 %,-5816,0,-5.8 %,0.0 %,57.1 %,100.0 %,57.1 %,100.0 %,57.1 %,100.0 %,866,522,-1446,0,66.7 %,100.0 %
EWC,18d RSI EWC LT39 - L EWC,6.8 %,10.0 %,3379,5021,36.3 %,6.0 %,18.6 %,168.7 %,-2.5 %,-1.6 %,12,5,1,0.4,75.0 %,100.0 %,0.7,,282,967,0.6 %,1.9 %,2.7,2,1,0,3,5,1,0,3,5,2,0,2,4,3,,9,5,2,,1.1,7.9,-2600,0,-2.6 %,0.0 %,-2600,0,-2.6 %,0.0 %,-1691,0,-1.7 %,0.0 %,75.0 %,100.0 %,75.0 %,100.0 %,72.7 %,100.0 %,743,967,-1104,0,66.7 %,100.0 %
EWD,19d RSI EWD LT37 - L EWD,-1.4 %,6.7 %,-699,3344,34.3 %,6.0 %,-4.1 %,112.4 %,-6.3 %,-2.5 %,12,5,1,0.4,41.7 %,100.0 %,1.3,,-58,652,-0.1 %,1.3 %,3.8,2,3,0,1,5,3,0,3,5,3,0,2,4,0.7,,5,5,0.9,,-0.2,6.8,-6684,0,-6.7 %,0.0 %,-6684,0,-6.7 %,0.0 %,-6684,0,-6.7 %,0.0 %,41.7 %,100.0 %,41.7 %,100.0 %,44.4 %,100.0 %,1185,652,-946,0,42.9 %,100.0 %
EWG,19d RSI EWG LT35 - L EWG,3.3 %,3.2 %,1665,1583,18.9 %,6.3 %,17.6 %,49.9 %,-4.8 %,-2.1 %,8,4,0.7,0.3,87.5 %,100.0 %,0.2,,208,392,0.4 %,0.8 %,2.8,3,1,0,6,4,1,0,6,4,1,0,5,3,7,,7,4,1.7,,0.6,2.9,-4782,0,-4.8 %,0.0 %,-4782,0,-4.8 %,0.0 %,-4782,0,-4.8 %,0.0 %,87.5 %,100.0 %,87.5 %,100.0 %,87.5 %,100.0 %,579,392,-2391,0,85.7 %,100.0 %
EWH,8d RSI EWH LT33 - L EWH,-12.8 %,0.9 %,-6397,429,39.4 %,12.3 %,-32.4 %,7.0 %,-13.0 %,-6.5 %,12,9,1,0.8,50.0 %,66.7 %,0.4,0.6,-533,55,-1.1 %,0.1 %,4.8,2.4,4,1,4,3,4,1,4,3,2,2,3,3,1,2,6,6,0.4,1.2,-1.1,0.2,-12974,-2171,-13.0 %,-4.3 %,-12974,-2171,-13.0 %,-4.3 %,-12974,-1130,-13.0 %,-2.3 %,50.0 %,66.7 %,50.0 %,66.7 %,50.0 %,62.5 %,755,486,-1821,-808,50.0 %,60.0 %
EWI,11d RSI EWI LT35 - L EWI,13.2 %,9.9 %,6604,4956,33.1 %,6.8 %,39.8 %,146.9 %,-6.1 %,-1.7 %,16,6,1.3,0.5,75.0 %,100.0 %,0.7,,413,794,0.8 %,1.6 %,2.6,1.8,1,0,4,6,1,0,4,6,1,0,3,5,3,,12,6,2.2,,1.3,9.1,-6272,0,-6.3 %,0.0 %,-6272,0,-6.3 %,0.0 %,-2284,0,-2.3 %,0.0 %,75.0 %,100.0 %,75.0 %,100.0 %,73.3 %,100.0 %,1003,794,-1358,0,66.7 %,100.0 %
EWJ,19d RSI EWJ LT45 - L EWJ,-10.1 %,24.9 %,-5055,12433,70.2 %,23.0 %,-14.4 %,108.0 %,-15.8 %,-2.6 %,30,19,2.5,1.6,50.0 %,100.0 %,0.7,,-169,589,-0.3 %,1.2 %,3.7,2,3,0,3,19,3,0,2,17,2,0,1,9,1,,15,19,0.7,,-0.9,7.7,-8701,0,-8.7 %,0.0 %,-8701,0,-8.7 %,0.0 %,-8771,0,-8.8 %,0.0 %,50.0 %,100.0 %,50.0 %,100.0 %,46.2 %,100.0 %,678,589,-1015,0,44.4 %,100.0 %
EWL,14d RSI EWL LT33 - L EWL,3.7 %,1.2 %,1849,619,25.8 %,6.3 %,14.3 %,19.5 %,-6.1 %,-2.6 %,10,5,0.8,0.4,60.0 %,60.0 %,1,1.1,185,126,0.4 %,0.2 %,3.5,2.2,2,1,4,1,2,1,4,2,3,1,3,2,1.5,1.5,6,3,1.5,1.7,0.5,0.5,-5541,-740,-5.5 %,-1.5 %,-5541,-740,-5.5 %,-1.5 %,-5319,-289,-5.3 %,-0.6 %,60.0 %,60.0 %,60.0 %,60.0 %,60.0 %,75.0 %,969,516,-991,-460,50.0 %,66.7 %
EWM,19d RSI EWM LT33 - L EWM,-2.2 %,5.6 %,-1114,2821,30.8 %,5.6 %,-7.2 %,101.5 %,-4.7 %,-0.6 %,9,5,0.8,0.4,66.7 %,100.0 %,0.3,,-124,552,-0.2 %,1.1 %,2.9,1.8,2,0,5,5,2,0,3,5,1,0,3,3,2,,6,5,0.6,,-0.5,7.7,-4774,0,-4.8 %,0.0 %,-4774,0,-4.8 %,0.0 %,-4774,0,-4.8 %,0.0 %,66.7 %,100.0 %,66.7 %,100.0 %,57.1 %,100.0 %,312,552,-995,0,75.0 %,100.0 %
EWP,16d RSI EWP LT35 - L EWP,6.5 %,0.4 %,3256,185,16.1 %,11.1 %,40.3 %,3.3 %,-1.4 %,-6.3 %,8,6,0.7,0.5,62.5 %,66.7 %,1.7,0.5,407,39,0.8 %,0.1 %,2.1,3.7,1,1,2,2,1,1,2,2,1,1,2,1,1.7,2,5,4,2.8,1.1,1.3,0.1,-2069,-1459,-2.1 %,-2.9 %,-2069,-1459,-2.1 %,-2.9 %,-2069,-203,-2.1 %,-0.4 %,62.5 %,66.7 %,62.5 %,66.7 %,62.5 %,66.7 %,1015,662,-606,-1206,60.0 %,33.3 %
EWQ,12d RSI EWQ LT37 - L EWQ,5.4 %,9.1 %,2678,4528,37.6 %,6.8 %,14.3 %,134.2 %,-5.7 %,-1.4 %,15,6,1.2,0.5,73.3 %,100.0 %,0.5,,179,728,0.4 %,1.5 %,3.4,1.8,2,0,8,6,2,0,7,6,1,0,4,5,2.8,,11,6,1.5,,0.6,8.4,-6213,0,-6.2 %,0.0 %,-6213,0,-6.2 %,0.0 %,-6213,0,-6.2 %,0.0 %,73.3 %,100.0 %,73.3 %,100.0 %,71.4 %,100.0 %,724,728,-1323,0,77.8 %,100.0 %
EWS,3d RSI EWS LT12 - L EWS,-3.8 %,3.9 %,-1880,1926,30.8 %,10.7 %,-12.2 %,36.0 %,-6.9 %,-4.2 %,10,8,0.8,0.7,60.0 %,75.0 %,0.4,0.9,-188,240,-0.4 %,0.5 %,4.8,2.4,2,1,4,5,2,1,4,5,2,1,3,5,1.5,3,6,6,0.6,2.6,-0.6,1.2,-5205,-984,-5.2 %,-2.0 %,-5205,-984,-5.2 %,-2.0 %,-5205,-668,-5.2 %,-1.3 %,60.0 %,75.0 %,60.0 %,75.0 %,60.0 %,75.0 %,550,522,-1295,-608,55.6 %,71.4 %
EWT,9d RSI EWT LT31 - L EWT,4.6 %,15.5 %,2318,7749,28.2 %,6.8 %,16.5 %,229.7 %,-5.9 %,-1.4 %,14,7,1.2,0.6,78.6 %,100.0 %,0.4,,166,1045,0.3 %,2.1 %,3.8,1.4,1,0,4,7,1,0,4,6,1,0,5,5,3.7,,11,7,1.6,,0.6,3.9,-5680,0,-5.7 %,0.0 %,-5680,0,-5.7 %,0.0 %,-5265,0,-5.3 %,0.0 %,78.6 %,100.0 %,78.6 %,100.0 %,78.6 %,100.0 %,591,1045,-1394,0,77.8 %,100.0 %
EWU,3d RSI EWU LT11 - L EWU,6.3 %,11.8 %,3153,5896,20.0 %,8.3 %,31.5 %,141.5 %,-1.5 %,-1.0 %,8,8,0.7,0.7,75.0 %,100.0 %,1.7,,394,703,0.8 %,1.4 %,2.8,1.6,1,0,5,8,1,0,5,8,1,0,4,7,3,,6,8,5,,1.5,5.2,-1558,0,-1.6 %,0.0 %,-1558,0,-1.6 %,0.0 %,-1558,0,-1.6 %,0.0 %,75.0 %,100.0 %,75.0 %,100.0 %,75.0 %,100.0 %,655,703,-389,0,83.3 %,100.0 %
EWW,14d RSI EWW LT35 - L EWW,7.4 %,3.3 %,3709,1631,17.1 %,6.0 %,43.4 %,54.8 %,-2.2 %,-7.6 %,7,3,0.6,0.2,85.7 %,66.7 %,0.7,0.9,530,575,1.1 %,1.1 %,2.9,4,1,1,3,1,1,1,3,1,1,1,2,1,6,2,6,2,4.2,1.8,1.8,0.5,-2283,-2075,-2.3 %,-4.2 %,-1113,-648,-1.1 %,-1.3 %,-1113,-2075,-1.1 %,-4.2 %,85.7 %,66.7 %,85.7 %,66.7 %,83.3 %,50.0 %,808,1900,-1141,-2075,80.0 %,66.7 %
EWY,20d RSI EWY LT36 - L EWY,5.1 %,3.0 %,2532,1484,25.4 %,5.6 %,19.9 %,53.4 %,-7.8 %,-3.3 %,11,5,0.9,0.4,54.5 %,80.0 %,1.2,1.7,230,294,0.5 %,0.6 %,3.3,1.8,3,1,3,3,3,1,2,3,1,0,2,3,1.2,4,6,4,1.5,6.8,0.4,2.2,-1516,-254,-1.5 %,-0.5 %,-1516,-254,-1.5 %,-0.5 %,-5749,0,-5.7 %,0.0 %,54.5 %,80.0 %,54.5 %,80.0 %,50.0 %,80.0 %,1332,431,-1092,-254,57.1 %,100.0 %
EWZ,21d RSI EWZ LT37 - L EWZ,10.3 %,21.1 %,5156,10530,60.0 %,8.3 %,17.2 %,252.7 %,-4.1 %,-5.1 %,8,7,0.7,0.6,62.5 %,100.0 %,2,,645,1389,1.3 %,2.8 %,3.6,2,3,0,4,7,3,0,4,7,0,0,4,5,1.7,,5,7,3.3,,1.5,5.4,-4572,0,-4.6 %,0.0 %,-4572,0,-4.6 %,0.0 %,0,0,0.0 %,0.0 %,62.5 %,100.0 %,62.5 %,100.0 %,62.5 %,100.0 %,1488,1389,-762,0,100.0 %,100.0 %
EWZS,21d RSI EWZS LT36 - L EWZS,2.6 %,19.9 %,1283,9930,58.5 %,6.8 %,4.4 %,294.4 %,-7.7 %,-5.6 %,5,5,0.4,0.4,60.0 %,100.0 %,0.9,,257,1852,0.5 %,3.7 %,4.8,2.4,2,0,2,5,2,0,2,5,1,0,2,5,1.5,,3,5,1.3,,0.3,4.8,-8326,0,-8.3 %,0.0 %,-8326,0,-8.3 %,0.0 %,-6071,0,-6.1 %,0.0 %,60.0 %,100.0 %,60.0 %,100.0 %,60.0 %,100.0 %,1815,1852,-2082,0,66.7 %,100.0 %
EZA,20d RSI EZA LT41 - L EZA,12.0 %,8.1 %,5977,4061,50.0 %,7.9 %,23.9 %,102.3 %,-3.2 %,-7.0 %,15,7,1.2,0.6,66.7 %,71.4 %,1,1.4,398,572,0.8 %,1.1 %,3.1,1.9,3,1,5,5,3,1,5,5,1,1,3,3,2,2.5,10,5,2,3.4,1.2,1.5,-5409,-1665,-5.4 %,-3.3 %,-5409,-1665,-5.4 %,-3.3 %,-3879,-1665,-3.9 %,-3.3 %,66.7 %,71.4 %,66.7 %,71.4 %,66.7 %,71.4 %,1186,1134,-1177,-832,66.7 %,60.0 %
EZU,19d RSI EZU LT39 - L EZU,15.0 %,5.3 %,7484,2655,37.0 %,8.3 %,40.4 %,63.7 %,-5.0 %,-1.7 %,16,6,1.3,0.5,75.0 %,83.3 %,0.9,4.2,468,434,0.9 %,0.9 %,3.2,2.5,2,1,9,3,2,0,8,5,1,0,5,4,3,5,12,5,2.6,21.2,1.4,3.8,-5045,-129,-5.0 %,-0.3 %,-5045,0,-5.0 %,0.0 %,-4032,0,-4.0 %,0.0 %,75.0 %,83.3 %,75.0 %,83.3 %,73.3 %,100.0 %,1002,546,-1135,-129,77.8 %,100.0 %
FALN,14d RSI FALN LT34 - L FALN,-3.8 %,2.1 %,-1882,1043,43.0 %,5.2 %,-8.8 %,40.4 %,-6.2 %,-0.3 %,13,4,1.1,0.3,30.8 %,100.0 %,1.1,,-145,259,-0.3 %,0.5 %,5.2,2.2,4,0,1,4,4,0,1,3,6,0,1,4,0.4,,4,4,0.5,,-1.1,8.7,-2756,0,-2.8 %,0.0 %,-2756,0,-2.8 %,0.0 %,-6295,0,-6.3 %,0.0 %,30.8 %,100.0 %,30.8 %,100.0 %,30.8 %,100.0 %,432,259,-401,0,25.0 %,100.0 %
FAS,12d RSI FAS LT37 - L FAS,49.1 %,65.8 %,24570,32916,31.0 %,11.1 %,158.7 %,592.5 %,-8.3 %,-8.0 %,17,9,1.4,0.8,70.6 %,88.9 %,1,7.2,1445,2917,2.9 %,5.8 %,3.2,2.1,1,1,3,7,1,0,5,8,1,0,4,6,2.4,8,12,8,2.3,57.3,1.7,5.2,-10212,-467,-10.2 %,-0.9 %,-10212,0,-10.2 %,0.0 %,-5077,0,-5.1 %,0.0 %,70.6 %,88.9 %,70.6 %,88.9 %,75.0 %,100.0 %,3573,3340,-3662,-467,80.0 %,100.0 %
FBND,4d RSI FBND LT11 - L FBND,-0.0 %,0.9 %,-9,453,16.2 %,6.8 %,-0.1 %,13.4 %,-0.9 %,-1.2 %,6,3,0.5,0.2,33.3 %,100.0 %,2,,-2,151,-0.0 %,0.3 %,4,4.7,2,0,1,3,2,0,1,3,2,0,1,3,0.5,,2,3,1,,0,4,-413,0,-0.4 %,0.0 %,-413,0,-0.4 %,0.0 %,-413,0,-0.4 %,0.0 %,33.3 %,100.0 %,33.3 %,100.0 %,33.3 %,100.0 %,414,151,-209,0,33.3 %,100.0 %
FBT,21d RSI FBT LT40 - L FBT,25.7 %,7.6 %,12837,3787,23.3 %,17.1 %,110.3 %,44.4 %,-0.8 %,-4.6 %,12,7,1,0.6,83.3 %,85.7 %,4.8,2.2,1070,527,2.1 %,1.1 %,2.7,5.1,1,1,5,4,1,1,5,4,0,1,6,2,5,6,10,6,24.1,13.5,4.8,2.8,-830,-296,-0.8 %,-0.6 %,-830,-296,-0.8 %,-0.6 %,0,-296,0.0 %,-0.6 %,83.3 %,85.7 %,83.3 %,85.7 %,80.0 %,85.7 %,1339,664,-278,-296,100.0 %,75.0 %
FCG,9d RSI FCG LT30 - L FCG,-0.8 %,16.3 %,-410,8159,15.6 %,6.0 %,-5.2 %,274.2 %,-1.3 %,-6.5 %,4,4,0.3,0.3,50.0 %,75.0 %,0.9,3.4,-103,1967,-0.2 %,3.9 %,3.8,2.8,1,1,2,3,1,1,2,3,1,1,2,3,1,3,2,3,0.9,10.2,-0.1,1.9,-7775,-858,-7.8 %,-1.7 %,-7775,-858,-7.8 %,-1.7 %,-7775,-858,-7.8 %,-1.7 %,50.0 %,75.0 %,50.0 %,75.0 %,50.0 %,75.0 %,2073,2909,-2278,-858,50.0 %,75.0 %
FCOM,20d RSI FCOM LT39 - L FCOM,13.0 %,1.2 %,6521,587,36.8 %,6.0 %,35.4 %,19.7 %,-3.9 %,-6.6 %,19,4,1.6,0.3,63.2 %,75.0 %,1.1,0.5,343,158,0.7 %,0.3 %,3,2.8,2,1,5,2,2,1,5,2,1,1,2,1,1.7,3,12,3,1.9,1.4,1.1,0.3,-1814,-1715,-1.8 %,-3.4 %,-1814,-1715,-1.8 %,-3.4 %,-4688,-217,-4.7 %,-0.4 %,63.2 %,75.0 %,63.2 %,75.0 %,61.1 %,75.0 %,1164,783,-1064,-1715,66.7 %,50.0 %
FDD,7d RSI FDD LT25 - L FDD,7.9 %,9.0 %,3931,4520,21.0 %,8.3 %,37.4 %,108.5 %,-3.0 %,-1.2 %,10,8,0.8,0.7,70.0 %,100.0 %,1.1,,393,544,0.8 %,1.1 %,2.6,1.6,1,0,4,8,1,0,4,8,1,0,5,5,2.3,,7,8,2.5,,1.4,7.1,-2330,0,-2.3 %,0.0 %,-2330,0,-2.3 %,0.0 %,-2330,0,-2.3 %,0.0 %,70.0 %,100.0 %,70.0 %,100.0 %,70.0 %,100.0 %,927,544,-853,0,87.5 %,100.0 %
FDIS,5d RSI FDIS LT19 - L FDIS,17.1 %,10.2 %,8536,5086,14.9 %,5.6 %,114.8 %,183.1 %,-0.9 %,-1.2 %,8,5,0.7,0.4,75.0 %,100.0 %,1.6,,1067,981,2.1 %,2.0 %,3.4,1.8,1,0,6,5,1,0,6,5,1,0,5,5,3,,6,5,4.7,,1.9,4,-3551,0,-3.6 %,0.0 %,-3551,0,-3.6 %,0.0 %,-3551,0,-3.6 %,0.0 %,75.0 %,100.0 %,75.0 %,100.0 %,75.0 %,100.0 %,1803,981,-1143,0,71.4 %,100.0 %
FDL,20d RSI FDL LT40 - L FDL,0.9 %,7.5 %,470,3769,27.2 %,5.6 %,3.5 %,135.7 %,-2.9 %,-0.4 %,5,4,0.4,0.3,60.0 %,100.0 %,0.8,,94,917,0.2 %,1.8 %,3.2,2.5,1,0,2,4,1,0,2,4,1,0,2,4,1.5,,3,4,1.2,,0.2,13.6,-2956,0,-3.0 %,0.0 %,-2956,0,-3.0 %,0.0 %,-2956,0,-3.0 %,0.0 %,60.0 %,100.0 %,60.0 %,100.0 %,75.0 %,100.0 %,803,917,-970,0,75.0 %,100.0 %
FDN,7d RSI FDN LT23 - L FDN,14.0 %,22.1 %,6984,11027,12.7 %,7.5 %,109.8 %,292.5 %,-2.0 %,-4.2 %,6,6,0.5,0.5,83.3 %,100.0 %,1.6,,1164,1702,2.3 %,3.4 %,3.7,2.2,1,0,4,6,1,0,4,6,1,0,4,4,5,,5,6,7.8,,2.3,3.5,-2048,0,-2.0 %,0.0 %,-2048,0,-2.0 %,0.0 %,-281,0,-0.3 %,0.0 %,83.3 %,100.0 %,83.3 %,100.0 %,83.3 %,100.0 %,1602,1702,-1024,0,80.0 %,100.0 %
FDT,7d RSI FDT LT26 - L FDT,10.9 %,13.1 %,5426,6543,26.5 %,9.1 %,40.9 %,143.4 %,-4.5 %,-1.9 %,12,8,1,0.7,91.7 %,100.0 %,0.3,,452,776,0.9 %,1.6 %,2.8,1.9,1,0,10,8,1,0,9,8,1,0,7,7,11,,11,8,3.1,,1.5,5.7,-5107,0,-5.1 %,0.0 %,-5107,0,-5.1 %,0.0 %,-2965,0,-3.0 %,0.0 %,91.7 %,100.0 %,91.7 %,100.0 %,90.9 %,100.0 %,725,776,-2554,0,88.9 %,100.0 %
FDVV,12d RSI FDVV LT39 - L FDVV,6.5 %,9.1 %,3274,4524,31.1 %,7.1 %,21.1 %,126.7 %,-4.8 %,-1.5 %,13,5,1.1,0.4,76.9 %,100.0 %,0.5,,252,874,0.5 %,1.8 %,3.4,2.6,1,0,5,5,1,0,5,5,1,0,4,5,3.3,,10,5,1.6,,0.7,10.8,-5173,0,-5.2 %,0.0 %,-5143,0,-5.1 %,0.0 %,-4913,0,-4.9 %,0.0 %,76.9 %,100.0 %,76.9 %,100.0 %,75.0 %,100.0 %,869,874,-1805,0,75.0 %,100.0 %
FEMB,7d RSI FEMB LT11 - L FEMB,0.9 %,0.6 %,453,290,100.0 %,5.2 %,0.9 %,11.3 %,0.0 %,-1.7 %,1,2,0.1,0.2,100.0 %,100.0 %,,,453,145,0.9 %,0.3 %,1,5.5,0,0,1,2,0,0,1,2,0,0,1,2,,,1,2,,,0,1.9,0,0,0.0 %,0.0 %,0,0,0.0 %,0.0 %,0,0,0.0 %,0.0 %,100.0 %,100.0 %,100.0 %,100.0 %,100.0 %,100.0 %,453,145,0,0,100.0 %,100.0 %
FENY,3d RSI FENY LT10 - L FENY,-0.6 %,3.9 %,-283,1954,13.8 %,6.0 %,-4.1 %,65.7 %,-9.4 %,-7.3 %,4,4,0.3,0.3,75.0 %,50.0 %,0.3,3,-71,496,-0.1 %,1.0 %,4.5,2.8,1,2,2,2,1,2,2,2,1,2,2,2,3,1,3,2,0.9,3,0,0.8,-9853,0,-9.9 %,0.0 %,-9853,0,-9.9 %,0.0 %,-9853,0,-9.9 %,0.0 %,75.0 %,50.0 %,75.0 %,50.0 %,75.0 %,50.0 %,1548,1501,-4926,-508,75.0 %,50.0 %
FEZ,20d RSI FEZ LT41 - L FEZ,16.0 %,7.7 %,7985,3862,42.9 %,9.1 %,37.3 %,84.6 %,-5.1 %,-1.9 %,18,7,1.5,0.6,61.1 %,85.7 %,1.4,3.3,444,536,0.9 %,1.1 %,3.3,2.3,3,1,3,3,2,0,3,6,2,0,6,4,1.6,6,11,6,2.1,19.8,1.3,3.9,-5005,-200,-5.0 %,-0.4 %,-4972,0,-5.0 %,0.0 %,-5962,0,-6.0 %,0.0 %,61.1 %,85.7 %,61.1 %,85.7 %,62.5 %,100.0 %,1361,658,-997,-200,77.8 %,100.0 %
FFTY,6d RSI FFTY LT23 - L FFTY,-3.4 %,17.4 %,-1677,8693,24.5 %,6.0 %,-13.7 %,292.1 %,-8.6 %,-3.0 %,11,5,0.9,0.4,54.5 %,100.0 %,0.6,,-152,1632,-0.3 %,3.3 %,4.4,2,2,0,2,5,2,0,2,5,1,0,1,4,1.2,,6,5,0.8,,-0.4,6.7,-2344,0,-2.3 %,0.0 %,-2344,0,-2.3 %,0.0 %,-3159,0,-3.2 %,0.0 %,54.5 %,100.0 %,54.5 %,100.0 %,54.5 %,100.0 %,882,1632,-1394,0,50.0 %,100.0 %
FGD,9d RSI FGD LT26 - L FGD,15.9 %,6.9 %,7964,3441,22.2 %,6.3 %,71.9 %,108.4 %,-1.1 %,-1.8 %,10,5,0.8,0.4,90.0 %,100.0 %,1.5,,796,670,1.6 %,1.3 %,2.3,2.2,1,0,9,5,1,0,8,5,1,0,7,4,9,,9,5,13.5,,4.2,13,-1272,0,-1.3 %,0.0 %,-1272,0,-1.3 %,0.0 %,-1272,0,-1.3 %,0.0 %,90.0 %,100.0 %,90.0 %,100.0 %,88.9 %,100.0 %,956,670,-636,0,87.5 %,100.0 %
FHLC,21d RSI FHLC LT37 - L FHLC,7.7 %,9.8 %,3864,4909,13.3 %,7.1 %,58.3 %,137.5 %,0.0 %,-1.2 %,6,4,0.5,0.3,83.3 %,100.0 %,1.4,,644,1187,1.3 %,2.4 %,3,3.5,1,0,5,4,1,0,4,4,1,0,4,3,5,,5,4,6.9,,1.8,4.9,-1310,0,-1.3 %,0.0 %,-1310,0,-1.3 %,0.0 %,-1310,0,-1.3 %,0.0 %,83.3 %,100.0 %,83.3 %,100.0 %,80.0 %,100.0 %,904,1187,-655,0,80.0 %,100.0 %
FIDU,13d RSI FIDU LT35 - L FIDU,11.6 %,15.0 %,5800,7484,25.1 %,7.5 %,46.1 %,198.5 %,-2.4 %,-1.4 %,11,6,0.9,0.5,72.7 %,100.0 %,1.1,,527,1176,1.1 %,2.4 %,3.1,2.2,1,0,5,6,1,0,7,6,1,0,4,5,2.7,,8,6,3,,1.6,13.7,-2701,0,-2.7 %,0.0 %,-2701,0,-2.7 %,0.0 %,-1589,0,-1.6 %,0.0 %,72.7 %,100.0 %,72.7 %,100.0 %,80.0 %,100.0 %,1084,1176,-959,0,71.4 %,100.0 %
FIXD,4d RSI FIXD LT11 - L FIXD,3.1 %,0.3 %,1562,132,14.8 %,6.0 %,21.2 %,4.4 %,-0.4 %,-1.6 %,8,4,0.7,0.3,62.5 %,75.0 %,3.1,0.5,195,33,0.4 %,0.1 %,2.9,2.8,1,1,4,2,1,1,4,2,1,1,5,1,1.7,3,5,3,5.1,1.6,2,0.4,-436,-234,-0.4 %,-0.5 %,-436,-234,-0.4 %,-0.5 %,-292,-234,-0.3 %,-0.5 %,62.5 %,75.0 %,62.5 %,75.0 %,62.5 %,75.0 %,388,122,-126,-234,71.4 %,66.7 %
FLBR,19d RSI FLBR LT35 - L FLBR,12.3 %,14.8 %,6161,7389,56.9 %,5.2 %,21.6 %,286.4 %,-2.4 %,-2.4 %,8,5,0.7,0.4,75.0 %,100.0 %,1.8,,770,1402,1.5 %,2.8 %,3.4,1.6,1,0,4,5,1,0,4,5,0,0,4,4,3,,6,5,5.4,,2,4.7,-1839,0,-1.8 %,0.0 %,-1839,0,-1.8 %,0.0 %,0,0,0.0 %,0.0 %,75.0 %,100.0 %,75.0 %,100.0 %,75.0 %,100.0 %,1258,1402,-694,0,100.0 %,100.0 %
FLCH,8d RSI FLCH LT26 - L FLCH,-6.6 %,22.8 %,-3303,11412,24.6 %,11.5 %,-26.9 %,198.3 %,-6.2 %,-6.1 %,6,10,0.5,0.8,33.3 %,90.0 %,1.1,21.1,-550,1042,-1.1 %,2.1 %,6,1.9,2,1,1,6,2,1,1,6,2,1,1,4,0.5,9,2,9,0.5,189.8,-0.6,5.9,-6164,-55,-6.2 %,-0.1 %,-6164,-55,-6.2 %,-0.1 %,-2324,-55,-2.3 %,-0.1 %,33.3 %,90.0 %,33.3 %,90.0 %,33.3 %,90.0 %,1942,1163,-1797,-55,25.0 %,83.3 %
FLCO,3d RSI FLCO LT10 - L FLCO,0.6 %,4.5 %,316,2225,17.1 %,11.5 %,3.7 %,38.7 %,-2.2 %,-0.7 %,8,10,0.7,0.8,62.5 %,90.0 %,0.8,,39,218,0.1 %,0.4 %,3.2,1.9,2,1,3,9,2,1,3,8,2,1,3,6,1.7,9,5,9,1.3,,0.3,4.1,-2242,0,-2.2 %,0.0 %,-2242,0,-2.2 %,0.0 %,-2242,0,-2.2 %,0.0 %,62.5 %,90.0 %,62.5 %,90.0 %,62.5 %,88.9 %,311,243,-413,0,71.4 %,85.7 %
FLGB,4d RSI FLGB LT14 - L FLGB,4.4 %,10.6 %,2182,5299,14.2 %,6.3 %,30.8 %,166.9 %,-0.7 %,-0.7 %,5,7,0.4,0.6,60.0 %,100.0 %,4.2,,436,726,0.9 %,1.4 %,3.2,1.3,1,0,1,7,1,0,1,7,1,0,2,6,1.5,,3,7,6.3,,1.2,5.9,-768,0,-0.8 %,0.0 %,-768,0,-0.8 %,0.0 %,-768,0,-0.8 %,0.0 %,60.0 %,100.0 %,60.0 %,100.0 %,60.0 %,100.0 %,864,726,-205,0,75.0 %,100.0 %
FLJP,16d RSI FLJP LT43 - L FLJP,-8.8 %,24.5 %,-4379,12268,63.2 %,18.6 %,-13.9 %,131.6 %,-12.7 %,-2.6 %,26,18,2.2,1.5,42.3 %,100.0 %,0.9,,-168,614,-0.3 %,1.2 %,3.7,1.6,4,0,2,18,4,0,2,16,2,0,2,8,0.7,,11,18,0.6,,-1,8,-9063,0,-9.1 %,0.0 %,-9063,0,-9.1 %,0.0 %,-9111,0,-9.1 %,0.0 %,42.3 %,100.0 %,42.3 %,100.0 %,39.1 %,100.0 %,664,614,-779,0,44.4 %,100.0 %
FLKR,18d RSI FLKR LT35 - L FLKR,-0.2 %,4.4 %,-113,2215,24.1 %,5.2 %,-0.9 %,85.9 %,-8.6 %,-3.4 %,11,5,0.9,0.4,54.5 %,80.0 %,0.8,1.9,-10,438,-0.0 %,0.9 %,3,1.6,3,1,3,3,3,1,2,3,2,0,2,3,1.2,4,6,4,1,7.5,0,1.9,-2189,-337,-2.2 %,-0.7 %,-2189,-337,-2.2 %,-0.7 %,-1841,0,-1.8 %,0.0 %,54.5 %,80.0 %,54.5 %,80.0 %,50.0 %,80.0 %,1111,631,-1355,-337,42.9 %,100.0 %
FLMI,7d RSI FLMI LT16 - L FLMI,-10.6 %,0.4 %,-5278,181,41.2 %,5.6 %,-25.6 %,6.5 %,-9.1 %,-0.3 %,6,3,0.5,0.2,16.7 %,66.7 %,0.2,1.9,-880,60,-1.8 %,0.1 %,13.2,3.7,5,1,1,1,5,1,1,1,4,0,0,2,0.2,2,1,2,0,3.7,-2.9,1.2,-11065,-66,-11.1 %,-0.1 %,-11065,-66,-11.1 %,-0.1 %,-10557,0,-10.6 %,0.0 %,16.7 %,66.7 %,16.7 %,66.7 %,16.7 %,66.7 %,254,123,-1106,-66,0.0 %,100.0 %
FLOT,16d RSI FLOT LT33 - L FLOT,0.4 %,0.1 %,217,48,16.2 %,5.2 %,2.7 %,1.9 %,0.0 %,-0.1 %,3,1,0.2,0.1,100.0 %,100.0 %,,,72,48,0.1 %,0.1 %,3,12,0,0,3,1,0,0,3,1,0,0,2,1,,,3,1,,,3.5,0,0,0,0.0 %,0.0 %,0,0,0.0 %,0.0 %,0,0,0.0 %,0.0 %,100.0 %,100.0 %,100.0 %,100.0 %,100.0 %,100.0 %,72,48,0,0,100.0 %,100.0 %
FLQM,7d RSI FLQM LT28 - L FLQM,8.9 %,11.2 %,4454,5622,17.8 %,7.5 %,50.1 %,149.1 %,-1.9 %,-1.2 %,10,6,0.8,0.5,80.0 %,100.0 %,0.8,,445,899,0.9 %,1.8 %,3.2,2.2,1,0,6,6,1,0,5,6,1,0,3,6,4,,8,6,3.1,,1.6,3.9,-2286,0,-2.3 %,0.0 %,-2286,0,-2.3 %,0.0 %,-2286,0,-2.3 %,0.0 %,80.0 %,100.0 %,80.0 %,100.0 %,77.8 %,100.0 %,823,899,-1066,0,71.4 %,100.0 %
FLRN,4d RSI FLRN LT10 - L FLRN,0.4 %,0.2 %,179,99,14.6 %,9.1 %,2.4 %,2.2 %,0.0 %,-0.1 %,3,2,0.2,0.2,100.0 %,100.0 %,,,60,49,0.1 %,0.1 %,3,10.5,0,0,3,2,0,0,3,2,0,0,2,2,,,3,2,,,6.4,7.1,0,0,0.0 %,0.0 %,0,0,0.0 %,0.0 %,0,0,0.0 %,0.0 %,100.0 %,100.0 %,100.0 %,100.0 %,100.0 %,100.0 %,60,49,0,0,100.0 %,100.0 %
FLTR,15d RSI FLTR LT41 - L FLTR,0.4 %,0.1 %,203,48,35.5 %,13.1 %,1.1 %,0.7 %,-1.0 %,-0.3 %,11,2,0.9,0.2,81.8 %,50.0 %,0.3,2,18,24,0.0 %,0.1 %,4.4,15.5,1,1,5,1,1,1,4,1,1,1,2,1,4.5,1,9,1,1.2,2,0.3,0.5,-978,-48,-1.0 %,-0.1 %,-978,-48,-1.0 %,-0.1 %,-682,-48,-0.7 %,-0.1 %,81.8 %,50.0 %,81.8 %,50.0 %,77.8 %,50.0 %,122,97,-450,-48,60.0 %,50.0 %
FLTW,9d RSI FLTW LT32 - L FLTW,2.6 %,14.6 %,1309,7281,30.2 %,6.3 %,8.7 %,229.3 %,-10.7 %,-1.5 %,16,7,1.3,0.6,68.8 %,100.0 %,0.5,,82,987,0.2 %,2.0 %,3.4,1.3,3,0,5,7,3,0,5,6,3,0,6,5,2.2,,11,7,1.2,,0.2,3.2,-11007,0,-11.0 %,0.0 %,-11007,0,-11.0 %,0.0 %,-11583,0,-11.6 %,0.0 %,68.8 %,100.0 %,68.8 %,100.0 %,68.8 %,100.0 %,740,987,-1365,0,70.0 %,100.0 %
FMB,12d RSI FMB LT20 - L FMB,-9.0 %,0.2 %,-4506,93,43.2 %,7.1 %,-20.8 %,2.6 %,-7.7 %,-0.2 %,7,3,0.6,0.2,14.3 %,66.7 %,0.2,1.7,-644,31,-1.3 %,0.1 %,10.1,5,4,1,1,1,4,1,1,1,4,0,0,2,0.2,2,1,2,0,3.3,-2.5,1,-7209,-40,-7.2 %,-0.1 %,-7209,-40,-7.2 %,-0.1 %,-9012,0,-9.0 %,0.0 %,14.3 %,66.7 %,14.3 %,66.7 %,14.3 %,66.7 %,135,67,-773,-40,0.0 %,100.0 %
FMHI,13d RSI FMHI LT41 - L FMHI,-20.2 %,0.3 %,-10115,176,77.4 %,18.2 %,-26.1 %,1.9 %,-19.1 %,-1.5 %,18,6,1.5,0.5,50.0 %,83.3 %,0.2,0.3,-562,30,-1.1 %,0.1 %,8.1,6.7,2,1,2,4,2,1,2,4,2,1,1,2,1,5,9,5,0.2,1.3,-2.5,0.2,-5471,-571,-5.5 %,-1.1 %,-5471,-571,-5.5 %,-1.1 %,-8072,-571,-8.1 %,-1.1 %,50.0 %,83.3 %,50.0 %,83.3 %,43.8 %,83.3 %,208,150,-1331,-571,37.5 %,75.0 %
FNCL,18d RSI FNCL LT41 - L FNCL,17.8 %,15.2 %,8902,7617,38.9 %,6.3 %,45.7 %,239.9 %,-3.7 %,-2.4 %,18,6,1.5,0.5,72.2 %,100.0 %,1,,495,1196,1.0 %,2.4 %,3,1.7,1,0,3,6,1,0,5,6,1,0,7,4,2.6,,13,6,2.6,,1.8,10.7,-4086,0,-4.1 %,0.0 %,-4086,0,-4.1 %,0.0 %,-1854,0,-1.9 %,0.0 %,72.2 %,100.0 %,72.2 %,100.0 %,76.5 %,100.0 %,1123,1196,-1141,0,88.9 %,100.0 %
FNDA,20d RSI FNDA LT43 - L FNDA,28.3 %,8.9 %,14153,4441,36.8 %,6.0 %,76.8 %,149.2 %,-4.1 %,-3.3 %,23,5,1.9,0.4,87.0 %,100.0 %,0.6,,615,860,1.2 %,1.7 %,2.9,2,1,0,10,5,1,0,9,5,1,0,6,4,6.7,,20,5,3.7,,2.8,4.6,-4927,0,-4.9 %,0.0 %,-4927,0,-4.9 %,0.0 %,-3344,0,-3.3 %,0.0 %,87.0 %,100.0 %,87.0 %,100.0 %,86.4 %,100.0 %,968,860,-1736,0,80.0 %,100.0 %
FNDB,8d RSI FNDB LT30 - L FNDB,7.1 %,8.0 %,3528,3993,17.5 %,5.6 %,40.3 %,143.8 %,-3.2 %,-1.2 %,9,5,0.8,0.4,77.8 %,100.0 %,0.8,,392,775,0.8 %,1.6 %,3.4,1.8,1,0,4,5,1,0,4,5,2,0,4,5,3.5,,7,5,3,,1.5,5.4,-2437,0,-2.4 %,0.0 %,-2437,0,-2.4 %,0.0 %,-3396,0,-3.4 %,0.0 %,77.8 %,100.0 %,77.8 %,100.0 %,77.8 %,100.0 %,760,775,-895,0,75.0 %,100.0 %
FNDC,20d RSI FNDC LT39 - L FNDC,6.0 %,0.6 %,2994,306,35.6 %,5.6 %,16.8 %,11.0 %,-5.7 %,-4.7 %,17,4,1.4,0.3,70.6 %,75.0 %,0.7,0.4,176,80,0.4 %,0.2 %,2.9,2.5,3,1,5,2,3,1,5,2,1,1,4,2,2.4,3,12,3,1.7,1.3,0.8,0.3,-6230,-970,-6.2 %,-1.9 %,-6230,-970,-6.2 %,-1.9 %,-5853,-454,-5.9 %,-0.9 %,70.6 %,75.0 %,70.6 %,75.0 %,68.8 %,75.0 %,583,430,-799,-970,77.8 %,66.7 %
FNDE,16d RSI FNDE LT38 - L FNDE,-1.5 %,7.8 %,-742,3906,36.3 %,6.0 %,-4.1 %,131.2 %,-7.1 %,-0.9 %,14,6,1.2,0.5,57.1 %,100.0 %,0.7,,-53,631,-0.1 %,1.3 %,3.3,1.5,3,0,4,6,3,0,3,6,3,0,1,4,1.3,,8,6,0.9,,-0.2,11.4,-5952,0,-6.0 %,0.0 %,-5952,0,-6.0 %,0.0 %,-6501,0,-6.5 %,0.0 %,57.1 %,100.0 %,57.1 %,100.0 %,53.8 %,100.0 %,842,631,-1247,0,28.6 %,100.0 %
FNDF,9d RSI FNDF LT28 - L FNDF,16.2 %,6.9 %,8094,3440,21.5 %,5.2 %,75.2 %,133.4 %,-0.3 %,-2.0 %,10,4,0.8,0.3,90.0 %,100.0 %,4.6,,809,839,1.6 %,1.7 %,2.2,2.2,1,0,8,4,1,0,8,4,0,0,7,3,9,,9,4,41.7,,4.4,7.1,-398,0,-0.4 %,0.0 %,-398,0,-0.4 %,0.0 %,0,0,0.0 %,0.0 %,90.0 %,100.0 %,90.0 %,100.0 %,90.0 %,100.0 %,921,839,-199,0,100.0 %,100.0 %
FNDX,15d RSI FNDX LT43 - L FNDX,14.3 %,9.6 %,7150,4785,40.4 %,7.1 %,35.4 %,134.0 %,-4.6 %,-1.5 %,21,5,1.8,0.4,76.2 %,100.0 %,0.8,,340,923,0.7 %,1.9 %,3.5,2.6,3,0,9,5,3,0,9,5,1,0,5,5,3.2,,16,5,2.4,,1.6,7.4,-5135,0,-5.1 %,0.0 %,-5135,0,-5.1 %,0.0 %,-5135,0,-5.1 %,0.0 %,76.2 %,100.0 %,76.2 %,100.0 %,75.0 %,100.0 %,764,923,-1014,0,80.0 %,100.0 %
FPE,4d RSI FPE LT10 - L FPE,-2.8 %,0.6 %,-1384,273,26.2 %,7.5 %,-10.6 %,7.2 %,-3.2 %,-0.9 %,7,3,0.6,0.2,28.6 %,33.3 %,0.8,5.5,-198,92,-0.4 %,0.2 %,6.1,5.3,3,2,1,1,3,2,1,1,3,2,1,1,0.4,0.5,2,1,0.3,2.7,-1.3,0.6,-3218,0,-3.2 %,0.0 %,-3218,0,-3.2 %,0.0 %,-2469,0,-2.5 %,0.0 %,28.6 %,33.3 %,28.6 %,33.3 %,28.6 %,33.3 %,356,433,-419,-79,16.7 %,33.3 %
FPEI,3d RSI FPEI LT10 - L FPEI,-4.1 %,1.8 %,-2046,880,34.6 %,5.2 %,-11.8 %,34.1 %,-4.7 %,-0.4 %,9,3,0.8,0.2,33.3 %,100.0 %,0.6,,-227,292,-0.5 %,0.6 %,5.7,3.3,2,0,2,3,2,0,2,3,2,0,2,2,0.5,,3,3,0.3,,-1.3,3.4,-3483,0,-3.5 %,0.0 %,-3483,0,-3.5 %,0.0 %,-3483,0,-3.5 %,0.0 %,33.3 %,100.0 %,33.3 %,100.0 %,33.3 %,100.0 %,279,292,-480,0,50.0 %,100.0 %
FREL,4d RSI FREL LT21 - L FREL,-2.9 %,14.0 %,-1471,7017,26.7 %,8.3 %,-11.0 %,168.4 %,-8.4 %,-2.2 %,11,6,0.9,0.5,72.7 %,100.0 %,0.3,,-134,1110,-0.3 %,2.2 %,4.9,2.5,1,0,3,6,1,0,3,6,1,0,3,6,2.7,,8,6,0.8,,-0.2,4.4,-8638,0,-8.6 %,0.0 %,-8638,0,-8.6 %,0.0 %,-6855,0,-6.9 %,0.0 %,72.7 %,100.0 %,72.7 %,100.0 %,72.7 %,100.0 %,870,1110,-2811,0,66.7 %,100.0 %
FSTA,14d RSI FSTA LT34 - L FSTA,9.6 %,7.2 %,4824,3614,17.7 %,6.8 %,54.6 %,107.1 %,-0.2 %,-1.6 %,7,4,0.6,0.3,85.7 %,100.0 %,7,,689,880,1.4 %,1.8 %,3,3.2,1,0,5,4,1,0,5,4,0,0,6,4,6,,6,4,42,,3.2,8.9,-235,0,-0.2 %,0.0 %,-235,0,-0.2 %,0.0 %,0,0,0.0 %,0.0 %,85.7 %,100.0 %,85.7 %,100.0 %,85.7 %,100.0 %,824,880,-118,0,100.0 %,100.0 %
FTCS,6d RSI FTCS LT22 - L FTCS,2.5 %,8.0 %,1227,4012,17.6 %,5.2 %,14.0 %,155.5 %,-0.4 %,-0.8 %,5,4,0.4,0.3,60.0 %,100.0 %,1.5,,245,975,0.5 %,1.9 %,5,2.2,1,0,3,4,1,0,3,4,1,0,3,4,1.5,,3,4,2.3,,0.7,5.8,-1509,0,-1.5 %,0.0 %,-1509,0,-1.5 %,0.0 %,-1509,0,-1.5 %,0.0 %,60.0 %,100.0 %,60.0 %,100.0 %,60.0 %,100.0 %,727,975,-477,0,75.0 %,100.0 %
FTEC,8d RSI FTEC LT30 - L FTEC,21.3 %,14.3 %,10657,7153,21.0 %,9.1 %,101.7 %,156.7 %,-1.8 %,-3.2 %,11,6,0.9,0.5,81.8 %,100.0 %,1.1,,969,1131,1.9 %,2.3 %,3.5,2.8,1,0,6,6,1,0,6,6,1,0,5,4,4.5,,9,6,5.2,,2.7,4.4,-3039,0,-3.0 %,0.0 %,-3039,0,-3.0 %,0.0 %,-3039,0,-3.0 %,0.0 %,81.8 %,100.0 %,81.8 %,100.0 %,81.8 %,100.0 %,1468,1131,-1278,0,77.8 %,100.0 %
FTGC,3d RSI FTGC LT10 - L FTGC,-6.2 %,6.3 %,-3112,3174,36.4 %,6.3 %,-17.1 %,100.0 %,-2.9 %,-1.9 %,4,4,0.3,0.3,50.0 %,100.0 %,0.1,,-778,775,-1.6 %,1.6 %,5.2,3,2,0,2,4,2,0,2,4,2,0,1,4,1,,2,4,0.1,,-1.5,23.4,-7141,0,-7.1 %,0.0 %,-7141,0,-7.1 %,0.0 %,-7141,0,-7.1 %,0.0 %,50.0 %,100.0 %,50.0 %,100.0 %,50.0 %,100.0 %,229,775,-1785,0,33.3 %,100.0 %
FTHI,3d RSI FTHI LT20 - L FTHI,1.3 %,15.2 %,647,7625,25.4 %,19.1 %,5.1 %,80.1 %,-6.4 %,-2.2 %,12,14,1,1.2,66.7 %,78.6 %,0.6,14.7,54,512,0.1 %,1.0 %,3.9,2.4,2,2,3,6,2,2,3,6,2,1,4,5,2,3.7,8,11,1.1,54.1,0.2,4,-5268,-70,-5.3 %,-0.1 %,-5268,-70,-5.3 %,-0.1 %,-6650,-35,-6.6 %,-0.1 %,66.7 %,78.6 %,66.7 %,78.6 %,66.7 %,78.6 %,651,664,-1139,-45,77.8 %,88.9 %
FTLS,3d RSI FTLS LT11 - L FTLS,1.9 %,5.9 %,943,2968,11.6 %,6.3 %,16.2 %,93.5 %,-0.9 %,-0.5 %,4,5,0.3,0.4,75.0 %,100.0 %,1.1,,236,580,0.5 %,1.2 %,4.2,2.2,1,0,2,5,1,0,2,5,1,0,1,5,3,,3,5,3.2,,1.2,5.9,-868,0,-0.9 %,0.0 %,-868,0,-0.9 %,0.0 %,-868,0,-0.9 %,0.0 %,75.0 %,100.0 %,75.0 %,100.0 %,75.0 %,100.0 %,459,580,-434,0,66.7 %,100.0 %
FTQI,4d RSI FTQI LT14 - L FTQI,7.6 %,9.5 %,3785,4761,10.1 %,7.1 %,75.3 %,133.3 %,0.0 %,-1.3 %,5,5,0.4,0.4,100.0 %,100.0 %,,,757,920,1.5 %,1.8 %,2.4,2.6,0,0,5,5,0,0,5,5,0,0,4,5,,,5,5,,,5.1,5.2,0,0,0.0 %,0.0 %,0,0,0.0 %,0.0 %,0,0,0.0 %,0.0 %,100.0 %,100.0 %,100.0 %,100.0 %,100.0 %,100.0 %,757,920,0,0,100.0 %,100.0 %
FTSL,8d RSI FTSL LT28 - L FTSL,-1.3 %,1.4 %,-658,694,34.3 %,5.6 %,-3.8 %,25.0 %,-2.3 %,-0.4 %,8,2,0.7,0.2,50.0 %,100.0 %,0.6,,-82,346,-0.2 %,0.7 %,5.9,6,3,0,2,2,3,0,2,2,2,0,2,2,1,,4,2,0.6,,-0.6,9.3,-2276,0,-2.3 %,0.0 %,-2276,0,-2.3 %,0.0 %,-2276,0,-2.3 %,0.0 %,50.0 %,100.0 %,50.0 %,100.0 %,50.0 %,100.0 %,238,346,-403,0,50.0 %,100.0 %
FTSM,4d RSI FTSM LT11 - L FTSM,-0.2 %,0.2 %,-79,88,25.3 %,17.9 %,-0.6 %,1.0 %,-0.1 %,-0.0 %,3,3,0.2,0.2,0.0 %,100.0 %,0,,-26,29,-0.1 %,0.1 %,7,14,3,0,0,3,3,0,0,3,3,0,0,3,0,,0,3,0,,-1.5,6.4,-158,0,-0.2 %,0.0 %,-158,0,-0.2 %,0.0 %,-158,0,-0.2 %,0.0 %,0.0 %,100.0 %,0.0 %,100.0 %,0.0 %,100.0 %,0,29,-26,0,0.0 %,100.0 %
FTXL,6d RSI FTXL LT23 - L FTXL,4.6 %,15.2 %,2302,7584,15.2 %,6.0 %,30.3 %,254.8 %,0.0 %,-1.1 %,6,5,0.5,0.4,83.3 %,100.0 %,0.5,,384,1437,0.8 %,2.9 %,3.5,2,1,0,5,5,1,0,5,5,1,0,4,4,5,,5,5,2.3,,0.9,4.9,-3522,0,-3.5 %,0.0 %,-3522,0,-3.5 %,0.0 %,-3522,0,-3.5 %,0.0 %,83.3 %,100.0 %,83.3 %,100.0 %,83.3 %,100.0 %,813,1437,-1761,0,80.0 %,100.0 %
FTXO,12d RSI FTXO LT33 - L FTXO,18.0 %,12.7 %,8985,6357,19.2 %,8.3 %,93.4 %,152.6 %,-0.2 %,-4.1 %,9,5,0.8,0.4,88.9 %,100.0 %,10.7,,998,1216,2.0 %,2.4 %,3.3,3.2,1,0,6,5,1,0,6,5,1,0,3,3,8,,8,5,85.7,,4,3.9,-212,0,-0.2 %,0.0 %,-212,0,-0.2 %,0.0 %,-212,0,-0.2 %,0.0 %,88.9 %,100.0 %,88.9 %,100.0 %,88.9 %,100.0 %,1136,1216,-106,0,83.3 %,100.0 %
FTXR,4d RSI FTXR LT12 - L FTXR,2.3 %,10.0 %,1126,5005,16.1 %,5.6 %,14.0 %,180.2 %,0.0 %,-2.5 %,4,5,0.3,0.4,50.0 %,100.0 %,2.1,,281,966,0.6 %,1.9 %,5.8,1.8,1,0,1,5,1,0,1,5,1,0,1,4,1,,2,5,2.1,,0.6,4,-2003,0,-2.0 %,0.0 %,-2003,0,-2.0 %,0.0 %,-2003,0,-2.0 %,0.0 %,50.0 %,100.0 %,50.0 %,100.0 %,50.0 %,100.0 %,1064,966,-501,0,50.0 %,100.0 %
FUTY,7d RSI FUTY LT18 - L FUTY,-0.9 %,2.1 %,-435,1039,8.9 %,5.2 %,-9.7 %,40.3 %,-4.5 %,-2.6 %,3,2,0.2,0.2,33.3 %,50.0 %,1.6,5.8,-145,522,-0.3 %,1.0 %,4,5.5,2,1,1,1,2,1,1,1,2,1,1,1,0.5,1,1,1,0.8,5.8,-0.2,1,-4653,-217,-4.7 %,-0.4 %,-4653,-217,-4.7 %,-0.4 %,-4653,-217,-4.7 %,-0.4 %,33.3 %,50.0 %,33.3 %,50.0 %,33.3 %,50.0 %,1891,1262,-1163,-217,33.3 %,50.0 %
FV,10d RSI FV LT32 - L FV,4.3 %,17.0 %,2128,8513,15.6 %,7.9 %,27.2 %,214.5 %,-5.8 %,-2.4 %,6,6,0.5,0.5,66.7 %,100.0 %,0.7,,355,1330,0.7 %,2.7 %,3.5,2.3,1,0,3,6,1,0,3,6,1,0,3,5,2,,4,6,1.5,,0.5,6.6,-6399,0,-6.4 %,0.0 %,-6399,0,-6.4 %,0.0 %,-6399,0,-6.4 %,0.0 %,66.7 %,100.0 %,66.7 %,100.0 %,66.7 %,100.0 %,1609,1330,-2155,0,66.7 %,100.0 %
FVD,5d RSI FVD LT18 - L FVD,0.2 %,7.6 %,100,3781,17.4 %,5.6 %,1.2 %,136.1 %,-1.6 %,-0.5 %,5,4,0.4,0.3,40.0 %,100.0 %,1.6,,20,921,0.0 %,1.8 %,5,2.5,1,0,1,4,1,0,1,4,1,0,1,4,0.7,,2,4,1.1,,0.1,4.5,-1403,0,-1.4 %,0.0 %,-1403,0,-1.4 %,0.0 %,-1403,0,-1.4 %,0.0 %,40.0 %,100.0 %,40.0 %,100.0 %,40.0 %,100.0 %,889,921,-559,0,40.0 %,100.0 %
FXE,7d RSI FXE LT18 - L FXE,1.6 %,1.8 %,781,879,11.4 %,5.6 %,13.7 %,31.6 %,-0.9 %,-0.5 %,4,5,0.3,0.4,50.0 %,100.0 %,2.6,,195,175,0.4 %,0.3 %,3.2,1.8,2,0,1,5,2,0,1,5,2,0,1,5,1,,2,5,2.6,,0.9,5.3,-957,0,-1.0 %,0.0 %,-957,0,-1.0 %,0.0 %,-957,0,-1.0 %,0.0 %,50.0 %,100.0 %,50.0 %,100.0 %,50.0 %,100.0 %,630,175,-239,0,50.0 %,100.0 %
FXF,13d RSI FXF LT30 - L FXF,2.3 %,1.6 %,1152,805,28.2 %,7.5 %,8.2 %,21.3 %,-1.0 %,-2.4 %,5,6,0.4,0.5,60.0 %,83.3 %,1.1,0.4,230,135,0.5 %,0.3 %,5.4,2.2,2,1,3,4,2,1,3,3,1,1,2,3,1.5,5,3,5,1.7,2.1,0.5,0.8,-3269,-720,-3.3 %,-1.4 %,-3269,-413,-3.3 %,-0.8 %,-3269,-413,-3.3 %,-0.8 %,60.0 %,83.3 %,60.0 %,83.3 %,60.0 %,80.0 %,929,306,-817,-720,66.7 %,80.0 %
FXI,17d RSI FXI LT36 - L FXI,-10.5 %,23.2 %,-5234,11606,24.2 %,12.7 %,-43.3 %,182.8 %,-18.0 %,-5.6 %,8,10,0.7,0.8,37.5 %,90.0 %,0.9,9.6,-654,1059,-1.3 %,2.1 %,4.4,2.2,3,1,1,8,2,1,1,8,2,1,1,4,0.6,9,3,9,0.6,86,-0.7,4.9,-17806,-125,-17.8 %,-0.2 %,-13769,-125,-13.8 %,-0.2 %,-13245,-125,-13.2 %,-0.2 %,37.5 %,90.0 %,37.5 %,90.0 %,42.9 %,90.0 %,2287,1191,-2419,-125,40.0 %,83.3 %
FXN,19d RSI FXN LT42 - L FXN,9.7 %,8.8 %,4869,4385,22.2 %,10.3 %,43.8 %,85.0 %,-0.4 %,-7.4 %,7,6,0.6,0.5,85.7 %,66.7 %,4.4,1.6,696,729,1.4 %,1.5 %,3,3.3,1,1,5,2,1,1,5,2,0,1,4,2,6,2,6,4,26.6,3.1,2.4,1.2,-380,-2052,-0.4 %,-4.1 %,-380,-2052,-0.4 %,-4.1 %,0,-1029,0.0 %,-2.1 %,85.7 %,66.7 %,85.7 %,66.7 %,85.7 %,66.7 %,843,1606,-190,-1026,100.0 %,66.7 %
FXO,21d RSI FXO LT42 - L FXO,24.4 %,14.8 %,12177,7407,32.6 %,5.6 %,74.6 %,266.6 %,-3.8 %,-2.4 %,16,5,1.3,0.4,75.0 %,100.0 %,1.3,,761,1401,1.5 %,2.8 %,2.8,1.8,1,0,3,5,1,0,3,5,1,0,5,3,3,,12,5,3.8,,2.5,32.9,-4494,0,-4.5 %,0.0 %,-2570,0,-2.6 %,0.0 %,-2570,0,-2.6 %,0.0 %,75.0 %,100.0 %,75.0 %,100.0 %,73.3 %,100.0 %,1376,1401,-1083,0,77.8 %,100.0 %
FXR,8d RSI FXR LT29 - L FXR,3.2 %,6.0 %,1623,3019,23.2 %,5.2 %,14.0 %,117.0 %,-2.5 %,-1.5 %,7,4,0.6,0.3,57.1 %,100.0 %,1.2,,232,740,0.5 %,1.5 %,4.6,2.2,1,0,3,4,1,0,4,4,1,0,3,4,1.3,,4,4,1.6,,0.5,3.1,-2819,0,-2.8 %,0.0 %,-2819,0,-2.8 %,0.0 %,-2819,0,-2.8 %,0.0 %,57.1 %,100.0 %,57.1 %,100.0 %,66.7 %,100.0 %,1111,740,-940,0,75.0 %,100.0 %
FXU,16d RSI FXU LT34 - L FXU,1.1 %,3.3 %,548,1633,15.3 %,5.2 %,7.2 %,63.3 %,-4.6 %,-2.0 %,4,3,0.3,0.2,50.0 %,66.7 %,1.2,4.2,137,541,0.3 %,1.1 %,5.2,3.3,2,1,1,1,2,1,1,1,2,1,1,1,1,2,2,2,1.2,8.3,0.2,1.7,-4730,-222,-4.7 %,-0.4 %,-4730,-222,-4.7 %,-0.4 %,-2570,-222,-2.6 %,-0.4 %,50.0 %,66.7 %,50.0 %,66.7 %,50.0 %,66.7 %,1457,923,-1183,-222,33.3 %,66.7 %
FXY,5d RSI FXY LT15 - L FXY,-7.9 %,0.9 %,-3958,446,22.0 %,9.9 %,-36.0 %,9.0 %,-8.4 %,-1.0 %,7,6,0.6,0.5,28.6 %,83.3 %,0.2,0.5,-565,74,-1.1 %,0.1 %,5.3,2.3,4,1,1,4,4,1,1,4,5,1,1,3,0.4,5,2,5,0.1,2.7,-2.2,1,-4563,-269,-4.6 %,-0.5 %,-4563,-269,-4.6 %,-0.5 %,-8398,-269,-8.4 %,-0.5 %,28.6 %,83.3 %,28.6 %,83.3 %,28.6 %,83.3 %,134,143,-845,-269,16.7 %,80.0 %
GCOW,3d RSI GCOW LT11 - L GCOW,8.1 %,4.6 %,4053,2322,15.8 %,5.2 %,51.3 %,90.0 %,-1.9 %,-0.1 %,8,5,0.7,0.4,87.5 %,100.0 %,0.7,,507,456,1.0 %,0.9 %,3,1.6,1,0,5,5,1,0,5,5,1,0,4,5,7,,7,5,5.2,,2.2,6.3,-1948,0,-1.9 %,0.0 %,-1948,0,-1.9 %,0.0 %,-1948,0,-1.9 %,0.0 %,87.5 %,100.0 %,87.5 %,100.0 %,87.5 %,100.0 %,718,456,-974,0,85.7 %,100.0 %
GDX,19d RSI GDX LT36 - L GDX,0.5 %,18.4 %,256,9178,37.9 %,12.7 %,1.4 %,144.6 %,-8.0 %,-4.2 %,6,8,0.5,0.7,50.0 %,75.0 %,1,3.5,43,1074,0.1 %,2.1 %,5.3,3,2,1,2,3,3,1,2,3,2,1,1,2,1,3,3,6,1,10.4,0,3,-7950,-699,-8.0 %,-1.4 %,-8285,-699,-8.3 %,-1.4 %,-7104,-699,-7.1 %,-1.4 %,50.0 %,75.0 %,50.0 %,75.0 %,40.0 %,75.0 %,1955,1586,-1870,-459,33.3 %,66.7 %
GDXJ,17d RSI GDXJ LT33 - L GDXJ,9.3 %,23.0 %,4626,11483,18.4 %,6.3 %,50.2 %,361.7 %,-2.0 %,-1.0 %,5,6,0.4,0.5,60.0 %,100.0 %,1.8,,925,1757,1.9 %,3.5 %,2.6,1.7,2,0,3,6,2,0,3,6,1,0,2,5,1.5,,3,6,2.8,,1,6.8,-5277,0,-5.3 %,0.0 %,-5277,0,-5.3 %,0.0 %,-3320,0,-3.3 %,0.0 %,60.0 %,100.0 %,60.0 %,100.0 %,60.0 %,100.0 %,2422,1757,-1319,0,66.7 %,100.0 %
GEM,6d RSI GEM LT16 - L GEM,0.5 %,7.3 %,226,3656,9.9 %,5.2 %,4.6 %,141.8 %,-2.0 %,-1.4 %,3,3,0.2,0.2,33.3 %,100.0 %,2.4,,75,1192,0.2 %,2.4 %,4,3.3,2,0,1,3,2,0,1,3,2,0,1,3,0.5,,1,3,1.2,,0.2,4.6,-2062,0,-2.1 %,0.0 %,-2062,0,-2.1 %,0.0 %,-2062,0,-2.1 %,0.0 %,33.3 %,100.0 %,33.3 %,100.0 %,33.3 %,100.0 %,1257,1192,-515,0,33.3 %,100.0 %
GIGB,3d RSI GIGB LT10 - L GIGB,-0.8 %,4.2 %,-401,2098,13.6 %,10.7 %,-5.9 %,39.2 %,-3.1 %,-0.7 %,9,8,0.8,0.7,55.6 %,87.5 %,0.7,2.9,-45,258,-0.1 %,0.5 %,2.7,2.4,2,1,3,7,2,1,3,7,3,1,3,6,1.2,7,5,7,0.8,20,-0.3,3.6,-3081,-109,-3.1 %,-0.2 %,-3081,-109,-3.1 %,-0.2 %,-3206,-109,-3.2 %,-0.2 %,55.6 %,87.5 %,55.6 %,87.5 %,55.6 %,87.5 %,373,310,-566,-109,57.1 %,85.7 %
GLD,5d RSI GLD LT14 - L GLD,-1.8 %,3.1 %,-919,1555,34.1 %,5.2 %,-5.4 %,60.3 %,0.0 %,-2.4 %,2,4,0.2,0.3,50.0 %,75.0 %,0.3,3,-460,386,-0.9 %,0.8 %,6.5,2.2,1,1,1,2,1,1,1,2,1,1,1,2,1,3,1,3,0.3,9,-0.7,1.7,-2719,-194,-2.7 %,-0.4 %,-2719,-194,-2.7 %,-0.4 %,-2719,-194,-2.7 %,-0.4 %,50.0 %,75.0 %,50.0 %,75.0 %,50.0 %,75.0 %,440,580,-1360,-194,50.0 %,75.0 %
GLL,5d RSI GLL LT13 - L GLL,6.2 %,6.4 %,3090,3201,100.0 %,5.2 %,6.2 %,124.1 %,0.0 %,-2.7 %,1,3,0.1,0.2,100.0 %,100.0 %,,,3090,1047,6.2 %,2.1 %,1,3.3,0,0,1,3,0,0,1,3,0,0,1,3,,,1,3,,,0,4.2,0,0,0.0 %,0.0 %,0,0,0.0 %,0.0 %,0,0,0.0 %,0.0 %,100.0 %,100.0 %,100.0 %,100.0 %,100.0 %,100.0 %,3090,1047,0,0,100.0 %,100.0 %
GNR,6d RSI GNR LT23 - L GNR,5.6 %,10.0 %,2825,4994,20.2 %,6.0 %,28.0 %,167.8 %,-3.5 %,-2.7 %,6,5,0.5,0.4,66.7 %,100.0 %,1,,471,965,0.9 %,1.9 %,2.7,2,2,0,4,5,2,0,4,5,1,0,3,5,2,,4,5,2,,0.8,3.6,-5623,0,-5.6 %,0.0 %,-5623,0,-5.6 %,0.0 %,-2195,0,-2.2 %,0.0 %,66.7 %,100.0 %,66.7 %,100.0 %,66.7 %,100.0 %,1409,965,-1406,0,75.0 %,100.0 %
GOVI,3d RSI GOVI LT11 - L GOVI,-0.2 %,2.2 %,-104,1105,18.7 %,13.9 %,-1.1 %,15.9 %,-5.5 %,-3.7 %,10,8,0.8,0.7,60.0 %,75.0 %,0.6,0.9,-10,138,-0.0 %,0.3 %,3.7,3.4,3,1,5,5,3,1,5,5,3,2,4,4,1.5,3,6,6,1,2.8,0,1.3,-5551,-439,-5.6 %,-0.9 %,-5551,-439,-5.6 %,-0.9 %,-5551,-575,-5.6 %,-1.1 %,60.0 %,75.0 %,60.0 %,75.0 %,60.0 %,75.0 %,458,287,-714,-311,55.6 %,66.7 %
GOVT,19d RSI GOVT LT31 - L GOVT,2.4 %,0.7 %,1203,327,14.1 %,5.2 %,17.0 %,12.7 %,-0.1 %,-1.7 %,8,4,0.7,0.3,62.5 %,75.0 %,5.7,1.1,150,82,0.3 %,0.2 %,2.1,2.2,2,1,3,3,2,1,3,3,0,1,5,1,1.7,3,5,3,9.5,3.2,2.6,1.2,-138,-149,-0.1 %,-0.3 %,-138,-149,-0.1 %,-0.3 %,0,-149,0.0 %,-0.3 %,62.5 %,75.0 %,62.5 %,75.0 %,62.5 %,75.0 %,269,159,-47,-149,100.0 %,50.0 %
GREK,13d RSI GREK LT33 - L GREK,10.8 %,5.1 %,5394,2556,18.1 %,6.0 %,59.7 %,85.9 %,-0.4 %,-4.9 %,7,5,0.6,0.4,71.4 %,80.0 %,3.1,0.8,771,509,1.5 %,1.0 %,2.9,2,1,1,4,3,1,1,4,3,1,1,4,2,2.5,4,5,4,7.8,3.2,2.3,1.3,-1157,-1181,-1.2 %,-2.4 %,-1157,-53,-1.2 %,-0.1 %,-1157,-1181,-1.2 %,-2.4 %,71.4 %,80.0 %,71.4 %,80.0 %,71.4 %,75.0 %,1237,931,-395,-1181,80.0 %,75.0 %
GRID,3d RSI GRID LT10 - L GRID,4.2 %,9.0 %,2114,4498,21.3 %,5.2 %,19.9 %,174.4 %,-2.5 %,-2.7 %,8,5,0.7,0.4,62.5 %,100.0 %,1,,264,869,0.5 %,1.7 %,3.6,1.6,1,0,2,5,1,0,2,5,1,0,2,5,1.7,,5,5,1.7,,0.7,11.6,-2568,0,-2.6 %,0.0 %,-2568,0,-2.6 %,0.0 %,-1793,0,-1.8 %,0.0 %,62.5 %,100.0 %,62.5 %,100.0 %,62.5 %,100.0 %,1039,869,-1027,0,60.0 %,100.0 %
GSG,3d RSI GSG LT13 - L GSG,6.1 %,13.9 %,3030,6931,23.1 %,9.5 %,26.3 %,145.5 %,0.0 %,-3.7 %,6,6,0.5,0.5,83.3 %,100.0 %,0.5,,505,1097,1.0 %,2.2 %,3.8,3,1,0,5,6,1,0,5,6,1,0,4,6,5,,5,6,2.4,,1,4.6,-4229,0,-4.2 %,0.0 %,-4229,0,-4.2 %,0.0 %,-4229,0,-4.2 %,0.0 %,83.3 %,100.0 %,83.3 %,100.0 %,83.3 %,100.0 %,1029,1097,-2115,0,80.0 %,100.0 %
GSIE,8d RSI GSIE LT25 - L GSIE,14.7 %,2.2 %,7351,1099,20.8 %,5.2 %,70.7 %,42.6 %,0.0 %,-1.9 %,9,3,0.8,0.2,100.0 %,100.0 %,,,817,364,1.6 %,0.7 %,2.9,3.3,0,0,9,3,0,0,9,3,0,0,7,3,,,9,3,,,4,5.4,0,0,0.0 %,0.0 %,0,0,0.0 %,0.0 %,0,0,0.0 %,0.0 %,100.0 %,100.0 %,100.0 %,100.0 %,100.0 %,100.0 %,817,364,0,0,100.0 %,100.0 %
GSLC,7d RSI GSLC LT27 - L GSLC,11.6 %,13.5 %,5822,6752,17.8 %,7.9 %,65.5 %,170.2 %,-1.6 %,-1.9 %,10,5,0.8,0.4,70.0 %,100.0 %,1.4,,582,1284,1.2 %,2.6 %,3.1,3,2,0,5,5,2,0,5,5,1,0,4,5,2.3,,7,5,3.3,,1.7,8.2,-1706,0,-1.7 %,0.0 %,-1706,0,-1.7 %,0.0 %,-3277,0,-3.3 %,0.0 %,70.0 %,100.0 %,70.0 %,100.0 %,70.0 %,100.0 %,1188,1284,-831,0,75.0 %,100.0 %
GSY,20d RSI GSY LT35 - L GSY,-0.5 %,0.1 %,-238,47,48.7 %,11.1 %,-1.0 %,0.8 %,-0.2 %,-0.1 %,7,2,0.6,0.2,14.3 %,100.0 %,0.3,,-34,24,-0.1 %,0.1 %,12.4,13,5,0,1,2,5,0,1,2,4,0,1,2,0.2,,1,2,0,,-2.1,2.8,-476,0,-0.5 %,0.0 %,-476,0,-0.5 %,0.0 %,-476,0,-0.5 %,0.0 %,14.3 %,100.0 %,14.3 %,100.0 %,14.3 %,100.0 %,12,24,-42,0,16.7 %,100.0 %
GTO,6d RSI GTO LT24 - L GTO,-2.9 %,3.0 %,-1462,1527,38.5 %,7.1 %,-7.6 %,42.7 %,-3.3 %,-0.2 %,17,6,1.4,0.5,41.2 %,100.0 %,0.7,,-86,251,-0.2 %,0.5 %,3.5,2,5,0,4,6,5,0,4,6,4,0,2,4,0.7,,7,6,0.5,,-1.1,4.2,-3201,0,-3.2 %,0.0 %,-3201,0,-3.2 %,0.0 %,-2510,0,-2.5 %,0.0 %,41.2 %,100.0 %,41.2 %,100.0 %,41.2 %,100.0 %,212,251,-294,0,33.3 %,100.0 %
GUNR,5d RSI GUNR LT18 - L GUNR,-5.7 %,4.2 %,-2864,2077,16.7 %,5.2 %,-34.4 %,80.5 %,-5.6 %,-3.0 %,3,4,0.2,0.3,33.3 %,75.0 %,0.4,5.6,-955,516,-1.9 %,1.0 %,5,2.2,2,1,1,3,2,1,1,3,2,1,1,3,0.5,3,1,3,0.2,16.9,-1.1,1.5,-7370,-130,-7.4 %,-0.3 %,-7370,-130,-7.4 %,-0.3 %,-7370,-130,-7.4 %,-0.3 %,33.3 %,75.0 %,33.3 %,75.0 %,33.3 %,75.0 %,821,732,-1842,-130,33.3 %,75.0 %
GUSH,17d RSI GUSH LT38 - L GUSH,10.2 %,35.7 %,5084,17851,22.4 %,7.9 %,45.4 %,449.8 %,-3.6 %,-14.9 %,6,5,0.5,0.4,33.3 %,60.0 %,4.2,4.8,847,3308,1.7 %,6.6 %,3.7,3,3,1,1,2,3,1,1,2,2,1,2,2,0.5,1.5,2,3,2.1,7.2,0.7,1.8,-6336,-1928,-6.3 %,-3.9 %,-6336,-1928,-6.3 %,-3.9 %,-6336,-1928,-6.3 %,-3.9 %,33.3 %,60.0 %,33.3 %,60.0 %,33.3 %,60.0 %,4851,6399,-1154,-1328,50.0 %,66.7 %
GVAL,17d RSI GVAL LT37 - L GVAL,-4.0 %,2.1 %,-2022,1041,33.5 %,7.5 %,-12.1 %,27.6 %,-8.6 %,-4.0 %,10,4,0.8,0.3,50.0 %,75.0 %,0.7,0.9,-202,261,-0.4 %,0.5 %,4.1,3.8,4,1,4,2,4,1,4,2,3,0,1,2,1,3,5,3,0.7,2.8,-0.4,1,-9047,-590,-9.0 %,-1.2 %,-9047,-590,-9.0 %,-1.2 %,-8044,0,-8.0 %,0.0 %,50.0 %,75.0 %,50.0 %,75.0 %,50.0 %,75.0 %,1102,545,-1507,-590,33.3 %,100.0 %
GVI,18d RSI GVI LT29 - L GVI,0.9 %,0.8 %,436,382,14.9 %,7.1 %,5.9 %,10.7 %,-0.4 %,-0.7 %,7,3,0.6,0.2,42.9 %,100.0 %,3.3,,62,127,0.1 %,0.2 %,3,5,3,0,2,3,3,0,2,3,2,0,2,2,0.8,,3,3,2.4,,0.9,10.9,-443,0,-0.4 %,0.0 %,-443,0,-0.4 %,0.0 %,-391,0,-0.4 %,0.0 %,42.9 %,100.0 %,42.9 %,100.0 %,42.9 %,100.0 %,247,127,-76,0,50.0 %,100.0 %
HACK,19d RSI HACK LT38 - L HACK,12.5 %,4.5 %,6232,2225,31.7 %,5.6 %,39.3 %,80.1 %,-9.6 %,-7.3 %,14,3,1.2,0.2,78.6 %,66.7 %,0.5,1.8,445,746,0.9 %,1.5 %,3.4,3.7,2,1,8,1,2,1,8,1,1,0,3,2,3.7,2,11,2,1.9,3.5,0.9,1.1,-9972,-889,-10.0 %,-1.8 %,-9972,-889,-10.0 %,-1.8 %,-8298,0,-8.3 %,0.0 %,78.6 %,66.7 %,78.6 %,66.7 %,76.9 %,66.7 %,1174,1563,-2227,-889,66.7 %,100.0 %
HDEF,15d RSI HDEF LT31 - L HDEF,7.7 %,3.3 %,3874,1633,13.2 %,5.2 %,58.5 %,63.3 %,-0.9 %,-1.3 %,6,3,0.5,0.2,83.3 %,100.0 %,1.9,,646,540,1.3 %,1.1 %,2.2,3.3,1,0,4,3,1,0,4,3,1,0,3,3,5,,5,3,9.3,,2.3,2.8,-933,0,-0.9 %,0.0 %,-933,0,-0.9 %,0.0 %,-756,0,-0.8 %,0.0 %,83.3 %,100.0 %,83.3 %,100.0 %,83.3 %,100.0 %,868,540,-466,0,80.0 %,100.0 %
HDV,5d RSI HDV LT22 - L HDV,0.2 %,11.4 %,98,5694,16.8 %,7.9 %,1.2 %,143.5 %,-3.6 %,-0.3 %,6,6,0.5,0.5,66.7 %,100.0 %,0.5,,16,907,0.0 %,1.8 %,3.7,2.3,1,0,3,6,1,0,3,6,2,0,3,6,2,,4,6,1.1,,0.1,15.4,-2590,0,-2.6 %,0.0 %,-2590,0,-2.6 %,0.0 %,-3737,0,-3.7 %,0.0 %,66.7 %,100.0 %,66.7 %,100.0 %,66.7 %,100.0 %,511,907,-974,0,60.0 %,100.0 %
HEFA,8d RSI HEFA LT35 - L HEFA,6.4 %,8.4 %,3210,4187,25.8 %,7.5 %,24.9 %,111.1 %,-3.4 %,-1.7 %,12,7,1,0.6,58.3 %,100.0 %,1.3,,267,578,0.5 %,1.2 %,4,1.7,2,0,2,7,2,0,2,6,1,0,3,6,1.4,,7,7,1.8,,1,7.1,-3650,0,-3.7 %,0.0 %,-3650,0,-3.7 %,0.0 %,-3650,0,-3.7 %,0.0 %,58.3 %,100.0 %,58.3 %,100.0 %,54.5 %,100.0 %,1014,578,-778,0,66.7 %,100.0 %
HEWJ,17d RSI HEWJ LT44 - L HEWJ,6.9 %,17.0 %,3469,8515,27.5 %,12.7 %,25.3 %,134.1 %,-4.3 %,-2.8 %,14,11,1.2,0.9,71.4 %,100.0 %,0.7,,248,721,0.5 %,1.4 %,3.6,1.9,1,0,3,11,1,0,3,11,1,0,3,6,2.5,,10,11,1.7,,0.8,6.7,-4337,0,-4.3 %,0.0 %,-4337,0,-4.3 %,0.0 %,-2705,0,-2.7 %,0.0 %,71.4 %,100.0 %,71.4 %,100.0 %,69.2 %,100.0 %,851,721,-1260,0,66.7 %,100.0 %
HFXI,7d RSI HFXI LT26 - L HFXI,7.0 %,4.1 %,3509,2050,24.7 %,6.0 %,28.4 %,68.9 %,-3.5 %,-1.7 %,9,4,0.8,0.3,66.7 %,100.0 %,1.3,,390,505,0.8 %,1.0 %,3.8,2.8,2,0,6,4,2,0,6,4,2,0,5,4,2,,6,4,2.6,,1.3,8.9,-3920,0,-3.9 %,0.0 %,-3920,0,-3.9 %,0.0 %,-3920,0,-3.9 %,0.0 %,66.7 %,100.0 %,66.7 %,100.0 %,66.7 %,100.0 %,947,505,-725,0,62.5 %,100.0 %
HTRB,3d RSI HTRB LT10 - L HTRB,-5.6 %,0.9 %,-2810,477,25.2 %,7.9 %,-22.3 %,12.0 %,-5.6 %,-1.4 %,13,6,1.1,0.5,46.2 %,83.3 %,0.3,0.8,-216,79,-0.4 %,0.2 %,3.9,2.3,3,1,3,4,3,1,3,4,3,1,1,3,0.9,5,6,5,0.3,4.2,-1.7,1.7,-4655,-150,-4.7 %,-0.3 %,-4655,-150,-4.7 %,-0.3 %,-4655,-150,-4.7 %,-0.3 %,46.2 %,83.3 %,46.2 %,83.3 %,46.2 %,83.3 %,167,125,-544,-150,33.3 %,80.0 %
HYD,16d RSI HYD LT18 - L HYD,-5.5 %,0.2 %,-2768,96,25.7 %,6.0 %,-21.5 %,3.2 %,-5.9 %,-0.5 %,4,2,0.3,0.2,25.0 %,50.0 %,0.4,4.3,-692,48,-1.4 %,0.1 %,10.2,6.5,2,1,1,1,2,1,1,1,2,0,1,1,0.3,1,1,1,0.1,4.3,-1.3,0.9,-5924,-29,-5.9 %,-0.1 %,-5924,-29,-5.9 %,-0.1 %,-5924,0,-5.9 %,0.0 %,25.0 %,50.0 %,25.0 %,50.0 %,25.0 %,50.0 %,418,125,-1062,-29,25.0 %,100.0 %
HYDB,15d RSI HYDB LT40 - L HYDB,1.2 %,2.4 %,616,1213,51.2 %,8.7 %,2.4 %,27.8 %,-3.4 %,-0.9 %,21,6,1.8,0.5,57.1 %,83.3 %,0.9,1.9,29,200,0.1 %,0.4 %,3.8,2.7,3,1,3,4,3,1,3,4,3,1,1,3,1.3,5,12,5,1.1,9.3,0.3,2.7,-2156,-144,-2.2 %,-0.3 %,-2156,-144,-2.2 %,-0.3 %,-1493,-144,-1.5 %,-0.3 %,57.1 %,83.3 %,57.1 %,83.3 %,55.0 %,83.3 %,404,269,-470,-144,33.3 %,80.0 %
HYEM,17d RSI HYEM LT28 - L HYEM,-3.5 %,0.2 %,-1754,126,23.1 %,6.3 %,-15.2 %,4.0 %,-5.1 %,-2.4 %,5,2,0.4,0.2,40.0 %,50.0 %,0.6,1.3,-351,66,-0.7 %,0.1 %,5,7,2,1,1,1,2,1,1,1,2,1,1,1,0.7,1,2,1,0.4,1.3,-0.8,0.2,-5137,-517,-5.1 %,-1.0 %,-5137,-517,-5.1 %,-1.0 %,-5137,-517,-5.1 %,-1.0 %,40.0 %,50.0 %,40.0 %,50.0 %,40.0 %,50.0 %,574,650,-967,-517,40.0 %,50.0 %
HYG,11d RSI HYG LT38 - L HYG,3.1 %,4.6 %,1539,2305,41.1 %,12.3 %,7.5 %,37.5 %,-2.1 %,-1.0 %,21,9,1.8,0.8,71.4 %,88.9 %,0.6,2.2,73,251,0.1 %,0.5 %,3.9,2.4,2,1,6,7,2,0,6,8,1,1,3,4,2.5,8,15,8,1.5,18,0.8,4.2,-2096,-133,-2.1 %,-0.3 %,-2096,0,-2.1 %,0.0 %,-1116,-133,-1.1 %,-0.3 %,71.4 %,88.9 %,71.4 %,88.9 %,71.4 %,100.0 %,298,299,-489,-133,72.7 %,83.3 %
HYLB,16d RSI HYLB LT41 - L HYLB,3.7 %,3.7 %,1825,1867,44.2 %,9.5 %,8.3 %,39.2 %,-2.7 %,-1.0 %,22,7,1.8,0.6,63.6 %,85.7 %,0.9,2,83,263,0.2 %,0.5 %,3.9,2.4,2,1,5,5,2,0,5,6,2,1,2,3,1.8,6,14,6,1.5,12.3,0.8,3.2,-2642,-164,-2.6 %,-0.3 %,-2642,0,-2.6 %,0.0 %,-1130,-164,-1.1 %,-0.3 %,63.6 %,85.7 %,63.6 %,85.7 %,63.6 %,100.0 %,397,334,-467,-164,55.6 %,80.0 %
HYLS,9d RSI HYLS LT34 - L HYLS,-5.1 %,2.9 %,-2556,1437,42.7 %,10.7 %,-12.0 %,26.8 %,-7.0 %,-1.5 %,13,7,1.1,0.6,61.5 %,85.7 %,0.3,3.6,-197,203,-0.4 %,0.4 %,5.2,2.9,4,1,4,5,4,0,4,6,3,1,2,5,1.6,6,8,6,0.4,21.4,-1,4,-7124,-70,-7.1 %,-0.1 %,-7124,0,-7.1 %,0.0 %,-5669,-70,-5.7 %,-0.1 %,61.5 %,85.7 %,61.5 %,85.7 %,61.5 %,100.0 %,240,248,-895,-70,50.0 %,85.7 %
HYMB,21d RSI HYMB LT66 - L HYMB,-19.5 %,0.7 %,-9732,340,95.7 %,61.9 %,-20.3 %,1.1 %,-22.4 %,-1.9 %,33,28,2.8,2.3,60.6 %,78.6 %,0.2,0.3,-295,13,-0.6 %,0.0 %,6.2,4.6,3,2,8,9,5,2,6,7,6,1,2,2,1.5,3.7,20,22,0.3,1.2,-1.9,0.3,-10306,0,-10.3 %,0.0 %,-10081,0,-10.1 %,0.0 %,-14654,-754,-14.7 %,-1.5 %,60.6 %,78.6 %,60.6 %,78.6 %,51.9 %,72.7 %,261,98,-1150,-299,27.3 %,62.5 %
HYS,10d RSI HYS LT30 - L HYS,3.4 %,1.4 %,1691,678,14.2 %,5.2 %,23.8 %,26.3 %,-0.6 %,-0.7 %,7,3,0.6,0.2,85.7 %,66.7 %,1,6.1,242,226,0.5 %,0.5 %,2.6,3.3,1,1,5,1,1,1,5,1,1,1,3,1,6,2,6,2,6,12.2,2,1.9,-674,-61,-0.7 %,-0.1 %,-674,-61,-0.7 %,-0.1 %,-674,-61,-0.7 %,-0.1 %,85.7 %,66.7 %,85.7 %,66.7 %,85.7 %,66.7 %,338,369,-337,-61,80.0 %,66.7 %
IAGG,16d RSI IAGG LT45 - L IAGG,-4.9 %,0.1 %,-2448,50,67.1 %,47.2 %,-7.3 %,0.2 %,-5.7 %,-2.4 %,37,31,3.1,2.6,45.9 %,71.0 %,0.7,0.4,-66,2,-0.1 %,0.0 %,3.6,2.8,3,1,3,5,3,3,2,5,6,1,1,4,0.8,2.4,17,22,0.6,1,-1.1,0.1,-2443,-816,-2.4 %,-1.6 %,-2297,-240,-2.3 %,-0.5 %,-4107,-785,-4.1 %,-1.6 %,45.9 %,71.0 %,45.9 %,71.0 %,40.0 %,68.0 %,222,79,-311,-186,18.2 %,66.7 %
IAI,10d RSI IAI LT36 - L IAI,23.3 %,18.4 %,11664,9201,30.6 %,7.5 %,76.3 %,244.1 %,-2.4 %,-2.4 %,16,7,1.3,0.6,75.0 %,100.0 %,1.6,,729,1224,1.5 %,2.5 %,3.5,1.7,1,0,3,7,1,0,3,7,1,0,7,7,3,,12,7,4.7,,2.4,6.4,-2885,0,-2.9 %,0.0 %,-2885,0,-2.9 %,0.0 %,-2885,0,-2.9 %,0.0 %,75.0 %,100.0 %,75.0 %,100.0 %,75.0 %,100.0 %,1237,1224,-794,0,90.0 %,100.0 %
IAT,3d RSI IAT LT11 - L IAT,8.8 %,8.1 %,4424,4032,21.7 %,5.6 %,40.8 %,145.2 %,-2.8 %,-3.8 %,9,5,0.8,0.4,66.7 %,80.0 %,1.5,2,492,789,1.0 %,1.6 %,4.4,1.8,2,1,5,3,2,1,5,3,2,1,4,3,2,4,6,4,2.9,7.9,1.3,2.1,-2846,-571,-2.8 %,-1.1 %,-2846,-571,-2.8 %,-1.1 %,-2846,-571,-2.8 %,-1.1 %,66.7 %,80.0 %,66.7 %,80.0 %,66.7 %,80.0 %,1124,1129,-774,-571,62.5 %,80.0 %
IAU,5d RSI IAU LT14 - L IAU,-0.1 %,3.1 %,-70,1559,31.8 %,5.2 %,-0.4 %,60.5 %,0.0 %,-2.5 %,3,4,0.2,0.3,66.7 %,75.0 %,0.5,2.8,-23,387,-0.0 %,0.8 %,3.7,2.2,1,1,2,2,1,1,2,2,1,1,1,2,2,3,2,3,0.9,8.4,-0.1,1.7,-1906,-209,-1.9 %,-0.4 %,-1906,-209,-1.9 %,-0.4 %,-1103,-209,-1.1 %,-0.4 %,66.7 %,75.0 %,66.7 %,75.0 %,66.7 %,75.0 %,442,586,-953,-209,50.0 %,75.0 %
IBB,14d RSI IBB LT30 - L IBB,0.3 %,12.9 %,133,6449,22.0 %,6.3 %,1.2 %,203.1 %,-7.2 %,-3.2 %,3,4,0.2,0.3,66.7 %,100.0 %,0.5,,44,1550,0.1 %,3.1 %,5.3,3,1,0,1,4,1,0,1,4,1,0,1,3,2,,2,4,1,,0,3,-7303,0,-7.3 %,0.0 %,-7303,0,-7.3 %,0.0 %,-5193,0,-5.2 %,0.0 %,66.7 %,100.0 %,66.7 %,100.0 %,66.7 %,100.0 %,1892,1550,-3652,0,50.0 %,100.0 %
IBDR,8d RSI IBDR LT22 - L IBDR,-0.0 %,1.5 %,-23,762,32.4 %,5.2 %,-0.1 %,29.5 %,-0.9 %,-0.1 %,6,4,0.5,0.3,50.0 %,100.0 %,1,,-4,189,-0.0 %,0.4 %,8.7,2.2,1,0,2,4,1,0,2,4,1,0,2,2,1,,3,4,1,,0,3.9,-1080,0,-1.1 %,0.0 %,-1080,0,-1.1 %,0.0 %,-928,0,-0.9 %,0.0 %,50.0 %,100.0 %,50.0 %,100.0 %,50.0 %,100.0 %,381,189,-389,0,50.0 %,100.0 %
IBDS,11d RSI IBDS LT26 - L IBDS,1.7 %,2.2 %,872,1121,13.7 %,5.2 %,12.7 %,43.5 %,-0.6 %,-0.2 %,6,4,0.5,0.3,66.7 %,100.0 %,1.5,,145,278,0.3 %,0.6 %,3.2,2.2,1,0,3,4,1,0,3,4,1,0,2,2,2,,4,4,3,,1.3,4.8,-596,0,-0.6 %,0.0 %,-596,0,-0.6 %,0.0 %,-596,0,-0.6 %,0.0 %,66.7 %,100.0 %,66.7 %,100.0 %,66.7 %,100.0 %,327,278,-217,0,60.0 %,100.0 %
IBND,4d RSI IBND LT10 - L IBND,-1.4 %,1.1 %,-697,575,21.6 %,5.6 %,-6.4 %,20.7 %,-3.2 %,-0.9 %,7,5,0.6,0.4,42.9 %,80.0 %,0.8,1,-100,115,-0.2 %,0.2 %,3.4,1.8,4,1,2,3,4,1,2,3,4,0,1,4,0.8,4,3,4,0.6,4.1,-0.6,1.3,-3188,-183,-3.2 %,-0.4 %,-3188,-183,-3.2 %,-0.4 %,-3188,0,-3.2 %,0.0 %,42.9 %,80.0 %,42.9 %,80.0 %,42.9 %,80.0 %,299,189,-398,-183,33.3 %,100.0 %
ICF,14d RSI ICF LT38 - L ICF,-8.2 %,5.0 %,-4088,2518,40.3 %,5.6 %,-20.3 %,90.7 %,-19.5 %,-2.2 %,13,4,1.1,0.3,53.8 %,100.0 %,0.6,,-314,619,-0.6 %,1.2 %,5,2.5,3,0,3,4,3,0,3,4,2,0,1,3,1.2,,7,4,0.7,,-0.6,4.1,-8776,0,-8.8 %,0.0 %,-8776,0,-8.8 %,0.0 %,-4297,0,-4.3 %,0.0 %,53.8 %,100.0 %,53.8 %,100.0 %,53.8 %,100.0 %,1308,619,-2207,0,33.3 %,100.0 %
ICLN,11d RSI ICLN LT27 - L ICLN,4.2 %,25.2 %,2082,12621,18.1 %,6.8 %,23.0 %,374.2 %,-3.6 %,-8.1 %,6,6,0.5,0.5,50.0 %,100.0 %,1.8,,347,1914,0.7 %,3.8 %,5,1.8,2,0,2,6,2,0,2,6,1,0,2,4,1,,3,6,1.8,,0.6,9.5,-3650,0,-3.7 %,0.0 %,-3650,0,-3.7 %,0.0 %,-3650,0,-3.7 %,0.0 %,50.0 %,100.0 %,50.0 %,100.0 %,50.0 %,100.0 %,1583,1914,-889,0,66.7 %,100.0 %
ICOW,10d RSI ICOW LT32 - L ICOW,12.9 %,8.0 %,6455,4003,30.8 %,8.3 %,41.9 %,96.1 %,-4.0 %,-1.6 %,12,8,1,0.7,75.0 %,100.0 %,1.1,,538,484,1.1 %,1.0 %,2.8,1.6,2,0,7,8,2,0,6,7,1,0,6,6,3,,9,8,3.2,,1.4,5.9,-4380,0,-4.4 %,0.0 %,-4380,0,-4.4 %,0.0 %,-4380,0,-4.4 %,0.0 %,75.0 %,100.0 %,75.0 %,100.0 %,72.7 %,100.0 %,1049,484,-996,0,87.5 %,100.0 %
ICSH,4d RSI ICSH LT13 - L ICSH,-0.0 %,0.2 %,0,118,24.4 %,16.3 %,-0.0 %,1.4 %,-0.2 %,-0.1 %,4,4,0.3,0.3,75.0 %,100.0 %,0.3,,0,29,-0.0 %,0.1 %,9.5,9.2,1,0,2,4,1,0,2,4,1,0,2,4,3,,3,4,1,,0,5.8,-212,0,-0.2 %,0.0 %,-212,0,-0.2 %,0.0 %,-212,0,-0.2 %,0.0 %,75.0 %,100.0 %,75.0 %,100.0 %,75.0 %,100.0 %,35,29,-106,0,75.0 %,100.0 %
ICVT,7d RSI ICVT LT21 - L ICVT,-1.0 %,6.3 %,-493,3175,10.5 %,6.0 %,-9.4 %,106.7 %,-0.6 %,-2.9 %,3,5,0.2,0.4,33.3 %,100.0 %,0.8,,-164,621,-0.3 %,1.2 %,5.3,2,1,0,1,5,1,0,1,5,1,0,1,5,0.5,,1,5,0.4,,-0.8,3.9,-1089,0,-1.1 %,0.0 %,-1089,0,-1.1 %,0.0 %,-1089,0,-1.1 %,0.0 %,33.3 %,100.0 %,33.3 %,100.0 %,33.3 %,100.0 %,335,621,-414,0,33.3 %,100.0 %
IDEV,10d RSI IDEV LT30 - L IDEV,8.3 %,3.1 %,4171,1571,23.8 %,6.0 %,35.1 %,52.8 %,-4.2 %,-1.9 %,10,4,0.8,0.3,80.0 %,100.0 %,0.7,,417,388,0.8 %,0.8 %,3.1,2.8,2,0,7,4,2,0,7,4,1,0,6,4,4,,8,4,2.8,,1.5,8.7,-4660,0,-4.7 %,0.0 %,-4660,0,-4.7 %,0.0 %,-4660,0,-4.7 %,0.0 %,80.0 %,100.0 %,80.0 %,100.0 %,80.0 %,100.0 %,813,388,-1165,0,87.5 %,100.0 %
IDMO,6d RSI IDMO LT23 - L IDMO,12.2 %,9.7 %,6096,4849,20.1 %,7.1 %,60.6 %,135.8 %,-1.1 %,-1.8 %,10,7,0.8,0.6,80.0 %,100.0 %,0.9,,610,666,1.2 %,1.3 %,2.4,1.6,1,0,7,7,1,0,7,7,1,0,6,6,4,,8,7,3.8,,1.7,7.2,-3110,0,-3.1 %,0.0 %,-3110,0,-3.1 %,0.0 %,-3110,0,-3.1 %,0.0 %,80.0 %,100.0 %,80.0 %,100.0 %,80.0 %,100.0 %,1036,666,-1096,0,75.0 %,100.0 %
IDU,21d RSI IDU LT39 - L IDU,-3.1 %,0.7 %,-1554,326,22.6 %,5.2 %,-13.8 %,12.7 %,-7.4 %,-2.2 %,7,2,0.6,0.2,57.1 %,100.0 %,0.5,,-222,163,-0.4 %,0.3 %,5,5.5,2,0,2,2,3,0,2,2,2,0,2,2,1.3,,4,2,0.7,,-0.4,6.2,-7212,0,-7.2 %,0.0 %,-7754,0,-7.8 %,0.0 %,-7699,0,-7.7 %,0.0 %,57.1 %,100.0 %,57.1 %,100.0 %,50.0 %,100.0 %,862,163,-1667,0,50.0 %,100.0 %
IDV,8d RSI IDV LT28 - L IDV,6.5 %,10.1 %,3250,5030,27.8 %,7.5 %,23.3 %,133.4 %,-4.1 %,-0.6 %,10,7,0.8,0.6,60.0 %,100.0 %,1.4,,325,690,0.6 %,1.4 %,3.2,1.7,2,0,2,7,2,0,2,7,2,0,3,5,1.5,,6,7,2.1,,1,6.3,-4514,0,-4.5 %,0.0 %,-4514,0,-4.5 %,0.0 %,-4514,0,-4.5 %,0.0 %,60.0 %,100.0 %,60.0 %,100.0 %,60.0 %,100.0 %,1032,690,-735,0,62.5 %,100.0 %
IDX,10d RSI IDX LT32 - L IDX,1.5 %,9.9 %,769,4975,28.2 %,5.2 %,5.5 %,192.9 %,-2.2 %,-0.7 %,11,5,0.9,0.4,63.6 %,100.0 %,0.7,,70,960,0.1 %,1.9 %,2.8,1.6,2,0,4,5,2,0,3,5,1,0,3,4,1.8,,7,5,1.2,,0.3,4.4,-2288,0,-2.3 %,0.0 %,-2288,0,-2.3 %,0.0 %,-1808,0,-1.8 %,0.0 %,63.6 %,100.0 %,63.6 %,100.0 %,55.6 %,100.0 %,625,960,-902,0,60.0 %,100.0 %
IEF,13d RSI IEF LT25 - L IEF,2.6 %,0.5 %,1318,227,8.9 %,5.2 %,29.5 %,8.8 %,-0.0 %,-2.1 %,4,4,0.3,0.3,75.0 %,75.0 %,75.9,0.6,329,57,0.7 %,0.1 %,1.8,2.2,1,1,3,2,1,1,3,2,1,1,2,1,3,3,3,3,227.7,1.7,2.6,0.5,-12,-334,-0.0 %,-0.7 %,-12,-334,-0.0 %,-0.7 %,-12,-334,-0.0 %,-0.7 %,75.0 %,75.0 %,75.0 %,75.0 %,75.0 %,75.0 %,441,188,-6,-334,66.7 %,66.7 %
IEFA,20d RSI IEFA LT40 - L IEFA,3.0 %,2.4 %,1519,1187,40.8 %,7.1 %,7.4 %,33.2 %,-7.0 %,-2.3 %,17,4,1.4,0.3,64.7 %,75.0 %,0.7,3.9,89,295,0.2 %,0.6 %,3.5,3.5,2,1,4,2,2,1,3,2,1,0,4,3,1.8,3,11,3,1.2,11.8,0.3,2.4,-7495,-109,-7.5 %,-0.2 %,-7495,-109,-7.5 %,-0.2 %,-7495,0,-7.5 %,0.0 %,64.7 %,75.0 %,64.7 %,75.0 %,62.5 %,75.0 %,749,429,-1120,-109,77.8 %,100.0 %
IEI,15d RSI IEI LT29 - L IEI,1.0 %,0.3 %,484,165,20.1 %,6.0 %,4.8 %,5.6 %,-0.7 %,-1.1 %,9,5,0.8,0.4,66.7 %,80.0 %,1.1,0.5,54,33,0.1 %,0.1 %,3.2,2,1,1,5,3,1,1,5,3,1,1,3,1,2,4,6,4,2.2,1.9,0.9,0.7,-718,-192,-0.7 %,-0.4 %,-718,-192,-0.7 %,-0.4 %,-718,-93,-0.7 %,-0.2 %,66.7 %,80.0 %,66.7 %,80.0 %,66.7 %,80.0 %,150,89,-139,-192,66.7 %,66.7 %
IEMG,6d RSI IEMG LT16 - L IEMG,2.0 %,9.0 %,976,4515,9.3 %,6.3 %,21.1 %,142.2 %,-1.4 %,-1.8 %,3,4,0.2,0.3,66.7 %,100.0 %,1.2,,325,1093,0.7 %,2.2 %,3.7,3,1,0,2,4,1,0,2,4,1,0,2,4,2,,2,4,2.3,,0.6,8.1,-1475,0,-1.5 %,0.0 %,-1475,0,-1.5 %,0.0 %,-1475,0,-1.5 %,0.0 %,66.7 %,100.0 %,66.7 %,100.0 %,66.7 %,100.0 %,857,1093,-738,0,66.7 %,100.0 %
IEUR,19d RSI IEUR LT40 - L IEUR,4.0 %,4.4 %,1975,2204,42.3 %,8.7 %,9.3 %,50.5 %,-5.0 %,-1.9 %,17,5,1.4,0.4,70.6 %,80.0 %,0.5,,116,434,0.2 %,0.9 %,3.6,3.4,2,1,4,2,2,1,4,2,1,0,4,4,2.4,4,12,4,1.3,,0.4,3.1,-4298,0,-4.3 %,0.0 %,-4298,0,-4.3 %,0.0 %,-4373,0,-4.4 %,0.0 %,70.6 %,80.0 %,70.6 %,80.0 %,73.3 %,80.0 %,819,543,-1571,0,77.8 %,100.0 %
IEV,19d RSI IEV LT41 - L IEV,4.8 %,4.9 %,2410,2458,45.0 %,8.7 %,10.7 %,56.3 %,-6.9 %,-1.7 %,18,5,1.5,0.4,66.7 %,100.0 %,0.6,,134,483,0.3 %,1.0 %,3.7,3.4,2,0,3,5,2,0,3,5,2,0,4,4,2,,12,5,1.3,,0.4,4.6,-4093,0,-4.1 %,0.0 %,-4093,0,-4.1 %,0.0 %,-7163,0,-7.2 %,0.0 %,66.7 %,100.0 %,66.7 %,100.0 %,68.8 %,100.0 %,966,483,-1531,0,66.7 %,100.0 %
IEZ,20d RSI IEZ LT36 - L IEZ,8.6 %,18.1 %,4322,9061,23.0 %,5.2 %,37.6 %,351.3 %,-1.8 %,-2.9 %,4,4,0.3,0.3,75.0 %,100.0 %,1.9,,1080,2128,2.2 %,4.3 %,3,2.2,1,0,2,4,1,0,2,4,0,0,3,4,3,,3,4,5.7,,1.4,8.3,-1829,0,-1.8 %,0.0 %,-1829,0,-1.8 %,0.0 %,0,0,0.0 %,0.0 %,75.0 %,100.0 %,75.0 %,100.0 %,75.0 %,100.0 %,1745,2128,-914,0,100.0 %,100.0 %
IGE,7d RSI IGE LT25 - L IGE,8.1 %,14.4 %,4047,7195,10.8 %,6.3 %,74.6 %,226.6 %,-2.9 %,-4.3 %,4,5,0.3,0.4,75.0 %,80.0 %,1.2,2.1,1012,1378,2.0 %,2.8 %,3.2,2.2,1,1,2,3,1,1,2,3,1,1,2,3,3,4,3,4,3.7,8.3,1.4,2.5,-3011,-948,-3.0 %,-1.9 %,-3011,-948,-3.0 %,-1.9 %,-3011,-948,-3.0 %,-1.9 %,75.0 %,80.0 %,75.0 %,80.0 %,75.0 %,80.0 %,1851,1960,-1506,-948,75.0 %,80.0 %
IGEB,4d RSI IGEB LT13 - L IGEB,-1.7 %,4.7 %,-866,2345,22.2 %,8.3 %,-7.8 %,56.3 %,-2.9 %,-0.6 %,8,7,0.7,0.6,50.0 %,100.0 %,0.6,,-108,329,-0.2 %,0.7 %,4.1,2,3,0,2,7,3,0,2,6,3,0,1,5,1,,4,7,0.6,,-0.7,5.9,-2885,0,-2.9 %,0.0 %,-2885,0,-2.9 %,0.0 %,-2885,0,-2.9 %,0.0 %,50.0 %,100.0 %,50.0 %,100.0 %,50.0 %,100.0 %,271,329,-488,0,33.3 %,100.0 %
IGF,3d RSI IGF LT16 - L IGF,-0.1 %,12.2 %,-73,6108,20.1 %,11.9 %,-0.7 %,102.6 %,-8.8 %,-1.9 %,10,9,0.8,0.8,70.0 %,100.0 %,0.4,,-7,646,-0.0 %,1.3 %,3.6,2.3,2,0,4,9,2,0,4,9,1,0,4,7,2.3,,7,9,1,,0,5.3,-4891,0,-4.9 %,0.0 %,-4891,0,-4.9 %,0.0 %,-6070,0,-6.1 %,0.0 %,70.0 %,100.0 %,70.0 %,100.0 %,70.0 %,100.0 %,772,646,-1827,0,77.8 %,100.0 %
IGIB,6d RSI IGIB LT17 - L IGIB,-0.4 %,2.9 %,-213,1446,17.9 %,6.0 %,-2.4 %,48.6 %,-1.2 %,-0.5 %,7,6,0.6,0.5,57.1 %,100.0 %,0.6,,-30,238,-0.1 %,0.5 %,3.7,1.5,1,0,3,6,1,0,3,6,1,0,3,4,1.3,,4,6,0.8,,-0.2,4,-1099,0,-1.1 %,0.0 %,-1099,0,-1.1 %,0.0 %,-1099,0,-1.1 %,0.0 %,57.1 %,100.0 %,57.1 %,100.0 %,57.1 %,100.0 %,236,238,-385,0,66.7 %,100.0 %
IGLB,3d RSI IGLB LT10 - L IGLB,0.8 %,8.9 %,407,4472,20.1 %,9.9 %,4.1 %,90.2 %,-6.6 %,-1.2 %,9,7,0.8,0.6,66.7 %,100.0 %,0.6,,45,616,0.1 %,1.2 %,4.3,2.6,3,0,4,7,3,0,4,7,3,0,4,7,2,,6,7,1.1,,0.2,5.8,-6663,0,-6.7 %,0.0 %,-6663,0,-6.7 %,0.0 %,-6663,0,-6.7 %,0.0 %,66.7 %,100.0 %,66.7 %,100.0 %,66.7 %,100.0 %,623,616,-1110,0,62.5 %,100.0 %
IGLD,7d RSI IGLD LT17 - L IGLD,0.2 %,1.1 %,82,577,100.0 %,5.2 %,0.2 %,22.4 %,0.0 %,-1.5 %,1,3,0.1,0.2,100.0 %,66.7 %,,1.7,82,193,0.2 %,0.4 %,5,3.3,0,1,1,1,0,1,1,1,0,1,1,1,,2,1,2,,3.4,0,0.9,0,-240,0.0 %,-0.5 %,0,-240,0.0 %,-0.5 %,0,-80,0.0 %,-0.2 %,100.0 %,66.7 %,100.0 %,66.7 %,100.0 %,66.7 %,82,410,0,-240,100.0 %,50.0 %
IGM,4d RSI IGM LT16 - L IGM,6.9 %,10.1 %,3460,5065,20.0 %,6.8 %,34.6 %,150.2 %,-3.8 %,-1.5 %,7,6,0.6,0.5,71.4 %,100.0 %,1.1,,494,812,1.0 %,1.6 %,4.3,1.8,1,0,3,6,1,0,3,6,1,0,3,5,2.5,,5,6,2.8,,1.1,5.3,-3774,0,-3.8 %,0.0 %,-3774,0,-3.8 %,0.0 %,-3442,0,-3.4 %,0.0 %,71.4 %,100.0 %,71.4 %,100.0 %,71.4 %,100.0 %,1073,812,-953,0,66.7 %,100.0 %
IGOV,16d RSI IGOV LT29 - L IGOV,-3.9 %,2.7 %,-1954,1361,31.5 %,6.8 %,-12.4 %,40.4 %,-6.1 %,-0.7 %,9,6,0.8,0.5,55.6 %,100.0 %,0.3,,-217,225,-0.4 %,0.5 %,3.9,1.8,2,0,2,6,2,0,2,6,3,0,1,4,1.2,,5,6,0.4,,-1,4.2,-4384,0,-4.4 %,0.0 %,-4384,0,-4.4 %,0.0 %,-6196,0,-6.2 %,0.0 %,55.6 %,100.0 %,55.6 %,100.0 %,55.6 %,100.0 %,285,225,-845,0,40.0 %,100.0 %
IGSB,4d RSI IGSB LT16 - L IGSB,-1.4 %,1.4 %,-702,680,24.8 %,12.7 %,-5.7 %,10.7 %,-1.5 %,-0.5 %,9,9,0.8,0.8,55.6 %,100.0 %,0.3,,-78,75,-0.2 %,0.1 %,4.6,2.6,2,0,3,9,2,0,3,9,3,0,1,6,1.2,,5,9,0.4,,-1.2,5.9,-1416,0,-1.4 %,0.0 %,-1416,0,-1.4 %,0.0 %,-1544,0,-1.5 %,0.0 %,55.6 %,100.0 %,55.6 %,100.0 %,55.6 %,100.0 %,91,75,-289,0,33.3 %,100.0 %
IGV,3d RSI IGV LT13 - L IGV,10.8 %,13.1 %,5382,6538,25.8 %,12.7 %,41.7 %,103.0 %,-5.3 %,-5.0 %,11,9,0.9,0.8,72.7 %,77.8 %,0.8,1.6,489,695,1.0 %,1.4 %,4,2.6,2,1,7,3,2,1,7,3,1,1,6,3,2.7,3.5,8,7,2.2,5.5,1.1,2.4,-6181,-1341,-6.2 %,-2.7 %,-6181,-1341,-6.2 %,-2.7 %,-6181,-1341,-6.2 %,-2.7 %,72.7 %,77.8 %,72.7 %,77.8 %,72.7 %,77.8 %,1249,1093,-1538,-698,77.8 %,85.7 %
IHDG,3d RSI IHDG LT10 - L IHDG,7.8 %,5.5 %,3922,2748,13.3 %,5.2 %,58.9 %,106.5 %,-0.6 %,-1.5 %,8,5,0.7,0.4,75.0 %,80.0 %,3.1,16.9,490,539,1.0 %,1.1 %,3,1.6,1,1,2,3,1,1,2,3,1,1,4,3,3,4,6,4,9.2,67.5,2.2,3.8,-613,-41,-0.6 %,-0.1 %,-613,-41,-0.6 %,-0.1 %,-348,-41,-0.3 %,-0.1 %,75.0 %,80.0 %,75.0 %,80.0 %,75.0 %,80.0 %,734,684,-240,-41,83.3 %,80.0 %
IHE,7d RSI IHE LT20 - L IHE,1.7 %,4.5 %,835,2256,5.6 %,6.3 %,29.7 %,71.1 %,0.0 %,-1.6 %,3,3,0.2,0.2,66.7 %,100.0 %,16.6,,278,744,0.6 %,1.5 %,2,4.3,1,0,2,3,1,0,2,3,1,0,2,3,2,,2,3,33.1,,1.6,2.4,-52,0,-0.1 %,0.0 %,-52,0,-0.1 %,0.0 %,-52,0,-0.1 %,0.0 %,66.7 %,100.0 %,66.7 %,100.0 %,66.7 %,100.0 %,431,744,-26,0,66.7 %,100.0 %
IHF,5d RSI IHF LT15 - L IHF,3.3 %,4.8 %,1655,2380,6.3 %,5.2 %,52.4 %,92.3 %,0.0 %,-1.5 %,3,3,0.2,0.2,100.0 %,100.0 %,,,552,783,1.1 %,1.6 %,2.7,3.3,0,0,3,3,0,0,3,3,0,0,3,3,,,3,3,,,2.7,3.6,0,0,0.0 %,0.0 %,0,0,0.0 %,0.0 %,0,0,0.0 %,0.0 %,100.0 %,100.0 %,100.0 %,100.0 %,100.0 %,100.0 %,552,783,0,0,100.0 %,100.0 %
IHI,7d RSI IHI LT22 - L IHI,2.5 %,7.4 %,1244,3680,14.8 %,5.2 %,16.8 %,142.7 %,-0.3 %,-1.7 %,4,3,0.3,0.2,50.0 %,100.0 %,2,,311,1199,0.6 %,2.4 %,5.5,3.3,1,0,2,3,1,0,2,3,1,0,2,3,1,,2,3,2,,0.6,6.2,-2131,0,-2.1 %,0.0 %,-2131,0,-2.1 %,0.0 %,-2131,0,-2.1 %,0.0 %,50.0 %,100.0 %,50.0 %,100.0 %,50.0 %,100.0 %,1223,1199,-601,0,50.0 %,100.0 %
IJH,18d RSI IJH LT40 - L IJH,19.4 %,11.5 %,9679,5736,25.5 %,5.2 %,75.8 %,222.4 %,-2.6 %,-2.1 %,12,5,1,0.4,83.3 %,100.0 %,1,,807,1099,1.6 %,2.2 %,2.8,1.6,1,0,9,5,1,0,8,5,1,0,5,4,5,,10,5,4.9,,2.7,8.8,-3097,0,-3.1 %,0.0 %,-3097,0,-3.1 %,0.0 %,-1890,0,-1.9 %,0.0 %,83.3 %,100.0 %,83.3 %,100.0 %,81.8 %,100.0 %,1217,1099,-1247,0,75.0 %,100.0 %
IJJ,14d RSI IJJ LT38 - L IJJ,9.0 %,16.0 %,4498,8009,18.4 %,6.3 %,48.9 %,252.3 %,-3.3 %,-1.8 %,10,6,0.8,0.5,80.0 %,100.0 %,0.7,,450,1255,0.9 %,2.5 %,3.2,1.7,1,0,4,6,1,0,6,6,1,0,4,4,4,,8,6,2.6,,1.4,9.6,-3521,0,-3.5 %,0.0 %,-3521,0,-3.5 %,0.0 %,-2031,0,-2.0 %,0.0 %,80.0 %,100.0 %,80.0 %,100.0 %,88.9 %,100.0 %,911,1255,-1394,0,85.7 %,100.0 %
IJK,20d RSI IJK LT43 - L IJK,19.8 %,17.0 %,9878,8492,44.1 %,10.7 %,44.8 %,158.5 %,-5.6 %,-2.5 %,21,8,1.8,0.7,81.0 %,100.0 %,0.5,,470,991,0.9 %,2.0 %,3,2.4,1,0,6,8,1,0,6,8,1,0,4,7,4.2,,17,8,2.1,,1.6,9,-5672,0,-5.7 %,0.0 %,-5672,0,-5.7 %,0.0 %,-4533,0,-4.5 %,0.0 %,81.0 %,100.0 %,81.0 %,100.0 %,80.0 %,100.0 %,1087,991,-2150,0,66.7 %,100.0 %
IJR,11d RSI IJR LT36 - L IJR,8.3 %,21.8 %,4146,10917,25.3 %,9.5 %,32.8 %,229.3 %,-4.0 %,-4.0 %,13,8,1.1,0.7,69.2 %,87.5 %,0.9,151.1,319,1256,0.6 %,2.5 %,3.5,2,1,1,5,6,2,1,5,6,2,0,3,6,2.2,7,9,7,2,1057.6,1.1,4.4,-3048,-10,-3.0 %,-0.0 %,-2505,-10,-2.5 %,-0.0 %,-4422,0,-4.4 %,0.0 %,69.2 %,87.5 %,69.2 %,87.5 %,66.7 %,87.5 %,932,1437,-1060,-10,62.5 %,100.0 %
IJS,17d RSI IJS LT40 - L IJS,11.2 %,11.4 %,5608,5714,22.4 %,5.6 %,50.2 %,205.7 %,-4.2 %,-3.5 %,13,5,1.1,0.4,76.9 %,100.0 %,0.7,,431,1097,0.9 %,2.2 %,3.1,1.8,1,0,4,5,1,0,7,5,1,0,4,3,3.3,,10,5,2.5,,1.5,4.7,-4599,0,-4.6 %,0.0 %,-4599,0,-4.6 %,0.0 %,-1480,0,-1.5 %,0.0 %,76.9 %,100.0 %,76.9 %,100.0 %,83.3 %,100.0 %,936,1097,-1250,0,75.0 %,100.0 %
IJT,17d RSI IJT LT41 - L IJT,16.9 %,13.6 %,8473,6792,34.7 %,5.6 %,48.8 %,244.5 %,-3.1 %,-2.2 %,19,4,1.6,0.3,78.9 %,100.0 %,0.7,,446,1620,0.9 %,3.2 %,3.3,2.5,1,0,7,4,1,0,6,4,1,0,5,3,3.8,,15,4,2.5,,1.9,6.6,-3728,0,-3.7 %,0.0 %,-3728,0,-3.7 %,0.0 %,-3728,0,-3.7 %,0.0 %,78.9 %,100.0 %,78.9 %,100.0 %,77.8 %,100.0 %,932,1620,-1375,0,77.8 %,100.0 %
ILF,21d RSI ILF LT37 - L ILF,7.6 %,8.9 %,3822,4445,63.1 %,9.1 %,12.1 %,97.4 %,-2.4 %,-3.6 %,8,6,0.7,0.5,62.5 %,83.3 %,2.4,3.5,478,718,1.0 %,1.4 %,3.9,2.8,3,1,4,4,3,0,4,5,0,0,4,5,1.7,5,5,5,4,17.3,1.7,3,-2519,-264,-2.5 %,-0.5 %,-2519,0,-2.5 %,0.0 %,0,0,0.0 %,0.0 %,62.5 %,83.3 %,62.5 %,83.3 %,62.5 %,100.0 %,1016,915,-420,-264,100.0 %,100.0 %
IMCG,3d RSI IMCG LT10 - L IMCG,16.4 %,9.5 %,8222,4746,22.5 %,6.8 %,73.0 %,140.7 %,-1.4 %,-2.2 %,9,6,0.8,0.5,66.7 %,83.3 %,4.7,13,914,764,1.8 %,1.5 %,3.6,1.8,2,1,6,4,2,1,6,4,1,0,6,5,2,5,6,5,9.5,65,2.4,3.7,-1718,-72,-1.7 %,-0.1 %,-1718,-72,-1.7 %,-0.1 %,-1718,0,-1.7 %,0.0 %,66.7 %,83.3 %,66.7 %,83.3 %,66.7 %,83.3 %,1532,931,-323,-72,85.7 %,100.0 %
IMTM,5d RSI IMTM LT17 - L IMTM,2.0 %,7.5 %,1014,3724,16.8 %,5.2 %,12.1 %,144.4 %,-1.3 %,-1.4 %,6,6,0.5,0.5,50.0 %,100.0 %,1.7,,169,603,0.3 %,1.2 %,3.7,1.2,1,0,1,6,1,0,1,6,1,0,1,5,1,,3,6,1.7,,0.6,4.5,-1366,0,-1.4 %,0.0 %,-1366,0,-1.4 %,0.0 %,-1363,0,-1.4 %,0.0 %,50.0 %,100.0 %,50.0 %,100.0 %,50.0 %,100.0 %,824,603,-486,0,40.0 %,100.0 %
INDA,4d RSI INDA LT15 - L INDA,2.2 %,7.6 %,1086,3814,9.5 %,5.2 %,22.9 %,147.9 %,-1.4 %,-0.2 %,6,5,0.5,0.4,50.0 %,100.0 %,1.6,,181,742,0.4 %,1.5 %,2.7,1.6,1,0,1,5,1,0,1,5,1,0,1,4,1,,3,5,1.6,,0.5,4.3,-1911,0,-1.9 %,0.0 %,-1911,0,-1.9 %,0.0 %,-1911,0,-1.9 %,0.0 %,50.0 %,100.0 %,50.0 %,100.0 %,50.0 %,100.0 %,1001,742,-639,0,50.0 %,100.0 %
INDY,15d RSI INDY LT35 - L INDY,7.5 %,6.7 %,3730,3352,17.9 %,5.6 %,41.7 %,120.7 %,-0.8 %,-1.6 %,6,5,0.5,0.4,83.3 %,100.0 %,1.9,,622,655,1.2 %,1.3 %,3.3,1.8,1,0,4,5,0,0,5,5,0,0,4,2,5,,5,5,9.6,,2.4,3.5,-864,0,-0.9 %,0.0 %,0,0,0.0 %,0.0 %,0,0,0.0 %,0.0 %,83.3 %,100.0 %,83.3 %,100.0 %,100.0 %,100.0 %,832,655,-432,0,100.0 %,100.0 %
INTF,4d RSI INTF LT12 - L INTF,8.6 %,5.3 %,4291,2673,15.2 %,6.3 %,56.6 %,84.2 %,0.0 %,-2.1 %,7,4,0.6,0.3,85.7 %,100.0 %,,,613,656,1.2 %,1.3 %,2.7,3,1,0,6,4,1,0,6,4,0,0,6,4,6,,6,4,,,2.6,4,0,0,0.0 %,0.0 %,0,0,0.0 %,0.0 %,0,0,0.0 %,0.0 %,85.7 %,100.0 %,85.7 %,100.0 %,85.7 %,100.0 %,715,656,0,0,100.0 %,100.0 %
IOO,19d RSI IOO LT46 - L IOO,5.8 %,7.4 %,2914,3700,53.1 %,7.9 %,11.0 %,93.2 %,-8.4 %,-1.6 %,28,5,2.3,0.4,57.1 %,100.0 %,0.9,,104,722,0.2 %,1.4 %,3.4,3,3,0,4,5,4,0,3,4,2,0,4,3,1.3,,16,5,1.3,,0.5,3,-7963,0,-8.0 %,0.0 %,-8780,0,-8.8 %,0.0 %,-3157,0,-3.2 %,0.0 %,57.1 %,100.0 %,57.1 %,100.0 %,50.0 %,100.0 %,903,722,-961,0,63.6 %,100.0 %
IPAC,20d RSI IPAC LT43 - L IPAC,-0.8 %,13.2 %,-425,6585,58.5 %,12.3 %,-1.5 %,107.1 %,-7.3 %,-2.3 %,27,10,2.2,0.8,59.3 %,100.0 %,0.7,,-16,624,-0.0 %,1.2 %,3.3,2.1,2,0,3,10,2,0,2,10,2,0,3,5,1.5,,16,10,1,,-0.1,6,-2860,0,-2.9 %,0.0 %,-2860,0,-2.9 %,0.0 %,-3730,0,-3.7 %,0.0 %,59.3 %,100.0 %,59.3 %,100.0 %,54.2 %,100.0 %,620,624,-940,0,55.6 %,100.0 %
IQDF,7d RSI IQDF LT25 - L IQDF,12.8 %,8.9 %,6397,4466,25.0 %,6.8 %,51.2 %,132.4 %,-0.5 %,-0.9 %,12,7,1,0.6,83.3 %,100.0 %,3.4,,533,615,1.1 %,1.2 %,2.6,1.4,1,0,6,7,1,0,6,7,1,0,5,6,5,,10,7,17.1,,4,7.3,-521,0,-0.5 %,0.0 %,-521,0,-0.5 %,0.0 %,-271,0,-0.3 %,0.0 %,83.3 %,100.0 %,83.3 %,100.0 %,83.3 %,100.0 %,679,615,-198,0,88.9 %,100.0 %
IQLT,6d RSI IQLT LT19 - L IQLT,9.1 %,4.6 %,4565,2292,15.8 %,6.3 %,57.7 %,72.2 %,0.0 %,-2.1 %,6,3,0.5,0.2,100.0 %,100.0 %,,,761,755,1.5 %,1.5 %,3.5,4.3,0,0,6,3,0,0,6,3,0,0,5,3,,,6,3,,,6.5,2.7,0,0,0.0 %,0.0 %,0,0,0.0 %,0.0 %,0,0,0.0 %,0.0 %,100.0 %,100.0 %,100.0 %,100.0 %,100.0 %,100.0 %,761,755,0,0,100.0 %,100.0 %
ISTB,4d RSI ISTB LT13 - L ISTB,-1.3 %,0.6 %,-638,283,19.7 %,7.5 %,-6.5 %,7.5 %,-1.3 %,-0.1 %,7,5,0.6,0.4,28.6 %,100.0 %,0.5,,-91,57,-0.2 %,0.1 %,4.1,2.8,2,0,1,5,2,0,1,5,3,0,1,4,0.4,,2,5,0.2,,-1.6,12.5,-1210,0,-1.2 %,0.0 %,-1210,0,-1.2 %,0.0 %,-1278,0,-1.3 %,0.0 %,28.6 %,100.0 %,28.6 %,100.0 %,28.6 %,100.0 %,82,57,-160,0,20.0 %,100.0 %
ITA,13d RSI ITA LT35 - L ITA,10.8 %,15.8 %,5375,7886,18.5 %,7.9 %,58.0 %,198.7 %,-2.4 %,-4.6 %,9,6,0.8,0.5,88.9 %,100.0 %,0.6,,597,1240,1.2 %,2.5 %,2.6,2.3,1,0,7,6,1,0,7,6,1,0,3,5,8,,8,6,5,,2.2,4.5,-2682,0,-2.7 %,0.0 %,-2682,0,-2.7 %,0.0 %,-2682,0,-2.7 %,0.0 %,88.9 %,100.0 %,88.9 %,100.0 %,88.9 %,100.0 %,840,1240,-1341,0,80.0 %,100.0 %
ITB,3d RSI ITB LT19 - L ITB,27.7 %,31.6 %,13846,15785,31.9 %,19.1 %,86.7 %,165.7 %,-6.7 %,-3.1 %,14,13,1.2,1.1,78.6 %,92.3 %,1,5.2,989,1071,2.0 %,2.1 %,3.7,2.7,1,1,6,8,1,1,6,8,1,0,5,10,3.7,12,11,12,3.5,62,2.1,5.4,-7432,-228,-7.4 %,-0.5 %,-7432,-228,-7.4 %,-0.5 %,-7432,0,-7.4 %,0.0 %,78.6 %,92.3 %,78.6 %,92.3 %,78.6 %,92.3 %,1759,1180,-1836,-228,90.0 %,100.0 %
ITM,15d RSI ITM LT20 - L ITM,-7.6 %,0.1 %,-3791,34,34.6 %,5.2 %,-21.9 %,1.3 %,-6.0 %,-0.4 %,6,2,0.5,0.2,16.7 %,50.0 %,0.1,1.6,-632,17,-1.3 %,0.0 %,9.5,5.5,3,1,1,1,3,1,1,1,4,1,0,1,0.2,1,1,1,0,1.6,-2.2,0.3,-5914,-54,-5.9 %,-0.1 %,-5914,-54,-5.9 %,-0.1 %,-7581,-54,-7.6 %,-0.1 %,16.7 %,50.0 %,16.7 %,50.0 %,16.7 %,50.0 %,46,88,-767,-54,0.0 %,50.0 %
ITOT,12d RSI ITOT LT42 - L ITOT,12.9 %,21.0 %,6438,10518,42.7 %,13.5 %,30.1 %,155.9 %,-5.3 %,-2.1 %,25,10,2.1,0.8,76.0 %,100.0 %,0.6,,258,965,0.5 %,1.9 %,3.1,2.4,3,0,7,10,3,0,7,10,1,0,6,8,3.2,,19,10,1.9,,1.4,8.7,-5971,0,-6.0 %,0.0 %,-5971,0,-6.0 %,0.0 %,-5971,0,-6.0 %,0.0 %,76.0 %,100.0 %,76.0 %,100.0 %,73.9 %,100.0 %,698,965,-1139,0,80.0 %,100.0 %
IUSB,4d RSI IUSB LT12 - L IUSB,2.0 %,1.1 %,975,549,17.3 %,7.5 %,11.3 %,14.6 %,-0.6 %,-1.3 %,9,5,0.8,0.4,66.7 %,80.0 %,1.4,2,108,109,0.2 %,0.2 %,2.7,2.8,1,1,3,3,1,1,3,3,1,1,5,2,2,4,6,4,2.8,8.1,1.4,2.3,-609,-77,-0.6 %,-0.1 %,-609,-77,-0.6 %,-0.1 %,-458,-77,-0.5 %,-0.1 %,66.7 %,80.0 %,66.7 %,80.0 %,66.7 %,80.0 %,251,156,-177,-77,83.3 %,75.0 %
IUSG,7d RSI IUSG LT28 - L IUSG,12.5 %,11.6 %,6238,5813,26.4 %,9.1 %,47.2 %,127.4 %,-3.9 %,-2.6 %,10,6,0.8,0.5,70.0 %,100.0 %,1.6,,624,927,1.2 %,1.9 %,3.9,2.8,2,0,6,6,2,0,6,6,2,0,5,5,2.3,,7,6,3.8,,1.7,4.9,-473,0,-0.5 %,0.0 %,-473,0,-0.5 %,0.0 %,-473,0,-0.5 %,0.0 %,70.0 %,100.0 %,70.0 %,100.0 %,70.0 %,100.0 %,1210,927,-744,0,62.5 %,100.0 %
IUSV,11d RSI IUSV LT32 - L IUSV,5.7 %,9.1 %,2843,4526,17.0 %,5.2 %,33.4 %,175.4 %,-2.3 %,-1.0 %,7,4,0.6,0.3,71.4 %,100.0 %,1,,406,1095,0.8 %,2.2 %,3.3,2.2,1,0,3,4,1,0,3,4,2,0,3,4,2.5,,5,4,2.6,,1.2,13.5,-2498,0,-2.5 %,0.0 %,-2498,0,-2.5 %,0.0 %,-1804,0,-1.8 %,0.0 %,71.4 %,100.0 %,71.4 %,100.0 %,71.4 %,100.0 %,923,1095,-886,0,66.7 %,100.0 %
IVE,12d RSI IVE LT34 - L IVE,6.8 %,8.8 %,3380,4386,19.2 %,5.2 %,35.1 %,170.0 %,-2.3 %,-1.0 %,8,4,0.7,0.3,75.0 %,100.0 %,1,,422,1062,0.8 %,2.1 %,3.2,2.2,1,0,4,4,1,0,4,4,2,0,4,4,3,,6,4,3,,1.5,12.6,-2456,0,-2.5 %,0.0 %,-2456,0,-2.5 %,0.0 %,-1808,0,-1.8 %,0.0 %,75.0 %,100.0 %,75.0 %,100.0 %,75.0 %,100.0 %,850,1062,-860,0,71.4 %,100.0 %
IVLU,12d RSI IVLU LT36 - L IVLU,9.2 %,7.5 %,4599,3760,36.1 %,6.0 %,25.5 %,126.3 %,-5.2 %,-1.9 %,14,5,1.2,0.4,71.4 %,100.0 %,0.9,,329,731,0.7 %,1.5 %,2.9,2,3,0,8,5,3,0,7,5,1,0,6,4,2.5,,10,5,2.1,,1.2,5.4,-5949,0,-5.9 %,0.0 %,-5949,0,-5.9 %,0.0 %,-5038,0,-5.0 %,0.0 %,71.4 %,100.0 %,71.4 %,100.0 %,69.2 %,100.0 %,862,731,-1005,0,87.5 %,100.0 %
IVV,6d RSI IVV LT27 - L IVV,6.5 %,14.8 %,3229,7396,20.2 %,9.1 %,31.9 %,162.1 %,-2.6 %,-1.9 %,11,7,0.9,0.6,63.6 %,100.0 %,1,,294,997,0.6 %,2.0 %,3.3,2.3,2,0,4,7,2,0,4,7,2,0,4,7,1.8,,7,7,1.8,,0.9,5.4,-1917,0,-1.9 %,0.0 %,-1917,0,-1.9 %,0.0 %,-1920,0,-1.9 %,0.0 %,63.6 %,100.0 %,63.6 %,100.0 %,63.6 %,100.0 %,1023,997,-983,0,66.7 %,100.0 %
IVW,7d RSI IVW LT28 - L IVW,13.0 %,11.6 %,6486,5819,26.4 %,9.1 %,49.1 %,127.5 %,-3.8 %,-2.7 %,10,6,0.8,0.5,70.0 %,100.0 %,1.7,,649,928,1.3 %,1.9 %,3.9,2.8,2,0,6,6,2,0,6,6,2,0,5,5,2.3,,7,6,4,,1.7,4.9,-531,0,-0.5 %,0.0 %,-531,0,-0.5 %,0.0 %,-531,0,-0.5 %,0.0 %,70.0 %,100.0 %,70.0 %,100.0 %,70.0 %,100.0 %,1239,928,-728,0,62.5 %,100.0 %
IWB,6d RSI IWB LT26 - L IWB,11.4 %,14.7 %,5709,7371,19.0 %,9.1 %,60.1 %,161.5 %,-2.0 %,-1.9 %,10,7,0.8,0.6,70.0 %,100.0 %,1.8,,571,994,1.1 %,2.0 %,3.4,2.3,2,0,5,7,2,0,5,7,1,0,4,7,2.3,,7,7,4.3,,2,5.5,-2182,0,-2.2 %,0.0 %,-2182,0,-2.2 %,0.0 %,-2182,0,-2.2 %,0.0 %,70.0 %,100.0 %,70.0 %,100.0 %,70.0 %,100.0 %,1065,994,-582,0,75.0 %,100.0 %
IWD,11d RSI IWD LT33 - L IWD,7.4 %,8.3 %,3696,4131,22.5 %,5.2 %,32.8 %,160.2 %,-2.3 %,-1.1 %,9,4,0.8,0.3,77.8 %,100.0 %,0.9,,411,1002,0.8 %,2.0 %,3.3,2.2,1,0,5,4,1,0,5,4,2,0,4,4,3.5,,7,4,3.2,,1.6,15.6,-2487,0,-2.5 %,0.0 %,-2487,0,-2.5 %,0.0 %,-2096,0,-2.1 %,0.0 %,77.8 %,100.0 %,77.8 %,100.0 %,77.8 %,100.0 %,771,1002,-849,0,71.4 %,100.0 %
IWF,7d RSI IWF LT25 - L IWF,12.3 %,10.8 %,6144,5378,18.8 %,7.1 %,65.3 %,150.6 %,0.0 %,-2.8 %,7,5,0.6,0.4,85.7 %,100.0 %,0.7,,878,1034,1.8 %,2.1 %,3.9,2.6,1,0,6,5,1,0,6,5,1,0,6,4,6,,6,5,4.3,,1.7,5.2,-3735,0,-3.7 %,0.0 %,-3735,0,-3.7 %,0.0 %,-3735,0,-3.7 %,0.0 %,85.7 %,100.0 %,85.7 %,100.0 %,85.7 %,100.0 %,1335,1034,-1867,0,85.7 %,100.0 %
IWM,21d RSI IWM LT40 - L IWM,18.8 %,7.8 %,9386,3880,26.3 %,5.2 %,71.3 %,150.4 %,-2.3 %,-3.0 %,12,4,1,0.3,75.0 %,100.0 %,1.4,,782,944,1.6 %,1.9 %,3,2.2,1,0,4,4,1,0,4,4,1,0,4,3,3,,9,4,4.1,,2.1,7.8,-3169,0,-3.2 %,0.0 %,-3169,0,-3.2 %,0.0 %,-3169,0,-3.2 %,0.0 %,75.0 %,100.0 %,75.0 %,100.0 %,72.7 %,100.0 %,1374,944,-994,0,71.4 %,100.0 %
IWN,17d RSI IWN LT39 - L IWN,10.9 %,5.5 %,5433,2753,20.0 %,5.2 %,54.3 %,106.8 %,-3.3 %,-4.3 %,11,4,0.9,0.3,72.7 %,75.0 %,1.1,4.8,494,679,1.0 %,1.4 %,3.2,2.2,1,1,3,2,1,1,6,2,1,0,4,2,2.7,3,8,3,2.9,14.4,1.4,2.1,-3561,-203,-3.6 %,-0.4 %,-3561,-203,-3.6 %,-0.4 %,-2865,0,-2.9 %,0.0 %,72.7 %,75.0 %,72.7 %,75.0 %,80.0 %,75.0 %,1040,973,-963,-203,75.0 %,100.0 %
IWO,20d RSI IWO LT39 - L IWO,17.9 %,15.0 %,8932,7519,27.5 %,8.3 %,65.1 %,180.5 %,-6.4 %,-4.2 %,12,6,1,0.5,83.3 %,100.0 %,0.6,,744,1184,1.5 %,2.4 %,3.2,2.5,1,0,6,6,1,0,6,6,1,0,5,4,5,,10,6,3.1,,1.6,5.5,-6439,0,-6.4 %,0.0 %,-6439,0,-6.4 %,0.0 %,-5394,0,-5.4 %,0.0 %,83.3 %,100.0 %,83.3 %,100.0 %,83.3 %,100.0 %,1322,1184,-2145,0,83.3 %,100.0 %
IWP,6d RSI IWP LT23 - L IWP,7.6 %,24.1 %,3777,12043,19.9 %,13.9 %,38.0 %,173.4 %,-4.3 %,-3.9 %,7,9,0.6,0.8,85.7 %,100.0 %,0.5,,540,1218,1.1 %,2.4 %,4.1,2.9,1,0,5,9,1,0,5,9,1,0,4,7,6,,6,9,2.8,,1.1,5.3,-4272,0,-4.3 %,0.0 %,-4272,0,-4.3 %,0.0 %,-4197,0,-4.2 %,0.0 %,85.7 %,100.0 %,85.7 %,100.0 %,85.7 %,100.0 %,986,1218,-2136,0,80.0 %,100.0 %
IWR,17d RSI IWR LT40 - L IWR,18.8 %,11.4 %,9377,5714,35.2 %,7.1 %,53.3 %,160.0 %,-2.5 %,-2.2 %,16,5,1.3,0.4,75.0 %,100.0 %,1.1,,586,1094,1.2 %,2.2 %,3.2,2.6,1,0,5,5,1,0,5,5,2,0,4,4,3,,12,5,3.3,,2.3,9.9,-2876,0,-2.9 %,0.0 %,-2876,0,-2.9 %,0.0 %,-1040,0,-1.0 %,0.0 %,75.0 %,100.0 %,75.0 %,100.0 %,73.3 %,100.0 %,1116,1094,-1003,0,62.5 %,100.0 %
IWS,21d RSI IWS LT44 - L IWS,20.4 %,13.6 %,10183,6797,49.5 %,7.9 %,41.1 %,171.3 %,-5.5 %,-1.6 %,23,6,1.9,0.5,78.3 %,100.0 %,0.6,,443,1074,0.9 %,2.1 %,3.2,2.3,1,0,6,6,2,0,6,6,1,0,5,5,3.6,,18,6,2.3,,1.7,8.5,-6300,0,-6.3 %,0.0 %,-4339,0,-4.3 %,0.0 %,-2929,0,-2.9 %,0.0 %,78.3 %,100.0 %,78.3 %,100.0 %,76.2 %,100.0 %,1005,1074,-1580,0,77.8 %,100.0 %
IWV,11d RSI IWV LT41 - L IWV,8.2 %,24.6 %,4108,12284,39.9 %,14.7 %,20.6 %,167.3 %,-5.6 %,-2.0 %,22,11,1.8,0.9,72.7 %,100.0 %,0.6,,187,1010,0.4 %,2.0 %,3.3,2.4,3,0,6,11,3,0,6,11,1,0,5,9,2.7,,16,11,1.6,,0.9,8.6,-6012,0,-6.0 %,0.0 %,-6012,0,-6.0 %,0.0 %,-6012,0,-6.0 %,0.0 %,72.7 %,100.0 %,72.7 %,100.0 %,70.0 %,100.0 %,683,1010,-1137,0,77.8 %,100.0 %
IWX,12d RSI IWX LT35 - L IWX,7.8 %,7.4 %,3895,3721,24.7 %,5.2 %,31.5 %,144.3 %,-2.0 %,-0.9 %,9,4,0.8,0.3,77.8 %,100.0 %,1.2,,433,906,0.9 %,1.8 %,3.8,2.2,1,0,5,4,1,0,5,4,2,0,4,4,3.5,,7,4,4.2,,1.9,11.8,-2155,0,-2.2 %,0.0 %,-2155,0,-2.2 %,0.0 %,-1821,0,-1.8 %,0.0 %,77.8 %,100.0 %,77.8 %,100.0 %,77.8 %,100.0 %,728,906,-600,0,71.4 %,100.0 %
IWY,4d RSI IWY LT22 - L IWY,12.6 %,14.1 %,6291,7050,31.1 %,12.3 %,40.4 %,114.6 %,-3.6 %,-2.9 %,16,9,1.3,0.8,68.8 %,100.0 %,1.2,,393,741,0.8 %,1.5 %,3.8,2.4,2,0,5,9,2,0,5,9,1,0,6,6,2.2,,11,9,2.6,,1.6,4.4,-3932,0,-3.9 %,0.0 %,-3932,0,-3.9 %,0.0 %,-3932,0,-3.9 %,0.0 %,68.8 %,100.0 %,68.8 %,100.0 %,68.8 %,100.0 %,941,741,-811,0,81.8 %,100.0 %
IXC,3d RSI IXC LT10 - L IXC,-2.1 %,6.8 %,-1061,3424,15.0 %,7.1 %,-14.2 %,95.9 %,-9.4 %,-4.6 %,4,5,0.3,0.4,75.0 %,80.0 %,0.3,3.9,-265,672,-0.5 %,1.3 %,5,2.6,1,1,2,4,1,1,2,4,1,1,2,4,3,4,3,4,0.8,15.6,-0.2,2,-9800,-230,-9.8 %,-0.5 %,-9800,-230,-9.8 %,-0.5 %,-9800,-230,-9.8 %,-0.5 %,75.0 %,80.0 %,75.0 %,80.0 %,75.0 %,80.0 %,1280,898,-4900,-230,75.0 %,80.0 %
IXJ,21d RSI IXJ LT36 - L IXJ,3.5 %,6.4 %,1757,3222,9.5 %,6.0 %,37.0 %,108.3 %,0.0 %,-1.3 %,4,3,0.3,0.2,75.0 %,100.0 %,,,439,1055,0.9 %,2.1 %,3,4,1,0,2,3,1,0,2,3,0,0,3,2,3,,3,3,,,2,3.1,0,0,0.0 %,0.0 %,0,0,0.0 %,0.0 %,0,0,0.0 %,0.0 %,75.0 %,100.0 %,75.0 %,100.0 %,75.0 %,100.0 %,586,1055,0,0,100.0 %,100.0 %
IXN,3d RSI IXN LT11 - L IXN,3.6 %,10.1 %,1816,5044,15.3 %,7.1 %,23.8 %,141.2 %,-4.1 %,-2.9 %,8,5,0.7,0.4,50.0 %,100.0 %,1.7,,227,972,0.5 %,1.9 %,3.6,2.6,3,0,2,5,3,0,2,5,3,0,3,4,1,,4,5,1.7,,0.6,4.8,-4341,0,-4.3 %,0.0 %,-4341,0,-4.3 %,0.0 %,-4341,0,-4.3 %,0.0 %,50.0 %,100.0 %,50.0 %,100.0 %,50.0 %,100.0 %,1129,972,-675,0,57.1 %,100.0 %
IXUS,12d RSI IXUS LT34 - L IXUS,6.5 %,5.6 %,3274,2780,27.0 %,7.1 %,24.3 %,77.8 %,-3.4 %,-1.8 %,13,5,1.1,0.4,69.2 %,100.0 %,0.9,,252,546,0.5 %,1.1 %,2.8,2.6,2,0,3,5,2,0,3,5,2,0,3,5,2.2,,9,5,2.1,,1.2,3,-3611,0,-3.6 %,0.0 %,-3611,0,-3.6 %,0.0 %,-1328,0,-1.3 %,0.0 %,69.2 %,100.0 %,69.2 %,100.0 %,69.2 %,100.0 %,687,546,-727,0,66.7 %,100.0 %
IYC,11d RSI IYC LT36 - L IYC,26.5 %,12.3 %,13254,6167,32.8 %,5.6 %,80.8 %,222.0 %,-4.0 %,-2.1 %,18,5,1.5,0.4,77.8 %,100.0 %,1,,736,1178,1.5 %,2.4 %,3.4,1.8,1,0,8,5,1,0,8,5,1,0,8,4,3.5,,14,5,3.6,,2.3,7,-5047,0,-5.0 %,0.0 %,-5047,0,-5.0 %,0.0 %,-5047,0,-5.0 %,0.0 %,77.8 %,100.0 %,77.8 %,100.0 %,77.8 %,100.0 %,1305,1178,-1255,0,80.0 %,100.0 %
IYE,4d RSI IYE LT15 - L IYE,0.1 %,12.3 %,63,6158,13.8 %,5.2 %,0.9 %,238.8 %,-8.6 %,-4.8 %,4,5,0.3,0.4,75.0 %,80.0 %,0.3,1.8,16,1188,0.0 %,2.4 %,4.5,1.6,1,1,2,3,1,1,2,3,1,1,2,3,3,4,3,4,1,7.1,0,2.4,-9009,-968,-9.0 %,-1.9 %,-9009,-968,-9.0 %,-1.9 %,-9009,-968,-9.0 %,-1.9 %,75.0 %,80.0 %,75.0 %,80.0 %,75.0 %,80.0 %,1522,1727,-4504,-968,75.0 %,80.0 %
IYF,6d RSI IYF LT20 - L IYF,7.1 %,6.4 %,3574,3178,12.8 %,5.2 %,55.6 %,123.2 %,-0.1 %,-2.3 %,5,4,0.4,0.3,80.0 %,100.0 %,19.7,,715,780,1.4 %,1.6 %,3.4,2.2,1,0,4,4,1,0,4,4,1,0,4,4,4,,4,4,78.8,,2.4,2.6,-92,0,-0.1 %,0.0 %,-92,0,-0.1 %,0.0 %,-92,0,-0.1 %,0.0 %,80.0 %,100.0 %,80.0 %,100.0 %,80.0 %,100.0 %,905,780,-46,0,80.0 %,100.0 %
IYG,16d RSI IYG LT39 - L IYG,16.0 %,13.4 %,7987,6699,38.4 %,6.0 %,41.6 %,225.1 %,-3.6 %,-2.7 %,16,5,1.3,0.4,68.8 %,100.0 %,1,,499,1274,1.0 %,2.5 %,3.4,2,1,0,4,5,1,0,4,5,1,0,7,4,2.2,,11,5,2.2,,1.4,8.4,-4260,0,-4.3 %,0.0 %,-4260,0,-4.3 %,0.0 %,-2164,0,-2.2 %,0.0 %,68.8 %,100.0 %,68.8 %,100.0 %,78.6 %,100.0 %,1325,1274,-1318,0,87.5 %,100.0 %
IYH,4d RSI IYH LT12 - L IYH,-1.1 %,2.8 %,-530,1411,12.2 %,6.0 %,-8.7 %,47.4 %,-1.3 %,-1.9 %,3,2,0.2,0.2,66.7 %,100.0 %,0.1,,-177,702,-0.4 %,1.4 %,3.7,6.5,1,0,1,2,1,0,1,2,1,0,1,2,2,,2,2,0.2,,-0.9,2.7,-1347,0,-1.3 %,0.0 %,-1347,0,-1.3 %,0.0 %,-1163,0,-1.2 %,0.0 %,66.7 %,100.0 %,66.7 %,100.0 %,66.7 %,100.0 %,72,702,-673,0,50.0 %,100.0 %
IYJ,14d RSI IYJ LT34 - L IYJ,9.4 %,6.2 %,4679,3112,20.3 %,5.6 %,46.0 %,112.0 %,-2.7 %,-1.9 %,9,3,0.8,0.2,77.8 %,100.0 %,0.9,,520,1019,1.0 %,2.0 %,3,3.7,1,0,5,3,1,0,5,3,2,0,5,3,3.5,,7,3,3.3,,1.6,3.4,-2828,0,-2.8 %,0.0 %,-2828,0,-2.8 %,0.0 %,-2963,0,-3.0 %,0.0 %,77.8 %,100.0 %,77.8 %,100.0 %,77.8 %,100.0 %,956,1019,-1007,0,75.0 %,100.0 %
IYK,9d RSI IYK LT30 - L IYK,6.4 %,14.3 %,3179,7131,18.9 %,7.9 %,33.7 %,179.7 %,-0.8 %,-1.4 %,6,7,0.5,0.6,83.3 %,100.0 %,1.7,,530,964,1.1 %,1.9 %,3.7,1.9,1,0,5,7,1,0,5,7,1,0,5,6,5,,5,7,8.3,,1.7,4.9,-874,0,-0.9 %,0.0 %,-874,0,-0.9 %,0.0 %,-874,0,-0.9 %,0.0 %,83.3 %,100.0 %,83.3 %,100.0 %,83.3 %,100.0 %,723,964,-437,0,83.3 %,100.0 %
IYM,8d RSI IYM LT25 - L IYM,5.2 %,6.0 %,2607,2983,15.1 %,6.0 %,34.6 %,100.2 %,-3.1 %,-1.9 %,7,5,0.6,0.4,71.4 %,100.0 %,1,,372,584,0.7 %,1.2 %,2.7,2,1,0,4,5,1,0,3,5,1,0,2,5,2.5,,5,5,2.5,,1,4,-3185,0,-3.2 %,0.0 %,-1144,0,-1.1 %,0.0 %,-1144,0,-1.1 %,0.0 %,71.4 %,100.0 %,71.4 %,100.0 %,66.7 %,100.0 %,877,584,-890,0,60.0 %,100.0 %
IYR,15d RSI IYR LT41 - L IYR,-11.7 %,10.0 %,-5852,4984,44.8 %,7.1 %,-26.1 %,139.6 %,-18.9 %,-2.2 %,15,5,1.2,0.4,60.0 %,100.0 %,0.4,,-390,964,-0.8 %,1.9 %,4.8,2.6,2,0,3,5,2,0,2,5,2,0,1,4,1.5,,9,5,0.6,,-0.7,3.2,-16705,0,-16.7 %,0.0 %,-16705,0,-16.7 %,0.0 %,-2685,0,-2.7 %,0.0 %,60.0 %,100.0 %,60.0 %,100.0 %,57.1 %,100.0 %,1090,964,-2610,0,33.3 %,100.0 %
IYT,19d RSI IYT LT39 - L IYT,3.8 %,16.0 %,1896,8018,29.2 %,6.8 %,13.0 %,237.7 %,-5.2 %,-1.3 %,12,7,1,0.6,75.0 %,100.0 %,0.5,,158,1080,0.3 %,2.2 %,3.6,1.4,1,0,5,7,1,0,4,7,2,0,2,5,3,,9,7,1.4,,0.5,3.7,-4884,0,-4.9 %,0.0 %,-4884,0,-4.9 %,0.0 %,-5555,0,-5.6 %,0.0 %,75.0 %,100.0 %,75.0 %,100.0 %,70.0 %,100.0 %,722,1080,-1534,0,50.0 %,100.0 %
IYW,5d RSI IYW LT19 - L IYW,9.6 %,13.0 %,4789,6484,15.0 %,7.9 %,63.7 %,163.4 %,-1.2 %,-3.2 %,6,6,0.5,0.5,66.7 %,100.0 %,2.8,,798,1030,1.6 %,2.1 %,3.7,2.3,1,0,2,6,1,0,2,6,1,0,3,5,2,,4,6,5.5,,2,4,-1269,0,-1.3 %,0.0 %,-1269,0,-1.3 %,0.0 %,-1269,0,-1.3 %,0.0 %,66.7 %,100.0 %,66.7 %,100.0 %,66.7 %,100.0 %,1461,1030,-526,0,80.0 %,100.0 %
IYZ,14d RSI IYZ LT32 - L IYZ,1.3 %,6.9 %,674,3441,24.6 %,7.9 %,5.5 %,86.7 %,-6.8 %,-2.1 %,9,3,0.8,0.2,66.7 %,100.0 %,0.6,,75,1122,0.1 %,2.2 %,4,5.7,1,0,3,3,1,0,3,3,1,0,3,2,2,,6,3,1.1,,0.1,7.4,-7123,0,-7.1 %,0.0 %,-7123,0,-7.1 %,0.0 %,-6765,0,-6.8 %,0.0 %,66.7 %,100.0 %,66.7 %,100.0 %,66.7 %,100.0 %,950,1122,-1675,0,66.7 %,100.0 %
JDST,20d RSI JDST LT37 - L JDST,21.8 %,12.4 %,10904,6212,9.1 %,5.2 %,238.7 %,240.8 %,0.0 %,-7.9 %,4,4,0.3,0.3,75.0 %,75.0 %,1.9,1.7,2726,1531,5.5 %,3.1 %,3,2.2,1,1,3,2,1,1,3,2,1,1,3,2,3,3,3,3,5.7,5.2,1.7,1.4,-4631,-1474,-4.6 %,-3.0 %,-4631,-590,-4.6 %,-1.2 %,-4631,-590,-4.6 %,-1.2 %,75.0 %,75.0 %,75.0 %,75.0 %,75.0 %,66.7 %,4406,2533,-2315,-1474,75.0 %,66.7 %
JETS,5d RSI JETS LT10 - L JETS,10.5 %,20.1 %,5247,10076,100.0 %,8.3 %,10.5 %,241.8 %,0.0 %,-5.8 %,1,5,0.1,0.4,100.0 %,100.0 %,,,5247,1873,10.5 %,3.8 %,2,3.2,0,0,1,5,0,0,1,5,0,0,1,4,,,1,5,,,0,7.1,0,0,0.0 %,0.0 %,0,0,0.0 %,0.0 %,0,0,0.0 %,0.0 %,100.0 %,100.0 %,100.0 %,100.0 %,100.0 %,100.0 %,5247,1873,0,0,100.0 %,100.0 %
JHMD,11d RSI JHMD LT32 - L JHMD,11.0 %,4.1 %,5503,2040,25.4 %,6.8 %,43.3 %,60.5 %,-4.1 %,-2.0 %,12,3,1,0.2,83.3 %,100.0 %,0.7,,459,671,0.9 %,1.3 %,2.7,4.7,2,0,9,3,2,0,9,3,1,0,7,3,5,,10,3,3.4,,1.9,9.7,-4648,0,-4.6 %,0.0 %,-4648,0,-4.6 %,0.0 %,-4648,0,-4.6 %,0.0 %,83.3 %,100.0 %,83.3 %,100.0 %,83.3 %,100.0 %,783,671,-1162,0,88.9 %,100.0 %
JHMM,15d RSI JHMM LT40 - L JHMM,18.0 %,14.1 %,8980,7060,34.7 %,8.3 %,51.8 %,169.4 %,-3.8 %,-2.0 %,16,6,1.3,0.5,75.0 %,100.0 %,0.9,,561,1114,1.1 %,2.2 %,3.1,2.5,1,0,4,6,1,0,5,6,1,0,6,5,3,,12,6,2.7,,1.9,9.1,-4408,0,-4.4 %,0.0 %,-4408,0,-4.4 %,0.0 %,-2328,0,-2.3 %,0.0 %,75.0 %,100.0 %,75.0 %,100.0 %,80.0 %,100.0 %,1177,1114,-1286,0,77.8 %,100.0 %
JNUG,15d RSI JNUG LT31 - L JNUG,17.2 %,46.0 %,8605,22980,17.5 %,6.3 %,98.5 %,723.9 %,-5.4 %,-2.1 %,5,6,0.4,0.5,60.0 %,100.0 %,1.6,,1721,3267,3.4 %,6.5 %,2.4,1.7,2,0,3,6,2,0,3,6,1,0,2,5,1.5,,3,6,2.4,,0.9,6.5,-12343,0,-12.3 %,0.0 %,-12343,0,-12.3 %,0.0 %,-7360,0,-7.4 %,0.0 %,60.0 %,100.0 %,60.0 %,100.0 %,60.0 %,100.0 %,4925,3267,-3086,0,66.7 %,100.0 %
JPIB,4d RSI JPIB LT10 - L JPIB,-3.0 %,0.9 %,-1484,476,17.2 %,5.6 %,-17.2 %,17.1 %,-3.3 %,-0.2 %,4,4,0.3,0.3,50.0 %,100.0 %,0.2,,-371,119,-0.7 %,0.2 %,5.5,2.5,1,0,1,4,1,0,1,4,1,0,1,4,1,,2,4,0.2,,-1.4,3.2,-2256,0,-2.3 %,0.0 %,-2256,0,-2.3 %,0.0 %,-2256,0,-2.3 %,0.0 %,50.0 %,100.0 %,50.0 %,100.0 %,50.0 %,100.0 %,144,119,-887,0,50.0 %,100.0 %
JPST,4d RSI JPST LT13 - L JPST,-0.0 %,0.1 %,-12,47,19.4 %,6.8 %,-0.1 %,1.4 %,0.0 %,-0.1 %,2,3,0.2,0.2,50.0 %,100.0 %,0.5,,-6,16,-0.0 %,0.0 %,6,4.7,1,0,1,3,1,0,1,3,1,0,1,3,1,,1,3,0.5,,-0.5,4.9,-47,0,-0.0 %,0.0 %,-47,0,-0.0 %,0.0 %,-47,0,-0.0 %,0.0 %,50.0 %,100.0 %,50.0 %,100.0 %,50.0 %,100.0 %,12,16,-24,0,50.0 %,100.0 %
JQUA,6d RSI JQUA LT25 - L JQUA,10.9 %,9.3 %,5429,4638,21.6 %,6.8 %,50.2 %,137.5 %,-1.3 %,-1.9 %,9,4,0.8,0.3,77.8 %,100.0 %,1,,603,1125,1.2 %,2.2 %,3.2,3.2,1,0,6,4,1,0,6,4,1,0,4,4,3.5,,7,4,3.6,,1.8,3.8,-2731,0,-2.7 %,0.0 %,-2731,0,-2.7 %,0.0 %,-2731,0,-2.7 %,0.0 %,77.8 %,100.0 %,77.8 %,100.0 %,77.8 %,100.0 %,1075,1125,-1047,0,71.4 %,100.0 %
KBA,4d RSI KBA LT13 - L KBA,2.1 %,14.7 %,1025,7335,13.6 %,6.3 %,15.1 %,231.1 %,-2.0 %,-1.6 %,5,5,0.4,0.4,60.0 %,100.0 %,1.3,,205,1393,0.4 %,2.8 %,4.2,2.2,2,0,2,5,2,0,2,5,2,0,2,4,1.5,,3,5,2,,0.7,4.2,-2056,0,-2.1 %,0.0 %,-2056,0,-2.1 %,0.0 %,-2056,0,-2.1 %,0.0 %,60.0 %,100.0 %,60.0 %,100.0 %,60.0 %,100.0 %,684,1393,-514,0,60.0 %,100.0 %
KBE,4d RSI KBE LT21 - L KBE,3.5 %,35.0 %,1733,17511,27.5 %,19.8 %,12.6 %,176.5 %,-3.0 %,-7.3 %,11,12,0.9,1,54.5 %,91.7 %,1.3,11,158,1272,0.3 %,2.5 %,4.7,3.2,3,1,4,11,3,1,4,11,2,1,3,9,1.2,11,6,11,1.6,121.3,0.6,5.9,-407,-127,-0.4 %,-0.2 %,-407,-127,-0.4 %,-0.2 %,-407,-127,-0.4 %,-0.2 %,54.5 %,91.7 %,54.5 %,91.7 %,54.5 %,91.7 %,763,1400,-569,-127,55.6 %,90.0 %
KBWB,12d RSI KBWB LT39 - L KBWB,17.5 %,18.9 %,8735,9461,40.6 %,10.7 %,43.0 %,176.6 %,-4.0 %,-3.3 %,20,9,1.7,0.8,70.0 %,100.0 %,0.9,,437,975,0.9 %,1.9 %,3.8,2,2,0,4,9,2,0,4,8,1,0,3,4,2.3,,14,9,2.1,,1.5,5.8,-3585,0,-3.6 %,0.0 %,-3585,0,-3.6 %,0.0 %,-3585,0,-3.6 %,0.0 %,70.0 %,100.0 %,70.0 %,100.0 %,70.0 %,100.0 %,1201,975,-1346,0,70.0 %,100.0 %
KBWD,5d RSI KBWD LT20 - L KBWD,-8.2 %,11.9 %,-4108,5955,14.2 %,6.3 %,-58.0 %,187.6 %,-9.3 %,-3.2 %,6,5,0.5,0.4,33.3 %,80.0 %,0.5,7.3,-685,1144,-1.4 %,2.3 %,4.3,2.2,2,1,1,3,2,1,1,3,2,0,1,4,0.5,4,2,4,0.3,29.3,-1,3.3,-8368,-202,-8.4 %,-0.4 %,-8368,-202,-8.4 %,-0.4 %,-8368,0,-8.4 %,0.0 %,33.3 %,80.0 %,33.3 %,80.0 %,33.3 %,80.0 %,764,1480,-1409,-202,33.3 %,100.0 %
KBWY,3d RSI KBWY LT12 - L KBWY,-5.2 %,12.0 %,-2617,6021,18.2 %,6.0 %,-28.8 %,202.3 %,-7.8 %,-1.9 %,8,4,0.7,0.3,50.0 %,100.0 %,0.4,,-327,1443,-0.7 %,2.9 %,4.2,2.8,3,0,2,4,3,0,2,4,2,0,2,4,1,,4,4,0.4,,-0.8,9.8,-7998,0,-8.0 %,0.0 %,-7998,0,-8.0 %,0.0 %,-7998,0,-8.0 %,0.0 %,50.0 %,100.0 %,50.0 %,100.0 %,50.0 %,100.0 %,487,1443,-1142,0,57.1 %,100.0 %
KIE,15d RSI KIE LT38 - L KIE,14.6 %,14.0 %,7307,6992,18.0 %,6.8 %,81.3 %,207.3 %,-0.9 %,-2.2 %,9,6,0.8,0.5,77.8 %,100.0 %,3.8,,812,1103,1.6 %,2.2 %,2.4,1.8,1,0,5,6,1,0,5,6,1,0,4,5,3.5,,7,6,13.4,,3.1,10.8,-1063,0,-1.1 %,0.0 %,-1063,0,-1.1 %,0.0 %,-1063,0,-1.1 %,0.0 %,77.8 %,100.0 %,77.8 %,100.0 %,77.8 %,100.0 %,1128,1103,-295,0,75.0 %,100.0 %
KOLD,5d RSI KOLD LT11 - L KOLD,-8.5 %,39.7 %,-4237,19835,20.0 %,5.2 %,-42.4 %,769.0 %,-21.8 %,-7.8 %,2,4,0.2,0.3,50.0 %,100.0 %,0.7,,-2118,4402,-4.2 %,8.8 %,4,2.2,1,0,1,4,1,0,1,4,1,0,1,4,1,,1,4,0.7,,-0.3,3.9,-25508,0,-25.5 %,0.0 %,-25508,0,-25.5 %,0.0 %,-25508,0,-25.5 %,0.0 %,50.0 %,100.0 %,50.0 %,100.0 %,50.0 %,100.0 %,8517,4402,-12754,0,50.0 %,100.0 %
KORU,21d RSI KORU LT36 - L KORU,-1.9 %,7.5 %,-941,3749,28.0 %,6.0 %,-6.7 %,126.0 %,-23.7 %,-10.0 %,11,5,0.9,0.4,54.5 %,80.0 %,0.8,1.3,-86,737,-0.2 %,1.5 %,3.7,2,3,1,2,3,3,1,2,3,2,1,2,2,1.2,4,6,4,0.9,5.3,-0.1,1.8,-6797,-852,-6.8 %,-1.7 %,-6797,-852,-6.8 %,-1.7 %,-5847,-330,-5.8 %,-0.7 %,54.5 %,80.0 %,54.5 %,80.0 %,50.0 %,80.0 %,2902,1134,-3670,-852,42.9 %,66.7 %
KRE,3d RSI KRE LT16 - L KRE,4.9 %,31.3 %,2463,15628,28.7 %,24.2 %,17.1 %,129.1 %,-1.8 %,-7.6 %,12,12,1,1,58.3 %,83.3 %,1.5,2.7,205,1157,0.4 %,2.3 %,4.5,4.1,3,1,4,9,3,1,4,9,2,1,3,7,1.4,5,7,10,2.2,13.6,1.1,3.8,-404,-711,-0.4 %,-1.4 %,-404,-711,-0.4 %,-1.4 %,-404,-711,-0.4 %,-1.4 %,58.3 %,83.3 %,58.3 %,83.3 %,58.3 %,83.3 %,653,1499,-422,-551,60.0 %,80.0 %
KSA,8d RSI KSA LT33 - L KSA,-9.6 %,6.5 %,-4821,3229,41.9 %,9.5 %,-23.0 %,67.8 %,-9.0 %,-2.4 %,17,6,1.4,0.5,58.8 %,66.7 %,0.4,2.7,-284,529,-0.6 %,1.1 %,2.9,3,2,1,4,2,2,1,4,2,2,1,1,3,1.4,2,10,4,0.5,5.5,-1,1.9,-7662,-657,-7.7 %,-1.3 %,-7662,-657,-7.7 %,-1.3 %,-5407,-55,-5.4 %,-0.1 %,58.8 %,66.7 %,58.8 %,66.7 %,58.8 %,66.7 %,540,971,-1460,-356,33.3 %,75.0 %
KWEB,5d RSI KWEB LT11 - L KWEB,45.5 %,29.9 %,22757,14965,77.8 %,6.3 %,58.5 %,471.4 %,0.0 %,-8.4 %,2,5,0.2,0.4,50.0 %,100.0 %,61.7,,11378,2709,22.8 %,5.4 %,2.5,2.2,1,0,1,5,1,0,1,5,0,0,1,4,1,,1,5,61.7,,1.4,4.1,-749,0,-0.7 %,0.0 %,-749,0,-0.7 %,0.0 %,0,0,0.0 %,0.0 %,50.0 %,100.0 %,50.0 %,100.0 %,50.0 %,100.0 %,23132,2709,-375,0,100.0 %,100.0 %
LABD,6d RSI LABD LT20 - L LABD,13.2 %,26.5 %,6622,13264,25.0 %,5.2 %,53.0 %,514.2 %,0.0 %,-6.7 %,2,4,0.2,0.3,100.0 %,100.0 %,,,3311,3052,6.6 %,6.1 %,2,2.2,0,0,2,4,0,0,2,4,0,0,2,4,,,2,4,,,4.5,4,0,0,0.0 %,0.0 %,0,0,0.0 %,0.0 %,0,0,0.0 %,0.0 %,100.0 %,100.0 %,100.0 %,100.0 %,100.0 %,100.0 %,3311,3052,0,0,100.0 %,100.0 %
LEMB,12d RSI LEMB LT23 - L LEMB,4.2 %,1.0 %,2077,486,10.1 %,5.6 %,41.0 %,17.5 %,0.0 %,-1.9 %,5,4,0.4,0.3,100.0 %,75.0 %,,0.6,415,123,0.8 %,0.2 %,2,2.5,0,1,5,2,0,1,5,2,0,1,4,2,,3,5,3,,1.8,2.6,0.6,0,-610,0.0 %,-1.2 %,0,-610,0.0 %,-1.2 %,0,-610,0.0 %,-1.2 %,100.0 %,75.0 %,100.0 %,75.0 %,100.0 %,75.0 %,415,367,0,-610,100.0 %,75.0 %
LIT,3d RSI LIT LT10 - L LIT,-1.0 %,20.9 %,-511,10467,16.5 %,5.6 %,-6.2 %,376.8 %,-8.7 %,-0.8 %,8,5,0.7,0.4,75.0 %,100.0 %,0.3,,-64,1945,-0.1 %,3.9 %,4,1.8,1,0,4,5,1,0,4,5,1,0,2,5,3,,6,5,0.9,,-0.1,4.8,-7202,0,-7.2 %,0.0 %,-7202,0,-7.2 %,0.0 %,-7202,0,-7.2 %,0.0 %,75.0 %,100.0 %,75.0 %,100.0 %,75.0 %,100.0 %,878,1945,-2890,0,66.7 %,100.0 %
LMBS,4d RSI LMBS LT12 - L LMBS,-0.5 %,0.7 %,-254,350,16.0 %,6.8 %,-3.2 %,10.4 %,-1.0 %,-0.2 %,4,3,0.3,0.2,50.0 %,100.0 %,0.5,,-63,116,-0.1 %,0.2 %,5.2,4.7,2,0,2,3,2,0,2,3,2,0,2,2,1,,2,3,0.5,,-0.5,2.1,-1036,0,-1.0 %,0.0 %,-1036,0,-1.0 %,0.0 %,-1036,0,-1.0 %,0.0 %,50.0 %,100.0 %,50.0 %,100.0 %,50.0 %,100.0 %,132,116,-259,0,50.0 %,100.0 %
LQD,6d RSI LQD LT18 - L LQD,2.8 %,4.6 %,1413,2281,22.2 %,5.2 %,12.7 %,88.4 %,-1.5 %,-0.8 %,8,5,0.7,0.4,75.0 %,100.0 %,0.7,,177,448,0.4 %,0.9 %,4,1.6,1,0,3,5,1,0,3,5,1,0,2,4,3,,6,5,2.1,,0.9,6.3,-1563,0,-1.6 %,0.0 %,-1563,0,-1.6 %,0.0 %,-1563,0,-1.6 %,0.0 %,75.0 %,100.0 %,75.0 %,100.0 %,75.0 %,100.0 %,458,448,-667,0,66.7 %,100.0 %
LRGF,9d RSI LRGF LT27 - L LRGF,7.4 %,8.7 %,3713,4338,14.1 %,6.0 %,52.6 %,145.7 %,0.0 %,-1.3 %,6,4,0.5,0.3,83.3 %,100.0 %,1.4,,619,1056,1.2 %,2.1 %,3,2.8,1,0,5,4,1,0,5,4,1,0,3,4,5,,5,4,7.2,,2.3,3,-1199,0,-1.2 %,0.0 %,-1199,0,-1.2 %,0.0 %,-1199,0,-1.2 %,0.0 %,83.3 %,100.0 %,83.3 %,100.0 %,83.3 %,100.0 %,863,1056,-600,0,75.0 %,100.0 %
LVHI,4d RSI LVHI LT18 - L LVHI,6.9 %,5.7 %,3447,2860,13.4 %,5.2 %,51.6 %,110.9 %,-0.4 %,-0.2 %,7,5,0.6,0.4,85.7 %,100.0 %,3,,492,561,1.0 %,1.1 %,3,1.6,1,0,5,5,1,0,5,5,1,0,5,3,6,,6,5,17.9,,2.3,3.1,-408,0,-0.4 %,0.0 %,-408,0,-0.4 %,0.0 %,-408,0,-0.4 %,0.0 %,85.7 %,100.0 %,85.7 %,100.0 %,85.7 %,100.0 %,609,561,-204,0,85.7 %,100.0 %
MBB,12d RSI MBB LT28 - L MBB,2.2 %,0.7 %,1078,333,23.4 %,6.8 %,9.2 %,9.9 %,-0.7 %,-0.2 %,11,6,0.9,0.5,54.5 %,83.3 %,2.2,2.3,98,55,0.2 %,0.1 %,3.3,1.8,2,1,4,5,2,1,4,5,1,1,2,3,1.2,5,6,5,2.6,11.4,1.2,1.6,-598,-32,-0.6 %,-0.1 %,-598,-32,-0.6 %,-0.1 %,-640,-32,-0.6 %,-0.1 %,54.5 %,83.3 %,54.5 %,83.3 %,54.5 %,83.3 %,292,73,-134,-32,57.1 %,75.0 %
MCHI,12d RSI MCHI LT28 - L MCHI,-7.7 %,21.1 %,-3843,10539,17.8 %,6.3 %,-43.3 %,332.0 %,-9.5 %,-6.3 %,5,7,0.4,0.6,40.0 %,100.0 %,0.8,,-769,1386,-1.5 %,2.8 %,5,1.3,1,0,1,7,1,0,1,7,2,0,1,5,0.7,,2,7,0.5,,-0.6,9.6,-9689,0,-9.7 %,0.0 %,-9689,0,-9.7 %,0.0 %,-9039,0,-9.0 %,0.0 %,40.0 %,100.0 %,40.0 %,100.0 %,40.0 %,100.0 %,2118,1386,-2693,0,33.3 %,100.0 %
MDY,18d RSI MDY LT40 - L MDY,19.2 %,11.6 %,9606,5818,25.5 %,5.2 %,75.2 %,225.6 %,-2.6 %,-2.2 %,12,5,1,0.4,83.3 %,100.0 %,1,,800,1114,1.6 %,2.2 %,2.8,1.6,1,0,9,5,1,0,8,5,1,0,5,4,5,,10,5,4.9,,2.7,9.5,-3067,0,-3.1 %,0.0 %,-3067,0,-3.1 %,0.0 %,-1882,0,-1.9 %,0.0 %,83.3 %,100.0 %,83.3 %,100.0 %,81.8 %,100.0 %,1208,1114,-1237,0,75.0 %,100.0 %
MEAR,16d RSI MEAR LT41 - L MEAR,-0.2 %,0.2 %,-111,100,56.2 %,8.7 %,-0.4 %,2.3 %,-0.3 %,-0.1 %,5,3,0.4,0.2,40.0 %,100.0 %,0.9,,-22,33,-0.0 %,0.1 %,21,6.3,3,0,2,3,3,0,2,3,3,0,2,3,0.7,,2,3,0.6,,-0.5,6232.4,-581,0,-0.6 %,0.0 %,-581,0,-0.6 %,0.0 %,-581,0,-0.6 %,0.0 %,40.0 %,100.0 %,40.0 %,100.0 %,40.0 %,100.0 %,90,33,-97,0,40.0 %,100.0 %
MGC,17d RSI MGC LT46 - L MGC,6.5 %,18.5 %,3271,9242,56.5 %,12.3 %,11.6 %,150.3 %,-8.0 %,-2.0 %,31,8,2.6,0.7,67.7 %,100.0 %,0.6,,106,1073,0.2 %,2.1 %,3.4,2.9,3,0,5,8,3,0,5,8,2,0,3,5,2.1,,21,8,1.3,,0.5,7.3,-8483,0,-8.5 %,0.0 %,-8483,0,-8.5 %,0.0 %,-2546,0,-2.5 %,0.0 %,67.7 %,100.0 %,67.7 %,100.0 %,65.4 %,100.0 %,769,1073,-1287,0,54.5 %,100.0 %
MGK,7d RSI MGK LT28 - L MGK,19.3 %,11.0 %,9673,5501,23.5 %,8.7 %,82.2 %,126.0 %,-3.9 %,-3.0 %,13,6,1.1,0.5,76.9 %,100.0 %,1.5,,744,881,1.5 %,1.8 %,3.5,2.7,2,0,6,6,2,0,6,6,1,0,5,5,3.3,,10,6,4.9,,2.5,3.8,-1017,0,-1.0 %,0.0 %,-1017,0,-1.0 %,0.0 %,-2962,0,-3.0 %,0.0 %,76.9 %,100.0 %,76.9 %,100.0 %,76.9 %,100.0 %,1217,881,-832,0,77.8 %,100.0 %
MGV,17d RSI MGV LT40 - L MGV,14.1 %,9.0 %,7066,4505,28.9 %,6.8 %,48.9 %,133.6 %,-3.4 %,-1.2 %,13,4,1.1,0.3,84.6 %,100.0 %,0.6,,544,1090,1.1 %,2.2 %,3,3.2,1,0,6,4,1,0,6,4,1,0,4,4,5.5,,11,4,3.6,,2.1,13.6,-3714,0,-3.7 %,0.0 %,-1813,0,-1.8 %,0.0 %,-897,0,-0.9 %,0.0 %,84.6 %,100.0 %,84.6 %,100.0 %,83.3 %,100.0 %,894,1090,-1382,0,75.0 %,100.0 %
MINT,7d RSI MINT LT13 - L MINT,-0.0 %,0.1 %,-13,35,15.6 %,6.0 %,-0.2 %,1.2 %,-0.1 %,-0.1 %,2,2,0.2,0.2,50.0 %,50.0 %,0.8,7,-6,18,-0.0 %,0.0 %,6,6.5,1,1,1,1,1,1,1,1,1,0,1,1,1,1,1,1,0.8,7,-0.2,1.1,-119,-6,-0.1 %,-0.0 %,-119,-6,-0.1 %,-0.0 %,-119,0,-0.1 %,0.0 %,50.0 %,50.0 %,50.0 %,50.0 %,50.0 %,50.0 %,47,41,-60,-6,50.0 %,100.0 %
MLN,14d RSI MLN LT23 - L MLN,-13.7 %,1.1 %,-6852,551,43.7 %,10.3 %,-31.3 %,10.7 %,-13.1 %,-0.6 %,6,2,0.5,0.2,33.3 %,100.0 %,0.1,,-1142,275,-2.3 %,0.6 %,12,12,3,0,1,2,3,0,1,2,4,0,1,2,0.5,,2,2,0.1,,-2,3.5,-12971,0,-13.0 %,0.0 %,-12971,0,-13.0 %,0.0 %,-14314,0,-14.3 %,0.0 %,33.3 %,100.0 %,33.3 %,100.0 %,33.3 %,100.0 %,251,275,-1838,0,20.0 %,100.0 %
MLPA,3d RSI MLPA LT10 - L MLPA,-2.0 %,13.2 %,-1019,6616,10.7 %,13.1 %,-19.1 %,101.0 %,0.0 %,-6.2 %,3,7,0.2,0.6,66.7 %,71.4 %,0.3,31,-340,900,-0.7 %,1.8 %,3.3,3.7,1,1,2,3,1,1,2,3,1,1,2,2,2,2.5,2,5,0.7,77.6,-0.3,3.5,-6238,-82,-6.2 %,-0.2 %,-6238,-82,-6.2 %,-0.2 %,-6238,-82,-6.2 %,-0.2 %,66.7 %,71.4 %,66.7 %,71.4 %,66.7 %,71.4 %,1050,1277,-3119,-41,66.7 %,66.7 %
MLPX,5d RSI MLPX LT16 - L MLPX,-1.5 %,12.6 %,-760,6284,10.0 %,5.2 %,-15.2 %,243.6 %,0.0 %,-1.4 %,3,4,0.2,0.3,66.7 %,100.0 %,0.3,,-253,1504,-0.5 %,3.0 %,3,2.2,1,0,2,4,1,0,2,4,1,0,2,4,2,,2,4,0.7,,-0.3,7.1,-4409,0,-4.4 %,0.0 %,-4409,0,-4.4 %,0.0 %,-4409,0,-4.4 %,0.0 %,66.7 %,100.0 %,66.7 %,100.0 %,66.7 %,100.0 %,722,1504,-2205,0,66.7 %,100.0 %
MMIT,11d RSI MMIT LT20 - L MMIT,-5.1 %,0.3 %,-2537,154,42.3 %,6.8 %,-12.0 %,4.6 %,-4.2 %,-0.3 %,7,2,0.6,0.2,28.6 %,50.0 %,0.2,8.1,-362,77,-0.7 %,0.1 %,10,7.5,4,1,2,1,4,1,2,1,3,1,1,1,0.4,1,2,1,0.1,8.1,-2,1.1,-4181,-22,-4.2 %,-0.0 %,-4181,-22,-4.2 %,-0.0 %,-4181,-22,-4.2 %,-0.0 %,28.6 %,50.0 %,28.6 %,50.0 %,28.6 %,50.0 %,123,176,-557,-22,20.0 %,50.0 %
MOAT,13d RSI MOAT LT43 - L MOAT,19.8 %,9.1 %,9887,4571,42.3 %,13.9 %,46.8 %,65.8 %,-5.2 %,-3.5 %,24,8,2,0.7,70.8 %,87.5 %,1,2.8,412,551,0.8 %,1.1 %,3.2,3.4,3,1,4,6,3,1,4,6,1,0,4,6,2.4,7,17,7,2.5,19.8,2,3.9,-6191,-234,-6.2 %,-0.5 %,-6191,-234,-6.2 %,-0.5 %,-6191,0,-6.2 %,0.0 %,70.8 %,87.5 %,70.8 %,87.5 %,68.2 %,87.5 %,971,664,-946,-234,80.0 %,100.0 %
MOO,13d RSI MOO LT46 - L MOO,-3.6 %,19.6 %,-1817,9801,42.1 %,20.6 %,-8.6 %,95.0 %,-13.3 %,-3.3 %,20,16,1.7,1.3,60.0 %,87.5 %,0.6,2.2,-91,565,-0.2 %,1.1 %,4,2.2,2,1,5,7,2,1,4,7,4,1,2,5,1.5,7,12,14,0.8,15.2,-0.3,4.8,-6215,-598,-6.2 %,-1.2 %,-6215,-375,-6.2 %,-0.8 %,-13645,-375,-13.6 %,-0.8 %,60.0 %,87.5 %,60.0 %,87.5 %,57.9 %,86.7 %,807,691,-1437,-318,50.0 %,88.9 %
MORT,4d RSI MORT LT14 - L MORT,-6.7 %,18.9 %,-3364,9460,17.9 %,7.1 %,-37.5 %,264.9 %,-8.7 %,-1.4 %,6,6,0.5,0.5,50.0 %,100.0 %,0.4,,-561,1470,-1.1 %,2.9 %,4.2,2,1,0,2,6,1,0,2,6,1,0,2,5,1,,3,6,0.4,,-0.7,4.9,-8938,0,-8.9 %,0.0 %,-8938,0,-8.9 %,0.0 %,-8938,0,-8.9 %,0.0 %,50.0 %,100.0 %,50.0 %,100.0 %,50.0 %,100.0 %,677,1470,-1799,0,50.0 %,100.0 %
MTUM,5d RSI MTUM LT18 - L MTUM,6.4 %,13.3 %,3202,6666,14.3 %,6.3 %,44.8 %,210.0 %,-0.6 %,-1.7 %,5,6,0.4,0.5,60.0 %,100.0 %,2.8,,640,1057,1.3 %,2.1 %,4,1.7,1,0,2,6,1,0,2,6,1,0,2,5,1.5,,3,6,4.3,,1.3,4.8,-1363,0,-1.4 %,0.0 %,-1363,0,-1.4 %,0.0 %,-1363,0,-1.4 %,0.0 %,60.0 %,100.0 %,60.0 %,100.0 %,60.0 %,100.0 %,1395,1057,-492,0,60.0 %,100.0 %
MUB,15d RSI MUB LT25 - L MUB,-5.2 %,0.1 %,-2597,63,35.8 %,7.1 %,-14.5 %,1.8 %,-4.4 %,-0.6 %,7,3,0.6,0.2,28.6 %,33.3 %,0.2,6.3,-371,21,-0.7 %,0.0 %,8.3,5,3,2,1,1,3,2,1,1,4,1,1,1,0.4,0.5,2,1,0.1,3.2,-1.7,0.7,-4345,-29,-4.3 %,-0.1 %,-4345,-29,-4.3 %,-0.1 %,-5648,-15,-5.6 %,-0.0 %,28.6 %,33.3 %,28.6 %,33.3 %,28.6 %,33.3 %,134,93,-573,-15,20.0 %,50.0 %
MUNI,8d RSI MUNI LT46 - L MUNI,-12.2 %,0.2 %,-6083,80,77.3 %,48.4 %,-15.7 %,0.3 %,-11.4 %,-1.4 %,19,18,1.6,1.5,57.9 %,72.2 %,0.1,0.4,-320,5,-0.6 %,0.0 %,7.7,5.7,2,2,3,5,2,2,2,4,5,1,1,3,1.4,2.6,11,13,0.2,1.1,-1.9,0.1,-2967,0,-3.0 %,0.0 %,-2967,0,-3.0 %,0.0 %,-10546,-505,-10.5 %,-1.0 %,57.9 %,72.2 %,57.9 %,72.2 %,50.0 %,66.7 %,104,92,-904,-222,25.0 %,70.0 %
NAIL,3d RSI NAIL LT11 - L NAIL,45.9 %,30.8 %,22928,15382,16.7 %,6.0 %,273.8 %,516.9 %,-18.4 %,-8.8 %,8,4,0.7,0.3,87.5 %,75.0 %,0.4,6.5,2866,3576,5.7 %,7.2 %,3,2.8,1,1,4,2,1,1,4,2,1,1,3,2,7,3,7,3,2.9,19.6,1.2,2.1,-23764,-771,-23.8 %,-1.5 %,-23764,-771,-23.8 %,-1.5 %,-23764,-771,-23.8 %,-1.5 %,87.5 %,75.0 %,87.5 %,75.0 %,87.5 %,75.0 %,4973,5025,-11882,-771,83.3 %,75.0 %
NEAR,6d RSI NEAR LT13 - L NEAR,0.1 %,0.1 %,72,47,15.9 %,19.1 %,0.9 %,0.5 %,0.0 %,-0.1 %,2,3,0.2,0.2,50.0 %,66.7 %,,1.5,36,16,0.1 %,0.0 %,4.5,15,1,1,1,2,1,1,1,2,1,1,1,2,1,2,1,2,,3,1.4,0.9,0,-24,0.0 %,-0.1 %,0,-24,0.0 %,-0.1 %,0,-24,0.0 %,-0.1 %,50.0 %,66.7 %,50.0 %,66.7 %,50.0 %,66.7 %,72,35,0,-24,50.0 %,66.7 %
NLR,18d RSI NLR LT39 - L NLR,8.5 %,8.7 %,4240,4335,17.3 %,9.5 %,49.1 %,91.0 %,-0.2 %,-1.1 %,7,7,0.6,0.6,71.4 %,100.0 %,8,,606,598,1.2 %,1.2 %,3.6,2.4,1,0,4,7,1,0,4,7,1,0,4,4,2.5,,5,7,20,,2.5,8.8,-236,0,-0.2 %,0.0 %,-236,0,-0.2 %,0.0 %,-209,0,-0.2 %,0.0 %,71.4 %,100.0 %,71.4 %,100.0 %,71.4 %,100.0 %,892,598,-111,0,80.0 %,100.0 %
NOBL,14d RSI NOBL LT33 - L NOBL,-0.2 %,9.5 %,-107,4752,14.3 %,6.3 %,-1.5 %,149.7 %,-3.5 %,-1.3 %,4,4,0.3,0.3,50.0 %,100.0 %,0.9,,-27,1150,-0.1 %,2.3 %,5.2,3,2,0,2,4,2,0,2,4,2,0,2,4,1,,2,4,0.9,,-0.1,5.2,-3583,0,-3.6 %,0.0 %,-3583,0,-3.6 %,0.0 %,-3583,0,-3.6 %,0.0 %,50.0 %,100.0 %,50.0 %,100.0 %,50.0 %,100.0 %,843,1150,-896,0,50.0 %,100.0 %
NUGT,18d RSI NUGT LT35 - L NUGT,-1.8 %,39.1 %,-911,19570,37.9 %,12.7 %,-4.8 %,308.2 %,-17.2 %,-8.5 %,6,8,0.5,0.7,50.0 %,75.0 %,0.9,3.2,-152,2149,-0.3 %,4.3 %,5.3,3,2,1,2,3,3,1,2,3,2,1,1,2,1,3,3,6,0.9,9.7,-0.1,2.9,-17021,-1490,-17.0 %,-3.0 %,-18347,-1490,-18.3 %,-3.0 %,-15673,-1490,-15.7 %,-3.0 %,50.0 %,75.0 %,50.0 %,75.0 %,40.0 %,75.0 %,3677,3194,-3981,-986,33.3 %,66.7 %
NULG,5d RSI NULG LT22 - L NULG,3.7 %,13.2 %,1857,6573,19.5 %,10.7 %,19.0 %,122.7 %,-4.0 %,-2.8 %,9,7,0.8,0.6,55.6 %,100.0 %,1.3,,206,892,0.4 %,1.8 %,4.2,2.9,2,0,4,7,2,0,4,7,1,0,4,5,1.2,,5,7,1.6,,0.6,5.1,-4984,0,-5.0 %,0.0 %,-4984,0,-5.0 %,0.0 %,-4984,0,-5.0 %,0.0 %,55.6 %,100.0 %,55.6 %,100.0 %,55.6 %,100.0 %,1025,892,-816,0,71.4 %,100.0 %
NULV,16d RSI NULV LT40 - L NULV,10.2 %,9.1 %,5084,4556,38.4 %,6.8 %,26.5 %,135.1 %,-3.9 %,-1.3 %,16,4,1.3,0.3,81.2 %,100.0 %,0.5,,318,1102,0.6 %,2.2 %,3.4,3.2,2,0,8,4,2,0,8,4,1,0,5,4,4.3,,13,4,2.2,,1.3,10.2,-4268,0,-4.3 %,0.0 %,-4268,0,-4.3 %,0.0 %,-3630,0,-3.6 %,0.0 %,81.2 %,100.0 %,81.2 %,100.0 %,80.0 %,100.0 %,713,1102,-1395,0,77.8 %,100.0 %
NUSC,19d RSI NUSC LT39 - L NUSC,11.9 %,8.8 %,5972,4382,20.7 %,5.2 %,57.8 %,169.9 %,-0.9 %,-2.8 %,10,4,0.8,0.3,80.0 %,100.0 %,1.4,,597,1063,1.2 %,2.1 %,2.7,2.2,1,0,7,4,1,0,6,4,1,0,3,3,4,,8,4,5.5,,2.7,5.5,-1739,0,-1.7 %,0.0 %,-1739,0,-1.7 %,0.0 %,-1739,0,-1.7 %,0.0 %,80.0 %,100.0 %,80.0 %,100.0 %,77.8 %,100.0 %,914,1063,-670,0,66.7 %,100.0 %
NYF,19d RSI NYF LT30 - L NYF,-10.1 %,0.3 %,-5066,157,49.5 %,6.0 %,-20.5 %,5.3 %,-9.0 %,-0.4 %,9,2,0.8,0.2,33.3 %,100.0 %,0.2,,-563,79,-1.1 %,0.2 %,10.1,6.5,2,0,1,2,2,0,1,2,3,0,1,2,0.5,,3,2,0.1,,-2.2,1.9,-6746,0,-6.7 %,0.0 %,-6746,0,-6.7 %,0.0 %,-8451,0,-8.5 %,0.0 %,33.3 %,100.0 %,33.3 %,100.0 %,25.0 %,100.0 %,172,79,-930,0,20.0 %,100.0 %
OEF,17d RSI OEF LT45 - L OEF,7.4 %,16.8 %,3707,8385,54.4 %,11.1 %,13.6 %,150.9 %,-5.8 %,-2.1 %,29,7,2.4,0.6,65.5 %,100.0 %,0.7,,128,1121,0.3 %,2.2 %,3.5,3,3,0,5,7,3,0,4,7,2,0,3,5,1.9,,19,7,1.3,,0.6,7.6,-5687,0,-5.7 %,0.0 %,-5687,0,-5.7 %,0.0 %,-2300,0,-2.3 %,0.0 %,65.5 %,100.0 %,65.5 %,100.0 %,64.0 %,100.0 %,791,1121,-1132,0,63.6 %,100.0 %
OIH,18d RSI OIH LT34 - L OIH,6.6 %,17.8 %,3293,8878,57.1 %,5.2 %,11.5 %,344.2 %,0.0 %,-3.4 %,3,4,0.2,0.3,100.0 %,100.0 %,,,1098,2088,2.2 %,4.2 %,2.7,2.2,0,0,3,4,0,0,3,4,0,0,2,4,,,3,4,,,3.9,7.3,0,0,0.0 %,0.0 %,0,0,0.0 %,0.0 %,0,0,0.0 %,0.0 %,100.0 %,100.0 %,100.0 %,100.0 %,100.0 %,100.0 %,1098,2088,0,0,100.0 %,100.0 %
OILK,3d RSI OILK LT13 - L OILK,3.3 %,23.2 %,1665,11597,18.1 %,8.3 %,18.4 %,278.3 %,-3.6 %,-6.6 %,5,6,0.4,0.5,40.0 %,100.0 %,2.5,,333,1780,0.7 %,3.6 %,3.4,2.5,2,0,2,6,2,0,2,6,1,0,2,5,0.7,,2,6,1.7,,0.5,4,-3865,0,-3.9 %,0.0 %,-3865,0,-3.9 %,0.0 %,-1329,0,-1.3 %,0.0 %,40.0 %,100.0 %,40.0 %,100.0 %,40.0 %,100.0 %,2111,1780,-852,0,50.0 %,100.0 %
ONEQ,4d RSI ONEQ LT14 - L ONEQ,12.4 %,10.2 %,6194,5073,16.1 %,6.3 %,76.9 %,159.8 %,0.0 %,-1.2 %,6,6,0.5,0.5,100.0 %,100.0 %,,,1032,813,2.1 %,1.6 %,3.5,1.7,0,0,6,6,0,0,6,6,0,0,5,5,,,6,6,,,3.6,5.5,0,0,0.0 %,0.0 %,0,0,0.0 %,0.0 %,0,0,0.0 %,0.0 %,100.0 %,100.0 %,100.0 %,100.0 %,100.0 %,100.0 %,1032,813,0,0,100.0 %,100.0 %
OUNZ,20d RSI OUNZ LT38 - L OUNZ,1.3 %,6.4 %,659,3218,35.3 %,10.7 %,3.7 %,60.1 %,-2.6 %,-3.3 %,9,8,0.8,0.7,55.6 %,75.0 %,1.1,2.4,73,393,0.1 %,0.8 %,3.7,2.4,1,1,2,3,1,1,2,3,1,1,2,3,1.2,3,5,6,1.3,7.1,0.3,2.5,-2625,-327,-2.6 %,-0.7 %,-2625,-327,-2.6 %,-0.7 %,-2088,-190,-2.1 %,-0.4 %,55.6 %,75.0 %,55.6 %,75.0 %,62.5 %,75.0 %,527,611,-494,-258,75.0 %,80.0 %
PAVE,16d RSI PAVE LT38 - L PAVE,6.0 %,10.9 %,3015,5438,29.3 %,5.2 %,20.5 %,210.8 %,-2.8 %,-1.9 %,11,4,0.9,0.3,54.5 %,100.0 %,1.5,,274,1312,0.5 %,2.6 %,3.7,2.2,2,0,2,4,2,0,2,4,3,0,3,4,1.2,,6,4,1.8,,0.9,3.7,-1570,0,-1.6 %,0.0 %,-1570,0,-1.6 %,0.0 %,-2401,0,-2.4 %,0.0 %,54.5 %,100.0 %,54.5 %,100.0 %,54.5 %,100.0 %,1136,1312,-760,0,50.0 %,100.0 %
PBD,8d RSI PBD LT22 - L PBD,0.2 %,25.1 %,120,12527,10.1 %,6.3 %,2.4 %,394.6 %,-4.8 %,-2.5 %,5,7,0.4,0.6,60.0 %,100.0 %,0.7,,24,1630,0.0 %,3.3 %,4,1.3,1,0,2,7,1,0,2,7,1,0,2,5,1.5,,3,7,1,,0,5,-5398,0,-5.4 %,0.0 %,-5398,0,-5.4 %,0.0 %,-5398,0,-5.4 %,0.0 %,60.0 %,100.0 %,60.0 %,100.0 %,60.0 %,100.0 %,1760,1630,-2581,0,60.0 %,100.0 %
PBUS,3d RSI PBUS LT11 - L PBUS,-0.6 %,7.2 %,-290,3596,18.0 %,5.6 %,-3.2 %,129.4 %,-3.3 %,-0.7 %,7,5,0.6,0.4,57.1 %,100.0 %,0.7,,-41,701,-0.1 %,1.4 %,3.7,1.8,1,0,2,5,1,0,2,5,1,0,1,4,1.3,,4,5,0.9,,-0.1,4.4,-3318,0,-3.3 %,0.0 %,-3318,0,-3.3 %,0.0 %,-3034,0,-3.0 %,0.0 %,57.1 %,100.0 %,57.1 %,100.0 %,57.1 %,100.0 %,844,701,-1222,0,40.0 %,100.0 %
PBW,9d RSI PBW LT25 - L PBW,10.8 %,30.0 %,5406,15014,8.1 %,6.8 %,134.1 %,445.1 %,0.0 %,-8.8 %,4,6,0.3,0.5,75.0 %,83.3 %,0.8,4.4,1352,2262,2.7 %,4.5 %,4,1.8,1,1,3,4,1,1,3,4,1,1,3,3,3,5,3,5,2.4,22,0.7,3.4,-7856,-648,-7.9 %,-1.3 %,-7856,-648,-7.9 %,-1.3 %,-7856,-648,-7.9 %,-1.3 %,75.0 %,83.3 %,75.0 %,83.3 %,75.0 %,83.3 %,3111,2844,-3928,-648,75.0 %,80.0 %
PCEF,17d RSI PCEF LT37 - L PCEF,-3.3 %,4.8 %,-1641,2392,43.9 %,7.5 %,-7.5 %,63.5 %,-5.7 %,-0.8 %,13,5,1.1,0.4,46.2 %,100.0 %,0.8,,-126,470,-0.3 %,0.9 %,5.5,2.8,3,0,3,5,3,0,3,5,2,0,3,4,0.9,,6,5,0.7,,-0.5,7.9,-2151,0,-2.2 %,0.0 %,-2151,0,-2.2 %,0.0 %,-4209,0,-4.2 %,0.0 %,46.2 %,100.0 %,46.2 %,100.0 %,46.2 %,100.0 %,529,470,-688,0,50.0 %,100.0 %
PCY,19d RSI PCY LT30 - L PCY,0.2 %,3.5 %,114,1740,15.5 %,7.1 %,1.5 %,48.7 %,-8.0 %,-1.7 %,7,3,0.6,0.2,57.1 %,66.7 %,0.8,7.4,16,576,0.0 %,1.1 %,3,5,3,1,4,2,3,1,4,2,3,1,3,1,1.3,2,4,2,1,14.8,0,1.8,-8546,-125,-8.5 %,-0.2 %,-8546,-125,-8.5 %,-0.2 %,-7583,-125,-7.6 %,-0.2 %,57.1 %,66.7 %,57.1 %,66.7 %,57.1 %,66.7 %,1097,927,-1424,-125,50.0 %,50.0 %
PDBC,3d RSI PDBC LT10 - L PDBC,4.9 %,12.0 %,2448,5992,22.2 %,7.9 %,22.0 %,151.0 %,0.0 %,-2.9 %,4,5,0.3,0.4,75.0 %,100.0 %,1.1,,612,1148,1.2 %,2.3 %,3,3,1,0,3,5,1,0,3,5,1,0,2,5,3,,3,5,3.3,,1.2,4.9,-2123,0,-2.1 %,0.0 %,-2123,0,-2.1 %,0.0 %,-2123,0,-2.1 %,0.0 %,75.0 %,100.0 %,75.0 %,100.0 %,75.0 %,100.0 %,1170,1148,-1062,0,66.7 %,100.0 %
PEY,21d RSI PEY LT42 - L PEY,5.4 %,12.2 %,2720,6076,21.7 %,7.1 %,25.1 %,170.1 %,-4.1 %,-0.6 %,8,6,0.7,0.5,75.0 %,100.0 %,0.7,,340,967,0.7 %,1.9 %,3.2,2,1,0,3,6,1,0,2,6,1,0,2,4,3,,6,6,2,,0.8,5.6,-4489,0,-4.5 %,0.0 %,-4489,0,-4.5 %,0.0 %,-3134,0,-3.1 %,0.0 %,75.0 %,100.0 %,75.0 %,100.0 %,71.4 %,100.0 %,910,967,-1371,0,66.7 %,100.0 %
PFF,20d RSI PFF LT41 - L PFF,-5.9 %,4.7 %,-2940,2340,56.0 %,7.1 %,-10.5 %,65.5 %,-5.4 %,-0.7 %,18,6,1.5,0.5,44.4 %,100.0 %,0.7,,-163,383,-0.3 %,0.8 %,5.3,2,4,0,3,6,4,0,3,6,5,0,1,5,0.8,,8,6,0.5,,-0.9,4.6,-2022,0,-2.0 %,0.0 %,-2022,0,-2.0 %,0.0 %,-5376,0,-5.4 %,0.0 %,44.4 %,100.0 %,44.4 %,100.0 %,41.2 %,100.0 %,421,383,-631,0,22.2 %,100.0 %
PFFD,9d RSI PFFD LT19 - L PFFD,3.1 %,2.7 %,1534,1360,5.6 %,5.2 %,54.4 %,52.7 %,0.0 %,-0.9 %,3,3,0.2,0.2,100.0 %,100.0 %,,,511,450,1.0 %,0.9 %,2.7,3.3,0,0,3,3,0,0,3,3,0,0,3,3,,,3,3,,,3,3.1,0,0,0.0 %,0.0 %,0,0,0.0 %,0.0 %,0,0,0.0 %,0.0 %,100.0 %,100.0 %,100.0 %,100.0 %,100.0 %,100.0 %,511,450,0,0,100.0 %,100.0 %
PFXF,9d RSI PFXF LT28 - L PFXF,7.0 %,3.6 %,3517,1784,24.7 %,5.2 %,28.4 %,69.2 %,-2.0 %,-1.1 %,12,3,1,0.2,75.0 %,100.0 %,1.1,,293,588,0.6 %,1.2 %,3,3.3,1,0,7,3,1,0,7,3,1,0,4,3,3,,9,3,3.2,,1.8,7.1,-2094,0,-2.1 %,0.0 %,-2094,0,-2.1 %,0.0 %,-2094,0,-2.1 %,0.0 %,75.0 %,100.0 %,75.0 %,100.0 %,75.0 %,100.0 %,572,588,-542,0,71.4 %,100.0 %
PGF,9d RSI PGF LT24 - L PGF,2.8 %,1.6 %,1391,787,20.0 %,5.6 %,13.9 %,28.3 %,-2.1 %,-1.1 %,8,4,0.7,0.3,62.5 %,50.0 %,1.1,12.2,174,196,0.3 %,0.4 %,3.9,2.5,2,1,5,1,2,1,5,1,2,1,5,1,1.7,1,5,2,1.8,12.2,0.7,1.6,-2701,-70,-2.7 %,-0.1 %,-2701,-70,-2.7 %,-0.1 %,-2701,-70,-2.7 %,-0.1 %,62.5 %,50.0 %,62.5 %,50.0 %,62.5 %,50.0 %,642,427,-606,-35,62.5 %,50.0 %
PGX,20d RSI PGX LT38 - L PGX,-4.8 %,2.3 %,-2410,1139,49.8 %,7.5 %,-9.7 %,30.2 %,-5.1 %,-1.0 %,16,4,1.3,0.3,43.8 %,75.0 %,0.8,,-151,283,-0.3 %,0.6 %,5.2,3.8,3,1,3,3,3,1,3,3,2,1,2,3,0.8,3,7,3,0.6,,-0.7,1.8,-2398,0,-2.4 %,0.0 %,-2398,0,-2.4 %,0.0 %,-3317,0,-3.3 %,0.0 %,43.8 %,75.0 %,43.8 %,75.0 %,43.8 %,75.0 %,571,378,-712,0,44.4 %,75.0 %
PHYS,14d RSI PHYS LT28 - L PHYS,3.0 %,3.3 %,1494,1647,24.6 %,6.0 %,12.2 %,55.3 %,0.0 %,-1.9 %,3,3,0.2,0.2,100.0 %,66.7 %,,23.5,498,545,1.0 %,1.1 %,4,4,0,1,3,1,0,1,3,1,0,1,2,1,,2,3,2,,46.9,1.8,2.2,0,-36,0.0 %,-0.1 %,0,-36,0.0 %,-0.1 %,0,-36,0.0 %,-0.1 %,100.0 %,66.7 %,100.0 %,66.7 %,100.0 %,66.7 %,498,835,0,-36,100.0 %,66.7 %
PICB,7d RSI PICB LT23 - L PICB,-2.4 %,0.6 %,-1176,312,29.1 %,6.0 %,-8.1 %,10.5 %,-7.3 %,-1.9 %,15,4,1.2,0.3,60.0 %,75.0 %,0.5,0.5,-78,79,-0.2 %,0.2 %,2.4,2.8,3,1,6,2,3,1,6,2,3,1,4,2,1.5,3,9,3,0.8,1.6,-0.4,0.4,-4390,-530,-4.4 %,-1.1 %,-4390,-530,-4.4 %,-1.1 %,-7729,-48,-7.7 %,-0.1 %,60.0 %,75.0 %,60.0 %,75.0 %,60.0 %,75.0 %,432,282,-843,-530,50.0 %,66.7 %
PICK,4d RSI PICK LT11 - L PICK,2.0 %,10.7 %,990,5329,13.0 %,5.2 %,15.2 %,206.6 %,0.0 %,-2.0 %,2,4,0.2,0.3,50.0 %,100.0 %,2.2,,495,1289,1.0 %,2.6 %,2,2.2,1,0,1,4,1,0,1,4,1,0,1,4,1,,1,4,2.2,,0.5,3,-1673,0,-1.7 %,0.0 %,-1673,0,-1.7 %,0.0 %,-1673,0,-1.7 %,0.0 %,50.0 %,100.0 %,50.0 %,100.0 %,50.0 %,100.0 %,1826,1289,-837,0,50.0 %,100.0 %
PILL,15d RSI PILL LT32 - L PILL,7.7 %,16.5 %,3841,8233,17.1 %,7.5 %,45.0 %,218.4 %,0.0 %,-13.1 %,2,5,0.2,0.4,100.0 %,80.0 %,,1.1,1921,1589,3.8 %,3.2 %,6,2.8,0,1,2,3,0,1,2,3,0,0,2,4,,4,2,4,,4.4,5.5,1.7,0,-2311,0.0 %,-4.6 %,0,-2311,0.0 %,-4.6 %,0,0,0.0 %,0.0 %,100.0 %,80.0 %,100.0 %,80.0 %,100.0 %,80.0 %,1921,2565,0,-2311,100.0 %,100.0 %
PPA,9d RSI PPA LT32 - L PPA,5.3 %,13.6 %,2648,6813,20.1 %,7.9 %,26.3 %,171.7 %,-2.4 %,-4.0 %,8,6,0.7,0.5,75.0 %,100.0 %,0.9,,331,1080,0.7 %,2.2 %,3.2,2.3,1,0,5,6,1,0,5,6,1,0,2,5,3,,6,6,2.8,,1.2,4.2,-2504,0,-2.5 %,0.0 %,-2504,0,-2.5 %,0.0 %,-1582,0,-1.6 %,0.0 %,75.0 %,100.0 %,75.0 %,100.0 %,75.0 %,100.0 %,683,1080,-724,0,60.0 %,100.0 %
PPH,21d RSI PPH LT41 - L PPH,0.8 %,4.5 %,412,2266,37.5 %,7.1 %,2.2 %,63.5 %,-5.2 %,-2.4 %,8,5,0.7,0.4,75.0 %,80.0 %,0.4,3.8,51,446,0.1 %,0.9 %,4.1,2.6,2,1,4,4,2,1,3,4,1,1,3,3,3,4,6,4,1.2,15.3,0.2,3,-5384,-156,-5.4 %,-0.3 %,-5384,-156,-5.4 %,-0.3 %,-5384,-156,-5.4 %,-0.3 %,75.0 %,80.0 %,75.0 %,80.0 %,71.4 %,80.0 %,517,597,-1346,-156,80.0 %,75.0 %
PPLT,19d RSI PPLT LT35 - L PPLT,5.7 %,12.7 %,2841,6337,15.8 %,6.3 %,36.0 %,199.6 %,0.0 %,-2.6 %,4,5,0.3,0.4,100.0 %,100.0 %,,,710,1212,1.4 %,2.4 %,2.8,2.2,0,0,4,5,0,0,4,5,0,0,3,4,,,4,5,,,4.2,3.9,0,0,0.0 %,0.0 %,0,0,0.0 %,0.0 %,0,0,0.0 %,0.0 %,100.0 %,100.0 %,100.0 %,100.0 %,100.0 %,100.0 %,710,1212,0,0,100.0 %,100.0 %
PREF,6d RSI PREF LT10 - L PREF,-2.2 %,0.4 %,-1109,182,23.8 %,5.6 %,-9.3 %,6.5 %,-2.1 %,-0.6 %,4,1,0.3,0.1,25.0 %,100.0 %,0.7,,-277,182,-0.6 %,0.4 %,8.8,13,2,0,1,1,2,0,1,1,2,0,1,1,0.3,,1,1,0.2,,-1.1,0,-2496,0,-2.5 %,0.0 %,-2496,0,-2.5 %,0.0 %,-2496,0,-2.5 %,0.0 %,25.0 %,100.0 %,25.0 %,100.0 %,25.0 %,100.0 %,348,182,-486,0,25.0 %,100.0 %
PRF,16d RSI PRF LT43 - L PRF,12.7 %,10.2 %,6360,5097,38.8 %,7.1 %,32.8 %,142.7 %,-4.4 %,-1.4 %,21,5,1.8,0.4,71.4 %,100.0 %,0.9,,303,981,0.6 %,2.0 %,3.3,2.6,2,0,4,5,2,0,4,5,1,0,3,5,2.5,,15,5,2.1,,1.4,6.8,-4069,0,-4.1 %,0.0 %,-4069,0,-4.1 %,0.0 %,-3546,0,-3.5 %,0.0 %,71.4 %,100.0 %,71.4 %,100.0 %,70.0 %,100.0 %,801,981,-942,0,70.0 %,100.0 %
PSC,18d RSI PSC LT41 - L PSC,11.2 %,11.8 %,5583,5921,21.6 %,6.8 %,51.7 %,175.5 %,-2.4 %,-2.9 %,14,6,1.2,0.5,78.6 %,100.0 %,0.8,,399,943,0.8 %,1.9 %,2.6,1.8,1,0,5,6,1,0,4,6,1,0,2,4,3.7,,11,6,3,,2,6.7,-2621,0,-2.6 %,0.0 %,-2621,0,-2.6 %,0.0 %,-886,0,-0.9 %,0.0 %,78.6 %,100.0 %,78.6 %,100.0 %,76.9 %,100.0 %,762,943,-932,0,62.5 %,100.0 %
PSI,7d RSI PSI LT25 - L PSI,14.9 %,12.6 %,7469,6322,15.9 %,5.2 %,94.2 %,245.1 %,0.0 %,-1.5 %,8,4,0.7,0.3,100.0 %,100.0 %,,,934,1513,1.9 %,3.0 %,3.4,2.2,0,0,8,4,0,0,8,4,0,0,6,4,,,8,4,,,5.3,6.1,0,0,0.0 %,0.0 %,0,0,0.0 %,0.0 %,0,0,0.0 %,0.0 %,100.0 %,100.0 %,100.0 %,100.0 %,100.0 %,100.0 %,934,1513,0,0,100.0 %,100.0 %
PSK,7d RSI PSK LT16 - L PSK,-1.1 %,1.9 %,-552,931,7.7 %,5.2 %,-14.4 %,36.1 %,-1.5 %,-0.9 %,3,3,0.2,0.2,33.3 %,100.0 %,0.9,,-184,309,-0.4 %,0.6 %,4,3.3,2,0,1,3,2,0,1,3,2,0,1,3,0.5,,1,3,0.5,,-0.6,1.7,-2100,0,-2.1 %,0.0 %,-2100,0,-2.1 %,0.0 %,-2100,0,-2.1 %,0.0 %,33.3 %,100.0 %,33.3 %,100.0 %,33.3 %,100.0 %,498,309,-525,0,33.3 %,100.0 %
PSLV,21d RSI PSLV LT33 - L PSLV,-1.5 %,10.0 %,-761,4993,43.5 %,5.2 %,-3.5 %,193.6 %,-4.6 %,-0.7 %,5,6,0.4,0.5,60.0 %,100.0 %,0.5,,-152,801,-0.3 %,1.6 %,4.2,1.2,2,0,2,6,2,0,1,5,1,0,1,3,1.5,,3,6,0.7,,-0.4,5.9,-4731,0,-4.7 %,0.0 %,-3618,0,-3.6 %,0.0 %,-1970,0,-2.0 %,0.0 %,60.0 %,100.0 %,60.0 %,100.0 %,50.0 %,100.0 %,535,801,-1183,0,50.0 %,100.0 %
PTLC,21d RSI PTLC LT49 - L PTLC,-6.2 %,18.8 %,-3090,9417,92.0 %,13.5 %,-6.7 %,139.6 %,-5.7 %,-1.8 %,15,9,1.2,0.8,60.0 %,100.0 %,0.2,,-206,969,-0.4 %,1.9 %,9.3,2.8,2,0,5,9,3,0,5,8,4,0,4,6,1.5,,9,9,0.4,,-1.4,7.8,-2744,0,-2.7 %,0.0 %,-3101,0,-3.1 %,0.0 %,-6845,0,-6.8 %,0.0 %,60.0 %,100.0 %,60.0 %,100.0 %,53.8 %,100.0 %,191,969,-802,0,50.0 %,100.0 %
PWZ,18d RSI PWZ LT26 - L PWZ,-9.4 %,0.4 %,-4723,210,44.8 %,6.8 %,-21.1 %,6.2 %,-9.2 %,-0.6 %,9,2,0.8,0.2,22.2 %,100.0 %,0.3,,-525,105,-1.0 %,0.2 %,7.8,7.5,3,0,1,2,3,0,1,2,2,0,1,2,0.3,,2,2,0.1,,-2.4,6.7,-6886,0,-6.9 %,0.0 %,-6886,0,-6.9 %,0.0 %,-6886,0,-6.9 %,0.0 %,22.2 %,100.0 %,22.2 %,100.0 %,22.2 %,100.0 %,204,105,-733,0,20.0 %,100.0 %
PXF,10d RSI PXF LT30 - L PXF,15.8 %,7.5 %,7878,3769,22.8 %,6.0 %,69.2 %,126.6 %,-0.4 %,-1.8 %,11,5,0.9,0.4,90.9 %,100.0 %,3.7,,716,733,1.4 %,1.5 %,2.1,2,1,0,9,5,1,0,9,5,1,0,6,4,10,,10,5,36.7,,5.1,7.2,-441,0,-0.4 %,0.0 %,-441,0,-0.4 %,0.0 %,-175,0,-0.2 %,0.0 %,90.9 %,100.0 %,90.9 %,100.0 %,90.9 %,100.0 %,810,733,-220,0,87.5 %,100.0 %
PXH,13d RSI PXH LT34 - L PXH,0.8 %,10.8 %,392,5412,25.1 %,7.1 %,3.1 %,151.5 %,-6.7 %,-1.1 %,9,7,0.8,0.6,55.6 %,100.0 %,0.9,,44,743,0.1 %,1.5 %,3.8,1.6,2,0,2,7,2,0,2,7,3,0,2,4,1.2,,5,7,1.1,,0.1,3.5,-2956,0,-3.0 %,0.0 %,-2956,0,-3.0 %,0.0 %,-6797,0,-6.8 %,0.0 %,55.6 %,100.0 %,55.6 %,100.0 %,55.6 %,100.0 %,877,743,-998,0,50.0 %,100.0 %
PZA,20d RSI PZA LT31 - L PZA,-13.5 %,0.5 %,-6740,239,58.5 %,7.1 %,-23.0 %,6.7 %,-12.4 %,-0.4 %,14,3,1.2,0.2,42.9 %,66.7 %,0.2,6.1,-481,80,-1.0 %,0.2 %,7.4,5,3,1,3,1,3,1,3,1,3,0,1,2,0.8,2,6,2,0.2,12.2,-1.8,1.9,-10532,-21,-10.5 %,-0.0 %,-10532,-21,-10.5 %,-0.0 %,-11816,0,-11.8 %,0.0 %,42.9 %,66.7 %,42.9 %,66.7 %,38.5 %,66.7 %,225,130,-1012,-21,16.7 %,100.0 %
QAI,19d RSI QAI LT39 - L QAI,1.4 %,3.6 %,706,1807,38.3 %,10.3 %,3.7 %,35.0 %,-2.2 %,-0.9 %,18,8,1.5,0.7,55.6 %,100.0 %,1,,39,222,0.1 %,0.4 %,3.1,2.2,3,0,4,8,3,0,3,8,3,0,2,5,1.2,,10,8,1.3,,0.4,5.9,-2148,0,-2.1 %,0.0 %,-2148,0,-2.1 %,0.0 %,-1647,0,-1.6 %,0.0 %,55.6 %,100.0 %,55.6 %,100.0 %,52.9 %,100.0 %,317,222,-308,0,44.4 %,100.0 %
QCLN,5d RSI QCLN LT17 - L QCLN,4.0 %,23.3 %,1984,11655,12.2 %,6.8 %,32.5 %,345.6 %,-6.6 %,-4.5 %,5,6,0.4,0.5,60.0 %,100.0 %,0.9,,397,1780,0.8 %,3.6 %,4.8,1.8,1,0,3,6,1,0,3,6,1,0,3,4,1.5,,3,6,1.4,,0.3,8.6,-7342,0,-7.3 %,0.0 %,-7342,0,-7.3 %,0.0 %,-7342,0,-7.3 %,0.0 %,60.0 %,100.0 %,60.0 %,100.0 %,60.0 %,100.0 %,2312,1780,-2476,0,60.0 %,100.0 %
QLD,6d RSI QLD LT22 - L QLD,16.2 %,19.9 %,8101,9955,12.1 %,7.1 %,133.4 %,278.8 %,-0.4 %,-5.5 %,6,5,0.5,0.4,66.7 %,100.0 %,1.5,,1350,1862,2.7 %,3.7 %,3.8,2.6,1,0,2,5,1,0,2,5,1,0,2,5,2,,4,5,2.9,,1.2,3.6,-8039,0,-8.0 %,0.0 %,-8039,0,-8.0 %,0.0 %,-8039,0,-8.0 %,0.0 %,66.7 %,100.0 %,66.7 %,100.0 %,66.7 %,100.0 %,3079,1862,-2108,0,66.7 %,100.0 %
QLTA,4d RSI QLTA LT13 - L QLTA,1.8 %,3.7 %,899,1865,12.4 %,8.3 %,14.5 %,44.8 %,-1.6 %,-0.8 %,6,6,0.5,0.5,83.3 %,100.0 %,0.4,,150,306,0.3 %,0.6 %,2.3,2.5,1,0,3,6,1,0,3,6,1,0,2,6,5,,5,6,2.1,,0.8,4.4,-1652,0,-1.7 %,0.0 %,-1652,0,-1.7 %,0.0 %,-1652,0,-1.7 %,0.0 %,83.3 %,100.0 %,83.3 %,100.0 %,83.3 %,100.0 %,345,306,-826,0,80.0 %,100.0 %
QQQ,6d RSI QQQ LT20 - L QQQ,3.6 %,10.8 %,1815,5417,12.0 %,5.2 %,30.4 %,210.0 %,0.0 %,-1.2 %,4,4,0.3,0.3,75.0 %,100.0 %,0.8,,454,1305,0.9 %,2.6 %,4.2,2.2,1,0,3,4,1,0,3,4,1,0,3,4,3,,3,4,2.3,,0.8,5.7,-2744,0,-2.7 %,0.0 %,-2744,0,-2.7 %,0.0 %,-2744,0,-2.7 %,0.0 %,75.0 %,100.0 %,75.0 %,100.0 %,75.0 %,100.0 %,1062,1305,-1372,0,75.0 %,100.0 %
QQQE,4d RSI QQQE LT14 - L QQQE,5.4 %,9.6 %,2712,4818,13.1 %,6.0 %,41.4 %,161.9 %,-0.2 %,-1.2 %,5,5,0.4,0.4,80.0 %,100.0 %,5.9,,542,930,1.1 %,1.9 %,3.8,2,1,0,3,5,1,0,3,5,0,0,3,4,4,,4,5,23.7,,2.9,6.1,-239,0,-0.2 %,0.0 %,-239,0,-0.2 %,0.0 %,0,0,0.0 %,0.0 %,80.0 %,100.0 %,80.0 %,100.0 %,80.0 %,100.0 %,708,930,-120,0,100.0 %,100.0 %
QQXT,15d RSI QQXT LT37 - L QQXT,4.1 %,6.2 %,2036,3081,28.1 %,7.1 %,14.5 %,86.3 %,-2.8 %,-1.9 %,11,5,0.9,0.4,63.6 %,80.0 %,1,12.6,185,604,0.4 %,1.2 %,3.6,2.6,2,1,3,2,2,1,3,2,1,1,2,2,1.8,4,7,4,1.7,50.4,0.8,2.8,-2808,-61,-2.8 %,-0.1 %,-2808,-61,-2.8 %,-0.1 %,-2630,-61,-2.6 %,-0.1 %,63.6 %,80.0 %,63.6 %,80.0 %,60.0 %,80.0 %,702,770,-719,-61,57.1 %,75.0 %
QTEC,4d RSI QTEC LT17 - L QTEC,12.3 %,11.4 %,6152,5710,14.4 %,10.7 %,85.5 %,106.6 %,0.0 %,-3.4 %,8,7,0.7,0.6,100.0 %,85.7 %,,11.6,769,782,1.5 %,1.6 %,3.4,2.9,0,1,8,6,0,1,8,6,0,1,6,5,,6,8,6,,69.8,4.1,3.3,0,-80,0.0 %,-0.2 %,0,-80,0.0 %,-0.2 %,0,-80,0.0 %,-0.2 %,100.0 %,85.7 %,100.0 %,85.7 %,100.0 %,85.7 %,769,926,0,-80,100.0 %,83.3 %
QUAL,17d RSI QUAL LT42 - L QUAL,15.3 %,7.0 %,7655,3475,51.0 %,7.5 %,30.0 %,92.2 %,-4.5 %,-2.2 %,24,4,2,0.3,79.2 %,100.0 %,0.5,,319,850,0.6 %,1.7 %,3.1,3.8,2,0,8,4,2,0,8,4,1,0,6,3,3.8,,19,4,2,,1.5,2.9,-4313,0,-4.3 %,0.0 %,-4313,0,-4.3 %,0.0 %,-4286,0,-4.3 %,0.0 %,79.2 %,100.0 %,79.2 %,100.0 %,77.3 %,100.0 %,790,850,-1470,0,77.8 %,100.0 %
QYLD,8d RSI QYLD LT26 - L QYLD,-0.4 %,10.8 %,-203,5377,15.6 %,5.6 %,-2.6 %,193.6 %,-2.5 %,-1.2 %,5,5,0.4,0.4,40.0 %,100.0 %,1.4,,-41,1034,-0.1 %,2.1 %,4.4,1.8,2,0,1,5,2,0,1,5,2,0,1,5,0.7,,2,5,0.9,,-0.1,4.6,-2475,0,-2.5 %,0.0 %,-2475,0,-2.5 %,0.0 %,-1129,0,-1.1 %,0.0 %,40.0 %,100.0 %,40.0 %,100.0 %,40.0 %,100.0 %,958,1034,-706,0,25.0 %,100.0 %
RDVY,18d RSI RDVY LT40 - L RDVY,25.2 %,8.8 %,12592,4418,34.7 %,5.2 %,72.5 %,171.3 %,-4.2 %,-1.7 %,17,4,1.4,0.3,82.4 %,100.0 %,0.9,,741,1072,1.5 %,2.1 %,2.7,2.2,1,0,7,4,1,0,7,4,1,0,5,4,4.7,,14,4,4,,2.8,4.3,-5011,0,-5.0 %,0.0 %,-3152,0,-3.2 %,0.0 %,-2261,0,-2.3 %,0.0 %,82.4 %,100.0 %,82.4 %,100.0 %,81.2 %,100.0 %,1198,1072,-1393,0,77.8 %,100.0 %
REET,10d RSI REET LT32 - L REET,-9.6 %,5.3 %,-4817,2668,29.2 %,5.2 %,-33.0 %,103.4 %,-13.2 %,-2.2 %,9,3,0.8,0.2,44.4 %,66.7 %,0.6,7.6,-535,881,-1.1 %,1.8 %,5.1,3.3,4,1,2,2,4,1,2,2,2,1,1,2,0.8,2,4,2,0.5,15.2,-0.8,1.8,-8311,-187,-8.3 %,-0.4 %,-8311,-187,-8.3 %,-0.4 %,-5231,-187,-5.2 %,-0.4 %,44.4 %,66.7 %,44.4 %,66.7 %,44.4 %,66.7 %,1002,1415,-1765,-187,40.0 %,66.7 %
REM,4d RSI REM LT15 - L REM,-4.0 %,18.3 %,-2020,9130,21.1 %,7.5 %,-19.2 %,242.2 %,-8.9 %,-1.6 %,7,6,0.6,0.5,57.1 %,100.0 %,0.5,,-289,1423,-0.6 %,2.9 %,4.3,2.2,1,0,2,6,1,0,2,6,1,0,2,5,1.3,,4,6,0.7,,-0.4,4.6,-9425,0,-9.4 %,0.0 %,-9425,0,-9.4 %,0.0 %,-9425,0,-9.4 %,0.0 %,57.1 %,100.0 %,57.1 %,100.0 %,57.1 %,100.0 %,1117,1423,-2162,0,50.0 %,100.0 %
REMX,14d RSI REMX LT41 - L REMX,15.9 %,36.8 %,7954,18402,33.7 %,9.9 %,47.2 %,371.0 %,-11.0 %,-4.8 %,15,8,1.2,0.7,60.0 %,87.5 %,1.3,47.3,530,2011,1.1 %,4.0 %,3.4,2.1,1,1,2,5,1,1,2,4,1,0,4,5,1.5,7,9,7,1.9,331.1,0.9,4.9,-7070,-49,-7.1 %,-0.1 %,-7070,-49,-7.1 %,-0.1 %,-7070,0,-7.1 %,0.0 %,60.0 %,87.5 %,60.0 %,87.5 %,53.8 %,85.7 %,1859,2305,-1462,-49,75.0 %,100.0 %
RETL,5d RSI RETL LT21 - L RETL,61.2 %,48.7 %,30598,24363,12.8 %,7.1 %,477.7 %,682.2 %,-4.3 %,-13.1 %,8,5,0.7,0.4,75.0 %,100.0 %,2.8,,3825,4210,7.6 %,8.4 %,2.8,2.6,1,0,6,5,1,0,6,5,1,0,4,4,3,,6,5,8.3,,2.4,3.2,-7290,0,-7.3 %,0.0 %,-7290,0,-7.3 %,0.0 %,-7290,0,-7.3 %,0.0 %,75.0 %,100.0 %,75.0 %,100.0 %,75.0 %,100.0 %,5802,4210,-2106,0,66.7 %,100.0 %
RING,19d RSI RING LT37 - L RING,2.1 %,21.0 %,1071,10488,50.5 %,14.7 %,4.2 %,142.9 %,-14.7 %,-4.5 %,10,11,0.8,0.9,60.0 %,81.8 %,0.7,3.2,107,881,0.2 %,1.8 %,4.1,2.4,2,1,3,6,2,1,2,6,1,1,2,5,1.5,4.5,6,9,1.1,14.3,0.1,3.3,-15282,-555,-15.3 %,-1.1 %,-15282,-176,-15.3 %,-0.3 %,-15282,-555,-15.3 %,-1.1 %,60.0 %,81.8 %,60.0 %,81.8 %,55.6 %,88.9 %,2033,1157,-2781,-365,60.0 %,85.7 %
RLY,3d RSI RLY LT10 - L RLY,-1.4 %,9.6 %,-692,4812,21.2 %,7.1 %,-6.5 %,134.8 %,-3.4 %,-1.3 %,4,6,0.3,0.5,75.0 %,100.0 %,0.2,,-173,774,-0.3 %,1.6 %,4.5,2,1,0,2,6,1,0,2,6,1,0,1,6,3,,3,6,0.6,,-0.4,4.3,-3425,0,-3.4 %,0.0 %,-3425,0,-3.4 %,0.0 %,-3425,0,-3.4 %,0.0 %,75.0 %,100.0 %,75.0 %,100.0 %,75.0 %,100.0 %,340,774,-1713,0,66.7 %,100.0 %
ROBO,7d RSI ROBO LT20 - L ROBO,-1.1 %,9.4 %,-540,4694,9.9 %,6.0 %,-10.9 %,157.7 %,0.0 %,-2.5 %,3,3,0.2,0.2,66.7 %,100.0 %,0.3,,-180,1519,-0.4 %,3.0 %,4.7,4,1,0,2,3,1,0,2,3,1,0,1,3,2,,2,3,0.6,,-0.3,10.7,-2784,0,-2.8 %,0.0 %,-2784,0,-2.8 %,0.0 %,-2784,0,-2.8 %,0.0 %,66.7 %,100.0 %,66.7 %,100.0 %,66.7 %,100.0 %,426,1519,-1392,0,50.0 %,100.0 %
RPG,3d RSI RPG LT10 - L RPG,5.2 %,7.3 %,2624,3651,16.2 %,5.6 %,32.3 %,131.4 %,-3.7 %,-2.5 %,6,4,0.5,0.3,66.7 %,100.0 %,1,,437,891,0.9 %,1.8 %,4,2.5,1,0,3,4,1,0,3,4,1,0,3,3,2,,4,4,1.9,,0.7,3.6,-3693,0,-3.7 %,0.0 %,-3693,0,-3.7 %,0.0 %,-3435,0,-3.4 %,0.0 %,66.7 %,100.0 %,66.7 %,100.0 %,66.7 %,100.0 %,1358,891,-1403,0,75.0 %,100.0 %
RPV,5d RSI RPV LT24 - L RPV,1.7 %,18.7 %,850,9346,17.2 %,9.9 %,9.9 %,188.4 %,-5.6 %,-2.6 %,9,9,0.8,0.8,66.7 %,88.9 %,0.6,18.6,94,963,0.2 %,1.9 %,3.3,1.8,1,1,3,6,1,1,3,6,1,1,3,5,2,8,6,8,1.2,149.1,0.2,6.6,-5565,-59,-5.6 %,-0.1 %,-5565,-59,-5.6 %,-0.1 %,-5565,-59,-5.6 %,-0.1 %,66.7 %,88.9 %,66.7 %,88.9 %,66.7 %,88.9 %,875,1091,-1466,-59,71.4 %,87.5 %
RSP,9d RSI RSP LT33 - L RSP,9.1 %,10.6 %,4536,5296,26.6 %,6.8 %,34.1 %,157.0 %,-2.3 %,-1.4 %,10,6,0.8,0.5,70.0 %,100.0 %,1.2,,454,847,0.9 %,1.7 %,3.7,1.8,1,0,4,6,1,0,6,6,1,0,4,6,2.3,,7,6,2.9,,1.4,6.1,-2583,0,-2.6 %,0.0 %,-2583,0,-2.6 %,0.0 %,-2050,0,-2.0 %,0.0 %,70.0 %,100.0 %,70.0 %,100.0 %,77.8 %,100.0 %,998,847,-816,0,71.4 %,100.0 %
RSPG,5d RSI RSPG LT23 - L RSPG,-6.0 %,30.6 %,-3012,15281,14.5 %,9.5 %,-41.7 %,320.9 %,-12.2 %,-8.0 %,4,7,0.3,0.6,50.0 %,85.7 %,0.6,3.1,-753,1960,-1.5 %,3.9 %,4.8,2.4,1,1,1,3,1,1,1,3,1,1,1,3,1,6,2,6,0.6,18.7,-0.4,3.7,-12751,-776,-12.8 %,-1.6 %,-12751,-776,-12.8 %,-1.6 %,-12751,-776,-12.8 %,-1.6 %,50.0 %,85.7 %,50.0 %,85.7 %,50.0 %,85.7 %,1938,2416,-3444,-776,50.0 %,85.7 %
RSPN,14d RSI RSPN LT39 - L RSPN,19.2 %,18.4 %,9618,9209,37.7 %,9.9 %,51.0 %,185.7 %,-3.0 %,-1.5 %,16,8,1.3,0.7,75.0 %,100.0 %,1.2,,601,1069,1.2 %,2.1 %,3.2,2.1,1,0,6,8,1,0,6,8,1,0,5,7,3,,12,8,3.6,,2.4,9.3,-3691,0,-3.7 %,0.0 %,-3691,0,-3.7 %,0.0 %,-1224,0,-1.2 %,0.0 %,75.0 %,100.0 %,75.0 %,100.0 %,80.0 %,100.0 %,1105,1069,-910,0,75.0 %,100.0 %
RSPS,20d RSI RSPS LT44 - L RSPS,7.6 %,14.5 %,3806,7262,34.7 %,16.3 %,21.9 %,89.3 %,-3.7 %,-1.1 %,13,10,1.1,0.8,69.2 %,100.0 %,1,,293,684,0.6 %,1.4 %,3.5,3.1,3,0,3,10,2,0,5,9,0,0,6,7,2.2,,9,10,2.4,,1.3,7.3,-3876,0,-3.9 %,0.0 %,-2069,0,-2.1 %,0.0 %,0,0,0.0 %,0.0 %,69.2 %,100.0 %,69.2 %,100.0 %,80.0 %,100.0 %,736,684,-704,0,100.0 %,100.0 %
RSPT,6d RSI RSPT LT25 - L RSPT,9.0 %,10.5 %,4498,5252,15.3 %,5.2 %,58.8 %,203.6 %,-5.4 %,-0.6 %,9,5,0.8,0.4,66.7 %,100.0 %,1,,500,1011,1.0 %,2.0 %,3.1,1.6,2,0,3,5,2,0,3,5,1,0,2,5,2,,6,5,2,,1,4.9,-3140,0,-3.1 %,0.0 %,-3140,0,-3.1 %,0.0 %,-4017,0,-4.0 %,0.0 %,66.7 %,100.0 %,66.7 %,100.0 %,66.7 %,100.0 %,1464,1011,-1429,0,66.7 %,100.0 %
RWM,9d RSI RWM LT21 - L RWM,2.7 %,2.4 %,1367,1206,75.0 %,5.2 %,3.6 %,46.8 %,0.0 %,-2.4 %,2,3,0.2,0.2,100.0 %,100.0 %,,,684,400,1.4 %,0.8 %,2,3.3,0,0,2,3,0,0,2,3,0,0,1,3,,,2,3,,,37.7,1.8,0,0,0.0 %,0.0 %,0,0,0.0 %,0.0 %,0,0,0.0 %,0.0 %,100.0 %,100.0 %,100.0 %,100.0 %,100.0 %,100.0 %,684,400,0,0,100.0 %,100.0 %
RWR,6d RSI RWR LT27 - L RWR,-4.0 %,10.4 %,-1991,5204,27.7 %,6.0 %,-14.4 %,174.8 %,-8.3 %,-2.3 %,12,4,1,0.3,58.3 %,100.0 %,0.6,,-166,1258,-0.3 %,2.5 %,4.4,2.8,3,0,4,4,3,0,4,4,1,0,4,4,1.4,,7,4,0.8,,-0.3,3.4,-8386,0,-8.4 %,0.0 %,-8386,0,-8.4 %,0.0 %,-6740,0,-6.7 %,0.0 %,58.3 %,100.0 %,58.3 %,100.0 %,58.3 %,100.0 %,1086,1258,-1918,0,66.7 %,100.0 %
SCHA,21d RSI SCHA LT40 - L SCHA,14.6 %,9.2 %,7299,4590,25.9 %,5.2 %,56.3 %,178.0 %,-2.1 %,-2.8 %,12,4,1,0.3,75.0 %,100.0 %,1.1,,608,1111,1.2 %,2.2 %,2.9,2.2,1,0,4,4,1,0,4,4,1,0,4,3,3,,9,4,3.3,,1.9,7.2,-3214,0,-3.2 %,0.0 %,-3214,0,-3.2 %,0.0 %,-3214,0,-3.2 %,0.0 %,75.0 %,100.0 %,75.0 %,100.0 %,72.7 %,100.0 %,1159,1111,-1043,0,71.4 %,100.0 %
SCHB,17d RSI SCHB LT47 - L SCHB,6.3 %,27.8 %,3159,13891,60.0 %,16.3 %,10.5 %,170.8 %,-6.7 %,-2.0 %,34,11,2.8,0.9,64.7 %,100.0 %,0.7,,93,1130,0.2 %,2.3 %,3.3,2.7,2,0,4,11,3,0,4,11,2,0,3,8,1.8,,22,11,1.2,,0.5,6.9,-4582,0,-4.6 %,0.0 %,-5092,0,-5.1 %,0.0 %,-2972,0,-3.0 %,0.0 %,64.7 %,100.0 %,64.7 %,100.0 %,58.6 %,100.0 %,766,1130,-1141,0,63.6 %,100.0 %
SCHC,17d RSI SCHC LT37 - L SCHC,9.0 %,3.8 %,4481,1904,37.5 %,6.8 %,23.9 %,56.5 %,-6.3 %,-3.9 %,18,5,1.5,0.4,66.7 %,80.0 %,0.9,3.6,249,376,0.5 %,0.8 %,2.9,2.4,3,1,4,2,3,1,4,2,1,0,3,3,2,4,12,4,1.9,14.5,1,3.1,-6794,-139,-6.8 %,-0.3 %,-6550,-139,-6.5 %,-0.3 %,-5998,0,-6.0 %,0.0 %,66.7 %,80.0 %,66.7 %,80.0 %,62.5 %,80.0 %,809,505,-870,-139,66.7 %,100.0 %
SCHD,20d RSI SCHD LT43 - L SCHD,15.5 %,8.7 %,7727,4340,44.7 %,6.8 %,34.5 %,128.7 %,-3.2 %,-1.3 %,20,4,1.7,0.3,85.0 %,100.0 %,0.6,,386,1051,0.8 %,2.1 %,3.1,3.2,1,0,9,4,1,0,9,4,1,0,5,4,5.7,,17,4,3.2,,2.2,15.9,-3635,0,-3.6 %,0.0 %,-3008,0,-3.0 %,0.0 %,-3196,0,-3.2 %,0.0 %,85.0 %,100.0 %,85.0 %,100.0 %,84.2 %,100.0 %,657,1051,-1146,0,77.8 %,100.0 %
SCHE,4d RSI SCHE LT12 - L SCHE,0.5 %,15.7 %,272,7843,10.6 %,8.7 %,5.1 %,179.7 %,-2.2 %,-2.1 %,3,7,0.2,0.6,33.3 %,100.0 %,2.5,,91,1052,0.2 %,2.1 %,4.3,2.1,2,0,1,7,2,0,1,7,2,0,1,5,0.5,,1,7,1.2,,0.2,12.3,-2273,0,-2.3 %,0.0 %,-2273,0,-2.3 %,0.0 %,-2273,0,-2.3 %,0.0 %,33.3 %,100.0 %,33.3 %,100.0 %,33.3 %,100.0 %,1408,1052,-568,0,33.3 %,100.0 %
SCHF,10d RSI SCHF LT31 - L SCHF,8.2 %,3.5 %,4124,1766,25.4 %,6.0 %,32.5 %,59.3 %,-4.8 %,-1.9 %,11,4,0.9,0.3,81.8 %,100.0 %,0.6,,375,436,0.7 %,0.9 %,3,2.8,2,0,8,4,2,0,8,4,1,0,7,4,4.5,,9,4,2.5,,1.4,16,-5416,0,-5.4 %,0.0 %,-5416,0,-5.4 %,0.0 %,-5416,0,-5.4 %,0.0 %,81.8 %,100.0 %,81.8 %,100.0 %,81.8 %,100.0 %,759,436,-1354,0,88.9 %,100.0 %
SCHG,7d RSI SCHG LT27 - L SCHG,15.1 %,11.4 %,7571,5706,18.8 %,8.7 %,80.4 %,130.7 %,-3.6 %,-3.1 %,10,6,0.8,0.5,80.0 %,100.0 %,1.1,,757,912,1.5 %,1.8 %,3.7,2.7,1,0,5,6,1,0,5,6,1,0,5,5,4,,8,6,4.6,,2.1,3.9,-3698,0,-3.7 %,0.0 %,-3698,0,-3.7 %,0.0 %,-2221,0,-2.2 %,0.0 %,80.0 %,100.0 %,80.0 %,100.0 %,80.0 %,100.0 %,1210,912,-1055,0,77.8 %,100.0 %
SCHH,3d RSI SCHH LT14 - L SCHH,-3.2 %,9.0 %,-1619,4521,23.5 %,5.6 %,-13.8 %,162.8 %,-6.1 %,-1.6 %,10,5,0.8,0.4,70.0 %,100.0 %,0.3,,-162,875,-0.3 %,1.8 %,4.7,1.8,1,0,3,5,1,0,3,5,1,0,3,4,2.3,,7,5,0.8,,-0.3,4.7,-6243,0,-6.2 %,0.0 %,-6243,0,-6.2 %,0.0 %,-6243,0,-6.2 %,0.0 %,70.0 %,100.0 %,70.0 %,100.0 %,70.0 %,100.0 %,876,875,-2584,0,66.7 %,100.0 %
SCHK,15d RSI SCHK LT45 - L SCHK,9.5 %,27.5 %,4745,13751,52.2 %,15.9 %,18.2 %,173.3 %,-6.2 %,-1.9 %,28,11,2.3,0.9,67.9 %,100.0 %,0.7,,169,1119,0.3 %,2.2 %,3.5,2.6,3,0,4,11,3,0,4,11,1,0,6,8,2.1,,19,11,1.4,,0.8,7.1,-5781,0,-5.8 %,0.0 %,-5781,0,-5.8 %,0.0 %,-5781,0,-5.8 %,0.0 %,67.9 %,100.0 %,67.9 %,100.0 %,64.0 %,100.0 %,810,1119,-1182,0,80.0 %,100.0 %
SCHM,11d RSI SCHM LT41 - L SCHM,14.1 %,29.3 %,7057,14646,35.9 %,20.2 %,39.3 %,144.7 %,-5.7 %,-4.5 %,21,13,1.8,1.1,76.2 %,92.3 %,0.6,8.9,336,1004,0.7 %,2.0 %,3.1,2.9,1,1,5,8,1,1,5,8,1,1,2,6,3.2,12,16,12,1.8,106.6,1.1,4.5,-6193,-124,-6.2 %,-0.2 %,-5219,-124,-5.2 %,-0.2 %,-5219,-124,-5.2 %,-0.2 %,76.2 %,92.3 %,76.2 %,92.3 %,75.0 %,92.3 %,986,1098,-1743,-124,60.0 %,88.9 %
SCHO,18d RSI SCHO LT31 - L SCHO,-1.3 %,0.2 %,-643,90,32.1 %,5.6 %,-4.0 %,3.2 %,-1.3 %,-0.2 %,8,3,0.7,0.2,25.0 %,66.7 %,0.7,,-80,30,-0.2 %,0.1 %,6.2,3.7,5,1,2,1,5,1,2,1,3,1,2,1,0.3,2,2,2,0.2,,-1.6,2.4,-1331,0,-1.3 %,0.0 %,-1331,0,-1.3 %,0.0 %,-1284,0,-1.3 %,0.0 %,25.0 %,66.7 %,25.0 %,66.7 %,25.0 %,66.7 %,94,45,-138,0,33.3 %,66.7 %
SCHP,17d RSI SCHP LT41 - L SCHP,3.4 %,1.1 %,1710,538,51.8 %,7.9 %,6.6 %,13.6 %,-2.1 %,-2.0 %,22,5,1.8,0.4,54.5 %,80.0 %,1.5,0.8,78,108,0.2 %,0.2 %,4.1,3,3,1,3,4,3,1,3,4,1,1,3,2,1.2,4,12,4,1.8,3.2,1.1,1.3,-2128,-241,-2.1 %,-0.5 %,-2128,-241,-2.1 %,-0.5 %,-1596,-241,-1.6 %,-0.5 %,54.5 %,80.0 %,54.5 %,80.0 %,57.1 %,80.0 %,326,195,-220,-241,77.8 %,66.7 %
SCHR,21d RSI SCHR LT32 - L SCHR,1.6 %,0.3 %,780,145,19.8 %,7.9 %,7.9 %,3.6 %,-0.4 %,-1.3 %,9,5,0.8,0.4,66.7 %,60.0 %,2.1,1.2,87,29,0.2 %,0.1 %,2.9,3,2,2,3,3,2,2,3,3,1,0,4,2,2,1.5,6,3,4.3,1.8,1.8,0.6,-394,-181,-0.4 %,-0.4 %,-394,-181,-0.4 %,-0.4 %,-84,0,-0.1 %,0.0 %,66.7 %,60.0 %,66.7 %,60.0 %,66.7 %,60.0 %,170,109,-80,-91,83.3 %,100.0 %
SCHV,13d RSI SCHV LT37 - L SCHV,11.1 %,8.1 %,5550,4061,30.1 %,5.2 %,36.9 %,157.4 %,-2.2 %,-1.0 %,12,4,1,0.3,83.3 %,100.0 %,0.8,,462,986,0.9 %,2.0 %,3.4,2.2,1,0,7,4,1,0,9,4,1,0,6,4,5,,10,4,4,,2.2,13.8,-2525,0,-2.5 %,0.0 %,-2525,0,-2.5 %,0.0 %,-1198,0,-1.2 %,0.0 %,83.3 %,100.0 %,83.3 %,100.0 %,90.9 %,100.0 %,739,986,-919,0,87.5 %,100.0 %
SCHX,15d RSI SCHX LT45 - L SCHX,6.9 %,25.6 %,3459,12791,51.8 %,15.5 %,13.4 %,165.3 %,-6.4 %,-2.0 %,28,11,2.3,0.9,67.9 %,100.0 %,0.6,,124,1049,0.2 %,2.1 %,3.4,2.5,3,0,4,11,3,0,4,11,1,0,6,8,2.1,,19,11,1.3,,0.5,7,-5731,0,-5.7 %,0.0 %,-5731,0,-5.7 %,0.0 %,-5731,0,-5.7 %,0.0 %,67.9 %,100.0 %,67.9 %,100.0 %,64.0 %,100.0 %,792,1049,-1287,0,80.0 %,100.0 %
SCHZ,4d RSI SCHZ LT10 - L SCHZ,0.6 %,1.5 %,281,738,11.5 %,5.2 %,4.9 %,28.6 %,-1.1 %,-0.6 %,5,4,0.4,0.3,60.0 %,100.0 %,0.9,,56,184,0.1 %,0.4 %,3.2,2.2,2,0,3,4,2,0,3,4,2,0,2,3,1.5,,3,4,1.4,,0.3,2.5,-1331,0,-1.3 %,0.0 %,-1331,0,-1.3 %,0.0 %,-1331,0,-1.3 %,0.0 %,60.0 %,100.0 %,60.0 %,100.0 %,60.0 %,100.0 %,315,184,-333,0,50.0 %,100.0 %
SCO,10d RSI SCO LT20 - L SCO,-13.9 %,11.6 %,-6956,5800,44.0 %,5.6 %,-31.6 %,208.8 %,-13.5 %,-6.1 %,2,4,0.2,0.3,0.0 %,75.0 %,0,10.8,-3478,1407,-7.0 %,2.8 %,4.5,2.5,2,1,0,3,2,1,0,3,2,0,0,2,0,3,0,3,0,32.3,-1.5,2.2,-13913,-180,-13.9 %,-0.4 %,-13913,-180,-13.9 %,-0.4 %,-13913,0,-13.9 %,0.0 %,0.0 %,75.0 %,0.0 %,75.0 %,0.0 %,75.0 %,0,1936,-3478,-180,0.0 %,100.0 %
SCZ,20d RSI SCZ LT38 - L SCZ,6.0 %,4.1 %,3010,2031,40.6 %,7.9 %,14.8 %,51.2 %,-6.3 %,-3.4 %,18,5,1.5,0.4,55.6 %,80.0 %,1.2,32.4,167,401,0.3 %,0.8 %,3.2,3,4,1,4,2,4,1,3,2,2,0,3,2,1.2,4,10,4,1.5,129.5,0.7,3,-6719,-16,-6.7 %,-0.0 %,-6355,-16,-6.4 %,-0.0 %,-6355,0,-6.4 %,0.0 %,55.6 %,80.0 %,55.6 %,80.0 %,50.0 %,80.0 %,878,505,-721,-16,55.6 %,100.0 %
SDIV,4d RSI SDIV LT11 - L SDIV,-9.6 %,11.6 %,-4803,5815,17.1 %,7.1 %,-56.2 %,162.8 %,-10.6 %,-1.0 %,5,7,0.4,0.6,20.0 %,100.0 %,0.4,,-961,793,-1.9 %,1.6 %,4.2,1.6,4,0,1,7,4,0,1,7,4,0,1,5,0.2,,1,7,0.1,,-1.8,5.6,-10759,0,-10.8 %,0.0 %,-10759,0,-10.8 %,0.0 %,-10759,0,-10.8 %,0.0 %,20.0 %,100.0 %,20.0 %,100.0 %,20.0 %,100.0 %,577,793,-1345,0,20.0 %,100.0 %
SDS,19d RSI SDS LT33 - L SDS,1.0 %,5.1 %,520,2528,100.0 %,15.1 %,1.0 %,33.5 %,0.0 %,-3.1 %,1,8,0.1,0.7,100.0 %,75.0 %,,0.9,520,314,1.0 %,0.6 %,2,3.8,0,1,1,3,0,1,1,3,0,1,1,2,,3,1,6,,2.7,0,1.3,0,-903,0.0 %,-1.8 %,0,-903,0.0 %,-1.8 %,0,-903,0.0 %,-1.8 %,100.0 %,75.0 %,100.0 %,75.0 %,100.0 %,75.0 %,520,668,0,-751,100.0 %,60.0 %
SDVY,18d RSI SDVY LT40 - L SDVY,19.8 %,12.2 %,9885,6118,31.1 %,5.6 %,63.5 %,220.2 %,-2.4 %,-1.6 %,13,5,1.1,0.4,84.6 %,100.0 %,0.8,,760,1170,1.5 %,2.3 %,3.2,1.8,1,0,7,5,1,0,10,5,1,0,7,4,5.5,,11,5,4.6,,2.5,5.8,-2797,0,-2.8 %,0.0 %,-2797,0,-2.8 %,0.0 %,-904,0,-0.9 %,0.0 %,84.6 %,100.0 %,84.6 %,100.0 %,91.7 %,100.0 %,1151,1170,-1389,0,88.9 %,100.0 %
SDY,4d RSI SDY LT14 - L SDY,-0.1 %,9.3 %,-43,4671,13.1 %,5.2 %,-0.7 %,181.1 %,-1.2 %,-0.7 %,4,4,0.3,0.3,50.0 %,100.0 %,1,,-11,1131,-0.0 %,2.3 %,4.8,2.2,1,0,1,4,1,0,1,4,1,0,1,4,1,,2,4,1,,0,5.3,-1203,0,-1.2 %,0.0 %,-1203,0,-1.2 %,0.0 %,-1203,0,-1.2 %,0.0 %,50.0 %,100.0 %,50.0 %,100.0 %,50.0 %,100.0 %,502,1131,-524,0,50.0 %,100.0 %
SECT,7d RSI SECT LT30 - L SECT,5.5 %,15.3 %,2764,7645,25.9 %,9.1 %,21.3 %,167.5 %,-2.5 %,-1.9 %,9,7,0.8,0.6,44.4 %,100.0 %,2.7,,307,1030,0.6 %,2.1 %,4.1,2.3,3,0,2,7,3,0,2,7,2,0,1,7,0.8,,4,7,2.2,,0.9,5,-2674,0,-2.7 %,0.0 %,-2674,0,-2.7 %,0.0 %,-2674,0,-2.7 %,0.0 %,44.4 %,100.0 %,44.4 %,100.0 %,44.4 %,100.0 %,1291,1030,-480,0,42.9 %,100.0 %
SGOL,4d RSI SGOL LT10 - L SGOL,-2.6 %,3.1 %,-1299,1531,100.0 %,5.2 %,-2.6 %,59.4 %,0.0 %,-2.4 %,1,4,0.1,0.3,0.0 %,75.0 %,0,2.8,-1299,380,-2.6 %,0.8 %,12,2.2,1,1,0,2,1,1,0,2,1,1,0,2,0,3,0,3,0,8.4,0,1.7,-2599,-207,-2.6 %,-0.4 %,-2599,-207,-2.6 %,-0.4 %,-2599,-207,-2.6 %,-0.4 %,0.0 %,75.0 %,0.0 %,75.0 %,0.0 %,75.0 %,0,576,-1299,-207,0.0 %,75.0 %
SHM,13d RSI SHM LT23 - L SHM,-3.1 %,0.3 %,-1547,153,36.3 %,6.8 %,-8.5 %,4.5 %,-2.0 %,-0.1 %,7,3,0.6,0.2,28.6 %,100.0 %,0.2,,-221,51,-0.4 %,0.1 %,8.6,4.7,2,0,1,3,2,0,1,3,2,0,2,2,0.4,,2,3,0.1,,-2.3,2.1,-1777,0,-1.8 %,0.0 %,-1777,0,-1.8 %,0.0 %,-1777,0,-1.8 %,0.0 %,28.6 %,100.0 %,28.6 %,100.0 %,28.6 %,100.0 %,62,51,-334,0,40.0 %,100.0 %
SHV,20d RSI SHV LT39 - L SHV,0.1 %,0.1 %,27,32,40.5 %,11.1 %,0.1 %,0.6 %,-0.1 %,-0.0 %,7,3,0.6,0.2,42.9 %,100.0 %,2.4,,4,11,0.0 %,0.0 %,6,8.3,3,0,2,3,3,0,2,3,3,0,2,3,0.8,,3,3,1.8,,0.6,4.2,-64,0,-0.1 %,0.0 %,-64,0,-0.1 %,0.0 %,-64,0,-0.1 %,0.0 %,42.9 %,100.0 %,42.9 %,100.0 %,42.9 %,100.0 %,19,11,-8,0,40.0 %,100.0 %
SHY,20d RSI SHY LT37 - L SHY,-2.6 %,0.7 %,-1323,358,50.0 %,15.5 %,-5.3 %,4.6 %,-2.4 %,-0.2 %,15,9,1.2,0.8,40.0 %,88.9 %,0.4,2.4,-88,40,-0.2 %,0.1 %,5.8,3.3,3,1,3,5,3,1,2,5,4,1,1,3,0.7,8,6,8,0.2,19,-2.1,3.8,-1134,-20,-1.1 %,-0.0 %,-1134,-20,-1.1 %,-0.0 %,-1942,-7,-1.9 %,-0.0 %,40.0 %,88.9 %,40.0 %,88.9 %,35.7 %,88.9 %,70,47,-194,-20,12.5 %,83.3 %
SHYG,11d RSI SHYG LT31 - L SHYG,2.8 %,1.3 %,1388,635,16.5 %,5.6 %,16.9 %,22.9 %,-0.3 %,-0.7 %,8,4,0.7,0.3,75.0 %,75.0 %,2.5,3.2,174,158,0.3 %,0.3 %,2.6,2.5,1,1,3,2,1,1,3,2,1,1,3,2,3,3,6,3,7.4,9.6,2,2,-342,-73,-0.3 %,-0.1 %,-342,-73,-0.3 %,-0.1 %,-342,-73,-0.3 %,-0.1 %,75.0 %,75.0 %,75.0 %,75.0 %,75.0 %,75.0 %,267,235,-108,-73,80.0 %,75.0 %
SIL,8d RSI SIL LT18 - L SIL,3.9 %,8.9 %,1969,4452,100.0 %,5.2 %,3.9 %,172.6 %,0.0 %,-2.6 %,1,3,0.1,0.2,100.0 %,100.0 %,,,1969,1445,3.9 %,2.9 %,1,3.3,0,0,1,3,0,0,1,3,0,0,1,2,,,1,3,,,0,4.5,0,0,0.0 %,0.0 %,0,0,0.0 %,0.0 %,0,0,0.0 %,0.0 %,100.0 %,100.0 %,100.0 %,100.0 %,100.0 %,100.0 %,1969,1445,0,0,100.0 %,100.0 %
SILJ,8d RSI SILJ LT20 - L SILJ,2.5 %,16.2 %,1256,8127,50.0 %,5.2 %,5.0 %,315.1 %,0.0 %,-3.7 %,2,4,0.2,0.3,100.0 %,100.0 %,,,628,1925,1.3 %,3.9 %,2.5,2.2,0,0,2,4,0,0,2,4,0,0,2,3,,,2,4,,,1.7,4.6,0,0,0.0 %,0.0 %,0,0,0.0 %,0.0 %,0,0,0.0 %,0.0 %,100.0 %,100.0 %,100.0 %,100.0 %,100.0 %,100.0 %,628,1925,0,0,100.0 %,100.0 %
SIVR,14d RSI SIVR LT31 - L SIVR,-5.0 %,12.4 %,-2502,6214,35.2 %,6.3 %,-14.2 %,195.8 %,-6.9 %,-1.4 %,6,7,0.5,0.6,33.3 %,100.0 %,0.6,,-417,846,-0.8 %,1.7 %,4.2,1.3,2,0,1,7,4,0,1,6,3,0,0,3,0.5,,2,7,0.3,,-1,5.3,-6994,0,-7.0 %,0.0 %,-6143,0,-6.1 %,0.0 %,-5003,0,-5.0 %,0.0 %,33.3 %,100.0 %,33.3 %,100.0 %,20.0 %,100.0 %,596,846,-923,0,0.0 %,100.0 %
SJB,4d RSI SJB LT10 - L SJB,0.1 %,0.1 %,62,34,100.0 %,5.2 %,0.1 %,1.3 %,0.0 %,-0.5 %,1,2,0.1,0.2,100.0 %,50.0 %,,1.4,62,17,0.1 %,0.0 %,2,5.5,0,1,1,1,0,1,1,1,0,1,1,1,,1,1,1,,1.4,0,0.2,0,-96,0.0 %,-0.2 %,0,-96,0.0 %,-0.2 %,0,-96,0.0 %,-0.2 %,100.0 %,50.0 %,100.0 %,50.0 %,100.0 %,50.0 %,62,130,0,-96,100.0 %,50.0 %
SJNK,14d RSI SJNK LT40 - L SJNK,5.5 %,1.1 %,2754,575,49.7 %,6.3 %,11.1 %,18.1 %,-1.3 %,-0.8 %,18,5,1.5,0.4,66.7 %,80.0 %,1.3,1.2,153,115,0.3 %,0.2 %,4.1,2.2,2,1,4,3,2,0,4,4,1,1,4,3,2,4,12,4,2.6,4.9,1.6,1.8,-1349,-149,-1.3 %,-0.3 %,-1349,0,-1.3 %,0.0 %,-1008,-149,-1.0 %,-0.3 %,66.7 %,80.0 %,66.7 %,80.0 %,66.7 %,100.0 %,376,181,-294,-149,75.0 %,80.0 %
SKYY,3d RSI SKYY LT10 - L SKYY,29.0 %,6.9 %,14505,3455,16.3 %,6.8 %,177.5 %,102.4 %,-0.8 %,-3.0 %,10,6,0.8,0.5,90.0 %,83.3 %,3.8,11,1451,562,2.9 %,1.1 %,3.1,1.8,1,1,8,4,1,1,8,4,0,0,8,5,9,5,9,5,34.4,55.2,3.5,3.2,-868,-62,-0.9 %,-0.1 %,-868,-62,-0.9 %,-0.1 %,0,0,0.0 %,0.0 %,90.0 %,83.3 %,90.0 %,83.3 %,90.0 %,83.3 %,1660,687,-434,-62,100.0 %,100.0 %
SLQD,5d RSI SLQD LT17 - L SLQD,-1.0 %,1.1 %,-517,552,19.4 %,7.5 %,-5.3 %,14.6 %,-1.3 %,-0.1 %,7,6,0.6,0.5,42.9 %,100.0 %,0.4,,-74,92,-0.1 %,0.2 %,4.7,2.2,2,0,2,6,2,0,2,6,2,0,1,4,0.8,,3,6,0.3,,-1.2,7.3,-1273,0,-1.3 %,0.0 %,-1273,0,-1.3 %,0.0 %,-1273,0,-1.3 %,0.0 %,42.9 %,100.0 %,42.9 %,100.0 %,42.9 %,100.0 %,70,92,-182,0,33.3 %,100.0 %
SLV,11d RSI SLV LT27 - L SLV,-1.7 %,9.6 %,-844,4785,26.4 %,8.3 %,-6.4 %,114.8 %,-3.8 %,-1.9 %,5,6,0.4,0.5,40.0 %,100.0 %,0.9,,-169,769,-0.3 %,1.5 %,3.6,2.5,2,0,1,6,3,0,1,5,2,0,1,4,0.7,,2,6,0.6,,-0.5,4.7,-3885,0,-3.9 %,0.0 %,-2828,0,-2.8 %,0.0 %,-2329,0,-2.3 %,0.0 %,40.0 %,100.0 %,40.0 %,100.0 %,25.0 %,100.0 %,565,769,-658,0,33.3 %,100.0 %
SLVP,11d RSI SLVP LT24 - L SLVP,1.4 %,14.1 %,699,7043,69.2 %,6.8 %,2.0 %,208.8 %,-0.5 %,-3.4 %,2,5,0.2,0.4,50.0 %,80.0 %,3.9,,349,1343,0.7 %,2.7 %,3.5,2.4,1,1,1,3,1,1,1,3,0,0,1,4,1,4,1,4,3.9,,0.8,3.3,-478,0,-0.5 %,0.0 %,-478,0,-0.5 %,0.0 %,0,0,0.0 %,0.0 %,50.0 %,80.0 %,50.0 %,80.0 %,50.0 %,80.0 %,938,1679,-239,0,100.0 %,100.0 %
SLYG,20d RSI SLYG LT42 - L SLYG,14.4 %,12.9 %,7224,6461,42.0 %,5.6 %,34.4 %,232.6 %,-3.1 %,-2.3 %,18,4,1.5,0.3,77.8 %,100.0 %,0.7,,401,1545,0.8 %,3.1 %,3.3,2.5,1,0,7,4,1,0,6,4,1,0,5,3,3.5,,14,4,2.3,,1.6,6.6,-3671,0,-3.7 %,0.0 %,-3671,0,-3.7 %,0.0 %,-3671,0,-3.7 %,0.0 %,77.8 %,100.0 %,77.8 %,100.0 %,76.5 %,100.0 %,905,1545,-1361,0,75.0 %,100.0 %
SLYV,19d RSI SLYV LT41 - L SLYV,11.9 %,11.4 %,5962,5716,23.6 %,5.6 %,50.6 %,205.8 %,-4.2 %,-3.5 %,14,5,1.2,0.4,78.6 %,100.0 %,0.7,,426,1097,0.9 %,2.2 %,3,1.8,1,0,5,5,1,0,8,5,1,0,4,3,3.7,,11,5,2.6,,1.6,4.7,-4604,0,-4.6 %,0.0 %,-4604,0,-4.6 %,0.0 %,-2116,0,-2.1 %,0.0 %,78.6 %,100.0 %,78.6 %,100.0 %,84.6 %,100.0 %,881,1097,-1243,0,75.0 %,100.0 %
SMH,3d RSI SMH LT10 - L SMH,-1.3 %,6.7 %,-626,3367,20.3 %,5.2 %,-6.2 %,130.5 %,-3.1 %,-3.0 %,6,3,0.5,0.2,66.7 %,100.0 %,0.4,,-104,1104,-0.2 %,2.2 %,4.7,3.3,1,0,2,3,1,0,2,3,1,0,2,3,2,,4,3,0.7,,-0.3,2.4,-3124,0,-3.1 %,0.0 %,-3124,0,-3.1 %,0.0 %,-3124,0,-3.1 %,0.0 %,66.7 %,100.0 %,66.7 %,100.0 %,66.7 %,100.0 %,452,1104,-1217,0,66.7 %,100.0 %
SMIN,9d RSI SMIN LT33 - L SMIN,9.3 %,13.2 %,4648,6621,23.6 %,6.8 %,39.5 %,196.3 %,-5.2 %,-1.0 %,15,7,1.2,0.6,73.3 %,100.0 %,0.7,,310,897,0.6 %,1.8 %,2.7,1.4,1,0,7,7,1,0,6,7,1,0,4,5,2.8,,11,7,2,,1.1,9.2,-5845,0,-5.8 %,0.0 %,-5845,0,-5.8 %,0.0 %,-3298,0,-3.3 %,0.0 %,73.3 %,100.0 %,73.3 %,100.0 %,76.9 %,100.0 %,835,897,-1134,0,75.0 %,100.0 %
SMLF,17d RSI SMLF LT41 - L SMLF,18.3 %,10.8 %,9143,5393,32.1 %,5.2 %,57.0 %,209.1 %,-3.2 %,-2.3 %,14,4,1.2,0.3,85.7 %,100.0 %,0.7,,653,1299,1.3 %,2.6 %,3,2.2,1,0,11,4,1,0,10,4,1,0,5,3,6,,12,4,4.5,,2.5,6.3,-3834,0,-3.8 %,0.0 %,-3834,0,-3.8 %,0.0 %,-2769,0,-2.8 %,0.0 %,85.7 %,100.0 %,85.7 %,100.0 %,84.6 %,100.0 %,983,1299,-1325,0,75.0 %,100.0 %
SMMD,10d RSI SMMD LT36 - L SMMD,10.5 %,17.1 %,5229,8543,21.9 %,11.9 %,47.8 %,143.5 %,-2.8 %,-4.3 %,12,9,1,0.8,66.7 %,88.9 %,1.3,15,436,888,0.9 %,1.8 %,3.2,2.3,2,1,5,4,2,1,4,4,1,0,2,7,2,8,8,8,2.5,119.9,1.4,4.1,-3099,-67,-3.1 %,-0.1 %,-3099,-67,-3.1 %,-0.1 %,-3099,0,-3.1 %,0.0 %,66.7 %,88.9 %,66.7 %,88.9 %,63.6 %,88.9 %,1076,1008,-844,-67,62.5 %,100.0 %
SOXL,20d RSI SOXL LT41 - L SOXL,90.7 %,59.2 %,45339,29599,42.9 %,5.2 %,211.3 %,1147.5 %,-21.0 %,-5.0 %,23,4,1.9,0.3,73.9 %,100.0 %,0.8,,1971,6220,3.9 %,12.4 %,3.4,2.2,2,0,6,4,2,0,5,4,3,0,2,3,2.8,,17,4,2.4,,1.8,4.9,-30197,0,-30.2 %,0.0 %,-30197,0,-30.2 %,0.0 %,-14327,0,-14.3 %,0.0 %,73.9 %,100.0 %,73.9 %,100.0 %,71.4 %,100.0 %,4567,6220,-5384,0,54.5 %,100.0 %
SOXX,4d RSI SOXX LT21 - L SOXX,8.2 %,17.5 %,4114,8740,22.8 %,11.1 %,36.1 %,157.3 %,-4.8 %,-2.9 %,11,8,0.9,0.7,54.5 %,100.0 %,1.7,,374,1023,0.7 %,2.0 %,3.7,2.5,2,0,3,8,2,0,3,8,2,0,1,7,1.2,,6,8,2,,1,3.7,-5067,0,-5.1 %,0.0 %,-5067,0,-5.1 %,0.0 %,-2029,0,-2.0 %,0.0 %,54.5 %,100.0 %,54.5 %,100.0 %,54.5 %,100.0 %,1359,1023,-808,0,37.5 %,100.0 %
SOYB,8d RSI SOYB LT27 - L SOYB,7.5 %,14.4 %,3758,7220,22.7 %,5.6 %,33.1 %,259.9 %,0.0 %,-2.1 %,3,5,0.2,0.4,100.0 %,100.0 %,,,1253,1375,2.5 %,2.8 %,2.3,1.8,0,0,3,5,0,0,3,5,0,0,3,4,,,3,5,,,5.6,3.4,0,0,0.0 %,0.0 %,0,0,0.0 %,0.0 %,0,0,0.0 %,0.0 %,100.0 %,100.0 %,100.0 %,100.0 %,100.0 %,100.0 %,1253,1375,0,0,100.0 %,100.0 %
SPAB,3d RSI SPAB LT16 - L SPAB,-1.4 %,3.6 %,-721,1811,38.1 %,23.8 %,-3.8 %,15.2 %,-4.1 %,-1.9 %,16,16,1.3,1.3,37.5 %,81.2 %,1.3,1.3,-45,112,-0.1 %,0.2 %,4.2,2.8,4,1,2,7,4,1,2,7,2,2,1,8,0.6,4.3,6,13,0.8,5.6,-0.4,2.7,-1689,-311,-1.7 %,-0.6 %,-1689,-311,-1.7 %,-0.6 %,-1689,-253,-1.7 %,-0.5 %,37.5 %,81.2 %,37.5 %,81.2 %,37.5 %,81.2 %,464,167,-351,-129,50.0 %,80.0 %
SPBO,7d RSI SPBO LT21 - L SPBO,1.5 %,4.5 %,762,2266,21.7 %,6.0 %,7.0 %,76.1 %,-1.6 %,-0.6 %,8,6,0.7,0.5,75.0 %,100.0 %,0.5,,95,371,0.2 %,0.7 %,3.9,1.5,1,0,3,6,1,0,3,5,1,0,2,4,3,,6,6,1.6,,0.6,6.3,-1568,0,-1.6 %,0.0 %,-1568,0,-1.6 %,0.0 %,-1568,0,-1.6 %,0.0 %,75.0 %,100.0 %,75.0 %,100.0 %,75.0 %,100.0 %,323,371,-587,0,66.7 %,100.0 %
SPDW,10d RSI SPDW LT30 - L SPDW,7.5 %,2.3 %,3742,1168,23.8 %,5.2 %,31.5 %,45.3 %,-4.4 %,-2.0 %,10,3,0.8,0.2,80.0 %,100.0 %,0.6,,374,386,0.7 %,0.8 %,3.1,3.3,2,0,7,3,2,0,7,3,1,0,6,3,4,,8,3,2.5,,1.3,12.6,-4908,0,-4.9 %,0.0 %,-4908,0,-4.9 %,0.0 %,-4908,0,-4.9 %,0.0 %,80.0 %,100.0 %,80.0 %,100.0 %,80.0 %,100.0 %,775,386,-1227,0,87.5 %,100.0 %
SPEM,4d RSI SPEM LT11 - L SPEM,0.4 %,12.2 %,203,6076,10.6 %,7.5 %,3.8 %,161.2 %,-2.4 %,-1.8 %,3,6,0.2,0.5,33.3 %,100.0 %,2.3,,68,966,0.1 %,1.9 %,4.3,2.2,2,0,1,6,2,0,1,6,2,0,1,5,0.5,,1,6,1.2,,0.1,7,-2441,0,-2.4 %,0.0 %,-2441,0,-2.4 %,0.0 %,-2441,0,-2.4 %,0.0 %,33.3 %,100.0 %,33.3 %,100.0 %,33.3 %,100.0 %,1423,966,-610,0,33.3 %,100.0 %
SPGM,18d RSI SPGM LT38 - L SPGM,19.5 %,5.6 %,9768,2804,26.3 %,5.2 %,74.2 %,108.7 %,-2.2 %,-1.9 %,13,3,1.1,0.2,92.3 %,100.0 %,0.7,,751,922,1.5 %,1.8 %,2.8,3.3,1,0,10,3,1,0,10,3,1,0,6,3,12,,12,3,8.4,,3.7,2.5,-2647,0,-2.6 %,0.0 %,-2647,0,-2.6 %,0.0 %,-1373,0,-1.4 %,0.0 %,92.3 %,100.0 %,92.3 %,100.0 %,92.3 %,100.0 %,924,922,-1324,0,87.5 %,100.0 %
SPHB,3d RSI SPHB LT10 - L SPHB,12.2 %,16.0 %,6117,8002,16.1 %,7.1 %,75.9 %,224.1 %,0.0 %,-2.4 %,6,7,0.5,0.6,83.3 %,85.7 %,16.2,5.2,1020,1078,2.0 %,2.2 %,3.7,1.6,1,1,5,5,1,1,5,5,1,1,4,5,5,6,5,6,81.2,31.5,3.2,3.7,-152,-248,-0.2 %,-0.5 %,-152,-248,-0.2 %,-0.5 %,-152,-248,-0.2 %,-0.5 %,83.3 %,85.7 %,83.3 %,85.7 %,83.3 %,85.7 %,1239,1298,-76,-248,80.0 %,85.7 %
SPHD,12d RSI SPHD LT37 - L SPHD,-1.1 %,7.3 %,-531,3648,22.3 %,6.0 %,-4.8 %,122.6 %,-9.4 %,-0.6 %,7,5,0.6,0.4,57.1 %,100.0 %,0.7,,-76,710,-0.2 %,1.4 %,4,2,2,0,2,5,3,0,2,4,3,0,2,4,1.3,,4,5,0.9,,-0.1,6.9,-6146,0,-6.1 %,0.0 %,-10015,0,-10.0 %,0.0 %,-7661,0,-7.7 %,0.0 %,57.1 %,100.0 %,57.1 %,100.0 %,50.0 %,100.0 %,1248,710,-1841,0,40.0 %,100.0 %
SPHQ,12d RSI SPHQ LT36 - L SPHQ,11.5 %,9.5 %,5765,4740,25.5 %,6.3 %,45.1 %,149.3 %,-1.9 %,-1.8 %,10,4,0.8,0.3,70.0 %,100.0 %,1.8,,576,1148,1.2 %,2.3 %,3.5,3,1,0,4,4,1,0,6,4,1,0,5,4,2.3,,7,4,4.2,,1.9,4.5,-2109,0,-2.1 %,0.0 %,-2109,0,-2.1 %,0.0 %,-1917,0,-1.9 %,0.0 %,70.0 %,100.0 %,70.0 %,100.0 %,77.8 %,100.0 %,1081,1148,-601,0,75.0 %,100.0 %
SPHY,10d RSI SPHY LT39 - L SPHY,5.2 %,4.6 %,2618,2307,45.1 %,13.1 %,11.6 %,35.2 %,-2.3 %,-1.0 %,23,9,1.9,0.8,65.2 %,88.9 %,1,2,114,252,0.2 %,0.5 %,3.9,2.7,2,1,5,7,3,1,5,7,1,1,3,4,1.9,8,15,8,1.8,15.6,1,2.9,-2110,-155,-2.1 %,-0.3 %,-1293,-155,-1.3 %,-0.3 %,-1619,-155,-1.6 %,-0.3 %,65.2 %,88.9 %,65.2 %,88.9 %,63.6 %,88.9 %,391,303,-405,-155,63.6 %,83.3 %
SPIB,4d RSI SPIB LT13 - L SPIB,-2.6 %,2.3 %,-1278,1133,18.7 %,7.5 %,-13.7 %,30.1 %,-2.8 %,-0.1 %,6,6,0.5,0.5,16.7 %,100.0 %,0.5,,-213,187,-0.4 %,0.4 %,4.7,2.2,5,0,1,6,5,0,1,6,5,0,1,4,0.2,,1,6,0.1,,-2,6.2,-2854,0,-2.9 %,0.0 %,-2854,0,-2.9 %,0.0 %,-2854,0,-2.9 %,0.0 %,16.7 %,100.0 %,16.7 %,100.0 %,16.7 %,100.0 %,149,187,-285,0,16.7 %,100.0 %
SPIP,17d RSI SPIP LT41 - L SPIP,2.8 %,0.9 %,1384,461,54.1 %,9.1 %,5.1 %,10.1 %,-2.1 %,-2.3 %,22,6,1.8,0.5,59.1 %,66.7 %,1.1,1,63,77,0.1 %,0.1 %,4.3,2.8,3,1,7,3,3,1,7,3,2,1,3,2,1.4,2,13,4,1.6,2,0.9,0.8,-2205,-365,-2.2 %,-0.7 %,-2205,-365,-2.2 %,-0.7 %,-703,-365,-0.7 %,-0.7 %,59.1 %,66.7 %,59.1 %,66.7 %,59.1 %,66.7 %,292,238,-268,-243,66.7 %,66.7 %
SPLB,3d RSI SPLB LT10 - L SPLB,-1.4 %,8.9 %,-695,4462,18.4 %,9.9 %,-7.6 %,90.0 %,-6.3 %,-1.2 %,8,7,0.7,0.6,50.0 %,100.0 %,0.8,,-87,615,-0.2 %,1.2 %,4.5,2.6,4,0,4,7,4,0,4,7,4,0,4,7,1,,4,7,0.8,,-0.3,5.6,-6522,0,-6.5 %,0.0 %,-6522,0,-6.5 %,0.0 %,-6522,0,-6.5 %,0.0 %,50.0 %,100.0 %,50.0 %,100.0 %,50.0 %,100.0 %,642,615,-815,0,50.0 %,100.0 %
SPLV,6d RSI SPLV LT25 - L SPLV,-1.6 %,7.2 %,-775,3617,23.5 %,10.7 %,-6.6 %,67.5 %,-5.7 %,-3.1 %,7,6,0.6,0.5,57.1 %,83.3 %,0.6,4.4,-111,587,-0.2 %,1.2 %,4.9,3.5,1,1,3,4,1,1,3,3,1,1,2,3,1.3,5,4,5,0.8,21.9,-0.2,3.3,-3660,-168,-3.7 %,-0.3 %,-3660,-168,-3.7 %,-0.3 %,-3660,-168,-3.7 %,-0.3 %,57.1 %,83.3 %,57.1 %,83.3 %,57.1 %,80.0 %,1004,738,-1597,-168,50.0 %,80.0 %
SPMB,21d RSI SPMB LT33 - L SPMB,-0.8 %,0.7 %,-393,364,36.5 %,6.3 %,-2.2 %,11.5 %,-2.4 %,-0.5 %,15,3,1.2,0.2,40.0 %,66.7 %,1.2,,-26,121,-0.1 %,0.2 %,3.9,4.3,3,1,3,1,3,1,3,1,2,0,2,2,0.7,2,6,2,0.8,,-0.4,2.1,-2388,0,-2.4 %,0.0 %,-2388,0,-2.4 %,0.0 %,-2340,0,-2.3 %,0.0 %,40.0 %,66.7 %,40.0 %,66.7 %,40.0 %,66.7 %,262,182,-218,0,37.5 %,100.0 %
SPMD,15d RSI SPMD LT38 - L SPMD,15.9 %,11.2 %,7953,5617,23.9 %,5.2 %,66.5 %,217.8 %,-2.6 %,-2.0 %,11,5,0.9,0.4,81.8 %,100.0 %,0.9,,723,1077,1.4 %,2.1 %,2.9,1.6,1,0,8,5,1,0,7,5,1,0,4,4,4.5,,9,5,4.3,,2.3,8.7,-3042,0,-3.0 %,0.0 %,-3042,0,-3.0 %,0.0 %,-1838,0,-1.8 %,0.0 %,81.8 %,100.0 %,81.8 %,100.0 %,80.0 %,100.0 %,1155,1077,-1220,0,71.4 %,100.0 %
SPMO,8d RSI SPMO LT29 - L SPMO,8.1 %,17.2 %,4070,8599,24.3 %,9.5 %,33.5 %,180.6 %,-1.9 %,-1.9 %,9,7,0.8,0.6,66.7 %,100.0 %,1.7,,452,1151,0.9 %,2.3 %,3.7,2.4,1,0,5,7,1,0,5,7,2,0,4,6,2,,6,7,3.3,,1.4,4.4,-1409,0,-1.4 %,0.0 %,-1409,0,-1.4 %,0.0 %,-2075,0,-2.1 %,0.0 %,66.7 %,100.0 %,66.7 %,100.0 %,66.7 %,100.0 %,970,1151,-584,0,57.1 %,100.0 %
SPSB,5d RSI SPSB LT13 - L SPSB,-1.9 %,0.3 %,-969,152,23.9 %,8.3 %,-8.1 %,3.6 %,-1.0 %,-0.1 %,4,2,0.3,0.2,0.0 %,100.0 %,0,,-242,76,-0.5 %,0.1 %,9.8,9.5,4,0,0,2,4,0,0,2,4,0,0,2,0,,0,2,0,,-3.7,1244.5,-1937,0,-1.9 %,0.0 %,-1937,0,-1.9 %,0.0 %,-1937,0,-1.9 %,0.0 %,0.0 %,100.0 %,0.0 %,100.0 %,0.0 %,100.0 %,0,76,-242,0,0.0 %,100.0 %
SPSM,16d RSI SPSM LT40 - L SPSM,4.4 %,6.8 %,2220,3407,24.5 %,5.2 %,18.1 %,132.1 %,-6.0 %,-3.7 %,13,4,1.1,0.3,69.2 %,100.0 %,0.6,,171,834,0.3 %,1.7 %,3.4,2.2,2,0,4,4,2,0,4,4,2,0,3,2,2.2,,9,4,1.4,,0.6,3,-3706,0,-3.7 %,0.0 %,-2892,0,-2.9 %,0.0 %,-4873,0,-4.9 %,0.0 %,69.2 %,100.0 %,69.2 %,100.0 %,66.7 %,100.0 %,807,834,-1261,0,62.5 %,100.0 %
SPTI,9d RSI SPTI LT23 - L SPTI,1.2 %,2.0 %,592,1014,16.3 %,7.5 %,7.3 %,26.9 %,-0.7 %,-0.2 %,8,6,0.7,0.5,62.5 %,100.0 %,1.3,,74,168,0.1 %,0.3 %,2.9,2.2,1,0,4,6,1,0,4,6,1,0,3,3,1.7,,5,6,2.2,,0.9,4.2,-750,0,-0.8 %,0.0 %,-750,0,-0.8 %,0.0 %,-750,0,-0.8 %,0.0 %,62.5 %,100.0 %,62.5 %,100.0 %,62.5 %,100.0 %,219,168,-168,0,66.7 %,100.0 %
SPTL,4d RSI SPTL LT10 - L SPTL,2.8 %,2.2 %,1409,1092,9.2 %,5.2 %,30.8 %,42.3 %,0.0 %,-2.9 %,3,3,0.2,0.2,66.7 %,66.7 %,1.7,3.6,470,363,0.9 %,0.7 %,3,3.3,1,1,2,2,1,1,2,2,1,1,2,1,2,2,2,2,3.5,7.3,1.1,1.6,-1138,-174,-1.1 %,-0.3 %,-1138,-174,-1.1 %,-0.3 %,-1138,-174,-1.1 %,-0.3 %,66.7 %,66.7 %,66.7 %,66.7 %,66.7 %,66.7 %,989,631,-569,-174,66.7 %,50.0 %
SPTM,6d RSI SPTM LT28 - L SPTM,2.5 %,18.4 %,1249,9220,22.7 %,10.3 %,11.0 %,178.7 %,-3.5 %,-1.8 %,11,8,0.9,0.7,63.6 %,100.0 %,0.8,,114,1071,0.2 %,2.1 %,3.8,2.2,2,0,4,8,2,0,4,8,2,0,4,8,1.8,,7,8,1.3,,0.4,6.2,-3300,0,-3.3 %,0.0 %,-3300,0,-3.3 %,0.0 %,-3647,0,-3.6 %,0.0 %,63.6 %,100.0 %,63.6 %,100.0 %,63.6 %,100.0 %,737,1071,-977,0,66.7 %,100.0 %
SPTS,15d RSI SPTS LT29 - L SPTS,-1.5 %,0.2 %,-747,94,31.6 %,6.8 %,-4.7 %,2.8 %,-1.3 %,-0.2 %,8,3,0.7,0.2,25.0 %,66.7 %,0.6,1.8,-93,31,-0.2 %,0.1 %,6.4,4.7,5,1,2,2,5,1,2,2,3,1,2,1,0.3,2,2,2,0.2,3.5,-1.9,0.9,-1412,-38,-1.4 %,-0.1 %,-1412,-38,-1.4 %,-0.1 %,-1296,-38,-1.3 %,-0.1 %,25.0 %,66.7 %,25.0 %,66.7 %,25.0 %,66.7 %,97,66,-157,-38,33.3 %,50.0 %
SPXL,5d RSI SPXL LT22 - L SPXL,17.4 %,30.2 %,8723,15102,18.2 %,5.2 %,96.0 %,585.5 %,-6.3 %,-0.7 %,9,5,0.8,0.4,66.7 %,100.0 %,1,,969,2718,1.9 %,5.4 %,3.7,1.6,2,0,5,5,2,0,5,5,2,0,4,5,2,,6,5,2,,0.9,6.9,-7518,0,-7.5 %,0.0 %,-7518,0,-7.5 %,0.0 %,-7518,0,-7.5 %,0.0 %,66.7 %,100.0 %,66.7 %,100.0 %,66.7 %,100.0 %,2889,2718,-2870,0,62.5 %,100.0 %
SPXU,15d RSI SPXU LT29 - L SPXU,2.2 %,2.0 %,1078,1012,100.0 %,8.3 %,2.2 %,24.3 %,0.0 %,-4.5 %,1,4,0.1,0.3,100.0 %,50.0 %,,1.5,1078,271,2.2 %,0.5 %,1,4.2,0,1,1,1,0,1,1,1,0,1,1,1,,1,1,2,,1.5,0,0.4,0,-1305,0.0 %,-2.6 %,0,-1305,0.0 %,-2.6 %,0,-1305,0.0 %,-2.6 %,100.0 %,50.0 %,100.0 %,50.0 %,100.0 %,50.0 %,1078,1596,0,-1054,100.0 %,50.0 %
SPY,5d RSI SPY LT22 - L SPY,8.0 %,10.2 %,3990,5077,16.9 %,5.6 %,47.1 %,182.8 %,-1.0 %,-0.2 %,9,5,0.8,0.4,66.7 %,100.0 %,1.4,,443,977,0.9 %,1.9 %,3.3,1.8,2,0,4,5,2,0,4,5,1,0,3,5,2,,6,5,2.9,,1.3,7.8,-1094,0,-1.1 %,0.0 %,-1094,0,-1.1 %,0.0 %,-3184,0,-3.2 %,0.0 %,66.7 %,100.0 %,66.7 %,100.0 %,66.7 %,100.0 %,1022,977,-713,0,71.4 %,100.0 %
SPYD,12d RSI SPYD LT35 - L SPYD,7.3 %,13.1 %,3639,6566,18.7 %,5.6 %,39.0 %,236.4 %,-3.8 %,-1.0 %,8,5,0.7,0.4,75.0 %,100.0 %,0.7,,455,1249,0.9 %,2.5 %,2.6,1.8,1,0,3,5,1,0,4,5,1,0,3,4,3,,6,5,2.2,,1,16.3,-4085,0,-4.1 %,0.0 %,-4085,0,-4.1 %,0.0 %,-3524,0,-3.5 %,0.0 %,75.0 %,100.0 %,75.0 %,100.0 %,85.7 %,100.0 %,1111,1249,-1515,0,80.0 %,100.0 %
SPYG,7d RSI SPYG LT27 - L SPYG,11.6 %,10.6 %,5811,5284,22.0 %,8.7 %,52.7 %,121.1 %,-0.3 %,-2.7 %,8,6,0.7,0.5,75.0 %,100.0 %,1.3,,726,847,1.5 %,1.7 %,4,2.7,1,0,5,6,1,0,5,6,1,0,5,5,3,,6,6,3.9,,1.6,3.9,-3703,0,-3.7 %,0.0 %,-3703,0,-3.7 %,0.0 %,-3703,0,-3.7 %,0.0 %,75.0 %,100.0 %,75.0 %,100.0 %,75.0 %,100.0 %,1302,847,-999,0,75.0 %,100.0 %
SPYV,12d RSI SPYV LT34 - L SPYV,6.8 %,8.6 %,3408,4314,19.2 %,5.2 %,35.4 %,167.3 %,-2.2 %,-1.0 %,8,4,0.7,0.3,75.0 %,100.0 %,1,,426,1046,0.9 %,2.1 %,3.2,2.2,1,0,4,4,1,0,4,4,2,0,4,4,3,,6,4,3,,1.5,11.4,-2419,0,-2.4 %,0.0 %,-2419,0,-2.4 %,0.0 %,-1689,0,-1.7 %,0.0 %,75.0 %,100.0 %,75.0 %,100.0 %,75.0 %,100.0 %,848,1046,-839,0,71.4 %,100.0 %
SPYX,17d RSI SPYX LT46 - L SPYX,4.0 %,15.7 %,2012,7842,56.0 %,11.1 %,7.2 %,141.2 %,-8.2 %,-2.0 %,32,7,2.7,0.6,71.9 %,100.0 %,0.5,,63,1053,0.1 %,2.1 %,3.2,3,3,0,5,7,3,0,4,7,1,0,3,5,2.6,,23,7,1.2,,0.3,6.8,-6067,0,-6.1 %,0.0 %,-6067,0,-6.1 %,0.0 %,-6067,0,-6.1 %,0.0 %,71.9 %,100.0 %,71.9 %,100.0 %,67.9 %,100.0 %,601,1053,-1311,0,63.6 %,100.0 %
SRLN,19d RSI SRLN LT46 - L SRLN,-5.9 %,0.8 %,-2959,381,61.4 %,12.3 %,-9.6 %,6.2 %,-7.7 %,-0.5 %,16,4,1.3,0.3,56.2 %,100.0 %,0.3,,-185,95,-0.4 %,0.2 %,6.5,6.8,2,0,3,4,2,0,2,4,3,0,1,3,1.3,,9,4,0.4,,-1.3,15.2,-3626,0,-3.6 %,0.0 %,-3626,0,-3.6 %,0.0 %,-2845,0,-2.8 %,0.0 %,56.2 %,100.0 %,56.2 %,100.0 %,50.0 %,100.0 %,238,95,-729,0,44.4 %,100.0 %
SRTY,4d RSI SRTY LT15 - L SRTY,1.1 %,10.3 %,544,5160,29.3 %,9.9 %,3.7 %,104.0 %,0.0 %,-9.3 %,3,5,0.2,0.4,66.7 %,60.0 %,0.5,1.8,181,1038,0.4 %,2.1 %,6.3,4,1,1,2,3,1,1,2,3,1,1,1,3,2,1.5,2,3,1.1,2.8,0.1,1.1,-12435,-1582,-12.4 %,-3.2 %,-12435,-1582,-12.4 %,-3.2 %,-8253,-1582,-8.3 %,-3.2 %,66.7 %,60.0 %,66.7 %,60.0 %,66.7 %,60.0 %,3381,2709,-6217,-1468,50.0 %,60.0 %
SSO,7d RSI SSO LT30 - L SSO,5.6 %,34.1 %,2776,17055,23.1 %,9.5 %,24.0 %,358.2 %,-6.2 %,-3.6 %,12,7,1,0.6,66.7 %,100.0 %,0.7,,231,2149,0.5 %,4.3 %,3.5,2.4,2,0,5,7,2,0,5,7,2,0,4,7,2,,8,7,1.3,,0.4,6.4,-6297,0,-6.3 %,0.0 %,-6297,0,-6.3 %,0.0 %,-6669,0,-6.7 %,0.0 %,66.7 %,100.0 %,66.7 %,100.0 %,66.7 %,100.0 %,1497,2149,-2301,0,66.7 %,100.0 %
STIP,3d RSI STIP LT11 - L STIP,-0.2 %,0.8 %,-78,379,13.4 %,5.6 %,-1.2 %,13.6 %,-1.4 %,-0.1 %,6,5,0.5,0.4,66.7 %,100.0 %,0.4,,-13,75,-0.0 %,0.1 %,3.7,1.8,1,0,2,5,1,0,2,5,2,0,2,4,2,,4,5,0.9,,-0.1,5.6,-1114,0,-1.1 %,0.0 %,-1114,0,-1.1 %,0.0 %,-1425,0,-1.4 %,0.0 %,66.7 %,100.0 %,66.7 %,100.0 %,66.7 %,100.0 %,160,75,-359,0,60.0 %,100.0 %
SUB,19d RSI SUB LT40 - L SUB,-3.2 %,0.3 %,-1617,151,68.2 %,19.1 %,-4.7 %,1.6 %,-2.8 %,-0.2 %,26,6,2.2,0.5,65.4 %,66.7 %,0.2,2.2,-62,25,-0.1 %,0.1 %,4.5,7,3,1,7,2,3,1,4,2,4,1,2,2,1.9,2,17,4,0.3,4.3,-1.6,1.6,-1889,-45,-1.9 %,-0.1 %,-1743,-45,-1.7 %,-0.1 %,-2779,0,-2.8 %,0.0 %,65.4 %,66.7 %,65.4 %,66.7 %,50.0 %,66.7 %,50,49,-273,-23,37.5 %,66.7 %
SUSB,4d RSI SUSB LT10 - L SUSB,-1.1 %,0.8 %,-527,425,13.3 %,7.9 %,-7.9 %,10.7 %,-1.3 %,-0.1 %,4,4,0.3,0.3,25.0 %,100.0 %,0.5,,-132,106,-0.3 %,0.2 %,4.5,4,3,0,1,4,3,0,1,4,3,0,1,3,0.3,,1,4,0.2,,-1.4,11.4,-1283,0,-1.3 %,0.0 %,-1283,0,-1.3 %,0.0 %,-1283,0,-1.3 %,0.0 %,25.0 %,100.0 %,25.0 %,100.0 %,25.0 %,100.0 %,114,106,-214,0,25.0 %,100.0 %
SUSC,3d RSI SUSC LT10 - L SUSC,-1.9 %,3.8 %,-968,1875,19.1 %,9.5 %,-10.1 %,39.4 %,-4.2 %,-0.7 %,9,7,0.8,0.6,44.4 %,85.7 %,0.7,2.6,-108,264,-0.2 %,0.5 %,4.2,2.4,5,1,4,6,5,1,4,6,5,1,3,6,0.8,6,4,6,0.6,15.3,-0.7,3.3,-4469,-129,-4.5 %,-0.3 %,-4469,-129,-4.5 %,-0.3 %,-4469,-129,-4.5 %,-0.3 %,44.4 %,85.7 %,44.4 %,85.7 %,44.4 %,85.7 %,317,330,-447,-129,37.5 %,85.7 %
TAIL,3d RSI TAIL LT10 - L TAIL,4.4 %,3.2 %,2212,1598,15.5 %,12.7 %,28.5 %,25.2 %,0.0 %,-1.2 %,5,6,0.4,0.5,80.0 %,100.0 %,0.8,,442,263,0.9 %,0.5 %,3,3.8,1,0,4,6,1,0,4,6,1,0,4,5,4,,4,6,3.3,,1.3,5.5,-1952,0,-2.0 %,0.0 %,-1952,0,-2.0 %,0.0 %,-1952,0,-2.0 %,0.0 %,80.0 %,100.0 %,80.0 %,100.0 %,80.0 %,100.0 %,797,263,-976,0,80.0 %,100.0 %
TAN,6d RSI TAN LT18 - L TAN,-3.1 %,23.8 %,-1567,11921,10.9 %,7.1 %,-28.8 %,333.8 %,-1.0 %,-9.9 %,3,5,0.2,0.4,0.0 %,80.0 %,0,2.4,-522,2246,-1.0 %,4.5 %,5.7,2.6,3,1,0,3,3,1,0,3,3,1,0,2,0,4,0,4,0,9.8,-2.3,2,-3134,-1283,-3.1 %,-2.6 %,-3134,-1283,-3.1 %,-2.6 %,-3134,-1283,-3.1 %,-2.6 %,0.0 %,80.0 %,0.0 %,80.0 %,0.0 %,80.0 %,0,3129,-522,-1283,0.0 %,75.0 %
TBLL,4d RSI TBLL LT11 - L TBLL,-0.0 %,0.0 %,-17,11,100.0 %,34.5 %,-0.0 %,0.1 %,0.0 %,-0.0 %,1,1,0.1,0.1,0.0 %,100.0 %,0,,-17,11,-0.0 %,0.0 %,23,86,1,0,0,1,1,0,0,1,1,0,0,1,0,,0,1,0,,0,0,-33,0,-0.0 %,0.0 %,-33,0,-0.0 %,0.0 %,-33,0,-0.0 %,0.0 %,0.0 %,100.0 %,0.0 %,100.0 %,0.0 %,100.0 %,0,11,-17,0,0.0 %,100.0 %
TBT,4d RSI TBT LT20 - L TBT,20.7 %,21.9 %,10344,10965,11.3 %,12.7 %,183.5 %,172.7 %,-1.3 %,-3.7 %,7,10,0.6,0.8,85.7 %,100.0 %,2.3,,1478,1006,3.0 %,2.0 %,2.1,2.2,1,0,6,10,1,0,6,10,1,0,4,7,6,,6,10,13.8,,3.3,4.8,-1619,0,-1.6 %,0.0 %,-1619,0,-1.6 %,0.0 %,-1619,0,-1.6 %,0.0 %,85.7 %,100.0 %,85.7 %,100.0 %,85.7 %,100.0 %,1859,1006,-809,0,80.0 %,100.0 %
TDIV,3d RSI TDIV LT13 - L TDIV,3.8 %,8.0 %,1917,4007,17.5 %,5.6 %,21.9 %,144.3 %,-6.6 %,-1.0 %,8,6,0.7,0.5,62.5 %,100.0 %,0.9,,240,647,0.5 %,1.3 %,4,1.3,3,0,3,6,3,0,3,6,3,0,3,6,1.7,,5,6,1.5,,0.6,8.2,-6999,0,-7.0 %,0.0 %,-6999,0,-7.0 %,0.0 %,-3992,0,-4.0 %,0.0 %,62.5 %,100.0 %,62.5 %,100.0 %,62.5 %,100.0 %,1083,647,-1167,0,57.1 %,100.0 %
TDTF,14d RSI TDTF LT36 - L TDTF,0.3 %,1.9 %,142,968,35.7 %,5.6 %,0.8 %,34.9 %,-2.9 %,-0.2 %,14,4,1.2,0.3,57.1 %,100.0 %,0.8,,10,240,0.0 %,0.5 %,4.1,2.5,2,0,2,4,2,0,2,4,1,0,5,3,1.3,,8,4,1.1,,0.1,4.7,-2937,0,-2.9 %,0.0 %,-2937,0,-2.9 %,0.0 %,-2337,0,-2.3 %,0.0 %,57.1 %,100.0 %,57.1 %,100.0 %,57.1 %,100.0 %,234,240,-288,0,85.7 %,100.0 %
TDTT,6d RSI TDTT LT24 - L TDTT,-1.5 %,1.5 %,-772,764,17.6 %,7.5 %,-8.8 %,20.3 %,-2.8 %,-0.2 %,7,5,0.6,0.4,42.9 %,100.0 %,0.6,,-110,152,-0.2 %,0.3 %,4.4,2.8,4,0,2,5,4,0,2,4,3,0,2,4,0.8,,3,5,0.5,,-0.6,4.4,-2819,0,-2.8 %,0.0 %,-2819,0,-2.8 %,0.0 %,-2819,0,-2.8 %,0.0 %,42.9 %,100.0 %,42.9 %,100.0 %,42.9 %,100.0 %,213,152,-352,0,50.0 %,100.0 %
TECL,6d RSI TECL LT27 - L TECL,55.1 %,52.1 %,27544,26068,27.1 %,10.3 %,203.6 %,505.3 %,-8.5 %,-9.2 %,15,7,1.2,0.6,73.3 %,100.0 %,1.1,,1836,3116,3.7 %,6.2 %,3.4,2.7,1,0,5,7,1,0,5,7,1,0,5,5,2.8,,11,7,3,,1.9,4.8,-12421,0,-12.4 %,0.0 %,-12421,0,-12.4 %,0.0 %,-9978,0,-10.0 %,0.0 %,73.3 %,100.0 %,73.3 %,100.0 %,73.3 %,100.0 %,3787,3116,-3529,0,77.8 %,100.0 %
TFI,21d RSI TFI LT28 - L TFI,-10.4 %,0.0 %,-5182,22,49.5 %,6.8 %,-21.0 %,0.7 %,-10.1 %,-0.4 %,11,2,0.9,0.2,45.5 %,50.0 %,0.2,1.5,-471,11,-0.9 %,0.0 %,7,7.5,2,1,1,1,2,1,1,1,2,1,1,1,0.8,1,5,1,0.2,1.5,-1.9,0.3,-2563,-44,-2.6 %,-0.1 %,-2563,-44,-2.6 %,-0.1 %,-6808,-44,-6.8 %,-0.1 %,45.5 %,50.0 %,45.5 %,50.0 %,40.0 %,50.0 %,204,66,-1034,-44,33.3 %,50.0 %
TFLO,3d RSI TFLO LT41 - L TFLO,1.0 %,0.1 %,479,47,56.6 %,97.2 %,1.7 %,0.1 %,0.0 %,-0.1 %,12,3,1,0.2,91.7 %,100.0 %,,,40,16,0.1 %,0.0 %,6.3,25,1,0,6,3,1,0,6,3,0,0,8,3,11,,11,3,,,5.3,4.9,0,0,0.0 %,0.0 %,0,0,0.0 %,0.0 %,0,0,0.0 %,0.0 %,91.7 %,100.0 %,91.7 %,100.0 %,91.7 %,100.0 %,44,16,0,0,100.0 %,100.0 %
THD,20d RSI THD LT32 - L THD,1.3 %,5.0 %,664,2476,100.0 %,5.2 %,1.3 %,96.0 %,0.0 %,-1.4 %,1,6,0.1,0.5,100.0 %,100.0 %,,,664,405,1.3 %,0.8 %,1,1.2,0,0,1,6,0,0,1,6,0,0,1,3,,,1,6,,,0,6.5,0,0,0.0 %,0.0 %,0,0,0.0 %,0.0 %,0,0,0.0 %,0.0 %,100.0 %,100.0 %,100.0 %,100.0 %,100.0 %,100.0 %,664,405,0,0,100.0 %,100.0 %
TIP,16d RSI TIP LT40 - L TIP,4.7 %,1.3 %,2340,636,47.7 %,7.9 %,9.8 %,16.0 %,-2.0 %,-2.3 %,21,5,1.8,0.4,61.9 %,80.0 %,1.3,0.9,111,127,0.2 %,0.2 %,3.9,3,3,1,3,4,3,1,3,4,1,1,3,2,1.6,4,13,4,2.1,3.6,1.4,1.4,-2091,-245,-2.1 %,-0.5 %,-2091,-245,-2.1 %,-0.5 %,-1502,-245,-1.5 %,-0.5 %,61.9 %,80.0 %,61.9 %,80.0 %,65.0 %,80.0 %,343,220,-264,-245,77.8 %,66.7 %
TIPX,13d RSI TIPX LT37 - L TIPX,0.7 %,2.7 %,348,1364,37.6 %,6.8 %,1.8 %,40.4 %,-2.7 %,-0.4 %,16,6,1.3,0.5,56.2 %,100.0 %,0.9,,22,225,0.0 %,0.5 %,4,1.8,3,0,3,6,3,0,3,5,1,0,2,5,1.3,,9,6,1.2,,0.3,3.2,-2717,0,-2.7 %,0.0 %,-2717,0,-2.7 %,0.0 %,-2717,0,-2.7 %,0.0 %,56.2 %,100.0 %,56.2 %,100.0 %,56.2 %,100.0 %,222,225,-235,0,75.0 %,100.0 %
TLH,4d RSI TLH LT10 - L TLH,2.2 %,0.7 %,1123,330,9.6 %,5.2 %,23.4 %,12.8 %,-1.7 %,-2.9 %,5,3,0.4,0.2,80.0 %,66.7 %,0.6,1.2,225,110,0.4 %,0.2 %,2.8,3.3,1,1,3,2,1,1,3,2,1,1,3,1,4,2,4,2,2.3,2.3,0.9,0.7,-1740,-247,-1.7 %,-0.5 %,-1740,-247,-1.7 %,-0.5 %,-1740,-247,-1.7 %,-0.5 %,80.0 %,66.7 %,80.0 %,66.7 %,80.0 %,66.7 %,498,289,-870,-247,80.0 %,50.0 %
TLT,4d RSI TLT LT10 - L TLT,1.7 %,2.5 %,841,1242,10.6 %,5.2 %,15.9 %,48.1 %,0.0 %,-3.0 %,3,3,0.2,0.2,66.7 %,66.7 %,1.2,4.2,280,412,0.6 %,0.8 %,3.7,3.3,1,1,2,2,1,1,2,2,1,1,2,1,2,2,2,2,2.4,8.5,0.6,1.7,-1210,-165,-1.2 %,-0.3 %,-1210,-165,-1.2 %,-0.3 %,-1210,-165,-1.2 %,-0.3 %,66.7 %,66.7 %,66.7 %,66.7 %,66.7 %,66.7 %,723,701,-605,-165,66.7 %,50.0 %
TMF,4d RSI TMF LT10 - L TMF,3.5 %,7.2 %,1751,3573,10.6 %,5.2 %,33.1 %,138.5 %,-0.1 %,-8.9 %,3,3,0.2,0.2,33.3 %,66.7 %,3.7,3.3,584,1181,1.2 %,2.4 %,3.7,3.3,1,1,1,2,1,1,1,2,1,1,1,1,0.5,2,1,2,1.8,6.6,0.4,1.6,-3977,-637,-4.0 %,-1.3 %,-3977,-637,-4.0 %,-1.3 %,-3977,-637,-4.0 %,-1.3 %,33.3 %,66.7 %,33.3 %,66.7 %,33.3 %,66.7 %,3815,2090,-1032,-637,33.3 %,50.0 %
TMV,4d RSI TMV LT20 - L TMV,31.2 %,35.0 %,15585,17500,11.3 %,12.7 %,276.5 %,275.6 %,-1.7 %,-5.4 %,7,10,0.6,0.8,85.7 %,100.0 %,2.5,,2226,1532,4.5 %,3.1 %,2.1,2.2,1,0,6,10,1,0,6,10,1,0,4,7,6,,6,10,14.8,,3.4,5,-2258,0,-2.3 %,0.0 %,-2258,0,-2.3 %,0.0 %,-2258,0,-2.3 %,0.0 %,85.7 %,100.0 %,85.7 %,100.0 %,85.7 %,100.0 %,2786,1532,-1129,0,80.0 %,100.0 %
TNA,21d RSI TNA LT39 - L TNA,58.3 %,22.9 %,29155,11473,29.6 %,5.2 %,197.2 %,444.8 %,-6.9 %,-8.9 %,13,4,1.1,0.3,76.9 %,100.0 %,1.2,,2243,2653,4.5 %,5.3 %,3.2,2.2,1,0,5,4,1,0,4,4,1,0,4,3,3.3,,10,4,3.8,,2.1,9.8,-10451,0,-10.5 %,0.0 %,-10451,0,-10.5 %,0.0 %,-10451,0,-10.5 %,0.0 %,76.9 %,100.0 %,76.9 %,100.0 %,75.0 %,100.0 %,3941,2653,-3417,0,71.4 %,100.0 %
TOTL,21d RSI TOTL LT36 - L TOTL,-4.0 %,0.9 %,-2001,458,51.2 %,5.2 %,-7.8 %,17.8 %,-5.8 %,-0.4 %,20,3,1.7,0.2,45.0 %,66.7 %,0.6,6.3,-100,152,-0.2 %,0.3 %,4.5,3.3,7,1,2,1,6,1,2,1,7,0,1,2,0.8,2,9,2,0.5,12.7,-1.3,1.9,-3696,-39,-3.7 %,-0.1 %,-3527,-39,-3.5 %,-0.1 %,-5843,0,-5.8 %,0.0 %,45.0 %,66.7 %,45.0 %,66.7 %,47.4 %,66.7 %,211,248,-355,-39,22.2 %,100.0 %
TQQQ,6d RSI TQQQ LT22 - L TQQQ,22.7 %,26.8 %,11330,13374,12.1 %,6.8 %,186.6 %,396.5 %,-0.7 %,-8.2 %,6,5,0.5,0.4,66.7 %,100.0 %,1.4,,1888,2464,3.8 %,4.9 %,3.8,2.4,1,0,2,5,1,0,2,5,1,0,2,5,2,,4,5,2.7,,1.1,2.8,-12439,0,-12.4 %,0.0 %,-12439,0,-12.4 %,0.0 %,-12439,0,-12.4 %,0.0 %,66.7 %,100.0 %,66.7 %,100.0 %,66.7 %,100.0 %,4482,2464,-3298,0,66.7 %,100.0 %
TUR,16d RSI TUR LT32 - L TUR,2.5 %,21.5 %,1226,10766,100.0 %,8.7 %,2.5 %,246.7 %,0.0 %,-5.3 %,1,6,0.1,0.5,100.0 %,83.3 %,,5.9,1226,1686,2.5 %,3.4 %,2,2.7,0,1,1,5,0,1,1,4,0,1,1,4,,5,1,5,,29.7,0,2.2,0,-353,0.0 %,-0.7 %,0,-353,0.0 %,-0.7 %,0,-353,0.0 %,-0.7 %,100.0 %,83.3 %,100.0 %,83.3 %,100.0 %,80.0 %,1226,2094,0,-353,100.0 %,80.0 %
TWM,7d RSI TWM LT19 - L TWM,5.6 %,4.7 %,2813,2346,75.0 %,5.2 %,7.5 %,91.0 %,0.0 %,-5.3 %,2,3,0.2,0.2,100.0 %,100.0 %,,,1407,776,2.8 %,1.6 %,2,3.3,0,0,2,3,0,0,2,3,0,0,1,3,,,2,3,,,117.6,1.7,0,0,0.0 %,0.0 %,0,0,0.0 %,0.0 %,0,0,0.0 %,0.0 %,100.0 %,100.0 %,100.0 %,100.0 %,100.0 %,100.0 %,1407,776,0,0,100.0 %,100.0 %
TZA,4d RSI TZA LT15 - L TZA,0.8 %,11.0 %,422,5481,29.3 %,9.9 %,2.9 %,110.5 %,0.0 %,-9.0 %,3,5,0.2,0.4,66.7 %,60.0 %,0.5,1.9,141,1098,0.3 %,2.2 %,6.3,4,1,1,2,3,1,1,2,3,1,1,1,3,2,1.5,2,3,1.1,2.9,0.1,1.1,-12412,-1673,-12.4 %,-3.4 %,-12412,-1673,-12.4 %,-3.4 %,-8238,-1673,-8.2 %,-3.4 %,66.7 %,60.0 %,66.7 %,60.0 %,66.7 %,60.0 %,3314,2788,-6206,-1437,50.0 %,60.0 %
UAE,6d RSI UAE LT28 - L UAE,4.2 %,9.8 %,2106,4927,28.9 %,11.1 %,14.6 %,88.7 %,-0.9 %,-1.6 %,10,6,0.8,0.5,70.0 %,100.0 %,0.7,,211,791,0.4 %,1.6 %,3.5,3.7,1,0,4,6,1,0,4,6,1,0,2,4,2.3,,7,6,1.6,,0.5,4.8,-5768,0,-5.8 %,0.0 %,-5768,0,-5.8 %,0.0 %,-5424,0,-5.4 %,0.0 %,70.0 %,100.0 %,70.0 %,100.0 %,70.0 %,100.0 %,837,791,-1252,0,57.1 %,100.0 %
UBND,5d RSI UBND LT22 - L UBND,-3.8 %,0.4 %,-1897,193,50.5 %,11.1 %,-7.5 %,3.5 %,-4.8 %,-0.6 %,14,3,1.2,0.2,42.9 %,66.7 %,0.6,1.1,-135,65,-0.3 %,0.1 %,6.3,8.3,3,1,2,2,2,1,2,2,2,0,2,1,0.8,2,6,2,0.4,2.2,-1,0.6,-4228,-167,-4.2 %,-0.3 %,-4228,-167,-4.2 %,-0.3 %,-985,0,-1.0 %,0.0 %,42.9 %,66.7 %,42.9 %,66.7 %,46.2 %,66.7 %,256,181,-429,-167,42.9 %,100.0 %
UCO,3d RSI UCO LT13 - L UCO,20.0 %,47.4 %,10015,23720,15.7 %,9.5 %,127.2 %,498.1 %,0.0 %,-10.4 %,5,6,0.4,0.5,80.0 %,100.0 %,2.1,,2003,3393,4.0 %,6.8 %,2.8,3,1,0,4,6,1,0,4,6,1,0,3,5,4,,4,6,8.5,,2.1,3.6,-2687,0,-2.7 %,0.0 %,-2687,0,-2.7 %,0.0 %,-2687,0,-2.7 %,0.0 %,80.0 %,100.0 %,80.0 %,100.0 %,80.0 %,100.0 %,2840,3393,-1344,0,75.0 %,100.0 %
UDN,14d RSI UDN LT29 - L UDN,1.4 %,1.7 %,702,869,19.5 %,5.6 %,7.2 %,31.3 %,-1.5 %,-0.5 %,8,5,0.7,0.4,62.5 %,100.0 %,1.1,,88,173,0.2 %,0.3 %,2.6,1.8,1,0,2,5,1,0,2,5,1,0,3,3,1.7,,5,5,1.8,,0.7,7.9,-1513,0,-1.5 %,0.0 %,-1513,0,-1.5 %,0.0 %,-852,0,-0.9 %,0.0 %,62.5 %,100.0 %,62.5 %,100.0 %,62.5 %,100.0 %,323,173,-305,0,80.0 %,100.0 %
UDOW,19d RSI UDOW LT39 - L UDOW,24.8 %,30.7 %,12396,15331,33.5 %,6.8 %,74.0 %,454.5 %,-8.2 %,-4.5 %,12,4,1,0.3,75.0 %,100.0 %,1.1,,1033,3460,2.1 %,6.9 %,4.2,3.2,1,0,3,4,1,0,4,4,1,0,5,4,3,,9,4,3.3,,1.5,13,-10207,0,-10.2 %,0.0 %,-10207,0,-10.2 %,0.0 %,-7263,0,-7.3 %,0.0 %,75.0 %,100.0 %,75.0 %,100.0 %,81.8 %,100.0 %,1989,3460,-1835,0,85.7 %,100.0 %
UGL,4d RSI UGL LT11 - L UGL,-3.8 %,6.0 %,-1920,3023,34.1 %,5.2 %,-11.3 %,117.2 %,0.0 %,-4.8 %,2,4,0.2,0.3,50.0 %,75.0 %,0.3,2.7,-960,748,-1.9 %,1.5 %,6.5,2.2,1,1,1,2,1,1,1,2,1,1,1,2,1,3,1,3,0.3,8,-0.7,1.6,-5634,-427,-5.6 %,-0.8 %,-5634,-427,-5.6 %,-0.8 %,-5634,-427,-5.6 %,-0.8 %,50.0 %,75.0 %,50.0 %,75.0 %,50.0 %,75.0 %,897,1140,-2817,-427,50.0 %,75.0 %
UITB,19d RSI UITB LT34 - L UITB,-1.7 %,1.1 %,-835,551,38.8 %,6.0 %,-4.3 %,18.5 %,-3.1 %,-0.7 %,16,5,1.3,0.4,37.5 %,80.0 %,1.1,2.7,-52,110,-0.1 %,0.2 %,3.8,2,5,1,2,2,5,1,2,2,3,0,2,3,0.6,4,6,4,0.7,10.9,-0.7,2.2,-3160,-55,-3.2 %,-0.1 %,-3160,-55,-3.2 %,-0.1 %,-2307,0,-2.3 %,0.0 %,37.5 %,80.0 %,37.5 %,80.0 %,37.5 %,80.0 %,275,151,-248,-55,37.5 %,100.0 %
ULST,6d RSI ULST LT35 - L ULST,0.4 %,0.2 %,191,117,42.2 %,32.1 %,0.9 %,0.7 %,-0.2 %,-0.3 %,9,5,0.8,0.4,66.7 %,80.0 %,1.2,0.8,21,23,0.0 %,0.1 %,8.2,15.2,2,1,3,4,2,1,3,4,3,1,2,4,2,4,6,4,2.4,3,1.2,1.1,-118,-58,-0.1 %,-0.1 %,-118,-58,-0.1 %,-0.1 %,-205,-58,-0.2 %,-0.1 %,66.7 %,80.0 %,66.7 %,80.0 %,66.7 %,80.0 %,54,44,-44,-58,50.0 %,80.0 %
UNG,21d RSI UNG LT37 - L UNG,21.0 %,11.9 %,10478,5941,16.5 %,5.2 %,126.8 %,230.3 %,-9.4 %,-5.7 %,5,2,0.4,0.2,80.0 %,100.0 %,0.7,,2096,2897,4.2 %,5.8 %,2.6,5.5,1,0,2,2,1,0,2,2,0,0,3,1,4,,4,2,2.9,,1.2,4.1,-10845,0,-10.8 %,0.0 %,-10845,0,-10.8 %,0.0 %,0,0,0.0 %,0.0 %,80.0 %,100.0 %,80.0 %,100.0 %,80.0 %,100.0 %,3975,2897,-5422,0,100.0 %,100.0 %
UNL,19d RSI UNL LT39 - L UNL,14.1 %,10.1 %,7071,5063,20.8 %,7.9 %,67.9 %,127.6 %,-5.3 %,-4.9 %,6,4,0.5,0.3,83.3 %,100.0 %,0.7,,1178,1226,2.4 %,2.5 %,3,4,1,0,3,4,1,0,3,4,1,0,2,2,5,,5,4,3.4,,1.3,3.1,-5804,0,-5.8 %,0.0 %,-5804,0,-5.8 %,0.0 %,-1144,0,-1.1 %,0.0 %,83.3 %,100.0 %,83.3 %,100.0 %,83.3 %,100.0 %,1995,1226,-2902,0,75.0 %,100.0 %
UPRO,6d RSI UPRO LT27 - L UPRO,-2.7 %,54.4 %,-1338,27179,21.9 %,9.5 %,-12.2 %,570.8 %,-13.2 %,-5.5 %,10,7,0.8,0.6,60.0 %,100.0 %,0.6,,-134,3216,-0.3 %,6.4 %,4.1,2.4,2,0,4,7,2,0,4,7,3,0,4,7,1.5,,6,7,0.9,,-0.1,6.3,-13211,0,-13.2 %,0.0 %,-13211,0,-13.2 %,0.0 %,-14023,0,-14.0 %,0.0 %,60.0 %,100.0 %,60.0 %,100.0 %,60.0 %,100.0 %,2408,3216,-3946,0,55.6 %,100.0 %
URA,21d RSI URA LT41 - L URA,27.9 %,24.2 %,13950,12111,23.3 %,7.9 %,119.7 %,305.2 %,-8.8 %,-6.9 %,12,6,1,0.5,75.0 %,100.0 %,1.2,,1163,1853,2.3 %,3.7 %,2.7,2.3,1,0,5,6,1,0,7,6,1,0,6,3,3,,9,6,3.7,,1.9,3.9,-9433,0,-9.4 %,0.0 %,-9433,0,-9.4 %,0.0 %,-445,0,-0.4 %,0.0 %,75.0 %,100.0 %,75.0 %,100.0 %,81.8 %,100.0 %,2128,1853,-1735,0,85.7 %,100.0 %
URTH,11d RSI URTH LT31 - L URTH,11.6 %,6.5 %,5820,3243,23.5 %,5.6 %,49.5 %,116.8 %,-2.2 %,-1.8 %,10,3,0.8,0.2,80.0 %,100.0 %,1.4,,582,1062,1.2 %,2.1 %,3.1,3.7,1,0,7,3,1,0,7,3,1,0,5,3,4,,8,3,5.5,,2.4,3,-2504,0,-2.5 %,0.0 %,-2504,0,-2.5 %,0.0 %,-2302,0,-2.3 %,0.0 %,80.0 %,100.0 %,80.0 %,100.0 %,80.0 %,100.0 %,891,1062,-653,0,75.0 %,100.0 %
URTY,21d RSI URTY LT39 - L URTY,58.7 %,23.2 %,29339,11615,29.6 %,5.2 %,198.4 %,450.3 %,-6.9 %,-8.8 %,13,4,1.1,0.3,76.9 %,100.0 %,1.1,,2257,2684,4.5 %,5.4 %,3.2,2.2,1,0,5,4,1,0,4,4,1,0,4,3,3.3,,10,4,3.8,,2.1,9.1,-10524,0,-10.5 %,0.0 %,-10524,0,-10.5 %,0.0 %,-10524,0,-10.5 %,0.0 %,76.9 %,100.0 %,76.9 %,100.0 %,75.0 %,100.0 %,3972,2684,-3459,0,71.4 %,100.0 %
USD,4d RSI USD LT17 - L USD,15.9 %,32.1 %,7938,16050,16.3 %,6.3 %,97.6 %,505.6 %,-4.4 %,-3.4 %,8,5,0.7,0.4,62.5 %,100.0 %,2.3,,992,2871,2.0 %,5.7 %,3.6,2.2,2,0,2,5,2,0,2,5,1,0,2,5,1.7,,5,5,3.9,,1.6,7,-4801,0,-4.8 %,0.0 %,-4801,0,-4.8 %,0.0 %,-767,0,-0.8 %,0.0 %,62.5 %,100.0 %,62.5 %,100.0 %,62.5 %,100.0 %,2144,2871,-928,0,71.4 %,100.0 %
USDU,8d RSI USDU LT29 - L USDU,0.5 %,4.5 %,270,2261,4.7 %,5.6 %,11.5 %,81.4 %,-0.9 %,-0.1 %,3,6,0.2,0.5,66.7 %,100.0 %,0.8,,90,370,0.2 %,0.7 %,2.7,1.2,1,0,1,6,1,0,1,5,1,0,1,5,2,,2,6,1.6,,0.4,8,-905,0,-0.9 %,0.0 %,-905,0,-0.9 %,0.0 %,-905,0,-0.9 %,0.0 %,66.7 %,100.0 %,66.7 %,100.0 %,66.7 %,100.0 %,361,370,-452,0,66.7 %,100.0 %
USFR,3d RSI USFR LT33 - L USFR,0.8 %,0.2 %,377,118,50.4 %,94.0 %,1.5 %,0.2 %,0.0 %,-0.1 %,9,3,0.8,0.2,100.0 %,100.0 %,,,42,39,0.1 %,0.1 %,6.7,25.3,0,0,9,3,0,0,9,3,0,0,6,2,,,9,3,,,5.6,12.2,0,0,0.0 %,0.0 %,0,0,0.0 %,0.0 %,0,0,0.0 %,0.0 %,100.0 %,100.0 %,100.0 %,100.0 %,100.0 %,100.0 %,42,39,0,0,100.0 %,100.0 %
USHY,11d RSI USHY LT36 - L USHY,4.1 %,2.5 %,2037,1229,45.1 %,6.8 %,9.0 %,36.4 %,-1.7 %,-1.1 %,17,5,1.4,0.4,64.7 %,80.0 %,1,3.4,120,244,0.2 %,0.5 %,3.9,2.4,2,1,6,3,2,0,6,4,1,1,2,2,1.8,4,11,4,1.8,13.5,1,2.5,-1585,-97,-1.6 %,-0.2 %,-1585,0,-1.6 %,0.0 %,-1107,-97,-1.1 %,-0.2 %,64.7 %,80.0 %,64.7 %,80.0 %,64.7 %,100.0 %,408,329,-409,-97,62.5 %,75.0 %
USIG,5d RSI USIG LT16 - L USIG,1.3 %,2.8 %,652,1397,21.7 %,6.0 %,6.0 %,46.9 %,-1.9 %,-0.7 %,8,5,0.7,0.4,75.0 %,80.0 %,0.5,3.7,82,277,0.2 %,0.6 %,3.9,2,1,1,3,4,1,1,3,4,1,1,2,3,3,4,6,4,1.5,15,0.6,2.7,-1448,-99,-1.4 %,-0.2 %,-1448,-99,-1.4 %,-0.2 %,-1448,-99,-1.4 %,-0.2 %,75.0 %,80.0 %,75.0 %,80.0 %,75.0 %,80.0 %,308,371,-599,-99,66.7 %,75.0 %
USMC,10d RSI USMC LT33 - L USMC,4.8 %,10.3 %,2408,5142,30.1 %,7.1 %,16.0 %,144.0 %,-2.5 %,-1.8 %,11,5,0.9,0.4,63.6 %,100.0 %,1,,219,991,0.4 %,2.0 %,4.1,2.6,2,0,5,5,2,0,5,5,1,0,4,4,1.8,,7,5,1.7,,0.8,4.1,-2645,0,-2.6 %,0.0 %,-2645,0,-2.6 %,0.0 %,-2338,0,-2.3 %,0.0 %,63.6 %,100.0 %,63.6 %,100.0 %,63.6 %,100.0 %,852,991,-889,0,71.4 %,100.0 %
USMV,9d RSI USMV LT33 - L USMV,4.2 %,9.3 %,2123,4667,31.6 %,9.9 %,13.4 %,94.1 %,-2.8 %,-1.9 %,10,6,0.8,0.5,70.0 %,100.0 %,0.7,,212,750,0.4 %,1.5 %,4.8,3.2,2,0,6,6,2,0,6,5,2,0,4,5,2.3,,7,6,1.7,,0.7,5.6,-2908,0,-2.9 %,0.0 %,-2908,0,-2.9 %,0.0 %,-808,0,-0.8 %,0.0 %,70.0 %,100.0 %,70.0 %,100.0 %,70.0 %,100.0 %,763,750,-1073,0,57.1 %,100.0 %
USO,3d RSI USO LT12 - L USO,8.6 %,22.8 %,4310,11406,14.2 %,9.5 %,60.8 %,239.5 %,0.0 %,-6.0 %,4,6,0.3,0.5,75.0 %,100.0 %,6.2,,1077,1755,2.2 %,3.5 %,3.2,3,1,0,3,6,1,0,3,6,1,0,2,5,3,,3,6,18.5,,2.1,3.7,-492,0,-0.5 %,0.0 %,-492,0,-0.5 %,0.0 %,-492,0,-0.5 %,0.0 %,75.0 %,100.0 %,75.0 %,100.0 %,75.0 %,100.0 %,1519,1755,-246,0,66.7 %,100.0 %
USOI,5d RSI USOI LT16 - L USOI,7.6 %,20.9 %,3802,10468,4.7 %,5.6 %,161.0 %,376.8 %,0.0 %,-5.8 %,2,4,0.2,0.3,100.0 %,100.0 %,,,1901,2438,3.8 %,4.9 %,1.5,2.5,0,0,2,4,0,0,2,4,0,0,2,4,,,2,4,,,3.1,6.9,0,0,0.0 %,0.0 %,0,0,0.0 %,0.0 %,0,0,0.0 %,0.0 %,100.0 %,100.0 %,100.0 %,100.0 %,100.0 %,100.0 %,1901,2438,0,0,100.0 %,100.0 %
USRT,4d RSI USRT LT21 - L USRT,-4.0 %,12.7 %,-2013,6327,24.9 %,6.0 %,-16.2 %,212.6 %,-10.1 %,-1.3 %,12,5,1,0.4,58.3 %,100.0 %,0.5,,-168,1209,-0.3 %,2.4 %,4.1,2,2,0,3,5,2,0,3,5,2,0,3,4,1.4,,7,5,0.8,,-0.4,4.5,-6060,0,-6.1 %,0.0 %,-6060,0,-6.1 %,0.0 %,-3934,0,-3.9 %,0.0 %,58.3 %,100.0 %,58.3 %,100.0 %,58.3 %,100.0 %,918,1209,-1688,0,55.6 %,100.0 %
USTB,6d RSI USTB LT27 - L USTB,-0.7 %,0.5 %,-369,233,36.9 %,6.0 %,-2.0 %,7.8 %,-1.2 %,-0.1 %,14,5,1.2,0.4,50.0 %,100.0 %,0.6,,-26,47,-0.1 %,0.1 %,4.4,2,3,0,2,5,3,0,2,5,3,0,3,4,1,,7,5,0.6,,-0.6,3.9,-468,0,-0.5 %,0.0 %,-468,0,-0.5 %,0.0 %,-1248,0,-1.2 %,0.0 %,50.0 %,100.0 %,50.0 %,100.0 %,46.2 %,100.0 %,90,47,-142,0,50.0 %,100.0 %
UTES,14d RSI UTES LT33 - L UTES,1.0 %,1.1 %,520,543,19.9 %,5.2 %,5.2 %,21.1 %,-4.5 %,-3.0 %,6,3,0.5,0.2,66.7 %,66.7 %,0.6,0.9,87,185,0.2 %,0.4 %,5.2,3.3,2,1,3,1,2,1,3,1,2,1,3,1,2,2,4,2,1.2,1.8,0.2,0.5,-4779,-732,-4.8 %,-1.5 %,-4779,-732,-4.8 %,-1.5 %,-4278,-732,-4.3 %,-1.5 %,66.7 %,66.7 %,66.7 %,66.7 %,66.7 %,66.7 %,727,643,-1195,-732,60.0 %,66.7 %
UTSL,13d RSI UTSL LT30 - L UTSL,10.9 %,15.4 %,5439,7680,14.2 %,5.2 %,76.5 %,297.7 %,-8.5 %,-6.7 %,5,3,0.4,0.2,60.0 %,100.0 %,1.4,,1088,2484,2.2 %,5.0 %,4.2,3.3,2,0,2,3,2,0,2,3,1,0,2,3,1.5,,3,3,2.1,,0.7,2,-9998,0,-10.0 %,0.0 %,-9998,0,-10.0 %,0.0 %,-8898,0,-8.9 %,0.0 %,60.0 %,100.0 %,60.0 %,100.0 %,60.0 %,100.0 %,3479,2484,-2500,0,75.0 %,100.0 %
UUP,18d RSI UUP LT39 - L UUP,1.5 %,3.2 %,755,1625,72.4 %,6.3 %,2.1 %,51.2 %,-0.5 %,-0.2 %,5,6,0.4,0.5,80.0 %,100.0 %,1,,151,267,0.3 %,0.5 %,3,1.7,1,0,3,6,1,0,3,5,0,0,2,3,4,,4,6,4.1,,1.5,7.4,-490,0,-0.5 %,0.0 %,-490,0,-0.5 %,0.0 %,0,0,0.0 %,0.0 %,80.0 %,100.0 %,80.0 %,100.0 %,80.0 %,100.0 %,250,267,-245,0,100.0 %,100.0 %
UVXY,14d RSI UVXY LT30 - L UVXY,11.1 %,4.2 %,5563,2115,21.5 %,5.6 %,51.7 %,76.2 %,0.0 %,-11.0 %,4,3,0.3,0.2,100.0 %,66.7 %,,0.9,1391,773,2.8 %,1.6 %,3.8,3.7,0,1,4,2,0,1,4,2,0,1,3,1,,2,4,2,,1.8,4.3,0.5,0,-2918,0.0 %,-5.8 %,0,-2918,0.0 %,-5.8 %,0,-1508,0.0 %,-3.0 %,100.0 %,66.7 %,100.0 %,66.7 %,100.0 %,66.7 %,1391,2619,0,-2918,100.0 %,50.0 %
UWM,20d RSI UWM LT39 - L UWM,37.0 %,10.8 %,18475,5406,26.3 %,5.6 %,140.3 %,194.6 %,-4.5 %,-9.0 %,12,4,1,0.3,75.0 %,100.0 %,1.3,,1540,1303,3.1 %,2.6 %,3,2.5,1,0,4,4,1,0,4,4,1,0,4,3,3,,9,4,3.9,,2,5,-6886,0,-6.9 %,0.0 %,-6886,0,-6.9 %,0.0 %,-6886,0,-6.9 %,0.0 %,75.0 %,100.0 %,75.0 %,100.0 %,72.7 %,100.0 %,2772,1303,-2158,0,71.4 %,100.0 %
VB,11d RSI VB LT41 - L VB,23.0 %,22.0 %,11498,11008,39.5 %,19.1 %,58.2 %,115.6 %,-3.9 %,-4.3 %,24,11,2,0.9,75.0 %,81.8 %,0.8,5.1,479,919,1.0 %,1.8 %,3,3.4,1,2,6,5,1,2,5,5,1,1,4,4,3,4.5,18,9,2.4,22.8,1.9,3.8,-4468,-464,-4.5 %,-0.9 %,-4468,-464,-4.5 %,-0.9 %,-4002,-238,-4.0 %,-0.5 %,75.0 %,81.8 %,75.0 %,81.8 %,72.7 %,81.8 %,1096,1175,-1373,-232,70.0 %,87.5 %
VBK,6d RSI VBK LT16 - L VBK,7.7 %,11.6 %,3843,5775,9.3 %,5.2 %,82.3 %,223.9 %,0.0 %,-3.3 %,3,4,0.2,0.3,66.7 %,100.0 %,2.8,,1281,1389,2.6 %,2.8 %,4.7,2.2,1,0,2,4,1,0,2,4,1,0,2,4,2,,2,4,5.7,,1.3,4.1,-1643,0,-1.6 %,0.0 %,-1643,0,-1.6 %,0.0 %,-1643,0,-1.6 %,0.0 %,66.7 %,100.0 %,66.7 %,100.0 %,66.7 %,100.0 %,2332,1389,-821,0,66.7 %,100.0 %
VBR,19d RSI VBR LT43 - L VBR,18.1 %,13.8 %,9072,6911,33.3 %,7.5 %,54.4 %,183.3 %,-4.3 %,-3.3 %,19,7,1.6,0.6,73.7 %,100.0 %,1,,477,935,1.0 %,1.9 %,3.1,1.7,1,0,4,7,1,0,4,7,1,0,6,5,2.8,,14,7,2.8,,1.9,6.2,-4976,0,-5.0 %,0.0 %,-4976,0,-5.0 %,0.0 %,-2711,0,-2.7 %,0.0 %,73.7 %,100.0 %,73.7 %,100.0 %,77.8 %,100.0 %,1014,935,-1024,0,80.0 %,100.0 %
VCIT,5d RSI VCIT LT15 - L VCIT,-0.9 %,2.9 %,-457,1468,15.3 %,6.0 %,-6.0 %,49.3 %,-2.0 %,-0.3 %,6,5,0.5,0.4,50.0 %,100.0 %,0.7,,-76,290,-0.2 %,0.6 %,3.7,2,1,0,2,5,1,0,2,5,1,0,2,3,1,,3,5,0.7,,-0.4,5.3,-1984,0,-2.0 %,0.0 %,-1984,0,-2.0 %,0.0 %,-1984,0,-2.0 %,0.0 %,50.0 %,100.0 %,50.0 %,100.0 %,50.0 %,100.0 %,348,290,-501,0,60.0 %,100.0 %
VCLT,3d RSI VCLT LT10 - L VCLT,-0.1 %,6.5 %,-67,3260,20.3 %,8.3 %,-0.7 %,78.2 %,-6.1 %,-1.2 %,9,6,0.8,0.5,55.6 %,83.3 %,0.8,3.6,-7,531,-0.0 %,1.1 %,4.4,2.5,4,1,5,5,4,1,5,5,4,1,5,5,1.2,5,5,5,1,18,0,3,-6210,-187,-6.2 %,-0.4 %,-6210,-187,-6.2 %,-0.4 %,-6210,-187,-6.2 %,-0.4 %,55.6 %,83.3 %,55.6 %,83.3 %,55.6 %,83.3 %,608,675,-776,-187,55.6 %,83.3 %
VCSH,4d RSI VCSH LT11 - L VCSH,-1.4 %,0.8 %,-682,412,15.4 %,5.2 %,-8.8 %,16.0 %,-1.7 %,-0.1 %,6,4,0.5,0.3,50.0 %,100.0 %,0.2,,-114,103,-0.2 %,0.2 %,3.8,2.2,3,0,3,4,3,0,3,4,3,0,2,3,1,,3,4,0.2,,-1.5,5.3,-1680,0,-1.7 %,0.0 %,-1680,0,-1.7 %,0.0 %,-1680,0,-1.7 %,0.0 %,50.0 %,100.0 %,50.0 %,100.0 %,50.0 %,100.0 %,53,103,-280,0,40.0 %,100.0 %
VDC,16d RSI VDC LT36 - L VDC,9.5 %,7.3 %,4766,3633,17.7 %,6.8 %,53.9 %,107.7 %,-0.2 %,-1.6 %,7,4,0.6,0.3,85.7 %,100.0 %,6.1,,681,885,1.4 %,1.8 %,3,3.2,1,0,5,4,1,0,5,4,0,0,6,4,6,,6,4,36.5,,3.2,8.7,-269,0,-0.3 %,0.0 %,-269,0,-0.3 %,0.0 %,0,0,0.0 %,0.0 %,85.7 %,100.0 %,85.7 %,100.0 %,85.7 %,100.0 %,817,885,-134,0,100.0 %,100.0 %
VDE,3d RSI VDE LT10 - L VDE,-0.5 %,6.3 %,-241,3145,13.8 %,6.8 %,-3.5 %,93.2 %,-9.3 %,-6.2 %,4,5,0.3,0.4,75.0 %,60.0 %,0.3,2.5,-60,627,-0.1 %,1.2 %,4.5,2.4,1,1,2,2,1,1,2,2,1,1,2,2,3,1.5,3,3,1,3.8,0,1.2,-9701,-1089,-9.7 %,-2.2 %,-9701,-1089,-9.7 %,-2.2 %,-9701,-1089,-9.7 %,-2.2 %,75.0 %,60.0 %,75.0 %,60.0 %,75.0 %,60.0 %,1537,1416,-4850,-555,75.0 %,60.0 %
VEA,11d RSI VEA LT32 - L VEA,8.8 %,3.3 %,4396,1643,24.9 %,6.0 %,35.4 %,55.2 %,-4.5 %,-2.0 %,11,4,0.9,0.3,81.8 %,100.0 %,0.6,,400,406,0.8 %,0.8 %,2.9,2.8,2,0,8,4,2,0,8,4,1,0,7,4,4.5,,9,4,2.7,,1.5,18.3,-5090,0,-5.1 %,0.0 %,-5090,0,-5.1 %,0.0 %,-5090,0,-5.1 %,0.0 %,81.8 %,100.0 %,81.8 %,100.0 %,81.8 %,100.0 %,771,406,-1272,0,88.9 %,100.0 %
VEU,10d RSI VEU LT32 - L VEU,5.6 %,9.2 %,2806,4594,26.0 %,8.3 %,21.6 %,110.2 %,-4.3 %,-1.8 %,11,6,0.9,0.5,72.7 %,100.0 %,0.7,,255,739,0.5 %,1.5 %,3.1,2.5,2,0,4,6,2,0,4,6,1,0,3,5,2.7,,8,6,2,,1,4.9,-4689,0,-4.7 %,0.0 %,-4689,0,-4.7 %,0.0 %,-4689,0,-4.7 %,0.0 %,72.7 %,100.0 %,72.7 %,100.0 %,72.7 %,100.0 %,708,739,-954,0,77.8 %,100.0 %
VFH,7d RSI VFH LT30 - L VFH,6.4 %,18.3 %,3187,9133,27.9 %,9.1 %,22.8 %,200.1 %,-3.1 %,-2.5 %,15,8,1.2,0.7,66.7 %,87.5 %,0.9,32.9,212,1063,0.4 %,2.1 %,3.3,1.9,1,1,2,5,1,1,2,5,1,1,2,4,2,7,10,7,1.8,230,1,5.1,-3269,-37,-3.3 %,-0.1 %,-3269,-37,-3.3 %,-0.1 %,-3269,-37,-3.3 %,-0.1 %,66.7 %,87.5 %,66.7 %,87.5 %,66.7 %,87.5 %,735,1220,-832,-37,70.0 %,85.7 %
VGIT,4d RSI VGIT LT11 - L VGIT,1.4 %,1.0 %,721,520,12.1 %,5.2 %,11.9 %,20.1 %,-0.7 %,-0.5 %,7,3,0.6,0.2,71.4 %,66.7 %,1.1,4.9,103,173,0.2 %,0.3 %,2.3,3.3,1,1,4,2,1,1,4,2,1,1,3,2,2.5,2,5,2,2.7,9.9,1.1,1.8,-747,-58,-0.7 %,-0.1 %,-747,-58,-0.7 %,-0.1 %,-747,-58,-0.7 %,-0.1 %,71.4 %,66.7 %,71.4 %,66.7 %,71.4 %,66.7 %,231,289,-217,-58,66.7 %,66.7 %
VGK,14d RSI VGK LT34 - L VGK,4.7 %,2.7 %,2354,1330,26.1 %,6.0 %,18.0 %,44.7 %,-4.0 %,-1.8 %,11,3,0.9,0.2,63.6 %,100.0 %,1,,214,439,0.4 %,0.9 %,3.1,4,2,0,3,3,2,0,3,3,1,0,2,3,1.8,,7,3,1.8,,0.8,10,-4404,0,-4.4 %,0.0 %,-4283,0,-4.3 %,0.0 %,-4283,0,-4.3 %,0.0 %,63.6 %,100.0 %,63.6 %,100.0 %,60.0 %,100.0 %,775,439,-767,0,62.5 %,100.0 %
VGLT,4d RSI VGLT LT10 - L VGLT,1.7 %,2.1 %,868,1051,10.6 %,5.2 %,16.4 %,40.7 %,0.0 %,-2.7 %,3,3,0.2,0.2,66.7 %,66.7 %,1.3,3.3,289,349,0.6 %,0.7 %,3.7,3.3,1,1,2,2,1,1,2,2,1,1,2,1,2,2,2,2,2.5,6.7,0.6,1.6,-1127,-184,-1.1 %,-0.4 %,-1127,-184,-1.1 %,-0.4 %,-1127,-184,-1.1 %,-0.4 %,66.7 %,66.7 %,66.7 %,66.7 %,66.7 %,66.7 %,716,616,-564,-184,66.7 %,50.0 %
VGSH,9d RSI VGSH LT22 - L VGSH,-0.3 %,0.3 %,-134,150,18.9 %,7.5 %,-1.4 %,4.0 %,-0.4 %,-0.1 %,6,4,0.5,0.3,66.7 %,100.0 %,0.3,,-22,37,-0.0 %,0.1 %,4.3,3.8,1,0,4,4,1,0,4,4,1,0,3,3,2,,4,4,0.6,,-0.5,4.3,-352,0,-0.4 %,0.0 %,-352,0,-0.4 %,0.0 %,-352,0,-0.4 %,0.0 %,66.7 %,100.0 %,66.7 %,100.0 %,66.7 %,100.0 %,53,37,-173,0,60.0 %,100.0 %
VGT,8d RSI VGT LT30 - L VGT,21.4 %,14.4 %,10710,7209,21.0 %,9.1 %,102.2 %,158.0 %,-1.8 %,-3.1 %,11,6,0.9,0.5,81.8 %,100.0 %,1.1,,974,1139,1.9 %,2.3 %,3.5,2.8,1,0,6,6,1,0,6,6,1,0,5,4,4.5,,9,6,5.2,,2.7,4.3,-2975,0,-3.0 %,0.0 %,-2975,0,-3.0 %,0.0 %,-2975,0,-3.0 %,0.0 %,81.8 %,100.0 %,81.8 %,100.0 %,81.8 %,100.0 %,1476,1139,-1286,0,77.8 %,100.0 %
VHT,16d RSI VHT LT33 - L VHT,0.2 %,8.1 %,78,4062,11.1 %,6.0 %,1.4 %,136.5 %,0.0 %,-1.3 %,3,3,0.2,0.2,66.7 %,100.0 %,0.6,,26,1321,0.1 %,2.6 %,3,4,1,0,2,3,1,0,1,3,1,0,1,3,2,,2,3,1.1,,0.1,4.6,-1281,0,-1.3 %,0.0 %,-1281,0,-1.3 %,0.0 %,-1281,0,-1.3 %,0.0 %,66.7 %,100.0 %,66.7 %,100.0 %,50.0 %,100.0 %,359,1321,-640,0,50.0 %,100.0 %
VIG,9d RSI VIG LT28 - L VIG,1.4 %,8.1 %,682,4068,18.4 %,6.0 %,7.4 %,136.7 %,-1.6 %,-1.5 %,5,4,0.4,0.3,40.0 %,100.0 %,2.2,,136,988,0.3 %,2.0 %,5.4,2.8,1,0,1,4,1,0,1,4,1,0,1,4,0.7,,2,4,1.5,,0.4,6.5,-1613,0,-1.6 %,0.0 %,-1613,0,-1.6 %,0.0 %,-1613,0,-1.6 %,0.0 %,40.0 %,100.0 %,40.0 %,100.0 %,40.0 %,100.0 %,1049,988,-472,0,40.0 %,100.0 %
VIGI,19d RSI VIGI LT41 - L VIGI,2.9 %,4.3 %,1466,2152,48.2 %,7.1 %,6.1 %,60.2 %,-4.9 %,-1.7 %,20,3,1.7,0.2,60.0 %,100.0 %,0.8,,73,708,0.1 %,1.4 %,3.6,5,1,0,3,3,1,0,3,3,1,0,3,2,1.5,,12,3,1.2,,0.3,4,-5103,0,-5.1 %,0.0 %,-5103,0,-5.1 %,0.0 %,-4966,0,-5.0 %,0.0 %,60.0 %,100.0 %,60.0 %,100.0 %,58.8 %,100.0 %,818,708,-1044,0,66.7 %,100.0 %
VIOO,9d RSI VIOO LT34 - L VIOO,10.7 %,23.4 %,5326,11710,25.7 %,10.7 %,41.4 %,218.6 %,-3.8 %,-4.0 %,14,9,1.2,0.8,78.6 %,88.9 %,0.7,12,380,1189,0.8 %,2.4 %,3.2,2,1,1,8,7,1,1,7,7,1,0,4,7,3.7,8,11,8,2.4,95.6,1.4,4.5,-3012,-113,-3.0 %,-0.2 %,-3012,-113,-3.0 %,-0.2 %,-4250,0,-4.3 %,0.0 %,78.6 %,88.9 %,78.6 %,88.9 %,76.9 %,88.9 %,834,1352,-1282,-113,75.0 %,100.0 %
VIXM,21d RSI VIXM LT37 - L VIXM,2.6 %,0.9 %,1299,449,62.1 %,8.7 %,4.2 %,10.3 %,-0.6 %,-8.6 %,4,4,0.3,0.3,75.0 %,75.0 %,1.7,0.4,325,158,0.6 %,0.3 %,3.2,4.5,1,1,2,3,1,1,2,3,1,1,1,2,3,3,3,3,5.2,1.2,1.6,0.1,-614,-3045,-0.6 %,-6.1 %,-614,-3045,-0.6 %,-6.1 %,-24,-2419,-0.0 %,-4.8 %,75.0 %,75.0 %,75.0 %,75.0 %,75.0 %,75.0 %,536,1226,-307,-3045,50.0 %,66.7 %
VIXY,9d RSI VIXY LT24 - L VIXY,16.5 %,11.8 %,8256,5884,14.4 %,6.0 %,114.9 %,197.7 %,0.0 %,-4.1 %,6,4,0.5,0.3,100.0 %,75.0 %,,11,1376,1419,2.8 %,2.8 %,3.2,2.8,0,1,6,3,0,1,6,3,0,0,4,3,,3,6,3,,33.1,4.2,2.9,0,-177,0.0 %,-0.3 %,0,-177,0.0 %,-0.3 %,0,0,0.0 %,0.0 %,100.0 %,75.0 %,100.0 %,75.0 %,100.0 %,75.0 %,1376,1952,0,-177,100.0 %,100.0 %
VLUE,11d RSI VLUE LT34 - L VLUE,8.3 %,11.0 %,4151,5479,22.0 %,5.6 %,37.8 %,197.2 %,-3.9 %,-0.8 %,9,5,0.8,0.4,77.8 %,100.0 %,0.8,,461,1051,0.9 %,2.1 %,3.2,1.8,1,0,4,5,1,0,6,5,1,0,5,4,3.5,,7,5,2.7,,1.3,12.8,-4300,0,-4.3 %,0.0 %,-4300,0,-4.3 %,0.0 %,-3794,0,-3.8 %,0.0 %,77.8 %,100.0 %,77.8 %,100.0 %,87.5 %,100.0 %,937,1051,-1203,0,85.7 %,100.0 %
VMBS,4d RSI VMBS LT13 - L VMBS,4.4 %,0.6 %,2177,284,16.5 %,7.5 %,26.4 %,7.5 %,0.0 %,-0.4 %,12,6,1,0.5,100.0 %,66.7 %,,1.4,181,47,0.4 %,0.1 %,2.5,2.2,0,1,12,3,0,1,12,3,0,1,9,3,,2,12,4,,2.9,7.1,1.1,0,-87,0.0 %,-0.2 %,0,-87,0.0 %,-0.2 %,0,-87,0.0 %,-0.2 %,100.0 %,66.7 %,100.0 %,66.7 %,100.0 %,66.7 %,181,109,0,-76,100.0 %,80.0 %
VNLA,20d RSI VNLA LT30 - L VNLA,0.3 %,0.2 %,135,122,80.0 %,9.5 %,0.3 %,2.6 %,-0.2 %,-0.2 %,3,4,0.2,0.3,66.7 %,50.0 %,1.3,6,45,31,0.1 %,0.1 %,5.7,5,1,2,1,2,1,2,1,2,0,0,2,2,2,1,2,2,2.6,6,0.8,1.4,-172,-24,-0.2 %,-0.1 %,-172,-24,-0.2 %,-0.1 %,0,0,0.0 %,0.0 %,66.7 %,50.0 %,66.7 %,50.0 %,66.7 %,50.0 %,111,73,-86,-12,100.0 %,100.0 %
VNM,18d RSI VNM LT41 - L VNM,-38.1 %,9.0 %,-19038,4485,64.3 %,6.8 %,-59.2 %,133.0 %,-45.2 %,-1.1 %,30,5,2.5,0.4,56.7 %,100.0 %,0.3,,-635,868,-1.3 %,1.7 %,3.7,2.4,5,0,4,5,5,0,3,5,7,0,2,3,1.3,,17,5,0.4,,-2,4.2,-25292,0,-25.3 %,0.0 %,-25292,0,-25.3 %,0.0 %,-42092,0,-42.1 %,0.0 %,56.7 %,100.0 %,56.7 %,100.0 %,48.0 %,100.0 %,624,868,-2281,0,22.2 %,100.0 %
VNQ,3d RSI VNQ LT14 - L VNQ,-2.6 %,8.8 %,-1315,4380,23.1 %,5.6 %,-11.4 %,157.7 %,-6.0 %,-1.7 %,11,5,0.9,0.4,63.6 %,100.0 %,0.5,,-120,849,-0.2 %,1.7 %,4.1,1.8,2,0,3,5,2,0,3,5,1,0,3,4,1.8,,7,5,0.8,,-0.3,4.5,-5005,0,-5.0 %,0.0 %,-5005,0,-5.0 %,0.0 %,-6218,0,-6.2 %,0.0 %,63.6 %,100.0 %,63.6 %,100.0 %,63.6 %,100.0 %,863,849,-1839,0,66.7 %,100.0 %
VNQI,3d RSI VNQI LT12 - L VNQI,-1.3 %,5.1 %,-672,2554,28.2 %,6.0 %,-4.8 %,85.8 %,-8.9 %,-1.8 %,11,5,0.9,0.4,63.6 %,100.0 %,0.5,,-61,501,-0.1 %,1.0 %,3.5,2,2,0,4,5,2,0,4,5,3,0,3,5,1.8,,7,5,0.9,,-0.1,5.6,-4498,0,-4.5 %,0.0 %,-4498,0,-4.5 %,0.0 %,-9605,0,-9.6 %,0.0 %,63.6 %,100.0 %,63.6 %,100.0 %,63.6 %,100.0 %,843,501,-1644,0,50.0 %,100.0 %
VO,7d RSI VO LT25 - L VO,-0.3 %,11.5 %,-133,5745,17.6 %,5.2 %,-1.5 %,222.7 %,-1.1 %,-2.1 %,5,4,0.4,0.3,40.0 %,100.0 %,1.4,,-27,1382,-0.1 %,2.8 %,5,2.2,1,0,1,4,1,0,1,4,1,0,1,4,0.7,,2,4,0.9,,-0.1,4.4,-1790,0,-1.8 %,0.0 %,-1790,0,-1.8 %,0.0 %,-1790,0,-1.8 %,0.0 %,40.0 %,100.0 %,40.0 %,100.0 %,40.0 %,100.0 %,866,1382,-621,0,50.0 %,100.0 %
VOE,8d RSI VOE LT32 - L VOE,4.8 %,8.6 %,2419,4317,22.1 %,6.3 %,21.9 %,136.0 %,-5.7 %,-2.1 %,11,5,0.9,0.4,81.8 %,100.0 %,0.3,,220,838,0.4 %,1.7 %,3.6,2.2,1,0,5,5,1,0,5,5,2,0,4,5,4.5,,9,5,1.5,,0.5,3.6,-6151,0,-6.2 %,0.0 %,-3206,0,-3.2 %,0.0 %,-5404,0,-5.4 %,0.0 %,81.8 %,100.0 %,81.8 %,100.0 %,80.0 %,100.0 %,789,838,-2339,0,75.0 %,100.0 %
VONG,7d RSI VONG LT25 - L VONG,12.2 %,10.6 %,6114,5288,18.8 %,7.1 %,65.0 %,148.1 %,0.0 %,-2.9 %,7,5,0.6,0.4,85.7 %,100.0 %,0.7,,873,1018,1.7 %,2.0 %,3.9,2.6,1,0,6,5,1,0,6,5,1,0,6,4,6,,6,5,4.2,,1.7,4.8,-3824,0,-3.8 %,0.0 %,-3824,0,-3.8 %,0.0 %,-3824,0,-3.8 %,0.0 %,85.7 %,100.0 %,85.7 %,100.0 %,85.7 %,100.0 %,1338,1018,-1912,0,85.7 %,100.0 %
VONV,20d RSI VONV LT43 - L VONV,14.0 %,9.8 %,6988,4886,44.6 %,7.1 %,31.4 %,136.8 %,-4.0 %,-1.4 %,20,5,1.7,0.4,80.0 %,100.0 %,0.6,,349,942,0.7 %,1.9 %,3.2,2.6,1,0,6,5,2,0,6,5,1,0,5,5,4,,16,5,2.3,,1.5,6.5,-4512,0,-4.5 %,0.0 %,-1512,0,-1.5 %,0.0 %,-2692,0,-2.7 %,0.0 %,80.0 %,100.0 %,80.0 %,100.0 %,78.9 %,100.0 %,770,942,-1333,0,77.8 %,100.0 %
VOO,6d RSI VOO LT27 - L VOO,8.2 %,16.0 %,4087,7991,19.8 %,9.5 %,41.2 %,167.8 %,-2.6 %,-1.9 %,11,7,0.9,0.6,63.6 %,100.0 %,1.2,,372,1072,0.7 %,2.1 %,3.2,2.4,2,0,4,7,2,0,4,7,2,0,4,7,1.8,,7,7,2,,1.1,6.4,-1924,0,-1.9 %,0.0 %,-1924,0,-1.9 %,0.0 %,-1926,0,-1.9 %,0.0 %,63.6 %,100.0 %,63.6 %,100.0 %,63.6 %,100.0 %,1145,1072,-982,0,66.7 %,100.0 %
VOOG,7d RSI VOOG LT27 - L VOOG,11.5 %,9.8 %,5751,4891,22.0 %,7.9 %,52.2 %,123.3 %,-0.3 %,-2.7 %,8,5,0.7,0.4,75.0 %,100.0 %,1.3,,719,945,1.4 %,1.9 %,4,3,1,0,5,5,1,0,5,5,1,0,5,4,3,,6,5,3.8,,1.6,3.7,-3792,0,-3.8 %,0.0 %,-3792,0,-3.8 %,0.0 %,-3792,0,-3.8 %,0.0 %,75.0 %,100.0 %,75.0 %,100.0 %,75.0 %,100.0 %,1303,945,-1033,0,75.0 %,100.0 %
VOT,3d RSI VOT LT10 - L VOT,8.4 %,9.8 %,4223,4916,17.3 %,7.5 %,48.9 %,130.4 %,-1.1 %,-2.4 %,7,6,0.6,0.5,57.1 %,83.3 %,5.9,101.3,603,790,1.2 %,1.6 %,3.6,2.2,2,1,4,4,2,1,4,4,1,0,4,5,1.3,5,4,5,7.9,506.6,2,4.1,-1167,-9,-1.2 %,-0.0 %,-1167,-9,-1.2 %,-0.0 %,-1167,0,-1.2 %,0.0 %,57.1 %,83.3 %,57.1 %,83.3 %,57.1 %,83.3 %,1208,950,-203,-9,80.0 %,100.0 %
VOX,20d RSI VOX LT39 - L VOX,15.1 %,1.3 %,7575,633,36.3 %,6.0 %,41.7 %,21.3 %,-3.8 %,-6.6 %,19,4,1.6,0.3,63.2 %,75.0 %,1.2,0.5,399,170,0.8 %,0.3 %,2.9,2.8,2,1,5,2,2,1,5,2,1,1,2,1,1.7,3,12,3,2,1.4,1.3,0.3,-1761,-1688,-1.8 %,-3.4 %,-1761,-1688,-1.8 %,-3.4 %,-4721,-193,-4.7 %,-0.4 %,63.2 %,75.0 %,63.2 %,75.0 %,61.1 %,75.0 %,1255,789,-1070,-1688,66.7 %,50.0 %
VPL,11d RSI VPL LT34 - L VPL,7.2 %,10.2 %,3580,5081,32.7 %,10.3 %,21.9 %,98.5 %,-4.0 %,-2.4 %,15,7,1.2,0.6,73.3 %,100.0 %,0.7,,239,699,0.5 %,1.4 %,3.1,2.7,1,0,5,7,1,0,5,7,1,0,5,5,2.8,,11,7,1.8,,0.9,3.7,-2998,0,-3.0 %,0.0 %,-2998,0,-3.0 %,0.0 %,-4308,0,-4.3 %,0.0 %,73.3 %,100.0 %,73.3 %,100.0 %,71.4 %,100.0 %,739,699,-1136,0,75.0 %,100.0 %
VPU,14d RSI VPU LT31 - L VPU,4.7 %,5.5 %,2360,2744,14.2 %,5.2 %,33.2 %,106.4 %,-4.4 %,-2.2 %,5,3,0.4,0.2,60.0 %,100.0 %,1.3,,472,905,0.9 %,1.8 %,4.2,3.3,2,0,2,3,2,0,2,3,2,0,2,3,1.5,,3,3,2,,0.7,2,-4728,0,-4.7 %,0.0 %,-4728,0,-4.7 %,0.0 %,-3079,0,-3.1 %,0.0 %,60.0 %,100.0 %,60.0 %,100.0 %,60.0 %,100.0 %,1575,905,-1182,0,50.0 %,100.0 %
VRIG,9d RSI VRIG LT37 - L VRIG,-0.4 %,0.1 %,-197,49,52.9 %,13.1 %,-0.7 %,0.8 %,-0.4 %,-0.1 %,6,1,0.5,0.1,33.3 %,100.0 %,0.9,,-33,49,-0.1 %,0.1 %,13.5,4,3,0,1,1,3,0,1,1,2,0,1,1,0.5,,2,1,0.5,,-0.8,0,-395,0,-0.4 %,0.0 %,-395,0,-0.4 %,0.0 %,-395,0,-0.4 %,0.0 %,33.3 %,100.0 %,33.3 %,100.0 %,33.3 %,100.0 %,86,49,-92,0,40.0 %,100.0 %
VRP,6d RSI VRP LT26 - L VRP,-7.1 %,2.0 %,-3543,998,49.5 %,10.7 %,-14.3 %,18.6 %,-6.4 %,-1.8 %,12,5,1,0.4,41.7 %,80.0 %,0.3,1.9,-295,199,-0.6 %,0.4 %,7,4.4,3,1,3,4,3,1,3,4,3,1,3,3,0.7,4,5,4,0.2,7.6,-2.1,1.5,-3819,-150,-3.8 %,-0.3 %,-3819,-150,-3.8 %,-0.3 %,-6138,-150,-6.1 %,-0.3 %,41.7 %,80.0 %,41.7 %,80.0 %,41.7 %,80.0 %,156,286,-618,-150,42.9 %,75.0 %
VSS,20d RSI VSS LT39 - L VSS,3.7 %,5.2 %,1839,2607,38.5 %,6.3 %,9.5 %,82.1 %,-6.4 %,-2.1 %,18,4,1.5,0.3,61.1 %,100.0 %,0.8,,102,640,0.2 %,1.3 %,2.9,3,2,0,4,4,2,0,3,4,2,0,2,2,1.6,,11,4,1.3,,0.4,4.5,-963,0,-1.0 %,0.0 %,-963,0,-1.0 %,0.0 %,-6234,0,-6.2 %,0.0 %,61.1 %,100.0 %,61.1 %,100.0 %,56.2 %,100.0 %,728,640,-882,0,44.4 %,100.0 %
VT,20d RSI VT LT40 - L VT,19.2 %,5.5 %,9593,2734,39.2 %,6.0 %,49.0 %,91.8 %,-3.5 %,-1.9 %,18,3,1.5,0.2,77.8 %,100.0 %,0.9,,533,896,1.1 %,1.8 %,3.1,4,1,0,7,3,1,0,6,3,1,0,6,3,3.5,,14,3,3.2,,2.2,4.8,-4094,0,-4.1 %,0.0 %,-4094,0,-4.1 %,0.0 %,-3134,0,-3.1 %,0.0 %,77.8 %,100.0 %,77.8 %,100.0 %,76.5 %,100.0 %,990,896,-1067,0,77.8 %,100.0 %
VTC,4d RSI VTC LT12 - L VTC,1.2 %,4.3 %,605,2166,23.0 %,7.5 %,5.3 %,57.5 %,-1.6 %,-0.6 %,8,6,0.7,0.5,62.5 %,100.0 %,0.9,,76,355,0.2 %,0.7 %,4.2,2.2,1,0,3,6,1,0,3,6,1,0,2,5,1.7,,5,6,1.4,,0.5,6.3,-1597,0,-1.6 %,0.0 %,-1597,0,-1.6 %,0.0 %,-1597,0,-1.6 %,0.0 %,62.5 %,100.0 %,62.5 %,100.0 %,62.5 %,100.0 %,408,355,-479,0,66.7 %,100.0 %
VTEB,19d RSI VTEB LT30 - L VTEB,-10.5 %,0.2 %,-5233,83,57.8 %,9.1 %,-18.1 %,1.8 %,-9.3 %,-0.5 %,12,3,1,0.2,58.3 %,33.3 %,0.1,7.3,-436,28,-0.9 %,0.1 %,8.9,6.7,1,2,2,1,2,2,2,1,3,1,1,1,1.4,0.5,7,1,0.2,3.7,-1.6,0.8,-6668,-31,-6.7 %,-0.1 %,-2682,-31,-2.7 %,-0.1 %,-8501,-10,-8.5 %,-0.0 %,58.3 %,33.3 %,58.3 %,33.3 %,54.5 %,33.3 %,132,114,-1232,-16,33.3 %,50.0 %
VTI,11d RSI VTI LT41 - L VTI,11.6 %,23.4 %,5825,11685,40.3 %,14.3 %,28.9 %,163.6 %,-5.4 %,-2.1 %,22,10,1.8,0.8,72.7 %,100.0 %,0.7,,265,1064,0.5 %,2.1 %,3.4,2.6,3,0,6,10,3,0,6,10,1,0,5,8,2.7,,16,10,1.9,,1.2,5.9,-5923,0,-5.9 %,0.0 %,-5923,0,-5.9 %,0.0 %,-5923,0,-5.9 %,0.0 %,72.7 %,100.0 %,72.7 %,100.0 %,70.0 %,100.0 %,792,1064,-1142,0,77.8 %,100.0 %
VTIP,5d RSI VTIP LT23 - L VTIP,-1.3 %,1.1 %,-639,556,21.6 %,5.2 %,-5.9 %,21.6 %,-2.0 %,-0.1 %,6,5,0.5,0.4,33.3 %,100.0 %,0.7,,-106,111,-0.2 %,0.2 %,5.7,1.6,4,0,2,5,4,0,2,4,3,0,2,4,0.5,,2,5,0.4,,-0.8,3.7,-1968,0,-2.0 %,0.0 %,-1968,0,-2.0 %,0.0 %,-1968,0,-2.0 %,0.0 %,33.3 %,100.0 %,33.3 %,100.0 %,33.3 %,100.0 %,173,111,-246,0,40.0 %,100.0 %
VTV,15d RSI VTV LT39 - L VTV,12.9 %,8.4 %,6461,4187,27.9 %,5.2 %,46.3 %,162.3 %,-3.9 %,-0.8 %,13,4,1.1,0.3,84.6 %,100.0 %,0.6,,497,1016,1.0 %,2.0 %,2.9,2.2,1,0,6,4,1,0,6,4,1,0,4,4,5.5,,11,4,3,,1.9,10.7,-4250,0,-4.2 %,0.0 %,-2089,0,-2.1 %,0.0 %,-1368,0,-1.4 %,0.0 %,84.6 %,100.0 %,84.6 %,100.0 %,83.3 %,100.0 %,876,1016,-1585,0,75.0 %,100.0 %
VTWO,21d RSI VTWO LT40 - L VTWO,18.6 %,7.4 %,9286,3710,26.3 %,5.2 %,70.5 %,143.8 %,-2.3 %,-3.0 %,12,4,1,0.3,75.0 %,100.0 %,1.3,,774,903,1.5 %,1.8 %,3,2.2,1,0,4,4,1,0,4,4,1,0,4,3,3,,9,4,4,,2.1,9.4,-3304,0,-3.3 %,0.0 %,-3304,0,-3.3 %,0.0 %,-3304,0,-3.3 %,0.0 %,75.0 %,100.0 %,75.0 %,100.0 %,72.7 %,100.0 %,1372,903,-1021,0,71.4 %,100.0 %
VUG,6d RSI VUG LT25 - L VUG,15.1 %,10.8 %,7549,5402,20.4 %,8.7 %,74.0 %,123.8 %,-4.1 %,-2.9 %,11,6,0.9,0.5,81.8 %,100.0 %,1,,686,865,1.4 %,1.7 %,3.6,2.7,1,0,5,6,1,0,5,6,1,0,5,5,4.5,,9,6,4.4,,2.1,3.7,-4114,0,-4.1 %,0.0 %,-4114,0,-4.1 %,0.0 %,-3027,0,-3.0 %,0.0 %,81.8 %,100.0 %,81.8 %,100.0 %,81.8 %,100.0 %,1086,865,-1113,0,77.8 %,100.0 %
VV,15d RSI VV LT45 - L VV,4.8 %,23.7 %,2397,11859,52.2 %,14.3 %,9.2 %,166.0 %,-6.6 %,-2.0 %,28,9,2.3,0.8,64.3 %,100.0 %,0.7,,86,1199,0.2 %,2.4 %,3.5,3,3,0,4,9,3,0,4,9,1,0,3,6,1.8,,18,9,1.2,,0.4,7,-5705,0,-5.7 %,0.0 %,-5705,0,-5.7 %,0.0 %,-5705,0,-5.7 %,0.0 %,64.3 %,100.0 %,64.3 %,100.0 %,60.0 %,100.0 %,832,1199,-1257,0,70.0 %,100.0 %
VWO,4d RSI VWO LT10 - L VWO,1.3 %,11.0 %,669,5484,9.9 %,7.1 %,13.5 %,153.6 %,-1.6 %,-1.9 %,3,5,0.2,0.4,33.3 %,100.0 %,3.6,,223,1052,0.4 %,2.1 %,4,2.6,2,0,1,5,2,0,1,5,2,0,1,4,0.5,,1,5,1.8,,0.4,10.2,-1644,0,-1.6 %,0.0 %,-1644,0,-1.6 %,0.0 %,-1644,0,-1.6 %,0.0 %,33.3 %,100.0 %,33.3 %,100.0 %,33.3 %,100.0 %,1491,1052,-411,0,33.3 %,100.0 %
VWOB,10d RSI VWOB LT24 - L VWOB,-1.6 %,3.4 %,-815,1708,11.4 %,7.5 %,-14.4 %,45.3 %,-2.0 %,-0.8 %,5,5,0.4,0.4,40.0 %,80.0 %,1,2.9,-163,338,-0.3 %,0.7 %,3,2.8,1,1,1,2,1,1,1,2,1,0,1,3,0.7,4,2,4,0.6,11.8,-0.4,2.9,-1988,-156,-2.0 %,-0.3 %,-1988,-156,-2.0 %,-0.3 %,-1988,0,-2.0 %,0.0 %,40.0 %,80.0 %,40.0 %,80.0 %,40.0 %,80.0 %,757,461,-776,-156,40.0 %,100.0 %
VXF,17d RSI VXF LT38 - L VXF,18.7 %,13.4 %,9326,6705,25.5 %,7.5 %,73.1 %,177.9 %,-2.3 %,-3.8 %,11,6,0.9,0.5,72.7 %,100.0 %,1.3,,848,1062,1.7 %,2.1 %,3.2,2.2,1,0,4,6,1,0,4,6,1,0,5,4,2.7,,8,6,3.4,,1.8,6,-5103,0,-5.1 %,0.0 %,-5103,0,-5.1 %,0.0 %,-5103,0,-5.1 %,0.0 %,72.7 %,100.0 %,72.7 %,100.0 %,72.7 %,100.0 %,1656,1062,-1308,0,75.0 %,100.0 %
VXUS,9d RSI VXUS LT29 - L VXUS,7.4 %,4.6 %,3724,2295,24.9 %,5.6 %,30.0 %,82.6 %,-3.5 %,-1.5 %,11,4,0.9,0.3,72.7 %,100.0 %,1,,339,566,0.7 %,1.1 %,2.9,2.5,2,0,4,4,2,0,4,4,1,0,3,4,2.7,,8,4,2.8,,1.4,2.3,-3810,0,-3.8 %,0.0 %,-3810,0,-3.8 %,0.0 %,-3810,0,-3.8 %,0.0 %,72.7 %,100.0 %,72.7 %,100.0 %,72.7 %,100.0 %,731,566,-709,0,77.8 %,100.0 %
VYM,14d RSI VYM LT37 - L VYM,7.0 %,8.0 %,3509,4000,18.9 %,5.2 %,37.2 %,155.1 %,-2.2 %,-0.7 %,8,4,0.7,0.3,75.0 %,100.0 %,1,,439,972,0.9 %,1.9 %,2.6,2.2,1,0,3,4,1,0,5,4,1,0,4,4,3,,6,4,2.9,,1.5,8.4,-2355,0,-2.4 %,0.0 %,-2355,0,-2.4 %,0.0 %,-926,0,-0.9 %,0.0 %,75.0 %,100.0 %,75.0 %,100.0 %,85.7 %,100.0 %,888,972,-911,0,83.3 %,100.0 %
VYMI,6d RSI VYMI LT26 - L VYMI,4.7 %,8.9 %,2336,4463,27.2 %,8.7 %,17.2 %,102.2 %,-1.8 %,-1.6 %,11,8,0.9,0.7,63.6 %,100.0 %,1.1,,212,538,0.4 %,1.1 %,2.7,1.8,2,0,3,8,2,0,3,8,1,0,2,7,1.8,,7,8,2,,1.1,5,-1605,0,-1.6 %,0.0 %,-1605,0,-1.6 %,0.0 %,-1605,0,-1.6 %,0.0 %,63.6 %,100.0 %,63.6 %,100.0 %,63.6 %,100.0 %,665,538,-581,0,62.5 %,100.0 %
WEAT,15d RSI WEAT LT39 - L WEAT,-8.2 %,28.1 %,-4090,14066,25.6 %,11.5 %,-31.9 %,244.5 %,-14.5 %,-3.0 %,13,8,1.1,0.7,61.5 %,100.0 %,0.4,,-315,1580,-0.6 %,3.2 %,3.7,2.6,3,0,3,8,3,0,2,8,2,0,1,6,1.6,,8,8,0.6,,-0.7,5.5,-6892,0,-6.9 %,0.0 %,-6892,0,-6.9 %,0.0 %,-2750,0,-2.8 %,0.0 %,61.5 %,100.0 %,61.5 %,100.0 %,54.5 %,100.0 %,740,1580,-2001,0,40.0 %,100.0 %
WTPI,15d RSI WTPI LT42 - L WTPI,15.3 %,9.2 %,7652,4602,31.6 %,6.0 %,48.5 %,154.6 %,-3.5 %,-1.6 %,19,4,1.6,0.3,73.7 %,100.0 %,1,,403,1113,0.8 %,2.2 %,3,2.8,3,0,5,4,3,0,5,4,1,0,5,4,2.8,,14,4,2.8,,2.1,16.5,-3874,0,-3.9 %,0.0 %,-3874,0,-3.9 %,0.0 %,-3874,0,-3.9 %,0.0 %,73.7 %,100.0 %,73.7 %,100.0 %,70.6 %,100.0 %,846,1113,-839,0,77.8 %,100.0 %
WTV,16d RSI WTV LT43 - L WTV,23.5 %,13.0 %,11750,6507,35.7 %,8.7 %,65.9 %,149.1 %,-3.2 %,-0.9 %,23,7,1.9,0.6,78.3 %,100.0 %,1,,511,882,1.0 %,1.8 %,2.7,2.1,1,0,6,7,1,0,6,7,1,0,6,5,3.6,,18,7,3.8,,2.8,8.3,-3815,0,-3.8 %,0.0 %,-3815,0,-3.8 %,0.0 %,-2429,0,-2.4 %,0.0 %,78.3 %,100.0 %,78.3 %,100.0 %,76.2 %,100.0 %,889,882,-850,0,80.0 %,100.0 %
XAR,15d RSI XAR LT33 - L XAR,9.9 %,8.3 %,4935,4165,10.7 %,5.6 %,92.5 %,149.9 %,0.0 %,-4.6 %,5,4,0.4,0.3,100.0 %,100.0 %,,,987,1014,2.0 %,2.0 %,2.6,2.5,0,0,5,4,0,0,5,4,0,0,5,4,,,5,4,,,4.3,3.4,0,0,0.0 %,0.0 %,0,0,0.0 %,0.0 %,0,0,0.0 %,0.0 %,100.0 %,100.0 %,100.0 %,100.0 %,100.0 %,100.0 %,987,1014,0,0,100.0 %,100.0 %
XBI,11d RSI XBI LT35 - L XBI,2.6 %,37.1 %,1281,18544,26.7 %,21.0 %,9.6 %,176.3 %,-9.5 %,-8.4 %,8,13,0.7,1.1,50.0 %,92.3 %,1.1,1.9,160,1235,0.3 %,2.5 %,5.2,3.1,2,1,3,11,2,1,3,11,1,0,2,8,1,12,4,12,1.1,22.6,0.2,5.2,-10289,-745,-10.3 %,-1.5 %,-10289,-745,-10.3 %,-1.5 %,-10289,0,-10.3 %,0.0 %,50.0 %,92.3 %,50.0 %,92.3 %,50.0 %,92.3 %,2656,1400,-2336,-745,60.0 %,100.0 %
XCEM,18d RSI XCEM LT40 - L XCEM,3.1 %,6.6 %,1569,3283,46.1 %,5.6 %,6.8 %,118.2 %,-5.6 %,-1.4 %,19,4,1.6,0.3,57.9 %,100.0 %,0.9,,83,801,0.2 %,1.6 %,3.5,2.5,2,0,2,4,2,0,2,4,1,0,3,4,1.4,,11,4,1.2,,0.3,12.8,-5128,0,-5.1 %,0.0 %,-5128,0,-5.1 %,0.0 %,-3300,0,-3.3 %,0.0 %,57.9 %,100.0 %,57.9 %,100.0 %,52.9 %,100.0 %,969,801,-1136,0,66.7 %,100.0 %
XES,16d RSI XES LT33 - L XES,12.9 %,19.3 %,6438,9655,20.3 %,6.0 %,63.5 %,324.4 %,0.0 %,-4.6 %,4,5,0.3,0.4,100.0 %,100.0 %,,,1610,1805,3.2 %,3.6 %,2.5,2,0,0,4,5,0,0,4,5,0,0,3,4,,,4,5,,,2.5,4.3,0,0,0.0 %,0.0 %,0,0,0.0 %,0.0 %,0,0,0.0 %,0.0 %,100.0 %,100.0 %,100.0 %,100.0 %,100.0 %,100.0 %,1610,1805,0,0,100.0 %,100.0 %
XHB,3d RSI XHB LT12 - L XHB,12.3 %,21.9 %,6175,10943,18.2 %,7.9 %,67.8 %,275.8 %,-6.4 %,-0.8 %,8,8,0.7,0.7,75.0 %,100.0 %,0.8,,772,1255,1.5 %,2.5 %,3.4,1.5,1,0,3,8,1,0,3,8,1,0,2,6,3,,6,8,2.4,,1.1,7,-6961,0,-7.0 %,0.0 %,-6961,0,-7.0 %,0.0 %,-6961,0,-7.0 %,0.0 %,75.0 %,100.0 %,75.0 %,100.0 %,75.0 %,100.0 %,1767,1255,-2214,0,66.7 %,100.0 %
XLB,4d RSI XLB LT10 - L XLB,4.7 %,9.8 %,2329,4881,7.8 %,5.2 %,59.5 %,189.2 %,0.0 %,-1.6 %,3,4,0.2,0.3,100.0 %,100.0 %,,,776,1184,1.6 %,2.4 %,3.3,2.2,0,0,3,4,0,0,3,4,0,0,3,4,,,3,4,,,2.8,2.9,0,0,0.0 %,0.0 %,0,0,0.0 %,0.0 %,0,0,0.0 %,0.0 %,100.0 %,100.0 %,100.0 %,100.0 %,100.0 %,100.0 %,776,1184,0,0,100.0 %,100.0 %
XLE,4d RSI XLE LT15 - L XLE,-0.5 %,10.5 %,-270,5251,13.8 %,5.2 %,-3.9 %,203.6 %,-9.2 %,-4.9 %,4,4,0.3,0.3,75.0 %,100.0 %,0.3,,-67,1269,-0.1 %,2.5 %,4.5,2.2,1,0,2,4,1,0,2,4,1,0,2,4,3,,3,4,0.9,,0,3.4,-9598,0,-9.6 %,0.0 %,-9598,0,-9.6 %,0.0 %,-9598,0,-9.6 %,0.0 %,75.0 %,100.0 %,75.0 %,100.0 %,75.0 %,100.0 %,1510,1269,-4799,0,75.0 %,100.0 %
XLF,21d RSI XLF LT43 - L XLF,11.3 %,15.7 %,5667,7860,45.3 %,6.8 %,25.0 %,233.0 %,-5.8 %,-2.4 %,20,6,1.7,0.5,65.0 %,100.0 %,0.9,,283,1233,0.6 %,2.5 %,3.2,1.8,2,0,3,6,2,0,3,6,1,0,5,4,1.9,,13,6,1.7,,1,9.7,-3407,0,-3.4 %,0.0 %,-3407,0,-3.4 %,0.0 %,-3307,0,-3.3 %,0.0 %,65.0 %,100.0 %,65.0 %,100.0 %,61.1 %,100.0 %,1043,1233,-1127,0,77.8 %,100.0 %
XLG,16d RSI XLG LT48 - L XLG,4.5 %,18.3 %,2273,9138,66.4 %,14.3 %,6.8 %,127.9 %,-14.7 %,-2.3 %,36,10,3,0.8,61.1 %,100.0 %,0.7,,63,847,0.1 %,1.7 %,3.5,2.6,3,0,6,10,4,0,4,10,4,0,3,6,1.6,,22,10,1.1,,0.3,7.7,-5979,0,-6.0 %,0.0 %,-6815,0,-6.8 %,0.0 %,-7693,0,-7.7 %,0.0 %,61.1 %,100.0 %,61.1 %,100.0 %,51.7 %,100.0 %,932,847,-1302,0,45.5 %,100.0 %
XLI,12d RSI XLI LT34 - L XLI,11.5 %,13.1 %,5771,6571,24.7 %,8.3 %,46.7 %,157.7 %,-3.4 %,-1.4 %,11,6,0.9,0.5,63.6 %,100.0 %,1.8,,525,1041,1.0 %,2.1 %,3,2.5,1,0,3,6,1,0,3,6,1,0,4,6,1.8,,7,6,3.1,,1.6,5.9,-3881,0,-3.9 %,0.0 %,-3881,0,-3.9 %,0.0 %,-2539,0,-2.5 %,0.0 %,63.6 %,100.0 %,63.6 %,100.0 %,70.0 %,100.0 %,1223,1041,-698,0,71.4 %,100.0 %
XLK,18d RSI XLK LT44 - L XLK,3.8 %,15.7 %,1923,7856,51.8 %,9.1 %,7.4 %,172.2 %,-11.1 %,-3.1 %,27,6,2.2,0.5,66.7 %,100.0 %,0.6,,71,1235,0.1 %,2.5 %,3.6,2.8,2,0,5,6,4,0,4,6,2,0,4,4,2,,18,6,1.2,,0.3,5,-6546,0,-6.5 %,0.0 %,-11705,0,-11.7 %,0.0 %,-5058,0,-5.1 %,0.0 %,66.7 %,100.0 %,66.7 %,100.0 %,59.1 %,100.0 %,809,1235,-1405,0,63.6 %,100.0 %
XLP,6d RSI XLP LT20 - L XLP,7.4 %,7.0 %,3675,3526,16.7 %,5.6 %,44.1 %,126.9 %,-0.6 %,-1.5 %,6,4,0.5,0.3,83.3 %,100.0 %,2.4,,613,860,1.2 %,1.7 %,3.7,2.5,1,0,5,4,1,0,5,4,1,0,5,4,5,,5,4,12.1,,2.3,6,-665,0,-0.7 %,0.0 %,-665,0,-0.7 %,0.0 %,-665,0,-0.7 %,0.0 %,83.3 %,100.0 %,83.3 %,100.0 %,83.3 %,100.0 %,801,860,-332,0,83.3 %,100.0 %
XLRE,21d RSI XLRE LT45 - L XLRE,-1.8 %,10.9 %,-894,5440,58.8 %,10.3 %,-3.0 %,105.5 %,-17.7 %,-2.3 %,24,7,2,0.6,70.8 %,100.0 %,0.4,,-37,746,-0.1 %,1.5 %,4,2.7,2,0,6,7,2,0,5,7,1,0,3,5,2.4,,17,7,1,,-0.1,3.8,-18381,0,-18.4 %,0.0 %,-18381,0,-18.4 %,0.0 %,-6736,0,-6.7 %,0.0 %,70.8 %,100.0 %,70.8 %,100.0 %,65.0 %,100.0 %,1005,746,-2569,0,66.7 %,100.0 %
XLU,9d RSI XLU LT22 - L XLU,4.1 %,4.3 %,2068,2161,11.1 %,5.2 %,37.4 %,83.8 %,-4.7 %,-2.3 %,4,2,0.3,0.2,50.0 %,100.0 %,1.8,,517,1075,1.0 %,2.1 %,4,5.5,2,0,1,2,2,0,1,2,1,0,1,2,1,,2,2,1.8,,0.6,2,-4923,0,-4.9 %,0.0 %,-4923,0,-4.9 %,0.0 %,-2887,0,-2.9 %,0.0 %,50.0 %,100.0 %,50.0 %,100.0 %,50.0 %,100.0 %,2265,1075,-1231,0,66.7 %,100.0 %
XLV,4d RSI XLV LT12 - L XLV,1.9 %,3.0 %,975,1517,13.6 %,5.6 %,14.4 %,54.6 %,-0.2 %,-2.1 %,3,2,0.2,0.2,66.7 %,100.0 %,4.6,,325,756,0.6 %,1.5 %,4,6,1,0,1,2,1,0,1,2,0,0,2,2,2,,2,2,9.2,,1.8,2.1,-238,0,-0.2 %,0.0 %,-238,0,-0.2 %,0.0 %,0,0,0.0 %,0.0 %,66.7 %,100.0 %,66.7 %,100.0 %,66.7 %,100.0 %,547,756,-119,0,100.0 %,100.0 %
XLY,5d RSI XLY LT19 - L XLY,20.0 %,9.1 %,9985,4559,15.0 %,5.6 %,133.3 %,164.1 %,-1.0 %,-1.2 %,9,5,0.8,0.4,77.8 %,100.0 %,1.9,,1109,882,2.2 %,1.8 %,3,1.8,1,0,6,5,1,0,6,5,1,0,6,5,3.5,,7,5,6.7,,2.5,4.9,-2311,0,-2.3 %,0.0 %,-2311,0,-2.3 %,0.0 %,-2311,0,-2.3 %,0.0 %,77.8 %,100.0 %,77.8 %,100.0 %,77.8 %,100.0 %,1676,882,-874,0,85.7 %,100.0 %
XME,12d RSI XME LT33 - L XME,11.0 %,15.6 %,5487,7804,10.8 %,6.3 %,101.6 %,245.8 %,-1.0 %,-2.2 %,5,4,0.4,0.3,80.0 %,100.0 %,3,,1097,1851,2.2 %,3.7 %,2.8,3,1,0,3,4,1,0,3,4,1,0,3,4,4,,4,4,12.2,,1.9,5.2,-983,0,-1.0 %,0.0 %,-983,0,-1.0 %,0.0 %,-983,0,-1.0 %,0.0 %,80.0 %,100.0 %,80.0 %,100.0 %,80.0 %,100.0 %,1495,1851,-492,0,80.0 %,100.0 %
XMHQ,17d RSI XMHQ LT43 - L XMHQ,22.7 %,13.6 %,11329,6801,37.2 %,8.3 %,60.9 %,163.2 %,-2.7 %,-2.6 %,19,7,1.6,0.6,68.4 %,100.0 %,1.3,,596,921,1.2 %,1.8 %,3.5,2,1,0,4,7,1,0,3,7,1,0,6,5,2.2,,13,7,2.9,,2.2,5.2,-3235,0,-3.2 %,0.0 %,-3235,0,-3.2 %,0.0 %,-3191,0,-3.2 %,0.0 %,68.4 %,100.0 %,68.4 %,100.0 %,66.7 %,100.0 %,1326,921,-986,0,80.0 %,100.0 %
XMMO,7d RSI XMMO LT26 - L XMMO,-0.6 %,14.2 %,-298,7082,14.5 %,7.5 %,-4.1 %,187.9 %,-1.9 %,-2.9 %,6,6,0.5,0.5,50.0 %,100.0 %,0.9,,-50,1119,-0.1 %,2.2 %,4.5,2.2,1,0,1,6,1,0,1,6,2,0,1,5,1,,3,6,0.9,,-0.1,5.2,-2388,0,-2.4 %,0.0 %,-2388,0,-2.4 %,0.0 %,-1615,0,-1.6 %,0.0 %,50.0 %,100.0 %,50.0 %,100.0 %,50.0 %,100.0 %,747,1119,-846,0,40.0 %,100.0 %
XOP,20d RSI XOP LT41 - L XOP,0.9 %,16.7 %,452,8346,23.9 %,9.9 %,3.8 %,168.3 %,-6.4 %,-8.2 %,6,6,0.5,0.5,33.3 %,66.7 %,2.2,3.1,75,1336,0.2 %,2.7 %,4,3.2,3,1,1,2,3,1,1,2,2,0,2,3,0.5,2,2,4,1.1,6.2,0.1,1.8,-7228,-892,-7.2 %,-1.8 %,-7228,-892,-7.2 %,-1.8 %,-7228,0,-7.2 %,0.0 %,33.3 %,66.7 %,33.3 %,66.7 %,33.3 %,66.7 %,2365,2388,-1070,-770,50.0 %,100.0 %
XOVR,5d RSI XOVR LT17 - L XOVR,2.6 %,30.2 %,1296,15104,15.7 %,10.3 %,16.5 %,292.8 %,-5.4 %,-4.1 %,6,9,0.5,0.8,83.3 %,100.0 %,0.3,,216,1500,0.4 %,3.0 %,3.8,1.9,1,0,4,9,1,0,4,9,1,0,3,6,5,,5,9,1.5,,0.4,4,-5408,0,-5.4 %,0.0 %,-5408,0,-5.4 %,0.0 %,-5114,0,-5.1 %,0.0 %,83.3 %,100.0 %,83.3 %,100.0 %,83.3 %,100.0 %,800,1500,-2704,0,75.0 %,100.0 %
XRT,4d RSI XRT LT17 - L XRT,21.6 %,18.1 %,10817,9038,12.8 %,6.3 %,168.9 %,284.7 %,-1.8 %,-4.2 %,8,5,0.7,0.4,87.5 %,100.0 %,1.5,,1352,1700,2.7 %,3.4 %,2.8,2.2,1,0,7,5,1,0,7,5,1,0,5,5,7,,7,5,10.7,,2.6,3.7,-2230,0,-2.2 %,0.0 %,-2230,0,-2.2 %,0.0 %,-2230,0,-2.2 %,0.0 %,87.5 %,100.0 %,87.5 %,100.0 %,87.5 %,100.0 %,1705,1700,-1115,0,83.3 %,100.0 %
XSMO,12d RSI XSMO LT33 - L XSMO,3.7 %,28.6 %,1830,14322,11.7 %,7.1 %,31.2 %,401.0 %,-1.4 %,-3.1 %,7,6,0.6,0.5,71.4 %,100.0 %,0.7,,261,2150,0.5 %,4.3 %,2.9,2,1,0,4,6,1,0,3,6,1,0,2,5,2.5,,5,6,1.9,,0.7,6.4,-2731,0,-2.7 %,0.0 %,-2731,0,-2.7 %,0.0 %,-2731,0,-2.7 %,0.0 %,71.4 %,100.0 %,71.4 %,100.0 %,66.7 %,100.0 %,787,2150,-1052,0,60.0 %,100.0 %
XSOE,7d RSI XSOE LT18 - L XSOE,-1.9 %,9.3 %,-961,4637,9.9 %,6.3 %,-19.5 %,146.1 %,-1.7 %,-2.1 %,3,4,0.2,0.3,33.3 %,100.0 %,0.2,,-320,1122,-0.6 %,2.2 %,4,3,1,0,1,4,1,0,1,4,1,0,1,4,0.5,,1,4,0.1,,-1.3,8.7,-1738,0,-1.7 %,0.0 %,-1738,0,-1.7 %,0.0 %,-1738,0,-1.7 %,0.0 %,33.3 %,100.0 %,33.3 %,100.0 %,33.3 %,100.0 %,125,1122,-543,0,33.3 %,100.0 %
XT,4d RSI XT LT15 - L XT,9.4 %,9.2 %,4713,4578,14.8 %,6.3 %,63.5 %,144.2 %,-1.6 %,-1.6 %,9,5,0.8,0.4,77.8 %,100.0 %,2,,524,885,1.0 %,1.8 %,3,2.2,1,0,5,5,1,0,5,5,1,0,5,4,3.5,,7,5,6.9,,2.3,6.4,-1586,0,-1.6 %,0.0 %,-1586,0,-1.6 %,0.0 %,-544,0,-0.5 %,0.0 %,77.8 %,100.0 %,77.8 %,100.0 %,77.8 %,100.0 %,788,885,-402,0,83.3 %,100.0 %
XYLD,3d RSI XYLD LT16 - L XYLD,0.9 %,6.6 %,470,3293,27.2 %,6.3 %,3.5 %,103.7 %,-3.6 %,-0.4 %,9,6,0.8,0.5,44.4 %,100.0 %,1.5,,52,535,0.1 %,1.1 %,4.4,1.7,4,0,4,6,4,0,4,6,4,0,4,5,0.8,,4,6,1.2,,0.2,5.7,-3753,0,-3.8 %,0.0 %,-3753,0,-3.8 %,0.0 %,-3753,0,-3.8 %,0.0 %,44.4 %,100.0 %,44.4 %,100.0 %,44.4 %,100.0 %,793,535,-541,0,44.4 %,100.0 %
YLD,7d RSI YLD LT30 - L YLD,-4.2 %,1.9 %,-2079,924,48.1 %,7.5 %,-8.7 %,24.5 %,-4.1 %,-0.7 %,16,5,1.3,0.4,43.8 %,100.0 %,0.5,,-130,184,-0.3 %,0.4 %,4.4,2.8,4,0,2,5,4,0,2,5,4,0,2,5,0.8,,7,5,0.4,,-1.2,3.6,-3418,0,-3.4 %,0.0 %,-3418,0,-3.4 %,0.0 %,-3323,0,-3.3 %,0.0 %,43.8 %,100.0 %,43.8 %,100.0 %,40.0 %,100.0 %,218,184,-401,0,28.6 %,100.0 %
YYY,21d RSI YYY LT39 - L YYY,-13.5 %,5.0 %,-6735,2505,51.3 %,9.5 %,-26.3 %,52.6 %,-15.4 %,-1.5 %,15,6,1.2,0.5,46.7 %,83.3 %,0.3,8.3,-449,410,-0.9 %,0.8 %,5.6,3,2,1,2,4,2,1,2,4,6,0,1,4,0.9,5,7,5,0.3,41.6,-1.7,3.6,-3025,-61,-3.0 %,-0.1 %,-3025,-61,-3.0 %,-0.1 %,-15675,0,-15.7 %,0.0 %,46.7 %,83.3 %,46.7 %,83.3 %,46.7 %,83.3 %,415,504,-1205,-61,14.3 %,100.0 %
ZROZ,4d RSI ZROZ LT11 - L ZROZ,1.8 %,5.8 %,907,2874,10.9 %,6.8 %,16.7 %,85.2 %,-2.7 %,-5.2 %,5,4,0.4,0.3,60.0 %,100.0 %,0.9,,181,704,0.4 %,1.4 %,2.8,3.2,1,0,2,4,1,0,2,4,1,0,2,3,1.5,,3,4,1.4,,0.3,10.3,-2863,0,-2.9 %,0.0 %,-2863,0,-2.9 %,0.0 %,-2863,0,-2.9 %,0.0 %,60.0 %,100.0 %,60.0 %,100.0 %,60.0 %,100.0 %,1109,704,-1210,0,60.0 %,100.0 %
ZSL,17d RSI ZSL LT36 - L ZSL,6.8 %,57.0 %,3383,28513,15.7 %,6.8 %,43.1 %,845.3 %,-8.1 %,-1.8 %,9,6,0.8,0.5,44.4 %,100.0 %,1.9,,376,3977,0.8 %,8.0 %,3.2,1.8,3,0,2,6,3,0,2,6,1,0,3,5,0.8,,4,6,1.5,,0.5,3.5,-8898,0,-8.9 %,0.0 %,-8898,0,-8.9 %,0.0 %,-6910,0,-6.9 %,0.0 %,44.4 %,100.0 %,44.4 %,100.0 %,44.4 %,100.0 %,2593,3977,-1398,0,66.7 %,100.0 %
