,,"Purpose of This Spreadsheet is to Outline the Methodology of System 30
Branches Traded in 2023 OOS",,,,,,,,,,,,,,,,,,,,,,,,,,,,,,,,,,,,,,,,,,,,,,,,,,,,,,,,,,,,,,,,,,,
Ticker (515),Condition (515),Profit %,IS Profit %,Profit $ Per Year,IS Profit $ Per Year,Time in market%,IS Time in market%,TIMAR%,IS TIMAR%,Max DD%,IS Max DD%,Total Trades,IS Total Trades,AVG Trades Per Month,IS AVG Trades Per Month,Win %,IS Win %,Risk to Reward Ratio,IS Risk to Reward Ratio,Avg P&L $,IS Avg P&L $,Avg P&L %,IS Avg P&L %,AVG Hold Period (days),IS AVG Hold Period (days),Max Consec. Losing Days,IS Max Consec. Losing Days,Max Consec. Winning Days,IS Max Consec. Winning Days,Max Consec. Losing Weeks,IS Max Consec. Losing Weeks,Max Consec. Winning Weeks,IS Max Consec. Winning Weeks,Max Consec. Losing Months,IS Max Consec. Losing Months,Max Consec. Winning Months,IS Max Consec. Winning Months,Win to Loss Ratio,IS Win to Loss Ratio,Total Profitable Trades,IS Total Profitable Trades,Profit Factor,IS Profit Factor,Sharpe Ratio,IS Sharpe Ratio,Losing Days Streak $ Loss,IS Losing Days Streak $ Loss,Losing Days Streak % Loss,IS Losing Days Streak % Loss,Losing Weeks Streak $ Loss,IS Losing Weeks Streak $ Loss,Losing Weeks Streak % Loss,IS Losing Weeks Streak % Loss,Losing Months Streak $ Loss,IS Losing Months Streak $ Loss,Losing Months Streak % Loss,IS Losing Months Streak % Loss,Winning Trades%,IS Winning Trades%,Winning Days%,IS Winning Days%,Winning Weeks%,IS Winning Weeks%,Avg Win Trade $,IS Avg Win Trade $,Avg Losing Trade $,IS Avg Losing Trade $,Winning Months%,IS Winning Months%
ACWI,21d RSI ACWI LT34 - L ACWI,1.8 %,10.3 %,917,5176,25.0 %,6.8 %,7.3 %,152.8 %,0.0 %,-2.1 %,2,5,0.2,0.4,100.0 %,100.0 %,,,458,993,0.9 %,2.0 %,1.5,2.4,0,0,2,5,0,0,2,5,0,0,1,5,,,2,5,,,5.4,4.7,0,0,0.0 %,0.0 %,0,0,0.0 %,0.0 %,0,0,0.0 %,0.0 %,100.0 %,100.0 %,100.0 %,100.0 %,100.0 %,100.0 %,458,993,0,0,100.0 %,100.0 %
ACWV,21d RSI ACWV LT32 - L ACWV,0.5 %,5.3 %,271,2678,100.0 %,5.2 %,0.5 %,103.4 %,0.0 %,-2.0 %,1,4,0.1,0.3,100.0 %,100.0 %,,,271,654,0.5 %,1.3 %,2,2.2,0,0,1,4,0,0,1,4,0,0,1,4,,,1,4,,,0,8.4,0,0,0.0 %,0.0 %,0,0,0.0 %,0.0 %,0,0,0.0 %,0.0 %,100.0 %,100.0 %,100.0 %,100.0 %,100.0 %,100.0 %,271,654,0,0,100.0 %,100.0 %
ACWX,12d RSI ACWX LT28 - L ACWX,0.9 %,17.9 %,432,8970,16.7 %,9.6 %,5.2 %,187.6 %,0.0 %,-2.4 %,2,7,0.2,0.6,100.0 %,100.0 %,,,216,1191,0.4 %,2.4 %,2,2.4,0,0,2,7,0,0,2,7,0,0,2,6,,,2,7,,,1.8,5.6,0,0,0.0 %,0.0 %,0,0,0.0 %,0.0 %,0,0,0.0 %,0.0 %,100.0 %,100.0 %,100.0 %,100.0 %,100.0 %,100.0 %,216,1191,0,0,100.0 %,100.0 %
AGG,10d RSI AGG LT20 - L AGG,0.8 %,4.4 %,385,2216,100.0 %,6.0 %,0.8 %,74.2 %,0.0 %,-0.6 %,1,6,0.1,0.5,100.0 %,100.0 %,,,385,361,0.8 %,0.7 %,2,1.5,0,0,1,6,0,0,1,6,0,0,1,5,,,1,6,,,0,5.3,0,0,0.0 %,0.0 %,0,0,0.0 %,0.0 %,0,0,0.0 %,0.0 %,100.0 %,100.0 %,100.0 %,100.0 %,100.0 %,100.0 %,385,361,0,0,100.0 %,100.0 %
AGQ,6d RSI AGQ LT12 - L AGQ,3.0 %,2.9 %,1497,1470,100.0 %,5.2 %,3.0 %,56.8 %,0.0 %,-6.1 %,1,3,0.1,0.2,100.0 %,33.3 %,,13.2,1497,491,3.0 %,1.0 %,4,3.3,0,2,1,1,0,2,1,1,0,2,1,1,,0.5,1,1,,6.6,0,1,0,-263,0.0 %,-0.5 %,0,-263,0.0 %,-0.5 %,0,-263,0.0 %,-0.5 %,100.0 %,33.3 %,100.0 %,33.3 %,100.0 %,33.3 %,1497,1736,0,-132,100.0 %,33.3 %
AIA,5d RSI AIA LT14 - L AIA,6.1 %,15.2 %,3056,7617,8.2 %,7.2 %,74.4 %,212.4 %,0.0 %,-4.8 %,5,4,0.4,0.3,100.0 %,75.0 %,,4.1,611,1856,1.2 %,3.7 %,2.4,3.5,0,1,5,3,0,1,5,3,0,0,5,3,,3,5,3,,12.4,6.9,1.5,0,-651,0.0 %,-1.3 %,0,-651,0.0 %,-1.3 %,0,0,0.0 %,0.0 %,100.0 %,75.0 %,100.0 %,75.0 %,100.0 %,75.0 %,611,2692,0,-651,100.0 %,100.0 %
AIRR,20d RSI AIRR LT38 - L AIRR,0.7 %,14.3 %,333,7159,60.0 %,12.8 %,1.1 %,112.3 %,-1.5 %,-6.8 %,2,8,0.2,0.7,50.0 %,87.5 %,1.4,2.6,166,844,0.3 %,1.7 %,5,3,1,1,1,7,1,1,1,7,0,1,1,6,1,7,1,7,1.4,18.2,0.3,4,-1499,-392,-1.5 %,-0.8 %,-1499,-392,-1.5 %,-0.8 %,0,-392,0.0 %,-0.8 %,50.0 %,87.5 %,50.0 %,87.5 %,50.0 %,87.5 %,1083,1020,-750,-392,100.0 %,85.7 %
AMLP,19d RSI AMLP LT38 - L AMLP,4.5 %,16.4 %,2247,8230,88.9 %,6.8 %,5.1 %,243.0 %,0.0 %,-4.0 %,2,6,0.2,0.5,100.0 %,100.0 %,,,1123,1284,2.2 %,2.6 %,3,1.8,0,0,2,6,0,0,2,6,0,0,1,4,,,2,6,,,12.8,6.3,0,0,0.0 %,0.0 %,0,0,0.0 %,0.0 %,0,0,0.0 %,0.0 %,100.0 %,100.0 %,100.0 %,100.0 %,100.0 %,100.0 %,1123,1284,0,0,100.0 %,100.0 %
AOA,17d RSI AOA LT32 - L AOA,0.9 %,7.5 %,448,3787,36.0 %,7.2 %,2.5 %,105.6 %,-0.5 %,-2.1 %,3,5,0.2,0.4,66.7 %,100.0 %,1.5,,149,734,0.3 %,1.5 %,2,2.6,1,0,1,5,1,0,1,5,0,0,2,5,2,,2,5,3,,1,4.4,-454,0,-0.5 %,0.0 %,-454,0,-0.5 %,0.0 %,0,0,0.0 %,0.0 %,66.7 %,100.0 %,66.7 %,100.0 %,66.7 %,100.0 %,337,734,-227,0,100.0 %,100.0 %
AOK,21d RSI AOK LT30 - L AOK,0.7 %,5.1 %,325,2573,100.0 %,5.6 %,0.7 %,92.3 %,0.0 %,-2.0 %,1,5,0.1,0.4,100.0 %,80.0 %,,18.9,325,503,0.7 %,1.0 %,2,1.8,0,1,1,4,0,1,1,4,0,1,1,3,,4,1,4,,75.5,0,3.8,0,-34,0.0 %,-0.1 %,0,-34,0.0 %,-0.1 %,0,-34,0.0 %,-0.1 %,100.0 %,80.0 %,100.0 %,80.0 %,100.0 %,80.0 %,325,638,0,-34,100.0 %,75.0 %
AOM,21d RSI AOM LT32 - L AOM,0.6 %,8.2 %,324,4131,100.0 %,13.6 %,0.6 %,61.0 %,0.0 %,-2.0 %,1,10,0.1,0.8,100.0 %,90.0 %,,4.4,324,398,0.6 %,0.8 %,2,2.4,0,1,1,8,0,1,1,8,0,1,1,6,,9,1,9,,39.2,0,4.7,0,-104,0.0 %,-0.2 %,0,-104,0.0 %,-0.2 %,0,-104,0.0 %,-0.2 %,100.0 %,90.0 %,100.0 %,90.0 %,100.0 %,90.0 %,324,453,0,-104,100.0 %,87.5 %
AOR,21d RSI AOR LT33 - L AOR,0.7 %,6.5 %,331,3238,100.0 %,8.8 %,0.7 %,73.9 %,0.0 %,-2.0 %,1,6,0.1,0.5,100.0 %,83.3 %,,,331,524,0.7 %,1.1 %,2,2.7,0,1,1,4,0,1,1,4,0,1,1,4,,5,1,5,,,0,5.1,0,0,0.0 %,0.0 %,0,0,0.0 %,0.0 %,0,0,0.0 %,0.0 %,100.0 %,83.3 %,100.0 %,83.3 %,100.0 %,83.3 %,331,629,0,0,100.0 %,83.3 %
ARGT,9d RSI ARGT LT28 - L ARGT,-2.8 %,20.4 %,-1377,10254,8.8 %,7.2 %,-31.3 %,286.0 %,-5.6 %,-2.6 %,2,6,0.2,0.5,50.0 %,100.0 %,0.5,,-688,1576,-1.4 %,3.1 %,5.5,2,1,0,1,6,1,0,1,6,1,0,1,5,1,,1,6,0.5,,-0.4,6.8,-5762,0,-5.8 %,0.0 %,-5762,0,-5.8 %,0.0 %,-5762,0,-5.8 %,0.0 %,50.0 %,100.0 %,50.0 %,100.0 %,50.0 %,100.0 %,1504,1576,-2881,0,50.0 %,100.0 %
ARKG,3d RSI ARKG LT12 - L ARKG,-4.9 %,100.1 %,-2454,50240,25.6 %,18.3 %,-19.2 %,548.3 %,-16.6 %,-10.8 %,6,12,0.5,1,50.0 %,100.0 %,0.7,,-409,2985,-0.8 %,6.0 %,6.5,2.8,2,0,2,12,2,0,2,12,2,0,2,11,1,,3,12,0.7,,-0.3,9.9,-18328,0,-18.3 %,0.0 %,-18328,0,-18.3 %,0.0 %,-15443,0,-15.4 %,0.0 %,50.0 %,100.0 %,50.0 %,100.0 %,50.0 %,100.0 %,2286,2985,-3104,0,40.0 %,100.0 %
ARKK,4d RSI ARKK LT11 - L ARKK,-0.4 %,49.2 %,-210,24725,20.4 %,6.0 %,-2.1 %,827.5 %,-6.2 %,-12.5 %,3,4,0.2,0.3,33.3 %,100.0 %,1.9,,-70,5340,-0.1 %,10.7 %,6.7,2.8,2,0,1,4,2,0,1,4,2,0,1,4,0.5,,1,4,0.9,,-0.1,3.7,-6582,0,-6.6 %,0.0 %,-6582,0,-6.6 %,0.0 %,-6582,0,-6.6 %,0.0 %,33.3 %,100.0 %,33.3 %,100.0 %,33.3 %,100.0 %,3081,5340,-1645,0,33.3 %,100.0 %
ARKQ,8d RSI ARKQ LT19 - L ARKQ,2.1 %,13.2 %,1045,6652,100.0 %,5.2 %,2.1 %,256.9 %,0.0 %,-9.6 %,1,3,0.1,0.2,100.0 %,100.0 %,,,1045,2140,2.1 %,4.3 %,2,3.3,0,0,1,3,0,0,1,3,0,0,1,3,,,1,3,,,0,2.4,0,0,0.0 %,0.0 %,0,0,0.0 %,0.0 %,0,0,0.0 %,0.0 %,100.0 %,100.0 %,100.0 %,100.0 %,100.0 %,100.0 %,1045,2140,0,0,100.0 %,100.0 %
ARKW,4d RSI ARKW LT11 - L ARKW,-4.5 %,59.6 %,-2234,29904,20.4 %,8.0 %,-21.9 %,750.6 %,-7.2 %,-11.9 %,3,6,0.2,0.5,33.3 %,100.0 %,0.8,,-745,4116,-1.5 %,8.2 %,6.7,2.3,2,0,1,6,2,0,1,6,2,0,1,5,0.5,,1,6,0.4,,-0.8,3.7,-7466,0,-7.5 %,0.0 %,-7466,0,-7.5 %,0.0 %,-7466,0,-7.5 %,0.0 %,33.3 %,100.0 %,33.3 %,100.0 %,33.3 %,100.0 %,1499,4116,-1866,0,33.3 %,100.0 %
BAR,12d RSI BAR LT28 - L BAR,-1.5 %,3.5 %,-775,1762,29.7 %,6.8 %,-5.2 %,52.0 %,-2.0 %,-1.4 %,2,4,0.2,0.3,50.0 %,75.0 %,0.2,3.7,-387,435,-0.8 %,0.9 %,4.5,3.2,1,1,1,2,1,1,1,2,1,0,1,3,1,3,1,3,0.2,11,-0.9,1.9,-2004,-174,-2.0 %,-0.3 %,-2004,-174,-2.0 %,-0.3 %,-2004,0,-2.0 %,0.0 %,50.0 %,75.0 %,50.0 %,75.0 %,50.0 %,75.0 %,227,638,-1002,-174,50.0 %,100.0 %
BBLU,8d RSI BBLU LT36 - L BBLU,1.5 %,25353.3 %,759,12727146,18.3 %,80.9 %,8.3 %,31473.0 %,-3.3 %,-0.2 %,7,3,0.6,0.2,71.4 %,100.0 %,0.6,,108,4072916,0.2 %,8145.8 %,3.7,66.7,1,0,4,3,1,0,4,3,2,0,4,2,2.5,,5,3,1.4,,0.4,1.2,-2324,0,-2.3 %,0.0 %,-2324,0,-2.3 %,0.0 %,-3453,0,-3.5 %,0.0 %,71.4 %,100.0 %,71.4 %,100.0 %,71.4 %,100.0 %,543,4072916,-978,0,66.7 %,100.0 %
BCI,5d RSI BCI LT12 - L BCI,0.6 %,9.6 %,304,4806,100.0 %,5.2 %,0.6 %,185.6 %,0.0 %,-1.9 %,1,4,0.1,0.3,100.0 %,100.0 %,,,304,1156,0.6 %,2.3 %,2,2.2,0,0,1,4,0,0,1,4,0,0,1,3,,,1,4,,,0,13.6,0,0,0.0 %,0.0 %,0,0,0.0 %,0.0 %,0,0,0.0 %,0.0 %,100.0 %,100.0 %,100.0 %,100.0 %,100.0 %,100.0 %,304,1156,0,0,100.0 %,100.0 %
BIL,3d RSI BIL LT65 - L BIL,0.3 %,0.6 %,126,290,13.8 %,63.4 %,1.8 %,0.9 %,0.0 %,-0.0 %,4,15,0.3,1.2,100.0 %,93.3 %,,,31,19,0.1 %,0.0 %,2,9.6,0,1,4,14,0,1,4,14,0,1,3,7,,14,4,14,,,6.3,7,0,0,0.0 %,0.0 %,0,0,0.0 %,0.0 %,0,0,0.0 %,0.0 %,100.0 %,93.3 %,100.0 %,93.3 %,100.0 %,93.3 %,31,21,0,0,100.0 %,87.5 %
BITI,4d RSI BITI LT19 - L BITI,-39.9 %,36.4 %,-19966,18271,23.6 %,8.4 %,-169.5 %,436.8 %,-36.0 %,-3.6 %,11,6,0.9,0.5,45.5 %,100.0 %,0.3,,-1815,2720,-3.6 %,5.4 %,4,2.5,4,0,4,6,4,0,3,6,3,0,3,5,0.8,,5,6,0.3,,-1.5,2.5,-29011,0,-29.0 %,0.0 %,-29011,0,-29.0 %,0.0 %,-25985,0,-26.0 %,0.0 %,45.5 %,100.0 %,45.5 %,100.0 %,40.0 %,100.0 %,1626,2720,-4682,0,50.0 %,100.0 %
BIV,20d RSI BIV LT31 - L BIV,0.7 %,4.1 %,340,2037,100.0 %,15.5 %,0.7 %,26.2 %,0.0 %,-2.2 %,1,11,0.1,0.9,100.0 %,63.6 %,,2.6,340,182,0.7 %,0.4 %,2,2.5,0,2,1,3,0,2,1,3,0,1,1,2,,1.8,1,7,,4.6,0,2.2,0,-394,0.0 %,-0.8 %,0,-394,0.0 %,-0.8 %,0,-145,0.0 %,-0.3 %,100.0 %,63.6 %,100.0 %,63.6 %,100.0 %,63.6 %,340,366,0,-140,100.0 %,62.5 %
BIZD,20d RSI BIZD LT37 - L BIZD,3.8 %,12.2 %,1881,6113,100.0 %,11.9 %,3.8 %,102.3 %,0.0 %,-9.2 %,2,7,0.2,0.6,100.0 %,71.4 %,,3.1,941,834,1.9 %,1.7 %,1.5,3.3,0,1,2,3,0,1,1,4,0,0,1,3,,2.5,2,5,,7.8,13.4,2.7,0,-661,0.0 %,-1.3 %,0,-192,0.0 %,-0.4 %,0,0,0.0 %,0.0 %,100.0 %,71.4 %,100.0 %,71.4 %,100.0 %,83.3 %,941,1339,0,-427,100.0 %,100.0 %
BLV,5d RSI BLV LT11 - L BLV,2.0 %,9.4 %,976,4732,100.0 %,5.2 %,2.0 %,182.7 %,0.0 %,-2.2 %,1,5,0.1,0.4,100.0 %,100.0 %,,,976,910,2.0 %,1.8 %,4,1.6,0,0,1,5,0,0,1,5,0,0,1,5,,,1,5,,,0,5.6,0,0,0.0 %,0.0 %,0,0,0.0 %,0.0 %,0,0,0.0 %,0.0 %,100.0 %,100.0 %,100.0 %,100.0 %,100.0 %,100.0 %,976,910,0,0,100.0 %,100.0 %
BND,10d RSI BND LT20 - L BND,0.7 %,4.5 %,367,2281,100.0 %,6.0 %,0.7 %,76.3 %,0.0 %,-0.6 %,1,6,0.1,0.5,100.0 %,100.0 %,,,367,372,0.7 %,0.7 %,2,1.5,0,0,1,6,0,0,1,6,0,0,1,5,,,1,6,,,0,5.7,0,0,0.0 %,0.0 %,0,0,0.0 %,0.0 %,0,0,0.0 %,0.0 %,100.0 %,100.0 %,100.0 %,100.0 %,100.0 %,100.0 %,367,372,0,0,100.0 %,100.0 %
BNO,10d RSI BNO LT32 - L BNO,14.1 %,23.3 %,7037,11675,11.7 %,8.4 %,120.5 %,279.1 %,0.0 %,-5.4 %,7,6,0.6,0.5,85.7 %,83.3 %,1,2.9,1005,1789,2.0 %,3.6 %,2.3,2.5,1,1,6,5,1,1,6,5,1,1,4,4,6,5,6,5,6,14.7,2.4,3.5,-2838,-782,-2.8 %,-1.6 %,-2838,-782,-2.8 %,-1.6 %,-2838,-782,-2.8 %,-1.6 %,85.7 %,83.3 %,85.7 %,83.3 %,85.7 %,83.3 %,1409,2303,-1419,-782,80.0 %,80.0 %
BOIL,4d RSI BOIL LT10 - L BOIL,-18.3 %,32.4 %,-9135,16251,100.0 %,6.0 %,-18.3 %,543.9 %,0.0 %,-9.4 %,1,4,0.1,0.3,0.0 %,100.0 %,0,,-9135,3632,-18.3 %,7.3 %,8,2.2,1,0,0,4,1,0,0,4,1,0,0,4,0,,0,4,0,,0,23.1,-18271,0,-18.3 %,0.0 %,-18271,0,-18.3 %,0.0 %,-18271,0,-18.3 %,0.0 %,0.0 %,100.0 %,0.0 %,100.0 %,0.0 %,100.0 %,0,3632,-9135,0,0.0 %,100.0 %
BOTZ,21d RSI BOTZ LT33 - L BOTZ,1.1 %,6.7 %,539,3351,31.5 %,10.8 %,3.4 %,62.3 %,-1.2 %,-12.1 %,3,5,0.2,0.4,66.7 %,80.0 %,0.9,0.6,180,679,0.4 %,1.4 %,4.7,4.4,1,1,2,4,1,1,2,4,1,1,2,4,2,4,2,4,1.9,2.4,0.6,0.9,-1225,-2448,-1.2 %,-4.9 %,-1225,-2448,-1.2 %,-4.9 %,-1225,-2448,-1.2 %,-4.9 %,66.7 %,80.0 %,66.7 %,80.0 %,66.7 %,80.0 %,575,1460,-612,-2448,66.7 %,80.0 %
BTAL,4d RSI BTAL LT17 - L BTAL,-3.1 %,7.5 %,-1574,3778,30.3 %,6.8 %,-10.4 %,111.6 %,-6.1 %,-3.8 %,9,5,0.8,0.4,66.7 %,100.0 %,0.3,,-175,733,-0.3 %,1.5 %,6.7,2.4,1,0,4,5,1,0,4,5,1,0,3,5,2,,6,5,0.7,,-0.4,3.6,-6182,0,-6.2 %,0.0 %,-6182,0,-6.2 %,0.0 %,-6182,0,-6.2 %,0.0 %,66.7 %,100.0 %,66.7 %,100.0 %,66.7 %,100.0 %,499,733,-1523,0,57.1 %,100.0 %
BWX,9d RSI BWX LT18 - L BWX,0.6 %,6.8 %,276,3401,85.7 %,9.2 %,0.6 %,74.2 %,0.0 %,-1.9 %,2,6,0.2,0.5,100.0 %,100.0 %,,,138,550,0.3 %,1.1 %,2,2.8,0,0,2,6,0,0,2,6,0,0,2,5,,,2,6,,,1.7,4.7,0,0,0.0 %,0.0 %,0,0,0.0 %,0.0 %,0,0,0.0 %,0.0 %,100.0 %,100.0 %,100.0 %,100.0 %,100.0 %,100.0 %,138,550,0,0,100.0 %,100.0 %
BWZ,8d RSI BWZ LT18 - L BWZ,0.6 %,3.4 %,320,1685,100.0 %,5.2 %,0.6 %,65.1 %,0.0 %,-1.2 %,1,5,0.1,0.4,100.0 %,80.0 %,,1.9,320,332,0.6 %,0.7 %,6,1.6,0,1,1,3,0,1,1,3,0,0,1,4,,4,1,4,,7.6,0,2.4,0,-250,0.0 %,-0.5 %,0,-250,0.0 %,-0.5 %,0,0,0.0 %,0.0 %,100.0 %,80.0 %,100.0 %,80.0 %,100.0 %,80.0 %,320,478,0,-250,100.0 %,100.0 %
CALF,4d RSI CALF LT13 - L CALF,0.6 %,11.7 %,288,5868,10.7 %,7.2 %,5.4 %,163.7 %,-0.6 %,-3.2 %,2,5,0.2,0.4,50.0 %,100.0 %,1.9,,144,1119,0.3 %,2.2 %,5.5,2.6,1,0,1,5,1,0,1,5,1,0,1,4,1,,1,5,1.9,,0.5,6.3,-612,0,-0.6 %,0.0 %,-612,0,-0.6 %,0.0 %,-612,0,-0.6 %,0.0 %,50.0 %,100.0 %,50.0 %,100.0 %,50.0 %,100.0 %,594,1119,-306,0,50.0 %,100.0 %
CEF,19d RSI CEF LT32 - L CEF,0.6 %,2.9 %,324,1458,100.0 %,8.0 %,0.6 %,36.6 %,0.0 %,-3.4 %,1,5,0.1,0.4,100.0 %,60.0 %,,7.1,324,288,0.6 %,0.6 %,4,3,0,2,1,3,0,2,1,2,0,1,1,2,,1.5,1,3,,10.6,0,1.9,0,-150,0.0 %,-0.3 %,0,-150,0.0 %,-0.3 %,0,-58,0.0 %,-0.1 %,100.0 %,60.0 %,100.0 %,60.0 %,100.0 %,50.0 %,324,530,0,-75,100.0 %,66.7 %
CIBR,3d RSI CIBR LT11 - L CIBR,6.6 %,22.6 %,3311,11346,11.0 %,15.9 %,60.0 %,142.4 %,0.0 %,-6.9 %,5,10,0.4,0.8,100.0 %,90.0 %,,3.8,662,1040,1.3 %,2.1 %,2.6,3,0,1,5,9,0,1,5,9,0,0,5,8,,9,5,9,,34.5,3.8,3.2,0,-310,0.0 %,-0.6 %,0,-310,0.0 %,-0.6 %,0,0,0.0 %,0.0 %,100.0 %,90.0 %,100.0 %,90.0 %,100.0 %,90.0 %,662,1190,0,-310,100.0 %,100.0 %
COMT,9d RSI COMT LT26 - L COMT,4.8 %,7.4 %,2398,3709,8.3 %,5.2 %,57.8 %,143.2 %,0.0 %,-3.0 %,4,4,0.3,0.3,100.0 %,100.0 %,,,599,899,1.2 %,1.8 %,3,2.2,0,0,4,4,0,0,4,4,0,0,4,4,,,4,4,,,6,9.7,0,0,0.0 %,0.0 %,0,0,0.0 %,0.0 %,0,0,0.0 %,0.0 %,100.0 %,100.0 %,100.0 %,100.0 %,100.0 %,100.0 %,599,899,0,0,100.0 %,100.0 %
COPX,10d RSI COPX LT24 - L COPX,0.9 %,17.8 %,468,8919,100.0 %,6.0 %,0.9 %,298.5 %,0.0 %,-5.0 %,1,5,0.1,0.4,100.0 %,80.0 %,,6.4,468,1679,0.9 %,3.4 %,3,2,0,1,1,3,0,1,1,3,0,1,1,2,,4,1,4,,25.6,0,2.9,0,-342,0.0 %,-0.7 %,0,-342,0.0 %,-0.7 %,0,-342,0.0 %,-0.7 %,100.0 %,80.0 %,100.0 %,80.0 %,100.0 %,80.0 %,468,2184,0,-342,100.0 %,75.0 %
CORN,20d RSI CORN LT35 - L CORN,2.4 %,5.2 %,1207,2633,50.8 %,7.6 %,4.7 %,69.6 %,-0.7 %,-7.9 %,5,4,0.4,0.3,80.0 %,75.0 %,1.1,0.8,241,670,0.5 %,1.3 %,5.2,3.8,1,1,4,3,1,1,4,3,1,0,1,2,4,3,4,3,4.5,2.3,1.3,0.8,-691,-2087,-0.7 %,-4.2 %,-691,-2087,-0.7 %,-4.2 %,-520,0,-0.5 %,0.0 %,80.0 %,75.0 %,80.0 %,75.0 %,80.0 %,75.0 %,388,1589,-345,-2087,50.0 %,100.0 %
COWZ,5d RSI COWZ LT13 - L COWZ,-0.4 %,7.6 %,-177,3819,100.0 %,5.6 %,-0.4 %,136.9 %,0.0 %,-2.8 %,1,3,0.1,0.2,0.0 %,100.0 %,0,,-177,1238,-0.4 %,2.5 %,3,3.7,1,0,0,3,1,0,0,3,1,0,0,3,0,,0,3,0,,0,8,-354,0,-0.4 %,0.0 %,-354,0,-0.4 %,0.0 %,-354,0,-0.4 %,0.0 %,0.0 %,100.0 %,0.0 %,100.0 %,0.0 %,100.0 %,0,1238,-177,0,0.0 %,100.0 %
CQQQ,4d RSI CQQQ LT10 - L CQQQ,5.2 %,22.8 %,2612,11439,6.4 %,6.4 %,82.2 %,358.9 %,0.0 %,-6.1 %,4,4,0.3,0.3,100.0 %,50.0 %,,6.8,653,2966,1.3 %,5.9 %,1.8,3,0,1,4,2,0,1,4,2,0,1,4,2,,1,4,2,,6.8,3,1,0,-1149,0.0 %,-2.3 %,0,-1149,0.0 %,-2.3 %,0,-900,0.0 %,-1.8 %,100.0 %,50.0 %,100.0 %,50.0 %,100.0 %,50.0 %,653,6956,0,-1024,100.0 %,66.7 %
CWI,10d RSI CWI LT27 - L CWI,1.6 %,14.2 %,804,7135,24.3 %,9.6 %,6.6 %,149.2 %,0.0 %,-2.4 %,3,7,0.2,0.6,66.7 %,100.0 %,3.7,,268,962,0.5 %,1.9 %,2,2.4,1,0,2,7,0,0,2,7,0,0,2,6,2,,2,7,7.3,,1.6,4.1,-255,0,-0.3 %,0.0 %,0,0,0.0 %,0.0 %,0,0,0.0 %,0.0 %,66.7 %,100.0 %,66.7 %,100.0 %,100.0 %,100.0 %,466,962,-127,0,100.0 %,100.0 %
CXSE,4d RSI CXSE LT10 - L CXSE,9.7 %,19.4 %,4851,9748,6.3 %,5.6 %,154.5 %,349.5 %,0.0 %,-6.4 %,4,4,0.3,0.3,100.0 %,75.0 %,,2.5,1213,2472,2.4 %,4.9 %,2.2,2.5,0,1,4,3,0,1,4,3,0,0,4,3,,3,4,3,,7.6,3,1,0,-1501,0.0 %,-3.0 %,0,-1501,0.0 %,-3.0 %,0,0,0.0 %,0.0 %,100.0 %,75.0 %,100.0 %,75.0 %,100.0 %,75.0 %,1213,3796,0,-1501,100.0 %,100.0 %
DBA,12d RSI DBA LT33 - L DBA,1.9 %,3.2 %,962,1600,3.8 %,9.2 %,50.7 %,34.9 %,0.0 %,-6.0 %,2,5,0.2,0.4,100.0 %,80.0 %,,0.5,481,325,1.0 %,0.7 %,2,3.6,0,1,2,3,0,1,2,3,0,0,2,3,,4,2,4,,2,4.2,0.7,0,-1563,0.0 %,-3.1 %,0,-1563,0.0 %,-3.1 %,0,0,0.0 %,0.0 %,100.0 %,80.0 %,100.0 %,80.0 %,100.0 %,80.0 %,481,797,0,-1563,100.0 %,100.0 %
DBC,3d RSI DBC LT10 - L DBC,5.3 %,1.9 %,2664,943,14.0 %,5.2 %,38.1 %,36.4 %,-1.3 %,-4.6 %,6,3,0.5,0.2,83.3 %,66.7 %,0.9,1,444,321,0.9 %,0.6 %,3.5,3.3,1,1,4,2,1,1,4,2,1,1,4,2,5,2,5,2,4.7,1.9,1.7,0.6,-1429,-1065,-1.4 %,-2.1 %,-1429,-1065,-1.4 %,-2.1 %,-1429,-1065,-1.4 %,-2.1 %,83.3 %,66.7 %,83.3 %,66.7 %,83.3 %,66.7 %,676,1014,-714,-1065,83.3 %,66.7 %
DBO,4d RSI DBO LT15 - L DBO,17.2 %,15.2 %,8591,7646,9.5 %,5.2 %,180.8 %,295.3 %,0.0 %,-3.3 %,6,4,0.5,0.3,100.0 %,100.0 %,,,1432,1807,2.9 %,3.6 %,2.5,2.2,0,0,6,4,0,0,6,4,0,0,5,3,,,6,4,,,7.2,6.6,0,0,0.0 %,0.0 %,0,0,0.0 %,0.0 %,0,0,0.0 %,0.0 %,100.0 %,100.0 %,100.0 %,100.0 %,100.0 %,100.0 %,1432,1807,0,0,100.0 %,100.0 %
DDM,21d RSI DDM LT35 - L DDM,0.6 %,12.1 %,293,6079,38.1 %,5.2 %,1.5 %,234.7 %,0.0 %,-5.3 %,2,4,0.2,0.3,50.0 %,100.0 %,4,,147,1459,0.3 %,2.9 %,3,2.2,1,0,1,4,1,0,1,4,0,0,1,4,1,,1,4,4,,0.8,3,-195,0,-0.2 %,0.0 %,-195,0,-0.2 %,0.0 %,0,0,0.0 %,0.0 %,50.0 %,100.0 %,50.0 %,100.0 %,50.0 %,100.0 %,391,1459,-98,0,100.0 %,100.0 %
DDWM,5d RSI DDWM LT15 - L DDWM,0.5 %,8.4 %,233,4207,14.3 %,9.2 %,3.3 %,91.8 %,0.0 %,-1.8 %,2,6,0.2,0.5,100.0 %,100.0 %,,,117,677,0.2 %,1.4 %,1.5,2.8,0,0,2,6,0,0,2,6,0,0,2,6,,,2,6,,,2.6,3.9,0,0,0.0 %,0.0 %,0,0,0.0 %,0.0 %,0,0,0.0 %,0.0 %,100.0 %,100.0 %,100.0 %,100.0 %,100.0 %,100.0 %,117,677,0,0,100.0 %,100.0 %
DES,12d RSI DES LT29 - L DES,1.7 %,5.0 %,869,2538,100.0 %,5.2 %,1.7 %,98.0 %,0.0 %,-2.8 %,2,4,0.2,0.3,50.0 %,75.0 %,2.2,20.3,434,622,0.9 %,1.2 %,3,2.2,1,1,1,2,1,1,1,2,0,0,1,3,1,3,1,3,2.2,60.9,0.5,3.2,-1440,-42,-1.4 %,-0.1 %,-1440,-42,-1.4 %,-0.1 %,0,0,0.0 %,0.0 %,50.0 %,75.0 %,50.0 %,75.0 %,50.0 %,75.0 %,1589,843,-720,-42,100.0 %,100.0 %
DFEN,14d RSI DFEN LT34 - L DFEN,-16.0 %,49.2 %,-8005,24700,100.0 %,10.8 %,-16.0 %,459.2 %,-5.9 %,-10.3 %,2,8,0.2,0.7,0.0 %,87.5 %,0,15.3,-4002,2598,-8.0 %,5.2 %,9,2.4,2,1,0,6,2,1,0,6,2,1,0,3,0,7,0,7,0,107.2,-4.1,3.9,-16010,-196,-16.0 %,-0.4 %,-16010,-196,-16.0 %,-0.4 %,-16010,-196,-16.0 %,-0.4 %,0.0 %,87.5 %,0.0 %,87.5 %,0.0 %,87.5 %,0,2998,-4002,-196,0.0 %,80.0 %
DGRO,8d RSI DGRO LT19 - L DGRO,0.5 %,2.2 %,272,1083,100.0 %,5.2 %,0.5 %,41.8 %,0.0 %,-3.1 %,1,2,0.1,0.2,100.0 %,100.0 %,,,272,537,0.5 %,1.1 %,3,5.5,0,0,1,2,0,0,1,2,0,0,1,2,,,1,2,,,0,2.6,0,0,0.0 %,0.0 %,0,0,0.0 %,0.0 %,0,0,0.0 %,0.0 %,100.0 %,100.0 %,100.0 %,100.0 %,100.0 %,100.0 %,272,537,0,0,100.0 %,100.0 %
DGRW,14d RSI DGRW LT30 - L DGRW,3.2 %,3.4 %,1621,1726,36.0 %,5.2 %,9.0 %,66.7 %,0.0 %,-3.2 %,3,3,0.2,0.2,100.0 %,66.7 %,,3.5,540,570,1.1 %,1.1 %,2,3.3,0,1,3,2,0,1,3,2,0,1,2,2,,2,3,2,,7,3.9,1.6,0,-287,0.0 %,-0.6 %,0,-287,0.0 %,-0.6 %,0,-287,0.0 %,-0.6 %,100.0 %,66.7 %,100.0 %,66.7 %,100.0 %,66.7 %,540,999,0,-287,100.0 %,66.7 %
DIA,21d RSI DIA LT35 - L DIA,2.8 %,6.0 %,1402,3039,30.0 %,5.2 %,9.3 %,117.3 %,0.0 %,-2.6 %,2,4,0.2,0.3,100.0 %,100.0 %,,,701,742,1.4 %,1.5 %,2,2.2,0,0,2,4,0,0,2,4,0,0,1,4,,,2,4,,,13,3.1,0,0,0.0 %,0.0 %,0,0,0.0 %,0.0 %,0,0,0.0 %,0.0 %,100.0 %,100.0 %,100.0 %,100.0 %,100.0 %,100.0 %,701,742,0,0,100.0 %,100.0 %
DIV,9d RSI DIV LT23 - L DIV,-4.2 %,2.2 %,-2078,1105,9.7 %,5.2 %,-42.7 %,42.7 %,0.0 %,-4.3 %,2,4,0.2,0.3,50.0 %,50.0 %,0.1,2.3,-1039,278,-2.1 %,0.6 %,6.5,2.2,1,2,1,1,1,2,1,1,1,2,1,1,1,1,1,2,0.1,2.3,-1.1,0.8,-4833,-881,-4.8 %,-1.8 %,-4833,-881,-4.8 %,-1.8 %,-4833,-881,-4.8 %,-1.8 %,50.0 %,50.0 %,50.0 %,50.0 %,50.0 %,50.0 %,339,997,-2417,-441,50.0 %,50.0 %
DIVB,10d RSI DIVB LT26 - L DIVB,0.3 %,6.9 %,160,3483,6.0 %,6.0 %,5.4 %,116.6 %,0.0 %,-3.2 %,2,4,0.2,0.3,50.0 %,100.0 %,4.6,,80,848,0.2 %,1.7 %,3.5,2.8,1,0,1,4,1,0,1,4,1,0,1,4,1,,1,4,4.6,,0.9,3.8,-90,0,-0.1 %,0.0 %,-90,0,-0.1 %,0.0 %,-90,0,-0.1 %,0.0 %,50.0 %,100.0 %,50.0 %,100.0 %,50.0 %,100.0 %,205,848,-45,0,50.0 %,100.0 %
DIVI,11d RSI DIVI LT26 - L DIVI,0.4 %,5.7 %,211,2842,18.9 %,6.4 %,2.2 %,89.2 %,0.0 %,-3.0 %,2,5,0.2,0.4,50.0 %,80.0 %,2.1,3.8,105,557,0.2 %,1.1 %,2.5,2.2,1,1,1,3,1,1,1,3,1,1,1,2,1,4,1,4,2.1,15.1,0.5,2.3,-388,-197,-0.4 %,-0.4 %,-388,-197,-0.4 %,-0.4 %,-388,-105,-0.4 %,-0.2 %,50.0 %,80.0 %,50.0 %,80.0 %,50.0 %,80.0 %,405,745,-194,-197,50.0 %,75.0 %
DIVO,11d RSI DIVO LT25 - L DIVO,0.3 %,4.3 %,150,2162,100.0 %,5.2 %,0.3 %,83.5 %,0.0 %,-2.4 %,1,3,0.1,0.2,100.0 %,100.0 %,,,150,710,0.3 %,1.4 %,3,3.3,0,0,1,3,0,0,1,3,0,0,1,3,,,1,3,,,0,2.6,0,0,0.0 %,0.0 %,0,0,0.0 %,0.0 %,0,0,0.0 %,0.0 %,100.0 %,100.0 %,100.0 %,100.0 %,100.0 %,100.0 %,150,710,0,0,100.0 %,100.0 %
DLN,6d RSI DLN LT15 - L DLN,0.6 %,5.7 %,296,2842,100.0 %,6.0 %,0.6 %,95.1 %,0.0 %,-3.1 %,1,3,0.1,0.2,100.0 %,100.0 %,,,296,928,0.6 %,1.9 %,3,4,0,0,1,3,0,0,1,3,0,0,1,3,,,1,3,,,0,4.1,0,0,0.0 %,0.0 %,0,0,0.0 %,0.0 %,0,0,0.0 %,0.0 %,100.0 %,100.0 %,100.0 %,100.0 %,100.0 %,100.0 %,296,928,0,0,100.0 %,100.0 %
DOG,20d RSI DOG LT35 - L DOG,-1.3 %,3.3 %,-631,1644,19.4 %,5.2 %,-6.5 %,63.5 %,-2.7 %,-1.1 %,3,3,0.2,0.2,66.7 %,100.0 %,0.3,,-210,541,-0.4 %,1.1 %,6,3.3,1,0,2,3,1,0,2,3,1,0,2,3,2,,2,3,0.5,,-0.4,3.3,-2731,0,-2.7 %,0.0 %,-2731,0,-2.7 %,0.0 %,-2731,0,-2.7 %,0.0 %,66.7 %,100.0 %,66.7 %,100.0 %,66.7 %,100.0 %,367,541,-1366,0,66.7 %,100.0 %
DON,15d RSI DON LT34 - L DON,0.8 %,8.1 %,415,4046,11.3 %,5.2 %,7.4 %,156.2 %,-0.1 %,-2.7 %,4,4,0.3,0.3,50.0 %,100.0 %,1.6,,104,981,0.2 %,2.0 %,3.2,2.2,1,0,2,4,1,0,2,3,1,0,2,3,1,,2,4,1.6,,0.4,3.8,-1360,0,-1.4 %,0.0 %,-1360,0,-1.4 %,0.0 %,-79,0,-0.1 %,0.0 %,50.0 %,100.0 %,50.0 %,100.0 %,50.0 %,100.0 %,567,981,-360,0,66.7 %,100.0 %
DPST,17d RSI DPST LT35 - L DPST,-45.6 %,42.8 %,-22801,21459,33.3 %,6.4 %,-136.8 %,673.3 %,-68.2 %,-6.1 %,11,5,0.9,0.4,54.5 %,100.0 %,0.4,,-2073,3710,-4.1 %,7.4 %,4.1,2.2,3,0,3,5,2,0,3,5,3,0,1,3,1.2,,6,5,0.5,,-0.7,5.5,-36269,0,-36.3 %,0.0 %,-35151,0,-35.2 %,0.0 %,-61224,0,-61.2 %,0.0 %,54.5 %,100.0 %,54.5 %,100.0 %,55.6 %,100.0 %,4358,3710,-9789,0,25.0 %,100.0 %
DRIP,18d RSI DRIP LT31 - L DRIP,4.7 %,36.2 %,2366,18178,100.0 %,6.0 %,4.7 %,608.3 %,0.0 %,-6.8 %,1,4,0.1,0.3,100.0 %,100.0 %,,,2366,4037,4.7 %,8.1 %,4,2.8,0,0,1,4,0,0,1,4,0,0,1,3,,,1,4,,,0,5.4,0,0,0.0 %,0.0 %,0,0,0.0 %,0.0 %,0,0,0.0 %,0.0 %,100.0 %,100.0 %,100.0 %,100.0 %,100.0 %,100.0 %,2366,4037,0,0,100.0 %,100.0 %
DRN,18d RSI DRN LT28 - L DRN,6.7 %,19.5 %,3365,9783,87.5 %,5.2 %,7.7 %,377.8 %,0.0 %,-11.6 %,2,3,0.2,0.2,100.0 %,100.0 %,,,1683,3131,3.4 %,6.3 %,2.5,3.3,0,0,2,3,0,0,2,3,0,0,2,2,,,2,3,,,2.5,1.9,0,0,0.0 %,0.0 %,0,0,0.0 %,0.0 %,0,0,0.0 %,0.0 %,100.0 %,100.0 %,100.0 %,100.0 %,100.0 %,100.0 %,1683,3131,0,0,100.0 %,100.0 %
DRV,5d RSI DRV LT21 - L DRV,-14.6 %,40.9 %,-7293,20551,19.0 %,10.8 %,-76.6 %,382.1 %,-22.4 %,-7.1 %,7,7,0.6,0.6,57.1 %,85.7 %,0.4,6.4,-1042,2539,-2.1 %,5.1 %,5.6,2.9,1,1,1,4,1,1,1,4,1,0,1,5,1.3,6,4,6,0.5,38.4,-0.6,4.1,-23553,-475,-23.6 %,-0.9 %,-23553,-475,-23.6 %,-0.9 %,-20358,0,-20.4 %,0.0 %,57.1 %,85.7 %,57.1 %,85.7 %,57.1 %,85.7 %,1964,3041,-5050,-475,50.0 %,100.0 %
DSI,20d RSI DSI LT36 - L DSI,3.6 %,20.6 %,1776,10353,40.0 %,11.9 %,8.9 %,173.2 %,0.0 %,-4.1 %,3,8,0.2,0.7,100.0 %,87.5 %,,4.2,592,1190,1.2 %,2.4 %,2.3,2.8,0,1,3,5,0,1,3,5,0,1,2,4,,7,3,7,,29.4,2.9,4.9,0,-336,0.0 %,-0.7 %,0,-336,0.0 %,-0.7 %,0,-336,0.0 %,-0.7 %,100.0 %,87.5 %,100.0 %,87.5 %,100.0 %,87.5 %,592,1408,0,-336,100.0 %,83.3 %
DUST,4d RSI DUST LT17 - L DUST,5.1 %,15.1 %,2564,7581,21.1 %,6.4 %,24.3 %,237.8 %,-14.6 %,-14.8 %,9,4,0.8,0.3,77.8 %,75.0 %,0.3,1.3,285,1866,0.6 %,3.7 %,4.2,3,1,1,5,2,1,1,5,2,1,1,4,2,3.5,3,7,3,1.2,4,0.2,1.3,-16003,-2529,-16.0 %,-5.1 %,-16003,-2529,-16.0 %,-5.1 %,-16003,-2529,-16.0 %,-5.1 %,77.8 %,75.0 %,77.8 %,75.0 %,77.8 %,75.0 %,2139,3331,-6204,-2529,75.0 %,75.0 %
DVY,21d RSI DVY LT36 - L DVY,8.8 %,3.0 %,4399,1493,17.9 %,5.2 %,49.3 %,57.7 %,-2.1 %,-4.4 %,8,3,0.7,0.2,75.0 %,66.7 %,1.3,1.5,550,500,1.1 %,1.0 %,2.8,3.3,1,1,4,2,1,1,4,1,0,1,4,1,3,2,6,2,3.9,3,1.9,0.9,-2291,-754,-2.3 %,-1.5 %,-2291,-754,-2.3 %,-1.5 %,0,-754,0.0 %,-1.5 %,75.0 %,66.7 %,75.0 %,66.7 %,75.0 %,50.0 %,984,1127,-754,-754,100.0 %,50.0 %
DVYE,5d RSI DVYE LT10 - L DVYE,3.6 %,1.4 %,1791,723,3.2 %,5.6 %,112.8 %,25.9 %,0.0 %,-3.3 %,2,4,0.2,0.3,100.0 %,75.0 %,,1,895,180,1.8 %,0.4 %,1,2.5,0,1,2,3,0,1,2,3,0,1,2,3,,3,2,3,,3,3.2,1,0,-353,0.0 %,-0.7 %,0,-353,0.0 %,-0.7 %,0,-353,0.0 %,-0.7 %,100.0 %,75.0 %,100.0 %,75.0 %,100.0 %,75.0 %,895,358,0,-353,100.0 %,75.0 %
DXD,12d RSI DXD LT30 - L DXD,-9.9 %,10.2 %,-4973,5095,32.4 %,7.2 %,-30.7 %,142.1 %,-10.6 %,-3.0 %,3,4,0.2,0.3,33.3 %,100.0 %,0.3,,-1658,1230,-3.3 %,2.5 %,10.7,3.5,1,0,1,4,1,0,1,4,1,0,1,3,0.5,,1,4,0.2,,-1.1,2.9,-10657,0,-10.7 %,0.0 %,-10657,0,-10.7 %,0.0 %,-10657,0,-10.7 %,0.0 %,33.3 %,100.0 %,33.3 %,100.0 %,33.3 %,100.0 %,890,1230,-2932,0,33.3 %,100.0 %
DXJ,4d RSI DXJ LT12 - L DXJ,1.6 %,8.1 %,809,4054,3.4 %,5.2 %,47.6 %,156.6 %,-0.2 %,-1.1 %,2,5,0.2,0.4,50.0 %,100.0 %,8.6,,404,785,0.8 %,1.6 %,1.5,1.6,1,0,1,5,1,0,1,5,1,0,1,5,1,,1,5,8.6,,1.1,3.6,-213,0,-0.2 %,0.0 %,-213,0,-0.2 %,0.0 %,-213,0,-0.2 %,0.0 %,50.0 %,100.0 %,50.0 %,100.0 %,50.0 %,100.0 %,915,785,-107,0,50.0 %,100.0 %
EBND,13d RSI EBND LT25 - L EBND,0.4 %,6.6 %,206,3323,100.0 %,5.2 %,0.4 %,128.3 %,0.0 %,-0.5 %,2,5,0.2,0.4,50.0 %,100.0 %,8.1,,103,646,0.2 %,1.3 %,4.5,1.6,1,0,1,5,1,0,1,5,1,0,1,4,1,,1,5,8.1,,1.1,4,-58,0,-0.1 %,0.0 %,-58,0,-0.1 %,0.0 %,-58,0,-0.1 %,0.0 %,50.0 %,100.0 %,50.0 %,100.0 %,50.0 %,100.0 %,235,646,-29,0,50.0 %,100.0 %
ECH,12d RSI ECH LT29 - L ECH,1.8 %,23.2 %,885,11666,59.0 %,5.2 %,3.0 %,450.5 %,-1.9 %,-3.4 %,4,5,0.3,0.4,50.0 %,100.0 %,1.9,,221,2145,0.4 %,4.3 %,4.8,1.6,2,0,1,5,2,0,1,4,1,0,1,3,1,,2,5,1.9,,0.6,4.4,-1919,0,-1.9 %,0.0 %,-1919,0,-1.9 %,0.0 %,-1919,0,-1.9 %,0.0 %,50.0 %,100.0 %,50.0 %,100.0 %,50.0 %,100.0 %,922,2145,-480,0,66.7 %,100.0 %
EDC,10d RSI EDC LT25 - L EDC,3.1 %,49.4 %,1547,24813,2.5 %,7.2 %,123.8 %,692.0 %,0.0 %,-10.5 %,2,5,0.2,0.4,100.0 %,80.0 %,,2.4,774,4384,1.5 %,8.8 %,1,2.6,0,1,2,4,0,1,2,4,0,1,2,3,,4,2,4,,9.6,5.9,2.1,0,-2563,0.0 %,-5.1 %,0,-2563,0.0 %,-5.1 %,0,-2563,0.0 %,-5.1 %,100.0 %,80.0 %,100.0 %,80.0 %,100.0 %,80.0 %,774,6121,0,-2563,100.0 %,75.0 %
EDV,6d RSI EDV LT16 - L EDV,1.4 %,1.6 %,690,777,16.7 %,6.4 %,8.3 %,24.4 %,-0.8 %,-4.8 %,2,3,0.2,0.2,50.0 %,33.3 %,2.6,4.3,345,265,0.7 %,0.5 %,3,3.3,1,1,1,1,1,1,1,1,1,1,1,1,1,0.5,1,1,2.6,2.2,0.6,0.5,-848,-657,-0.8 %,-1.3 %,-848,-657,-0.8 %,-1.3 %,-848,-657,-0.8 %,-1.3 %,50.0 %,33.3 %,50.0 %,33.3 %,50.0 %,33.3 %,1114,1481,-424,-344,50.0 %,33.3 %
EDZ,3d RSI EDZ LT12 - L EDZ,25.0 %,16.8 %,12485,8426,15.9 %,6.0 %,156.9 %,282.0 %,-1.4 %,-3.6 %,9,4,0.8,0.3,77.8 %,100.0 %,2.9,,1387,1980,2.8 %,4.0 %,3.1,2.8,1,0,5,4,1,0,5,4,0,0,7,4,3.5,,7,4,10.3,,3.1,8.4,-1659,0,-1.7 %,0.0 %,-1659,0,-1.7 %,0.0 %,0,0,0.0 %,0.0 %,77.8 %,100.0 %,77.8 %,100.0 %,77.8 %,100.0 %,1976,1980,-675,0,100.0 %,100.0 %
EEM,5d RSI EEM LT11 - L EEM,-0.2 %,3.3 %,-111,1648,100.0 %,5.2 %,-0.2 %,63.6 %,0.0 %,-3.0 %,1,3,0.1,0.2,0.0 %,66.7 %,0,7.2,-111,547,-0.2 %,1.1 %,3,3.3,1,1,0,2,1,1,0,2,1,1,0,2,0,2,0,2,0,14.3,0,1.3,-222,-123,-0.2 %,-0.2 %,-222,-123,-0.2 %,-0.2 %,-222,-123,-0.2 %,-0.2 %,0.0 %,66.7 %,0.0 %,66.7 %,0.0 %,66.7 %,0,881,-111,-123,0.0 %,66.7 %
EEMV,5d RSI EEMV LT14 - L EEMV,2.3 %,9.2 %,1145,4597,6.2 %,10.0 %,36.6 %,92.3 %,0.0 %,-1.5 %,3,7,0.2,0.6,100.0 %,100.0 %,,,382,630,0.8 %,1.3 %,2.3,2.6,0,0,3,7,0,0,3,7,0,0,3,5,,,3,7,,,4.7,6.6,0,0,0.0 %,0.0 %,0,0,0.0 %,0.0 %,0,0,0.0 %,0.0 %,100.0 %,100.0 %,100.0 %,100.0 %,100.0 %,100.0 %,382,630,0,0,100.0 %,100.0 %
EFA,12d RSI EFA LT28 - L EFA,1.4 %,13.7 %,718,6898,16.7 %,10.4 %,8.6 %,133.2 %,0.0 %,-2.7 %,2,7,0.2,0.6,100.0 %,100.0 %,,,359,934,0.7 %,1.9 %,2,2.7,0,0,2,7,0,0,2,7,0,0,2,6,,,2,7,,,2.9,3.1,0,0,0.0 %,0.0 %,0,0,0.0 %,0.0 %,0,0,0.0 %,0.0 %,100.0 %,100.0 %,100.0 %,100.0 %,100.0 %,100.0 %,359,934,0,0,100.0 %,100.0 %
EFAV,6d RSI EFAV LT11 - L EFAV,1.2 %,6.2 %,592,3125,100.0 %,5.6 %,1.2 %,112.1 %,0.0 %,-1.3 %,1,4,0.1,0.3,100.0 %,100.0 %,,,592,761,1.2 %,1.5 %,2,2.5,0,0,1,4,0,0,1,4,0,0,1,3,,,1,4,,,0,16.7,0,0,0.0 %,0.0 %,0,0,0.0 %,0.0 %,0,0,0.0 %,0.0 %,100.0 %,100.0 %,100.0 %,100.0 %,100.0 %,100.0 %,592,761,0,0,100.0 %,100.0 %
EFG,18d RSI EFG LT30 - L EFG,-1.0 %,9.6 %,-483,4817,100.0 %,7.2 %,-1.0 %,134.3 %,0.0 %,-4.4 %,1,4,0.1,0.3,0.0 %,75.0 %,0,11.5,-483,1169,-1.0 %,2.3 %,6,3.5,1,1,0,3,1,1,0,3,1,1,0,3,0,3,0,3,0,34.6,0,2.3,-967,-139,-1.0 %,-0.3 %,-967,-139,-1.0 %,-0.3 %,-967,-139,-1.0 %,-0.3 %,0.0 %,75.0 %,0.0 %,75.0 %,0.0 %,75.0 %,0,1605,-483,-139,0.0 %,75.0 %
EIDO,17d RSI EIDO LT35 - L EIDO,-6.6 %,3.5 %,-3315,1738,17.3 %,5.2 %,-38.2 %,67.1 %,-5.4 %,-1.4 %,5,4,0.4,0.3,20.0 %,75.0 %,0.2,4,-663,430,-1.3 %,0.9 %,5,2.2,2,1,1,2,2,0,1,3,3,0,0,2,0.2,3,1,3,0,12.1,-1.8,1.5,-5309,-156,-5.3 %,-0.3 %,-5309,0,-5.3 %,0.0 %,-6630,0,-6.6 %,0.0 %,20.0 %,75.0 %,20.0 %,75.0 %,20.0 %,100.0 %,151,626,-867,-156,0.0 %,100.0 %
EIS,7d RSI EIS LT19 - L EIS,-4.0 %,16.4 %,-1997,8260,100.0 %,8.0 %,-4.0 %,207.3 %,0.0 %,-2.0 %,1,5,0.1,0.4,0.0 %,100.0 %,0,,-1997,1550,-4.0 %,3.1 %,10,3,1,0,0,5,1,0,0,5,1,0,0,5,0,,0,5,0,,0,6.5,-3994,0,-4.0 %,0.0 %,-3994,0,-4.0 %,0.0 %,-3994,0,-4.0 %,0.0 %,0.0 %,100.0 %,0.0 %,100.0 %,0.0 %,100.0 %,0,1550,-1997,0,0.0 %,100.0 %
EMB,7d RSI EMB LT16 - L EMB,-0.2 %,4.8 %,-77,2423,100.0 %,5.6 %,-0.2 %,86.9 %,0.0 %,-1.8 %,1,5,0.1,0.4,0.0 %,80.0 %,0,4.9,-77,477,-0.2 %,0.9 %,5,1.8,1,1,0,4,1,1,0,4,1,1,0,4,0,4,0,4,0,19.4,0,1.9,-154,-129,-0.2 %,-0.3 %,-154,-129,-0.2 %,-0.3 %,-154,-129,-0.2 %,-0.3 %,0.0 %,80.0 %,0.0 %,80.0 %,0.0 %,80.0 %,0,628,-77,-129,0.0 %,80.0 %
EMGF,5d RSI EMGF LT16 - L EMGF,-0.0 %,9.9 %,-3,4965,6.4 %,8.8 %,-0.1 %,113.3 %,-0.9 %,-3.8 %,3,6,0.2,0.5,66.7 %,66.7 %,0.5,1.7,-1,815,-0.0 %,1.6 %,2,2.7,1,1,2,3,1,1,2,3,1,1,2,2,2,2,2,4,1,3.4,0,1.3,-919,-1135,-0.9 %,-2.3 %,-919,-1135,-0.9 %,-2.3 %,-919,-1135,-0.9 %,-2.3 %,66.7 %,66.7 %,66.7 %,66.7 %,66.7 %,66.7 %,228,1724,-459,-1002,66.7 %,60.0 %
EMHY,6d RSI EMHY LT12 - L EMHY,3.0 %,4.2 %,1512,2128,4.8 %,6.4 %,62.4 %,66.8 %,0.0 %,-2.8 %,2,4,0.2,0.3,100.0 %,75.0 %,,,756,524,1.5 %,1.1 %,3,3,0,1,2,3,0,1,2,3,0,1,2,3,,3,2,3,,,3.4,2.2,0,0,0.0 %,0.0 %,0,0,0.0 %,0.0 %,0,0,0.0 %,0.0 %,100.0 %,75.0 %,100.0 %,75.0 %,100.0 %,75.0 %,756,699,0,0,100.0 %,75.0 %
EMLC,12d RSI EMLC LT24 - L EMLC,0.4 %,4.4 %,199,2216,90.0 %,5.2 %,0.4 %,85.6 %,0.0 %,-1.5 %,2,4,0.2,0.3,50.0 %,75.0 %,,14.9,100,546,0.2 %,1.1 %,3.5,2.2,1,1,1,2,1,1,1,2,1,1,1,2,1,3,1,3,,44.8,1.4,1.9,0,-50,0.0 %,-0.1 %,0,-50,0.0 %,-0.1 %,0,-50,0.0 %,-0.1 %,50.0 %,75.0 %,50.0 %,75.0 %,50.0 %,75.0 %,199,745,0,-50,50.0 %,75.0 %
EMLP,19d RSI EMLP LT37 - L EMLP,4.0 %,8.0 %,1992,4008,6.8 %,6.0 %,59.0 %,134.2 %,0.0 %,-3.5 %,3,5,0.2,0.4,100.0 %,80.0 %,,22.4,664,776,1.3 %,1.6 %,2.3,2,0,1,3,2,0,1,3,2,0,1,2,1,,4,3,4,,89.6,2.2,3.8,0,-44,0.0 %,-0.1 %,0,-44,0.0 %,-0.1 %,0,-44,0.0 %,-0.1 %,100.0 %,80.0 %,100.0 %,80.0 %,100.0 %,75.0 %,664,981,0,-44,100.0 %,66.7 %
EMXC,6d RSI EMXC LT15 - L EMXC,0.4 %,10.9 %,211,5480,100.0 %,6.8 %,0.4 %,161.8 %,0.0 %,-2.7 %,1,5,0.1,0.4,100.0 %,100.0 %,,,211,1050,0.4 %,2.1 %,3,2.4,0,0,1,5,0,0,1,5,0,0,1,5,,,1,5,,,0,4.2,0,0,0.0 %,0.0 %,0,0,0.0 %,0.0 %,0,0,0.0 %,0.0 %,100.0 %,100.0 %,100.0 %,100.0 %,100.0 %,100.0 %,211,1050,0,0,100.0 %,100.0 %
EPOL,9d RSI EPOL LT21 - L EPOL,2.7 %,13.8 %,1340,6933,23.5 %,6.0 %,11.4 %,232.0 %,0.0 %,-3.1 %,2,5,0.2,0.4,100.0 %,100.0 %,,,670,1317,1.3 %,2.6 %,1,2,0,0,2,5,0,0,2,5,0,0,1,4,,,2,5,,,6.5,3.6,0,0,0.0 %,0.0 %,0,0,0.0 %,0.0 %,0,0,0.0 %,0.0 %,100.0 %,100.0 %,100.0 %,100.0 %,100.0 %,100.0 %,670,1317,0,0,100.0 %,100.0 %
EPP,9d RSI EPP LT24 - L EPP,-2.0 %,10.8 %,-976,5420,7.7 %,8.0 %,-25.4 %,136.0 %,-1.1 %,-2.3 %,2,7,0.2,0.6,0.0 %,85.7 %,0,58.4,-488,740,-1.0 %,1.5 %,4,1.9,2,1,0,5,2,1,0,5,2,0,0,6,0,6,0,6,0,350.6,-17.1,3.9,-1953,-15,-2.0 %,-0.0 %,-1953,-15,-2.0 %,-0.0 %,-1953,0,-2.0 %,0.0 %,0.0 %,85.7 %,0.0 %,85.7 %,0.0 %,85.7 %,0,866,-488,-15,0.0 %,100.0 %
EQWL,13d RSI EQWL LT29 - L EQWL,1.3 %,6.3 %,665,3155,46.2 %,5.2 %,2.9 %,121.8 %,0.0 %,-2.3 %,2,4,0.2,0.3,50.0 %,100.0 %,2.4,,333,770,0.7 %,1.5 %,5,2.2,1,0,1,4,1,0,1,4,0,0,1,4,1,,1,4,2.4,,0.6,3.3,-947,0,-0.9 %,0.0 %,-947,0,-0.9 %,0.0 %,0,0,0.0 %,0.0 %,50.0 %,100.0 %,50.0 %,100.0 %,50.0 %,100.0 %,1139,770,-474,0,100.0 %,100.0 %
ESGD,5d RSI ESGD LT11 - L ESGD,0.3 %,5.9 %,162,2957,100.0 %,5.2 %,0.3 %,114.2 %,0.0 %,-1.9 %,1,4,0.1,0.3,100.0 %,100.0 %,,,162,721,0.3 %,1.4 %,2,2.2,0,0,1,4,0,0,1,4,0,0,1,3,,,1,4,,,0,5.1,0,0,0.0 %,0.0 %,0,0,0.0 %,0.0 %,0,0,0.0 %,0.0 %,100.0 %,100.0 %,100.0 %,100.0 %,100.0 %,100.0 %,162,721,0,0,100.0 %,100.0 %
ESGU,21d RSI ESGU LT36 - L ESGU,2.7 %,14.3 %,1327,7177,35.0 %,9.6 %,7.6 %,150.1 %,0.0 %,-4.0 %,2,7,0.2,0.6,100.0 %,100.0 %,,,664,967,1.3 %,1.9 %,2.5,2.4,0,0,2,7,0,0,2,7,0,0,1,6,,,2,7,,,3.3,4.6,0,0,0.0 %,0.0 %,0,0,0.0 %,0.0 %,0,0,0.0 %,0.0 %,100.0 %,100.0 %,100.0 %,100.0 %,100.0 %,100.0 %,664,967,0,0,100.0 %,100.0 %
EWA,18d RSI EWA LT33 - L EWA,1.5 %,13.7 %,739,6886,100.0 %,6.4 %,1.5 %,216.0 %,0.0 %,-2.3 %,1,6,0.1,0.5,100.0 %,100.0 %,,,739,1085,1.5 %,2.2 %,4,1.7,0,0,1,6,0,0,1,6,0,0,1,5,,,1,6,,,0,5.9,0,0,0.0 %,0.0 %,0,0,0.0 %,0.0 %,0,0,0.0 %,0.0 %,100.0 %,100.0 %,100.0 %,100.0 %,100.0 %,100.0 %,739,1085,0,0,100.0 %,100.0 %
EWC,13d RSI EWC LT30 - L EWC,3.0 %,8.2 %,1505,4115,8.3 %,5.2 %,36.3 %,158.9 %,0.0 %,-2.4 %,4,4,0.3,0.3,75.0 %,100.0 %,2.3,,376,996,0.8 %,2.0 %,2.5,2.2,1,0,3,4,1,0,3,4,1,0,3,4,3,,3,4,6.8,,1.7,5.3,-518,0,-0.5 %,0.0 %,-518,0,-0.5 %,0.0 %,-518,0,-0.5 %,0.0 %,75.0 %,100.0 %,75.0 %,100.0 %,75.0 %,100.0 %,588,996,-259,0,75.0 %,100.0 %
EWD,6d RSI EWD LT17 - L EWD,2.3 %,16.6 %,1159,8314,11.5 %,6.4 %,20.1 %,260.9 %,0.0 %,-2.9 %,2,4,0.2,0.3,100.0 %,100.0 %,,,580,1973,1.2 %,4.0 %,2,3,0,0,2,4,0,0,2,4,0,0,2,3,,,2,4,,,9.6,2.7,0,0,0.0 %,0.0 %,0,0,0.0 %,0.0 %,0,0,0.0 %,0.0 %,100.0 %,100.0 %,100.0 %,100.0 %,100.0 %,100.0 %,580,1973,0,0,100.0 %,100.0 %
EWG,4d RSI EWG LT12 - L EWG,0.6 %,17.4 %,301,8716,100.0 %,10.4 %,0.6 %,168.3 %,0.0 %,-4.9 %,1,8,0.1,0.7,100.0 %,87.5 %,,22.4,301,1020,0.6 %,2.0 %,2,2.2,0,1,1,7,0,1,1,7,0,1,1,7,,7,1,7,,157.1,0,2.9,0,-52,0.0 %,-0.1 %,0,-52,0.0 %,-0.1 %,0,-52,0.0 %,-0.1 %,100.0 %,87.5 %,100.0 %,87.5 %,100.0 %,87.5 %,301,1174,0,-52,100.0 %,87.5 %
EWH,13d RSI EWH LT21 - L EWH,1.4 %,13.0 %,679,6512,100.0 %,5.6 %,1.4 %,233.5 %,0.0 %,-1.8 %,1,5,0.1,0.4,100.0 %,100.0 %,,,679,1249,1.4 %,2.5 %,2,1.8,0,0,1,5,0,0,1,5,0,0,1,3,,,1,5,,,0,2.3,0,0,0.0 %,0.0 %,0,0,0.0 %,0.0 %,0,0,0.0 %,0.0 %,100.0 %,100.0 %,100.0 %,100.0 %,100.0 %,100.0 %,679,1249,0,0,100.0 %,100.0 %
EWJ,21d RSI EWJ LT35 - L EWJ,2.0 %,16.6 %,981,8326,100.0 %,11.2 %,2.0 %,149.3 %,0.0 %,-2.6 %,1,10,0.1,0.8,100.0 %,100.0 %,,,981,774,2.0 %,1.6 %,1,1.8,0,0,1,10,0,0,1,10,0,0,1,7,,,1,10,,,0,7.2,0,0,0.0 %,0.0 %,0,0,0.0 %,0.0 %,0,0,0.0 %,0.0 %,100.0 %,100.0 %,100.0 %,100.0 %,100.0 %,100.0 %,981,774,0,0,100.0 %,100.0 %
EWM,21d RSI EWM LT29 - L EWM,1.7 %,0.6 %,836,299,66.7 %,5.2 %,2.5 %,11.5 %,0.0 %,-2.6 %,2,3,0.2,0.2,100.0 %,66.7 %,,0.8,418,100,0.8 %,0.2 %,1,3.3,0,1,2,1,0,1,2,1,0,1,2,1,,2,2,2,,1.7,9,0.4,0,-437,0.0 %,-0.9 %,0,-437,0.0 %,-0.9 %,0,-184,0.0 %,-0.4 %,100.0 %,66.7 %,100.0 %,66.7 %,100.0 %,66.7 %,418,369,0,-437,100.0 %,50.0 %
EWQ,4d RSI EWQ LT13 - L EWQ,0.7 %,20.7 %,348,10405,100.0 %,11.6 %,0.7 %,180.1 %,0.0 %,-2.8 %,1,8,0.1,0.7,100.0 %,100.0 %,,,348,1210,0.7 %,2.4 %,2,2.6,0,0,1,8,0,0,1,8,0,0,1,7,,,1,8,,,0,2.4,0,0,0.0 %,0.0 %,0,0,0.0 %,0.0 %,0,0,0.0 %,0.0 %,100.0 %,100.0 %,100.0 %,100.0 %,100.0 %,100.0 %,348,1210,0,0,100.0 %,100.0 %
EWS,7d RSI EWS LT19 - L EWS,1.3 %,7.6 %,650,3809,7.6 %,10.0 %,17.0 %,76.5 %,-0.6 %,-3.6 %,2,6,0.2,0.5,50.0 %,83.3 %,3.1,2.4,325,617,0.6 %,1.2 %,3.5,3.2,1,1,1,4,1,1,1,4,1,0,1,5,1,5,1,5,3.1,11.8,0.7,2.6,-612,-342,-0.6 %,-0.7 %,-612,-342,-0.6 %,-0.7 %,-612,0,-0.6 %,0.0 %,50.0 %,83.3 %,50.0 %,83.3 %,50.0 %,83.3 %,955,808,-306,-342,50.0 %,100.0 %
EWT,11d RSI EWT LT25 - L EWT,1.7 %,12.7 %,854,6386,100.0 %,9.2 %,1.7 %,139.4 %,0.0 %,-4.6 %,1,6,0.1,0.5,100.0 %,83.3 %,,75.6,854,1012,1.7 %,2.0 %,2,2.8,0,1,1,4,0,1,1,4,0,0,1,5,,5,1,5,,378.1,0,4,0,-16,0.0 %,-0.0 %,0,-16,0.0 %,-0.0 %,0,0,0.0 %,0.0 %,100.0 %,83.3 %,100.0 %,83.3 %,100.0 %,83.3 %,854,1217,0,-16,100.0 %,100.0 %
EWU,11d RSI EWU LT29 - L EWU,4.6 %,17.1 %,2321,8573,10.2 %,10.8 %,45.3 %,159.4 %,-0.1 %,-3.4 %,5,7,0.4,0.6,80.0 %,85.7 %,16.8,,464,1143,0.9 %,2.3 %,2.4,2.9,1,1,3,5,1,1,3,5,0,0,4,6,4,6,4,6,67.2,,3.7,4.9,-70,0,-0.1 %,0.0 %,-70,0,-0.1 %,0.0 %,0,0,0.0 %,0.0 %,80.0 %,85.7 %,80.0 %,85.7 %,80.0 %,85.7 %,589,1333,-35,0,100.0 %,100.0 %
EWW,15d RSI EWW LT33 - L EWW,3.3 %,10.1 %,1648,5090,61.1 %,6.0 %,5.4 %,170.4 %,0.0 %,-1.6 %,2,5,0.2,0.4,100.0 %,100.0 %,,,824,977,1.6 %,1.9 %,4.5,2,0,0,2,5,0,0,2,4,0,0,1,4,,,2,5,,,2.9,4.9,0,0,0.0 %,0.0 %,0,0,0.0 %,0.0 %,0,0,0.0 %,0.0 %,100.0 %,100.0 %,100.0 %,100.0 %,100.0 %,100.0 %,824,977,0,0,100.0 %,100.0 %
EWY,6d RSI EWY LT14 - L EWY,0.5 %,2.8 %,265,1384,100.0 %,6.0 %,0.5 %,46.3 %,0.0 %,-4.4 %,1,4,0.1,0.3,100.0 %,50.0 %,,1.9,265,356,0.5 %,0.7 %,3,2.8,0,1,1,1,0,1,1,1,0,1,1,2,,1,1,2,,1.9,0,0.6,0,-1109,0.0 %,-2.2 %,0,-1109,0.0 %,-2.2 %,0,-1109,0.0 %,-2.2 %,100.0 %,50.0 %,100.0 %,50.0 %,100.0 %,50.0 %,265,1501,0,-789,100.0 %,66.7 %
EWZS,7d RSI EWZS LT20 - L EWZS,3.0 %,9.5 %,1519,4788,26.5 %,5.2 %,11.5 %,184.9 %,0.0 %,-4.9 %,2,4,0.2,0.3,100.0 %,75.0 %,,2.2,760,1169,1.5 %,2.3 %,3.5,2.2,0,1,2,3,0,1,2,3,0,1,2,3,,3,2,3,,6.6,1.6,1.8,0,-828,0.0 %,-1.7 %,0,-828,0.0 %,-1.7 %,0,-828,0.0 %,-1.7 %,100.0 %,75.0 %,100.0 %,75.0 %,100.0 %,75.0 %,760,1835,0,-828,100.0 %,75.0 %
EZA,21d RSI EZA LT33 - L EZA,2.3 %,8.8 %,1170,4441,100.0 %,5.6 %,2.3 %,159.2 %,0.0 %,-3.4 %,1,4,0.1,0.3,100.0 %,100.0 %,,,1170,1073,2.3 %,2.1 %,4,2.5,0,0,1,4,0,0,1,4,0,0,1,3,,,1,4,,,0,4.4,0,0,0.0 %,0.0 %,0,0,0.0 %,0.0 %,0,0,0.0 %,0.0 %,100.0 %,100.0 %,100.0 %,100.0 %,100.0 %,100.0 %,1170,1073,0,0,100.0 %,100.0 %
EZU,5d RSI EZU LT12 - L EZU,0.7 %,17.6 %,358,8830,100.0 %,5.2 %,0.7 %,341.0 %,0.0 %,-1.8 %,1,4,0.1,0.3,100.0 %,100.0 %,,,358,2097,0.7 %,4.2 %,2,2.2,0,0,1,4,0,0,1,4,0,0,1,4,,,1,4,,,0,2.4,0,0,0.0 %,0.0 %,0,0,0.0 %,0.0 %,0,0,0.0 %,0.0 %,100.0 %,100.0 %,100.0 %,100.0 %,100.0 %,100.0 %,358,2097,0,0,100.0 %,100.0 %
FAS,15d RSI FAS LT31 - L FAS,7.9 %,26.4 %,3972,13267,11.2 %,6.0 %,70.7 %,444.0 %,-1.5 %,-6.9 %,5,5,0.4,0.4,60.0 %,100.0 %,1,,794,2403,1.6 %,4.8 %,2.8,2,1,0,2,5,1,0,2,5,0,0,2,4,1.5,,3,5,1.5,,0.4,10.6,-14334,0,-14.3 %,0.0 %,-14334,0,-14.3 %,0.0 %,0,0,0.0 %,0.0 %,60.0 %,100.0 %,60.0 %,100.0 %,60.0 %,100.0 %,3971,2403,-3971,0,100.0 %,100.0 %
FAZ,20d RSI FAZ LT37 - L FAZ,-9.4 %,23.3 %,-4704,11682,18.5 %,8.0 %,-50.8 %,293.2 %,-17.6 %,-7.9 %,7,5,0.6,0.4,57.1 %,100.0 %,0.4,,-672,2170,-1.3 %,4.3 %,4.9,3,2,0,2,5,2,0,2,5,1,0,1,4,1.3,,4,5,0.6,,-0.7,2.6,-16848,0,-16.8 %,0.0 %,-16848,0,-16.8 %,0.0 %,-14009,0,-14.0 %,0.0 %,57.1 %,100.0 %,57.1 %,100.0 %,57.1 %,100.0 %,1499,2170,-3566,0,50.0 %,100.0 %
FBND,21d RSI FBND LT30 - L FBND,0.7 %,3.0 %,326,1533,100.0 %,10.4 %,0.7 %,29.6 %,0.0 %,-1.5 %,1,6,0.1,0.5,100.0 %,66.7 %,,5,326,252,0.7 %,0.5 %,2,3.3,0,1,1,3,0,1,1,3,0,1,1,3,,2,1,4,,10.1,0,2.6,0,-93,0.0 %,-0.2 %,0,-93,0.0 %,-0.2 %,0,-93,0.0 %,-0.2 %,100.0 %,66.7 %,100.0 %,66.7 %,100.0 %,66.7 %,326,419,0,-83,100.0 %,66.7 %
FBT,7d RSI FBT LT22 - L FBT,1.6 %,22.5 %,784,11314,11.7 %,6.4 %,13.4 %,355.0 %,-3.1 %,-3.8 %,5,5,0.4,0.4,60.0 %,100.0 %,1,,157,2081,0.3 %,4.2 %,3.2,2.2,1,0,2,5,1,0,2,5,1,0,2,3,1.5,,3,5,1.5,,0.4,5.6,-3297,0,-3.3 %,0.0 %,-3297,0,-3.3 %,0.0 %,-3297,0,-3.3 %,0.0 %,60.0 %,100.0 %,60.0 %,100.0 %,60.0 %,100.0 %,829,2081,-852,0,60.0 %,100.0 %
FCG,21d RSI FCG LT39 - L FCG,-5.4 %,15.0 %,-2706,7529,6.6 %,7.6 %,-82.4 %,198.9 %,-1.9 %,-12.0 %,2,6,0.2,0.5,0.0 %,83.3 %,0,4.1,-1353,1185,-2.7 %,2.4 %,5.5,2.2,2,1,0,5,2,1,0,4,2,1,0,3,0,5,0,5,0,20.6,-4.6,3.4,-5412,-363,-5.4 %,-0.7 %,-5412,-363,-5.4 %,-0.7 %,-5412,-363,-5.4 %,-0.7 %,0.0 %,83.3 %,0.0 %,83.3 %,0.0 %,80.0 %,0,1495,-1353,-363,0.0 %,75.0 %
FDD,4d RSI FDD LT10 - L FDD,0.4 %,18.3 %,182,9187,100.0 %,5.6 %,0.4 %,329.4 %,0.0 %,-1.4 %,1,5,0.1,0.4,100.0 %,100.0 %,,,182,1722,0.4 %,3.4 %,1,1.8,0,0,1,5,0,0,1,5,0,0,1,5,,,1,5,,,0,3.3,0,0,0.0 %,0.0 %,0,0,0.0 %,0.0 %,0,0,0.0 %,0.0 %,100.0 %,100.0 %,100.0 %,100.0 %,100.0 %,100.0 %,182,1722,0,0,100.0 %,100.0 %
FDIS,19d RSI FDIS LT35 - L FDIS,0.4 %,11.5 %,209,5772,100.0 %,10.8 %,0.4 %,107.3 %,0.0 %,-6.7 %,1,6,0.1,0.5,100.0 %,83.3 %,,3.7,209,924,0.4 %,1.9 %,7,3.5,0,1,1,4,0,1,1,4,0,0,1,5,,5,1,5,,18.4,0,2.5,0,-319,0.0 %,-0.6 %,0,-319,0.0 %,-0.6 %,0,0,0.0 %,0.0 %,100.0 %,83.3 %,100.0 %,83.3 %,100.0 %,83.3 %,209,1172,0,-319,100.0 %,100.0 %
FDL,7d RSI FDL LT24 - L FDL,0.5 %,7.9 %,233,3952,11.3 %,6.8 %,4.1 %,116.7 %,-0.6 %,-4.5 %,5,5,0.4,0.4,60.0 %,80.0 %,0.8,2.3,47,770,0.1 %,1.5 %,2.4,2.4,1,1,3,3,1,1,3,3,1,1,1,2,1.5,4,3,4,1.1,9.3,0.1,2.1,-2789,-462,-2.8 %,-0.9 %,-2789,-462,-2.8 %,-0.9 %,-1162,-462,-1.2 %,-0.9 %,60.0 %,80.0 %,60.0 %,80.0 %,60.0 %,80.0 %,650,1078,-858,-462,33.3 %,75.0 %
FDN,4d RSI FDN LT11 - L FDN,-2.6 %,10.3 %,-1289,5168,100.0 %,8.8 %,-2.6 %,117.9 %,0.0 %,-10.0 %,1,5,0.1,0.4,0.0 %,80.0 %,0,4.2,-1289,995,-2.6 %,2.0 %,6,3.4,1,1,0,3,1,1,0,3,1,0,0,4,0,4,0,4,0,16.9,0,2.9,-2578,-313,-2.6 %,-0.6 %,-2578,-313,-2.6 %,-0.6 %,-2578,0,-2.6 %,0.0 %,0.0 %,80.0 %,0.0 %,80.0 %,0.0 %,80.0 %,0,1322,-1289,-313,0.0 %,100.0 %
FDT,8d RSI FDT LT26 - L FDT,0.6 %,20.2 %,311,10127,8.8 %,15.5 %,7.0 %,130.3 %,-2.2 %,-3.8 %,4,12,0.3,1,75.0 %,91.7 %,0.4,1.8,78,775,0.2 %,1.6 %,2.2,2.2,1,1,3,10,1,1,3,9,1,0,3,9,3,11,3,11,1.3,20.1,0.2,4.3,-2222,-488,-2.2 %,-1.0 %,-2222,-488,-2.2 %,-1.0 %,-2222,0,-2.2 %,0.0 %,75.0 %,91.7 %,75.0 %,91.7 %,75.0 %,90.9 %,474,890,-1111,-488,75.0 %,100.0 %
FDVV,7d RSI FDVV LT22 - L FDVV,4.1 %,7.3 %,2061,3690,10.8 %,10.0 %,38.2 %,74.1 %,-0.3 %,-4.4 %,5,6,0.4,0.5,80.0 %,66.7 %,4,2.8,412,600,0.8 %,1.2 %,2.6,3.2,1,1,2,2,1,1,2,2,1,1,2,2,4,2,4,4,15.8,5.5,2.7,1.9,-278,-518,-0.3 %,-1.0 %,-278,-518,-0.3 %,-1.0 %,-278,-518,-0.3 %,-1.0 %,80.0 %,66.7 %,80.0 %,66.7 %,80.0 %,66.7 %,550,1100,-139,-398,75.0 %,80.0 %
FENY,14d RSI FENY LT35 - L FENY,3.4 %,16.1 %,1682,8073,11.1 %,6.8 %,30.3 %,238.4 %,0.0 %,-9.6 %,5,5,0.4,0.4,80.0 %,100.0 %,0.5,,336,1518,0.7 %,3.0 %,3.4,2.4,1,0,4,5,1,0,4,5,1,0,3,4,4,,4,5,2,,0.7,5.3,-3265,0,-3.3 %,0.0 %,-3265,0,-3.3 %,0.0 %,-3265,0,-3.3 %,0.0 %,80.0 %,100.0 %,80.0 %,100.0 %,80.0 %,100.0 %,829,1518,-1632,0,75.0 %,100.0 %
FEZ,5d RSI FEZ LT13 - L FEZ,1.0 %,17.2 %,512,8614,100.0 %,5.2 %,1.0 %,332.6 %,0.0 %,-1.9 %,1,4,0.1,0.3,100.0 %,100.0 %,,,512,2048,1.0 %,4.1 %,2,2.2,0,0,1,4,0,0,1,4,0,0,1,4,,,1,4,,,0,2.3,0,0,0.0 %,0.0 %,0,0,0.0 %,0.0 %,0,0,0.0 %,0.0 %,100.0 %,100.0 %,100.0 %,100.0 %,100.0 %,100.0 %,512,2048,0,0,100.0 %,100.0 %
FGD,13d RSI FGD LT30 - L FGD,1.8 %,18.9 %,918,9496,9.5 %,13.6 %,19.3 %,140.2 %,-0.4 %,-4.3 %,4,11,0.3,0.9,75.0 %,90.9 %,1.7,1.5,230,797,0.5 %,1.6 %,2.5,2.1,1,1,3,10,1,1,3,9,1,1,2,7,3,10,3,10,5,14.8,1.5,4.6,-454,-636,-0.5 %,-1.3 %,-454,-636,-0.5 %,-1.3 %,-454,-636,-0.5 %,-1.3 %,75.0 %,90.9 %,75.0 %,90.9 %,75.0 %,90.0 %,382,940,-227,-636,66.7 %,87.5 %
FHLC,21d RSI FHLC LT36 - L FHLC,0.4 %,6.7 %,213,3378,8.9 %,7.2 %,4.8 %,94.2 %,-1.4 %,-4.7 %,3,5,0.2,0.4,66.7 %,80.0 %,0.6,2.8,71,663,0.1 %,1.3 %,4,2.6,1,1,2,4,1,1,2,3,1,1,1,3,2,4,2,4,1.3,11.3,0.2,1.7,-1439,-321,-1.4 %,-0.6 %,-1439,-321,-1.4 %,-0.6 %,-1336,-321,-1.3 %,-0.6 %,66.7 %,80.0 %,66.7 %,80.0 %,66.7 %,75.0 %,466,909,-720,-321,50.0 %,75.0 %
FIDU,21d RSI FIDU LT35 - L FIDU,4.3 %,10.4 %,2159,5220,36.0 %,6.0 %,12.0 %,174.7 %,0.0 %,-2.0 %,3,5,0.2,0.4,100.0 %,100.0 %,,,720,1000,1.4 %,2.0 %,2,2,0,0,3,5,0,0,3,5,0,0,2,5,,,3,5,,,17.6,7.1,0,0,0.0 %,0.0 %,0,0,0.0 %,0.0 %,0,0,0.0 %,0.0 %,100.0 %,100.0 %,100.0 %,100.0 %,100.0 %,100.0 %,720,1000,0,0,100.0 %,100.0 %
FLCH,6d RSI FLCH LT13 - L FLCH,1.5 %,8.8 %,752,4425,100.0 %,6.4 %,1.5 %,138.8 %,0.0 %,-13.7 %,1,3,0.1,0.2,100.0 %,66.7 %,,2,752,1499,1.5 %,3.0 %,1,4.3,0,1,1,2,0,1,1,2,0,0,1,2,,2,1,2,,4.1,0,1,0,-1474,0.0 %,-3.0 %,0,-1474,0.0 %,-3.0 %,0,0,0.0 %,0.0 %,100.0 %,66.7 %,100.0 %,66.7 %,100.0 %,66.7 %,752,2986,0,-1474,100.0 %,100.0 %
FLCO,8d RSI FLCO LT19 - L FLCO,1.4 %,5.4 %,702,2702,100.0 %,8.8 %,1.4 %,61.7 %,0.0 %,-1.1 %,1,8,0.1,0.7,100.0 %,100.0 %,,,702,329,1.4 %,0.7 %,4,1.8,0,0,1,8,0,0,1,8,0,0,1,6,,,1,8,,,0,5.2,0,0,0.0 %,0.0 %,0,0,0.0 %,0.0 %,0,0,0.0 %,0.0 %,100.0 %,100.0 %,100.0 %,100.0 %,100.0 %,100.0 %,702,329,0,0,100.0 %,100.0 %
FLGB,14d RSI FLGB LT31 - L FLGB,1.5 %,19.4 %,730,9761,100.0 %,10.4 %,1.5 %,188.4 %,0.0 %,-3.2 %,1,7,0.1,0.6,100.0 %,100.0 %,,,730,1289,1.5 %,2.6 %,1,2.7,0,0,1,7,0,0,1,7,0,0,1,6,,,1,7,,,0,5.3,0,0,0.0 %,0.0 %,0,0,0.0 %,0.0 %,0,0,0.0 %,0.0 %,100.0 %,100.0 %,100.0 %,100.0 %,100.0 %,100.0 %,730,1289,0,0,100.0 %,100.0 %
FLJP,17d RSI FLJP LT33 - L FLJP,1.7 %,11.2 %,862,5644,26.3 %,9.2 %,6.5 %,123.2 %,0.0 %,-2.6 %,2,8,0.2,0.7,100.0 %,100.0 %,,,431,671,0.9 %,1.3 %,1.5,1.9,0,0,2,8,0,0,2,8,0,0,1,6,,,2,8,,,7.4,7.6,0,0,0.0 %,0.0 %,0,0,0.0 %,0.0 %,0,0,0.0 %,0.0 %,100.0 %,100.0 %,100.0 %,100.0 %,100.0 %,100.0 %,431,671,0,0,100.0 %,100.0 %
FLKR,6d RSI FLKR LT19 - L FLKR,2.5 %,12.6 %,1233,6308,23.2 %,12.3 %,10.6 %,102.2 %,0.0 %,-6.6 %,4,9,0.3,0.8,75.0 %,66.7 %,0.7,1.4,308,683,0.6 %,1.4 %,2.2,2.4,1,1,3,3,1,1,2,3,1,1,2,6,3,2,3,6,2,2.8,0.7,1.4,-2557,-2344,-2.6 %,-4.7 %,-1427,-2344,-1.4 %,-4.7 %,-1427,-2344,-1.4 %,-4.7 %,75.0 %,66.7 %,75.0 %,66.7 %,66.7 %,66.7 %,837,1582,-1279,-1117,66.7 %,85.7 %
FLOT,4d RSI FLOT LT15 - L FLOT,0.8 %,1.0 %,424,496,100.0 %,7.2 %,0.8 %,13.8 %,0.0 %,-0.9 %,1,6,0.1,0.5,100.0 %,100.0 %,,,424,82,0.8 %,0.2 %,6,2,0,0,1,6,0,0,1,6,0,0,1,4,,,1,6,,,0,6.6,0,0,0.0 %,0.0 %,0,0,0.0 %,0.0 %,0,0,0.0 %,0.0 %,100.0 %,100.0 %,100.0 %,100.0 %,100.0 %,100.0 %,424,82,0,0,100.0 %,100.0 %
FLQM,19d RSI FLQM LT35 - L FLQM,2.4 %,9.2 %,1186,4597,51.7 %,8.4 %,4.6 %,109.9 %,0.0 %,-3.9 %,3,6,0.2,0.5,100.0 %,83.3 %,,37.4,395,739,0.8 %,1.5 %,4,2.5,0,1,3,5,0,1,3,4,0,1,2,4,,5,3,5,,186.8,5.4,3.1,0,-24,0.0 %,-0.1 %,0,-24,0.0 %,-0.1 %,0,-24,0.0 %,-0.1 %,100.0 %,83.3 %,100.0 %,83.3 %,100.0 %,80.0 %,395,891,0,-24,100.0 %,80.0 %
FLRN,3d RSI FLRN LT16 - L FLRN,1.1 %,1.6 %,541,784,23.5 %,22.7 %,4.6 %,6.9 %,0.0 %,-1.0 %,2,10,0.2,0.8,100.0 %,90.0 %,,4.5,271,78,0.5 %,0.2 %,3,4.7,0,1,2,8,0,1,2,8,0,0,2,6,,9,2,9,,40.3,10.4,4.2,0,-20,0.0 %,-0.0 %,0,-20,0.0 %,-0.0 %,0,0,0.0 %,0.0 %,100.0 %,90.0 %,100.0 %,90.0 %,100.0 %,90.0 %,271,88,0,-20,100.0 %,100.0 %
FLTR,19d RSI FLTR LT38 - L FLTR,1.0 %,0.4 %,479,199,100.0 %,15.5 %,1.0 %,2.6 %,0.0 %,-1.6 %,1,8,0.1,0.7,100.0 %,75.0 %,,0.4,479,25,1.0 %,0.1 %,6,3.9,0,1,1,4,0,1,1,2,0,2,1,1,,3,1,6,,1.3,0,0.3,0,-367,0.0 %,-0.7 %,0,-367,0.0 %,-0.7 %,0,-144,0.0 %,-0.3 %,100.0 %,75.0 %,100.0 %,75.0 %,100.0 %,66.7 %,479,147,0,-341,100.0 %,33.3 %
FLTW,6d RSI FLTW LT17 - L FLTW,1.5 %,6.2 %,764,3103,100.0 %,8.0 %,1.5 %,77.9 %,0.0 %,-4.7 %,1,5,0.1,0.4,100.0 %,80.0 %,,0.7,764,621,1.5 %,1.2 %,2,3,0,1,1,4,0,1,1,4,0,1,1,4,,4,1,4,,2.8,0,1.1,0,-1753,0.0 %,-3.5 %,0,-1753,0.0 %,-3.5 %,0,-1753,0.0 %,-3.5 %,100.0 %,80.0 %,100.0 %,80.0 %,100.0 %,80.0 %,764,1214,0,-1753,100.0 %,80.0 %
FNCL,16d RSI FNCL LT33 - L FNCL,8.3 %,12.2 %,4130,6139,10.7 %,9.2 %,77.6 %,134.0 %,0.0 %,-3.5 %,6,7,0.5,0.6,83.3 %,100.0 %,0.6,,688,833,1.4 %,1.7 %,2,2.3,1,0,5,7,1,0,4,7,0,0,2,6,5,,5,7,2.9,,1.2,4.5,-4326,0,-4.3 %,0.0 %,-2330,0,-2.3 %,0.0 %,0,0,0.0 %,0.0 %,83.3 %,100.0 %,83.3 %,100.0 %,80.0 %,100.0 %,1259,833,-2163,0,100.0 %,100.0 %
FNDA,19d RSI FNDA LT34 - L FNDA,3.9 %,12.4 %,1958,6223,6.6 %,6.4 %,59.5 %,195.2 %,0.0 %,-2.4 %,3,5,0.2,0.4,100.0 %,100.0 %,,,653,1184,1.3 %,2.4 %,2.7,2.2,0,0,3,5,0,0,3,5,0,0,2,5,,,3,5,,,6.9,5.8,0,0,0.0 %,0.0 %,0,0,0.0 %,0.0 %,0,0,0.0 %,0.0 %,100.0 %,100.0 %,100.0 %,100.0 %,100.0 %,100.0 %,653,1184,0,0,100.0 %,100.0 %
FNDB,12d RSI FNDB LT30 - L FNDB,3.3 %,7.1 %,1672,3559,8.4 %,5.2 %,39.9 %,137.4 %,0.0 %,-2.0 %,4,4,0.3,0.3,100.0 %,100.0 %,,,418,865,0.8 %,1.7 %,2.5,2.2,0,0,4,4,0,0,4,4,0,0,3,4,,,4,4,,,5.3,4.5,0,0,0.0 %,0.0 %,0,0,0.0 %,0.0 %,0,0,0.0 %,0.0 %,100.0 %,100.0 %,100.0 %,100.0 %,100.0 %,100.0 %,418,865,0,0,100.0 %,100.0 %
FNDC,20d RSI FNDC LT35 - L FNDC,-1.8 %,18.8 %,-881,9447,61.9 %,15.1 %,-2.8 %,124.8 %,-1.0 %,-3.2 %,2,12,0.2,1,0.0 %,91.7 %,0,4,-440,726,-0.9 %,1.4 %,5.5,2.2,2,1,0,10,2,1,0,9,1,0,0,8,0,11,0,11,0,43.9,-8.3,5.8,-1761,-203,-1.8 %,-0.4 %,-1761,-203,-1.8 %,-0.4 %,-1761,0,-1.8 %,0.0 %,0.0 %,91.7 %,0.0 %,91.7 %,0.0 %,90.9 %,0,810,-440,-203,0.0 %,100.0 %
FNDE,5d RSI FNDE LT11 - L FNDE,-0.3 %,3.3 %,-130,1671,100.0 %,5.2 %,-0.3 %,64.5 %,0.0 %,-2.7 %,1,3,0.1,0.2,0.0 %,100.0 %,0,,-130,550,-0.3 %,1.1 %,4,3.3,1,0,0,3,1,0,0,3,1,0,0,3,0,,0,3,0,,0,2.5,-260,0,-0.3 %,0.0 %,-260,0,-0.3 %,0.0 %,-260,0,-0.3 %,0.0 %,0.0 %,100.0 %,0.0 %,100.0 %,0.0 %,100.0 %,0,550,-130,0,0.0 %,100.0 %
FNDF,9d RSI FNDF LT27 - L FNDF,1.7 %,20.6 %,852,10337,7.3 %,11.6 %,23.3 %,178.9 %,-0.8 %,-3.0 %,4,10,0.3,0.8,75.0 %,90.0 %,1,5.4,213,948,0.4 %,1.9 %,2,1.9,1,1,2,8,1,1,2,8,0,0,3,7,3,9,3,9,3.1,48.7,1,5.4,-813,-199,-0.8 %,-0.4 %,-813,-199,-0.8 %,-0.4 %,0,0,0.0 %,0.0 %,75.0 %,90.0 %,75.0 %,90.0 %,75.0 %,90.0 %,420,1076,-406,-199,100.0 %,100.0 %
FNDX,6d RSI FNDX LT16 - L FNDX,1.4 %,5.0 %,696,2507,100.0 %,5.2 %,1.4 %,96.8 %,0.0 %,-3.2 %,1,3,0.1,0.2,100.0 %,100.0 %,,,696,820,1.4 %,1.6 %,3,3.3,0,0,1,3,0,0,1,3,0,0,1,3,,,1,3,,,0,3.6,0,0,0.0 %,0.0 %,0,0,0.0 %,0.0 %,0,0,0.0 %,0.0 %,100.0 %,100.0 %,100.0 %,100.0 %,100.0 %,100.0 %,696,820,0,0,100.0 %,100.0 %
FPE,11d RSI FPE LT16 - L FPE,-3.0 %,0.9 %,-1478,457,100.0 %,5.2 %,-3.0 %,17.7 %,0.0 %,-1.8 %,1,3,0.1,0.2,0.0 %,66.7 %,0,1.3,-1478,153,-3.0 %,0.3 %,12,3.3,1,1,0,1,1,1,0,1,1,1,0,1,0,2,0,2,0,2.6,0,0.7,-2956,-294,-3.0 %,-0.6 %,-2956,-294,-3.0 %,-0.6 %,-2956,-294,-3.0 %,-0.6 %,0.0 %,66.7 %,0.0 %,66.7 %,0.0 %,66.7 %,0,376,-1478,-294,0.0 %,66.7 %
FPEI,6d RSI FPEI LT10 - L FPEI,-6.6 %,1.8 %,-3278,901,12.5 %,5.2 %,-52.4 %,34.8 %,-0.3 %,-0.6 %,2,4,0.2,0.3,0.0 %,100.0 %,0,,-1639,223,-3.3 %,0.5 %,8.5,2.2,2,0,0,4,2,0,0,4,2,0,0,3,0,,0,4,0,,-1.5,2.7,-6555,0,-6.6 %,0.0 %,-6555,0,-6.6 %,0.0 %,-6555,0,-6.6 %,0.0 %,0.0 %,100.0 %,0.0 %,100.0 %,0.0 %,100.0 %,0,223,-1639,0,0.0 %,100.0 %
FSTA,7d RSI FSTA LT19 - L FSTA,-1.7 %,8.4 %,-835,4237,18.6 %,6.0 %,-9.0 %,141.8 %,-2.0 %,-3.4 %,3,4,0.2,0.3,33.3 %,100.0 %,1,,-278,1024,-0.6 %,2.0 %,5.3,2.8,1,0,1,4,1,0,1,4,1,0,1,4,0.5,,1,4,0.5,,-0.6,9.8,-2020,0,-2.0 %,0.0 %,-2020,0,-2.0 %,0.0 %,-2020,0,-2.0 %,0.0 %,33.3 %,100.0 %,33.3 %,100.0 %,33.3 %,100.0 %,876,1024,-855,0,33.3 %,100.0 %
FTCS,21d RSI FTCS LT34 - L FTCS,3.0 %,9.8 %,1480,4945,4.2 %,5.2 %,70.6 %,190.9 %,0.0 %,-1.9 %,2,4,0.2,0.3,100.0 %,100.0 %,,,740,1189,1.5 %,2.4 %,2.5,2.2,0,0,2,4,0,0,2,4,0,0,2,4,,,2,4,,,5.2,7.6,0,0,0.0 %,0.0 %,0,0,0.0 %,0.0 %,0,0,0.0 %,0.0 %,100.0 %,100.0 %,100.0 %,100.0 %,100.0 %,100.0 %,740,1189,0,0,100.0 %,100.0 %
FTGC,11d RSI FTGC LT28 - L FTGC,2.7 %,1.0 %,1347,484,7.5 %,6.4 %,36.1 %,15.2 %,0.0 %,-6.2 %,3,4,0.2,0.3,100.0 %,75.0 %,,0.5,449,128,0.9 %,0.3 %,3,3,0,1,3,2,0,1,3,2,0,1,3,1,,3,3,3,,1.4,1.8,0.3,0,-1372,0.0 %,-2.7 %,0,-1372,0.0 %,-2.7 %,0,-1067,0.0 %,-2.1 %,100.0 %,75.0 %,100.0 %,75.0 %,100.0 %,75.0 %,449,628,0,-1372,100.0 %,66.7 %
FTHI,12d RSI FTHI LT32 - L FTHI,5.3 %,13.2 %,2627,6629,9.0 %,8.0 %,58.5 %,166.4 %,0.0 %,-2.3 %,5,7,0.4,0.6,100.0 %,100.0 %,,,525,894,1.1 %,1.8 %,2,1.9,0,0,5,7,0,0,5,7,0,0,4,5,,,5,7,,,7.3,9.2,0,0,0.0 %,0.0 %,0,0,0.0 %,0.0 %,0,0,0.0 %,0.0 %,100.0 %,100.0 %,100.0 %,100.0 %,100.0 %,100.0 %,525,894,0,0,100.0 %,100.0 %
FTXL,20d RSI FTXL LT38 - L FTXL,2.0 %,14.8 %,1025,7405,100.0 %,13.6 %,2.0 %,109.3 %,0.0 %,-9.3 %,1,7,0.1,0.6,100.0 %,57.1 %,,4.9,1025,1015,2.0 %,2.0 %,5,3.9,0,2,1,3,0,2,1,3,0,1,1,4,,1.3,1,4,,6.5,0,1.8,0,-1200,0.0 %,-2.4 %,0,-1200,0.0 %,-2.4 %,0,-95,0.0 %,-0.2 %,100.0 %,57.1 %,100.0 %,57.1 %,100.0 %,57.1 %,1025,2101,0,-432,100.0 %,80.0 %
FTXO,16d RSI FTXO LT34 - L FTXO,2.9 %,8.3 %,1474,4188,18.1 %,6.8 %,16.3 %,123.7 %,0.0 %,-2.8 %,9,5,0.8,0.4,88.9 %,100.0 %,0.2,,164,809,0.3 %,1.6 %,2.3,2.4,1,0,8,5,1,0,7,5,1,0,4,5,8,,8,5,1.2,,0.2,5.6,-12737,0,-12.7 %,0.0 %,-12737,0,-12.7 %,0.0 %,-3123,0,-3.1 %,0.0 %,88.9 %,100.0 %,88.9 %,100.0 %,87.5 %,100.0 %,980,809,-6368,0,80.0 %,100.0 %
FTXR,14d RSI FTXR LT31 - L FTXR,0.4 %,0.5 %,224,264,9.1 %,5.2 %,4.9 %,10.2 %,-3.1 %,-4.6 %,4,3,0.3,0.2,75.0 %,66.7 %,0.4,0.7,56,90,0.1 %,0.2 %,2.8,3.3,1,1,3,1,1,1,3,1,1,1,3,1,3,2,3,2,1.1,1.4,0.1,0.3,-3173,-601,-3.2 %,-1.2 %,-3173,-601,-3.2 %,-1.2 %,-3173,-601,-3.2 %,-1.2 %,75.0 %,66.7 %,75.0 %,66.7 %,75.0 %,66.7 %,603,435,-1586,-601,75.0 %,66.7 %
FUTY,11d RSI FUTY LT24 - L FUTY,-1.7 %,5.7 %,-840,2839,14.4 %,5.2 %,-11.6 %,109.6 %,-2.7 %,-3.5 %,2,3,0.2,0.2,50.0 %,66.7 %,0.4,8.7,-420,938,-0.8 %,1.9 %,5.5,3.3,1,1,1,2,1,1,1,2,1,1,1,1,1,2,1,2,0.4,17.4,-0.6,1.4,-2728,-171,-2.7 %,-0.3 %,-2728,-171,-2.7 %,-0.3 %,-2728,-171,-2.7 %,-0.3 %,50.0 %,66.7 %,50.0 %,66.7 %,50.0 %,66.7 %,524,1492,-1364,-171,50.0 %,50.0 %
FV,17d RSI FV LT35 - L FV,8.4 %,8.3 %,4199,4146,13.7 %,6.0 %,61.3 %,138.7 %,0.0 %,-5.7 %,6,4,0.5,0.3,83.3 %,75.0 %,2,2.1,700,1013,1.4 %,2.0 %,2.8,2.8,1,1,5,2,0,1,5,2,0,1,3,2,5,3,5,3,10.1,6.3,2.2,1.9,-925,-769,-0.9 %,-1.5 %,0,-769,0.0 %,-1.5 %,0,-769,0.0 %,-1.5 %,83.3 %,75.0 %,83.3 %,75.0 %,100.0 %,75.0 %,932,1607,-462,-769,100.0 %,75.0 %
FVD,5d RSI FVD LT11 - L FVD,1.2 %,0.5 %,596,250,24.2 %,5.2 %,4.9 %,9.6 %,-2.0 %,-3.2 %,3,2,0.2,0.2,66.7 %,50.0 %,0.8,9.4,199,124,0.4 %,0.2 %,6.3,5.5,1,1,2,1,1,1,2,1,1,1,2,1,2,1,2,1,1.6,9.4,0.4,1.1,-2031,-30,-2.0 %,-0.1 %,-2031,-30,-2.0 %,-0.1 %,-2031,-30,-2.0 %,-0.1 %,66.7 %,50.0 %,66.7 %,50.0 %,66.7 %,50.0 %,806,278,-1016,-30,66.7 %,50.0 %
FXF,7d RSI FXF LT14 - L FXF,-1.2 %,0.2 %,-620,124,100.0 %,6.0 %,-1.2 %,4.2 %,0.0 %,-1.8 %,1,3,0.1,0.2,0.0 %,33.3 %,0,2.8,-620,42,-1.2 %,0.1 %,5,4,1,2,0,1,1,2,0,1,1,1,0,1,0,0.5,0,1,0,1.4,0,0.3,-1240,-298,-1.2 %,-0.6 %,-1240,-298,-1.2 %,-0.6 %,-1240,-298,-1.2 %,-0.6 %,0.0 %,33.3 %,0.0 %,33.3 %,0.0 %,33.3 %,0,424,-620,-149,0.0 %,50.0 %
FXN,14d RSI FXN LT35 - L FXN,1.8 %,23.0 %,925,11523,9.1 %,5.2 %,20.3 %,445.0 %,0.0 %,-3.2 %,4,5,0.3,0.4,75.0 %,100.0 %,0.5,,231,2112,0.5 %,4.2 %,3.5,1.6,1,0,3,5,1,0,3,5,1,0,3,4,3,,3,5,1.6,,0.4,11.2,-3121,0,-3.1 %,0.0 %,-3121,0,-3.1 %,0.0 %,-3121,0,-3.1 %,0.0 %,75.0 %,100.0 %,75.0 %,100.0 %,75.0 %,100.0 %,828,2112,-1560,0,75.0 %,100.0 %
FXO,18d RSI FXO LT38 - L FXO,6.9 %,19.2 %,3463,9620,19.5 %,11.9 %,35.5 %,161.0 %,-0.8 %,-4.8 %,10,9,0.8,0.8,80.0 %,77.8 %,0.4,6.8,346,989,0.7 %,2.0 %,2.3,2.3,1,1,4,4,1,1,4,6,0,1,3,5,4,3.5,8,7,1.7,23.9,0.6,4.1,-9355,-231,-9.4 %,-0.5 %,-7394,-231,-7.4 %,-0.5 %,0,-231,0.0 %,-0.5 %,80.0 %,77.8 %,80.0 %,77.8 %,75.0 %,87.5 %,1071,1327,-2552,-194,100.0 %,85.7 %
FXR,17d RSI FXR LT36 - L FXR,1.6 %,11.5 %,805,5756,58.6 %,9.6 %,2.7 %,120.4 %,-0.7 %,-5.3 %,3,6,0.2,0.5,66.7 %,83.3 %,1.6,6.5,268,918,0.5 %,1.8 %,4.7,3,1,1,2,4,1,1,2,3,0,1,2,3,2,5,2,5,3.3,32.7,1,3,-710,-174,-0.7 %,-0.3 %,-710,-174,-0.7 %,-0.3 %,0,-174,0.0 %,-0.3 %,66.7 %,83.3 %,66.7 %,83.3 %,66.7 %,80.0 %,580,1137,-355,-174,100.0 %,80.0 %
FXU,21d RSI FXU LT33 - L FXU,-1.9 %,9.0 %,-969,4513,100.0 %,5.6 %,-1.9 %,161.8 %,0.0 %,-4.0 %,1,3,0.1,0.2,0.0 %,100.0 %,0,,-969,1462,-1.9 %,2.9 %,6,3.7,1,0,0,3,1,0,0,3,1,0,0,2,0,,0,3,0,,0,3.1,-1938,0,-1.9 %,0.0 %,-1938,0,-1.9 %,0.0 %,-1938,0,-1.9 %,0.0 %,0.0 %,100.0 %,0.0 %,100.0 %,0.0 %,100.0 %,0,1462,-969,0,0.0 %,100.0 %
GCOW,17d RSI GCOW LT32 - L GCOW,1.8 %,12.0 %,885,6019,100.0 %,6.4 %,1.8 %,188.8 %,0.0 %,-2.0 %,1,6,0.1,0.5,100.0 %,100.0 %,,,885,954,1.8 %,1.9 %,2,1.7,0,0,1,6,0,0,1,6,0,0,1,4,,,1,6,,,0,7.2,0,0,0.0 %,0.0 %,0,0,0.0 %,0.0 %,0,0,0.0 %,0.0 %,100.0 %,100.0 %,100.0 %,100.0 %,100.0 %,100.0 %,885,954,0,0,100.0 %,100.0 %
GDX,20d RSI GDX LT33 - L GDX,1.3 %,12.2 %,637,6137,100.0 %,6.4 %,1.3 %,192.6 %,0.0 %,-6.3 %,1,4,0.1,0.3,100.0 %,75.0 %,,16.2,637,1473,1.3 %,3.0 %,3,3,0,1,1,2,0,1,1,1,0,1,1,1,,3,1,3,,48.7,0,2.8,0,-123,0.0 %,-0.2 %,0,-123,0.0 %,-0.2 %,0,-123,0.0 %,-0.2 %,100.0 %,75.0 %,100.0 %,75.0 %,100.0 %,66.7 %,637,2006,0,-123,100.0 %,66.7 %
GDXJ,5d RSI GDXJ LT17 - L GDXJ,-2.8 %,11.6 %,-1390,5805,14.0 %,5.2 %,-19.8 %,224.2 %,-2.4 %,-8.6 %,4,4,0.3,0.3,50.0 %,75.0 %,0.4,1.5,-347,1431,-0.7 %,2.9 %,4.5,2.2,1,1,2,2,1,1,2,2,1,1,2,1,1,3,2,3,0.4,4.4,-0.9,1.4,-2428,-1660,-2.4 %,-3.3 %,-2428,-1660,-2.4 %,-3.3 %,-2428,-1660,-2.4 %,-3.3 %,50.0 %,75.0 %,50.0 %,75.0 %,50.0 %,75.0 %,433,2461,-1128,-1660,50.0 %,66.7 %
GIGB,7d RSI GIGB LT19 - L GIGB,0.5 %,5.4 %,248,2714,100.0 %,8.8 %,0.5 %,61.9 %,0.0 %,-1.3 %,1,8,0.1,0.7,100.0 %,100.0 %,,,248,331,0.5 %,0.7 %,5,1.8,0,0,1,8,0,0,1,8,0,0,1,6,,,1,8,,,0,4.7,0,0,0.0 %,0.0 %,0,0,0.0 %,0.0 %,0,0,0.0 %,0.0 %,100.0 %,100.0 %,100.0 %,100.0 %,100.0 %,100.0 %,248,331,0,0,100.0 %,100.0 %
GLD,14d RSI GLD LT30 - L GLD,-2.0 %,2.1 %,-1019,1040,100.0 %,6.8 %,-2.0 %,30.7 %,0.0 %,-2.6 %,1,3,0.1,0.2,0.0 %,66.7 %,0,1.4,-1019,348,-2.0 %,0.7 %,6,4.7,1,1,0,1,1,1,0,1,1,1,0,1,0,2,0,2,0,2.8,0,0.9,-2038,-577,-2.0 %,-1.1 %,-2038,-577,-2.0 %,-1.1 %,-2038,-577,-2.0 %,-1.1 %,0.0 %,66.7 %,0.0 %,66.7 %,0.0 %,66.7 %,0,810,-1019,-577,0.0 %,66.7 %
GLL,4d RSI GLL LT13 - L GLL,9.4 %,8.4 %,4714,4231,7.8 %,6.0 %,120.5 %,141.6 %,0.0 %,-7.8 %,6,5,0.5,0.4,100.0 %,100.0 %,,,786,819,1.6 %,1.6 %,1.8,2,0,0,6,5,0,0,6,5,0,0,5,5,,,6,5,,,3,3.2,0,0,0.0 %,0.0 %,0,0,0.0 %,0.0 %,0,0,0.0 %,0.0 %,100.0 %,100.0 %,100.0 %,100.0 %,100.0 %,100.0 %,786,819,0,0,100.0 %,100.0 %
GLTR,4d RSI GLTR LT13 - L GLTR,2.5 %,2.3 %,1259,1176,11.7 %,6.4 %,21.5 %,36.9 %,-3.2 %,-2.8 %,6,4,0.5,0.3,66.7 %,100.0 %,0.8,,210,291,0.4 %,0.6 %,2.8,3,1,0,3,4,1,0,3,4,1,0,3,4,2,,4,4,1.6,,0.5,3.7,-3326,0,-3.3 %,0.0 %,-3326,0,-3.3 %,0.0 %,-3326,0,-3.3 %,0.0 %,66.7 %,100.0 %,66.7 %,100.0 %,66.7 %,100.0 %,835,291,-1040,0,80.0 %,100.0 %
GNR,10d RSI GNR LT26 - L GNR,5.4 %,18.0 %,2688,9034,14.3 %,6.0 %,37.6 %,302.3 %,0.0 %,-2.4 %,4,6,0.3,0.5,100.0 %,100.0 %,,,672,1400,1.3 %,2.8 %,1.5,1.5,0,0,4,6,0,0,4,6,0,0,4,4,,,4,6,,,5.3,7.2,0,0,0.0 %,0.0 %,0,0,0.0 %,0.0 %,0,0,0.0 %,0.0 %,100.0 %,100.0 %,100.0 %,100.0 %,100.0 %,100.0 %,672,1400,0,0,100.0 %,100.0 %
GOVI,6d RSI GOVI LT14 - L GOVI,1.3 %,4.6 %,627,2326,100.0 %,6.8 %,1.3 %,68.7 %,0.0 %,-2.2 %,1,5,0.1,0.4,100.0 %,80.0 %,,1.9,627,458,1.3 %,0.9 %,4,2.4,0,1,1,3,0,1,1,3,0,1,1,3,,4,1,4,,7.5,0,2,0,-351,0.0 %,-0.7 %,0,-351,0.0 %,-0.7 %,0,-351,0.0 %,-0.7 %,100.0 %,80.0 %,100.0 %,80.0 %,100.0 %,80.0 %,627,660,0,-351,100.0 %,80.0 %
GOVT,18d RSI GOVT LT29 - L GOVT,0.6 %,3.3 %,299,1644,100.0 %,5.2 %,0.6 %,63.5 %,0.0 %,-0.6 %,1,5,0.1,0.4,100.0 %,100.0 %,,,299,323,0.6 %,0.7 %,2,1.6,0,0,1,5,0,0,1,5,0,0,1,4,,,1,5,,,0,6.1,0,0,0.0 %,0.0 %,0,0,0.0 %,0.0 %,0,0,0.0 %,0.0 %,100.0 %,100.0 %,100.0 %,100.0 %,100.0 %,100.0 %,299,323,0,0,100.0 %,100.0 %
GRID,21d RSI GRID LT36 - L GRID,-3.8 %,23.4 %,-1882,11772,53.4 %,11.9 %,-7.0 %,197.0 %,-6.4 %,-6.0 %,6,7,0.5,0.6,33.3 %,85.7 %,1,3.5,-314,1545,-0.6 %,3.1 %,4.2,3.3,3,1,1,6,3,1,1,6,2,1,1,5,0.5,6,2,6,0.5,21.3,-0.8,3.1,-6448,-534,-6.4 %,-1.1 %,-4258,-534,-4.3 %,-1.1 %,-6448,-534,-6.4 %,-1.1 %,33.3 %,85.7 %,33.3 %,85.7 %,25.0 %,85.7 %,924,1891,-932,-534,50.0 %,83.3 %
GSG,4d RSI GSG LT14 - L GSG,11.1 %,8.8 %,5550,4393,11.4 %,6.0 %,97.4 %,147.0 %,0.0 %,-2.6 %,6,4,0.5,0.3,100.0 %,100.0 %,,,925,1063,1.9 %,2.1 %,2.7,2.8,0,0,6,4,0,0,6,4,0,0,6,4,,,6,4,,,7.2,3.6,0,0,0.0 %,0.0 %,0,0,0.0 %,0.0 %,0,0,0.0 %,0.0 %,100.0 %,100.0 %,100.0 %,100.0 %,100.0 %,100.0 %,925,1063,0,0,100.0 %,100.0 %
GSIE,13d RSI GSIE LT30 - L GSIE,1.7 %,18.7 %,849,9406,33.3 %,13.2 %,5.1 %,143.1 %,-0.3 %,-2.5 %,3,9,0.2,0.8,66.7 %,100.0 %,3.9,,283,966,0.6 %,1.9 %,1.7,2.7,1,0,1,9,1,0,1,9,0,0,2,7,2,,2,9,7.7,,1.6,5.6,-253,0,-0.3 %,0.0 %,-253,0,-0.3 %,0.0 %,0,0,0.0 %,0.0 %,66.7 %,100.0 %,66.7 %,100.0 %,66.7 %,100.0 %,488,966,-127,0,100.0 %,100.0 %
GSLC,21d RSI GSLC LT36 - L GSLC,2.5 %,13.8 %,1235,6909,35.0 %,9.6 %,7.1 %,144.5 %,0.0 %,-3.8 %,2,7,0.2,0.6,100.0 %,100.0 %,,,617,933,1.2 %,1.9 %,2.5,2.4,0,0,2,7,0,0,2,7,0,0,1,6,,,2,7,,,3,4.6,0,0,0.0 %,0.0 %,0,0,0.0 %,0.0 %,0,0,0.0 %,0.0 %,100.0 %,100.0 %,100.0 %,100.0 %,100.0 %,100.0 %,617,933,0,0,100.0 %,100.0 %
GUNR,13d RSI GUNR LT29 - L GUNR,5.0 %,9.4 %,2516,4745,6.8 %,5.2 %,73.7 %,183.2 %,0.0 %,-7.0 %,4,4,0.3,0.3,100.0 %,100.0 %,,,629,1146,1.3 %,2.3 %,1.8,2.2,0,0,4,4,0,0,4,4,0,0,4,3,,,4,4,,,5.8,3.5,0,0,0.0 %,0.0 %,0,0,0.0 %,0.0 %,0,0,0.0 %,0.0 %,100.0 %,100.0 %,100.0 %,100.0 %,100.0 %,100.0 %,629,1146,0,0,100.0 %,100.0 %
GUSH,21d RSI GUSH LT38 - L GUSH,18.7 %,48.5 %,9359,24366,7.7 %,6.4 %,244.6 %,764.5 %,0.0 %,-11.3 %,5,5,0.4,0.4,100.0 %,100.0 %,,,1872,4142,3.7 %,8.3 %,2,2.2,0,0,5,5,0,0,5,5,0,0,4,4,,,5,5,,,3.8,5.7,0,0,0.0 %,0.0 %,0,0,0.0 %,0.0 %,0,0,0.0 %,0.0 %,100.0 %,100.0 %,100.0 %,100.0 %,100.0 %,100.0 %,1872,4142,0,0,100.0 %,100.0 %
GVAL,6d RSI GVAL LT19 - L GVAL,-0.1 %,23.9 %,-55,11977,100.0 %,10.8 %,-0.1 %,222.7 %,0.0 %,-2.6 %,1,9,0.1,0.8,0.0 %,100.0 %,0,,-55,1208,-0.1 %,2.4 %,6,2,1,0,0,9,1,0,0,9,1,0,0,7,0,,0,9,0,,0,5.2,-111,0,-0.1 %,0.0 %,-111,0,-0.1 %,0.0 %,-111,0,-0.1 %,0.0 %,0.0 %,100.0 %,0.0 %,100.0 %,0.0 %,100.0 %,0,1208,-55,0,0.0 %,100.0 %
HACK,4d RSI HACK LT12 - L HACK,6.4 %,12.9 %,3191,6493,9.0 %,10.4 %,71.2 %,125.4 %,0.0 %,-6.5 %,4,6,0.3,0.5,100.0 %,100.0 %,,,798,1027,1.6 %,2.0 %,2.2,3.3,0,0,4,6,0,0,4,6,0,0,4,4,,,4,6,,,7.6,4.7,0,0,0.0 %,0.0 %,0,0,0.0 %,0.0 %,0,0,0.0 %,0.0 %,100.0 %,100.0 %,100.0 %,100.0 %,100.0 %,100.0 %,798,1027,0,0,100.0 %,100.0 %
HDGE,17d RSI HDGE LT36 - L HDGE,-4.0 %,7.5 %,-2002,3787,26.9 %,5.2 %,-14.9 %,146.2 %,-8.1 %,-4.1 %,14,3,1.2,0.2,50.0 %,100.0 %,0.8,,-143,1230,-0.3 %,2.5 %,3.6,3.3,2,0,3,3,2,0,2,3,5,0,1,2,1,,7,3,0.8,,-0.3,4.1,-5485,0,-5.5 %,0.0 %,-5485,0,-5.5 %,0.0 %,-6293,0,-6.3 %,0.0 %,50.0 %,100.0 %,50.0 %,100.0 %,46.2 %,100.0 %,1024,1230,-1310,0,16.7 %,100.0 %
HDV,9d RSI HDV LT26 - L HDV,2.1 %,6.5 %,1025,3259,10.7 %,5.2 %,19.1 %,125.8 %,-1.4 %,-3.7 %,4,4,0.3,0.3,75.0 %,75.0 %,0.8,6.7,256,799,0.5 %,1.6 %,3.5,2.2,1,1,2,2,1,1,2,2,0,1,3,2,3,3,3,3,2.5,20.2,0.8,2,-1387,-166,-1.4 %,-0.3 %,-1387,-166,-1.4 %,-0.3 %,0,-166,0.0 %,-0.3 %,75.0 %,75.0 %,75.0 %,75.0 %,75.0 %,75.0 %,573,1121,-694,-166,100.0 %,75.0 %
HYLB,14d RSI HYLB LT27 - L HYLB,0.7 %,8.7 %,368,4366,100.0 %,7.6 %,0.7 %,115.4 %,0.0 %,-0.6 %,1,6,0.1,0.5,100.0 %,100.0 %,,,368,702,0.7 %,1.4 %,3,2.2,0,0,1,6,0,0,1,6,0,0,1,4,,,1,6,,,0,3.8,0,0,0.0 %,0.0 %,0,0,0.0 %,0.0 %,0,0,0.0 %,0.0 %,100.0 %,100.0 %,100.0 %,100.0 %,100.0 %,100.0 %,368,702,0,0,100.0 %,100.0 %
IAI,16d RSI IAI LT33 - L IAI,2.2 %,11.3 %,1095,5690,9.5 %,6.0 %,23.1 %,190.4 %,0.0 %,-2.2 %,6,5,0.5,0.4,83.3 %,100.0 %,0.3,,183,1086,0.4 %,2.2 %,1.7,2,1,0,5,5,1,0,4,5,1,0,1,4,5,,5,5,1.4,,0.3,11.7,-5680,0,-5.7 %,0.0 %,-4646,0,-4.6 %,0.0 %,-3411,0,-3.4 %,0.0 %,83.3 %,100.0 %,83.3 %,100.0 %,80.0 %,100.0 %,787,1086,-2840,0,50.0 %,100.0 %
IAT,11d RSI IAT LT30 - L IAT,-1.7 %,19.1 %,-845,9603,19.4 %,11.2 %,-8.7 %,172.2 %,-23.9 %,-2.5 %,6,7,0.5,0.6,83.3 %,100.0 %,0.2,,-141,1266,-0.3 %,2.5 %,3.2,3,1,0,4,7,1,0,4,7,1,0,2,6,5,,5,7,0.9,,-0.1,17.1,-24322,0,-24.3 %,0.0 %,-24322,0,-24.3 %,0.0 %,-11659,0,-11.7 %,0.0 %,83.3 %,100.0 %,83.3 %,100.0 %,83.3 %,100.0 %,2263,1266,-12161,0,66.7 %,100.0 %
IAU,9d RSI IAU LT22 - L IAU,-0.5 %,2.6 %,-263,1300,27.0 %,6.0 %,-1.9 %,43.5 %,-1.0 %,-1.4 %,2,3,0.2,0.2,50.0 %,66.7 %,0.5,4.4,-131,431,-0.3 %,0.9 %,4,4,1,1,1,2,1,1,1,2,1,0,1,2,1,2,1,2,0.5,8.8,-0.5,1.4,-1000,-166,-1.0 %,-0.3 %,-1000,-166,-1.0 %,-0.3 %,-1000,0,-1.0 %,0.0 %,50.0 %,66.7 %,50.0 %,66.7 %,50.0 %,66.7 %,238,730,-500,-166,50.0 %,100.0 %
IBB,4d RSI IBB LT10 - L IBB,3.6 %,3.8 %,1777,1899,12.3 %,6.0 %,28.8 %,63.5 %,0.0 %,-5.7 %,3,3,0.2,0.2,100.0 %,66.7 %,,3.9,592,630,1.2 %,1.3 %,2,4,0,1,3,1,0,1,3,1,0,0,3,2,,2,3,2,,7.9,2.9,1.3,0,-275,0.0 %,-0.6 %,0,-275,0.0 %,-0.6 %,0,0,0.0 %,0.0 %,100.0 %,66.7 %,100.0 %,66.7 %,100.0 %,66.7 %,592,1083,0,-275,100.0 %,100.0 %
IBND,6d RSI IBND LT11 - L IBND,-0.9 %,4.9 %,-447,2475,100.0 %,5.6 %,-0.9 %,88.7 %,0.0 %,-1.1 %,1,4,0.1,0.3,0.0 %,100.0 %,0,,-447,606,-0.9 %,1.2 %,8,2.5,1,0,0,4,1,0,0,4,1,0,0,4,0,,0,4,0,,0,5.1,-893,0,-0.9 %,0.0 %,-893,0,-0.9 %,0.0 %,-893,0,-0.9 %,0.0 %,0.0 %,100.0 %,0.0 %,100.0 %,0.0 %,100.0 %,0,606,-447,0,0.0 %,100.0 %
ICF,12d RSI ICF LT23 - L ICF,-0.6 %,3.1 %,-292,1546,100.0 %,5.6 %,-0.6 %,55.4 %,0.0 %,-5.2 %,1,3,0.1,0.2,0.0 %,66.7 %,0,1.3,-292,520,-0.6 %,1.0 %,6,3.7,1,1,0,2,1,1,0,2,1,1,0,2,0,2,0,2,0,2.6,0,0.8,-583,-959,-0.6 %,-1.9 %,-583,-959,-0.6 %,-1.9 %,-583,-959,-0.6 %,-1.9 %,0.0 %,66.7 %,0.0 %,66.7 %,0.0 %,66.7 %,0,1260,-292,-959,0.0 %,66.7 %
ICLN,6d RSI ICLN LT13 - L ICLN,-2.7 %,3.2 %,-1339,1609,34.8 %,5.2 %,-7.7 %,62.1 %,-3.0 %,-6.3 %,3,2,0.2,0.2,33.3 %,100.0 %,0.2,,-446,797,-0.9 %,1.6 %,4.3,5.5,2,0,1,2,2,0,1,2,2,0,0,2,0.5,,1,2,0.1,,-1.8,2.7,-2984,0,-3.0 %,0.0 %,-2984,0,-3.0 %,0.0 %,-2679,0,-2.7 %,0.0 %,33.3 %,100.0 %,33.3 %,100.0 %,33.3 %,100.0 %,153,797,-746,0,0.0 %,100.0 %
ICOW,10d RSI ICOW LT29 - L ICOW,2.7 %,30.5 %,1330,15302,6.5 %,12.8 %,41.2 %,240.1 %,0.0 %,-2.5 %,2,11,0.2,0.9,100.0 %,100.0 %,,,665,1231,1.3 %,2.5 %,2,1.9,0,0,2,11,0,0,2,10,0,0,2,7,,,2,11,,,3.5,4.8,0,0,0.0 %,0.0 %,0,0,0.0 %,0.0 %,0,0,0.0 %,0.0 %,100.0 %,100.0 %,100.0 %,100.0 %,100.0 %,100.0 %,665,1231,0,0,100.0 %,100.0 %
ICVT,5d RSI ICVT LT10 - L ICVT,1.9 %,4.8 %,931,2399,6.2 %,5.6 %,29.8 %,86.0 %,0.0 %,-3.8 %,3,3,0.2,0.2,100.0 %,100.0 %,,,310,785,0.6 %,1.6 %,2,3.7,0,0,3,3,0,0,3,3,0,0,3,3,,,3,3,,,3.7,3.7,0,0,0.0 %,0.0 %,0,0,0.0 %,0.0 %,0,0,0.0 %,0.0 %,100.0 %,100.0 %,100.0 %,100.0 %,100.0 %,100.0 %,310,785,0,0,100.0 %,100.0 %
IDEV,14d RSI IDEV LT31 - L IDEV,1.7 %,16.1 %,867,8094,22.6 %,11.2 %,7.7 %,145.1 %,-0.3 %,-2.7 %,4,8,0.3,0.7,75.0 %,100.0 %,2.4,,217,947,0.4 %,1.9 %,2,2.5,1,0,2,8,1,0,2,8,0,0,3,7,3,,3,8,7.1,,1.8,4.4,-284,0,-0.3 %,0.0 %,-284,0,-0.3 %,0.0 %,0,0,0.0 %,0.0 %,75.0 %,100.0 %,75.0 %,100.0 %,75.0 %,100.0 %,336,947,-142,0,100.0 %,100.0 %
IDMO,15d RSI IDMO LT32 - L IDMO,4.2 %,13.3 %,2086,6685,4.1 %,7.6 %,102.2 %,176.6 %,0.0 %,-2.4 %,3,7,0.2,0.6,100.0 %,85.7 %,,4,695,908,1.4 %,1.8 %,1,1.7,0,1,3,6,0,1,3,6,0,1,2,5,,6,3,6,,23.7,4.4,2.8,0,-280,0.0 %,-0.6 %,0,-280,0.0 %,-0.6 %,0,-280,0.0 %,-0.6 %,100.0 %,85.7 %,100.0 %,85.7 %,100.0 %,85.7 %,695,1106,0,-280,100.0 %,83.3 %
IDU,11d RSI IDU LT24 - L IDU,-1.4 %,9.7 %,-676,4850,14.4 %,6.8 %,-9.4 %,143.2 %,-2.4 %,-3.7 %,2,4,0.2,0.3,50.0 %,75.0 %,0.4,10.4,-338,1177,-0.7 %,2.4 %,5.5,3.2,1,1,1,2,1,1,1,2,1,1,1,1,1,3,1,3,0.4,31.1,-0.5,2.3,-2427,-157,-2.4 %,-0.3 %,-2427,-157,-2.4 %,-0.3 %,-2427,-157,-2.4 %,-0.3 %,50.0 %,75.0 %,50.0 %,75.0 %,50.0 %,75.0 %,538,1621,-1214,-157,50.0 %,66.7 %
IDV,13d RSI IDV LT30 - L IDV,5.3 %,18.0 %,2668,9016,11.6 %,11.9 %,46.1 %,150.9 %,0.0 %,-4.1 %,6,9,0.5,0.8,100.0 %,88.9 %,,39.8,445,929,0.9 %,1.9 %,1.8,2.3,0,1,6,8,0,1,6,8,0,1,5,6,,8,6,8,,318.6,7.2,5.6,0,-26,0.0 %,-0.1 %,0,-26,0.0 %,-0.1 %,0,-26,0.0 %,-0.1 %,100.0 %,88.9 %,100.0 %,88.9 %,100.0 %,88.9 %,445,1048,0,-26,100.0 %,85.7 %
IDX,15d RSI IDX LT32 - L IDX,-2.2 %,5.4 %,-1101,2711,13.2 %,5.6 %,-16.7 %,97.2 %,-4.2 %,-1.4 %,4,5,0.3,0.4,50.0 %,100.0 %,0.5,,-275,531,-0.6 %,1.1 %,4.5,1.8,2,0,2,5,2,0,2,5,2,0,1,4,1,,2,5,0.5,,-0.6,2.3,-4285,0,-4.3 %,0.0 %,-4285,0,-4.3 %,0.0 %,-3519,0,-3.5 %,0.0 %,50.0 %,100.0 %,50.0 %,100.0 %,50.0 %,100.0 %,521,531,-1071,0,33.3 %,100.0 %
IEF,4d RSI IEF LT11 - L IEF,1.2 %,3.9 %,609,1980,45.5 %,8.8 %,2.7 %,45.2 %,0.0 %,-1.0 %,2,8,0.2,0.7,100.0 %,75.0 %,,3.9,305,243,0.6 %,0.5 %,1.5,1.8,0,1,2,5,0,1,2,5,0,1,2,3,,3,2,6,,11.8,4,2.6,0,-180,0.0 %,-0.4 %,0,-180,0.0 %,-0.4 %,0,-180,0.0 %,-0.4 %,100.0 %,75.0 %,100.0 %,75.0 %,100.0 %,75.0 %,305,354,0,-90,100.0 %,66.7 %
IEFA,10d RSI IEFA LT26 - L IEFA,0.7 %,13.3 %,352,6655,27.8 %,10.8 %,2.5 %,123.7 %,-0.2 %,-2.9 %,3,7,0.2,0.6,66.7 %,100.0 %,2.2,,117,904,0.2 %,1.8 %,2.3,2.9,1,0,2,7,1,0,2,7,1,0,2,6,2,,2,7,4.4,,1.2,2.9,-206,0,-0.2 %,0.0 %,-206,0,-0.2 %,0.0 %,-206,0,-0.2 %,0.0 %,66.7 %,100.0 %,66.7 %,100.0 %,66.7 %,100.0 %,228,904,-103,0,66.7 %,100.0 %
IEUR,4d RSI IEUR LT13 - L IEUR,0.9 %,18.6 %,452,9327,19.4 %,11.6 %,4.7 %,161.5 %,0.0 %,-2.9 %,2,8,0.2,0.7,100.0 %,100.0 %,,,226,1088,0.5 %,2.2 %,2,2.6,0,0,2,8,0,0,2,8,0,0,2,7,,,2,8,,,8.8,2.8,0,0,0.0 %,0.0 %,0,0,0.0 %,0.0 %,0,0,0.0 %,0.0 %,100.0 %,100.0 %,100.0 %,100.0 %,100.0 %,100.0 %,226,1088,0,0,100.0 %,100.0 %
IEV,4d RSI IEV LT12 - L IEV,1.1 %,15.4 %,553,7714,19.4 %,10.8 %,5.7 %,143.4 %,0.0 %,-2.5 %,2,7,0.2,0.6,100.0 %,100.0 %,,,276,1043,0.6 %,2.1 %,2,2.9,0,0,2,7,0,0,2,7,0,0,2,6,,,2,7,,,59,2.5,0,0,0.0 %,0.0 %,0,0,0.0 %,0.0 %,0,0,0.0 %,0.0 %,100.0 %,100.0 %,100.0 %,100.0 %,100.0 %,100.0 %,276,1043,0,0,100.0 %,100.0 %
IEZ,8d RSI IEZ LT26 - L IEZ,3.4 %,17.1 %,1689,8568,8.2 %,7.2 %,41.2 %,238.9 %,0.0 %,-11.6 %,4,5,0.3,0.4,75.0 %,80.0 %,0.5,1.4,422,1643,0.8 %,3.3 %,3,2.6,1,1,3,4,1,1,3,4,1,1,3,3,3,4,3,4,1.6,5.6,0.4,1.8,-5820,-1806,-5.8 %,-3.6 %,-5820,-1806,-5.8 %,-3.6 %,-5820,-1806,-5.8 %,-3.6 %,75.0 %,80.0 %,75.0 %,80.0 %,75.0 %,80.0 %,1533,2506,-2910,-1806,75.0 %,75.0 %
IGE,20d RSI IGE LT36 - L IGE,2.0 %,12.4 %,995,6228,100.0 %,5.2 %,2.0 %,240.5 %,0.0 %,-8.3 %,1,4,0.1,0.3,100.0 %,100.0 %,,,995,1490,2.0 %,3.0 %,3,2.2,0,0,1,4,0,0,1,4,0,0,1,3,,,1,4,,,0,3.5,0,0,0.0 %,0.0 %,0,0,0.0 %,0.0 %,0,0,0.0 %,0.0 %,100.0 %,100.0 %,100.0 %,100.0 %,100.0 %,100.0 %,995,1490,0,0,100.0 %,100.0 %
IGF,18d RSI IGF LT32 - L IGF,-2.5 %,2.6 %,-1234,1324,14.4 %,5.2 %,-17.1 %,51.1 %,-4.3 %,-3.6 %,3,4,0.2,0.3,66.7 %,75.0 %,0.2,1.2,-411,329,-0.8 %,0.7 %,3.3,2.2,1,1,1,2,1,1,1,2,1,1,1,1,2,3,2,3,0.4,3.5,-0.6,1.2,-4277,-522,-4.3 %,-1.0 %,-2875,-522,-2.9 %,-1.0 %,-2875,-522,-2.9 %,-1.0 %,66.7 %,75.0 %,66.7 %,75.0 %,50.0 %,75.0 %,452,613,-2139,-522,50.0 %,66.7 %
IGIB,9d RSI IGIB LT18 - L IGIB,0.7 %,2.8 %,327,1417,100.0 %,6.0 %,0.7 %,47.4 %,0.0 %,-1.0 %,1,4,0.1,0.3,100.0 %,100.0 %,,,327,350,0.7 %,0.7 %,2,2.8,0,0,1,4,0,0,1,4,0,0,1,4,,,1,4,,,0,2.7,0,0,0.0 %,0.0 %,0,0,0.0 %,0.0 %,0,0,0.0 %,0.0 %,100.0 %,100.0 %,100.0 %,100.0 %,100.0 %,100.0 %,327,350,0,0,100.0 %,100.0 %
IGLB,20d RSI IGLB LT29 - L IGLB,2.2 %,5.0 %,1092,2522,100.0 %,8.0 %,2.2 %,63.3 %,0.0 %,-3.5 %,1,4,0.1,0.3,100.0 %,75.0 %,,2.1,1092,622,2.2 %,1.2 %,4,4,0,1,1,3,0,1,1,3,0,1,1,3,,3,1,3,,6.2,0,1.6,0,-479,0.0 %,-1.0 %,0,-479,0.0 %,-1.0 %,0,-479,0.0 %,-1.0 %,100.0 %,75.0 %,100.0 %,75.0 %,100.0 %,75.0 %,1092,989,0,-479,100.0 %,75.0 %
IGLD,9d RSI IGLD LT22 - L IGLD,-0.9 %,2.9 %,-438,1472,6.1 %,5.6 %,-14.3 %,52.8 %,-0.4 %,-1.2 %,2,3,0.2,0.2,0.0 %,100.0 %,0,,-219,485,-0.4 %,1.0 %,4,3.7,2,0,0,3,2,0,0,3,2,0,0,2,0,,0,3,0,,-14.9,2.2,-876,0,-0.9 %,0.0 %,-876,0,-0.9 %,0.0 %,-876,0,-0.9 %,0.0 %,0.0 %,100.0 %,0.0 %,100.0 %,0.0 %,100.0 %,0,485,-219,0,0.0 %,100.0 %
IGM,4d RSI IGM LT11 - L IGM,4.1 %,8.9 %,2053,4476,8.0 %,8.0 %,51.6 %,112.3 %,0.0 %,-5.0 %,2,4,0.2,0.3,100.0 %,100.0 %,,,1027,1083,2.1 %,2.2 %,3.5,4,0,0,2,4,0,0,2,4,0,0,2,4,,,2,4,,,2.3,3.6,0,0,0.0 %,0.0 %,0,0,0.0 %,0.0 %,0,0,0.0 %,0.0 %,100.0 %,100.0 %,100.0 %,100.0 %,100.0 %,100.0 %,1027,1083,0,0,100.0 %,100.0 %
IGV,4d RSI IGV LT14 - L IGV,1.9 %,15.8 %,950,7915,8.0 %,11.6 %,23.9 %,137.0 %,-0.0 %,-6.1 %,2,7,0.2,0.6,50.0 %,85.7 %,130.2,3.1,475,1067,1.0 %,2.1 %,3.5,3.1,1,1,1,4,1,1,1,4,1,1,1,3,1,6,1,6,130.2,18.9,1.4,2.8,-15,-418,-0.0 %,-0.8 %,-15,-418,-0.0 %,-0.8 %,-15,-37,-0.0 %,-0.1 %,50.0 %,85.7 %,50.0 %,85.7 %,50.0 %,85.7 %,958,1314,-7,-418,50.0 %,80.0 %
IHDG,4d RSI IHDG LT12 - L IHDG,1.2 %,8.6 %,601,4332,100.0 %,9.6 %,1.2 %,90.6 %,0.0 %,-1.6 %,1,7,0.1,0.6,100.0 %,100.0 %,,,601,596,1.2 %,1.2 %,2,2.4,0,0,1,7,0,0,1,7,0,0,1,5,,,1,7,,,0,4.8,0,0,0.0 %,0.0 %,0,0,0.0 %,0.0 %,0,0,0.0 %,0.0 %,100.0 %,100.0 %,100.0 %,100.0 %,100.0 %,100.0 %,601,596,0,0,100.0 %,100.0 %
IHE,20d RSI IHE LT37 - L IHE,-1.3 %,9.3 %,-628,4679,19.0 %,8.4 %,-6.6 %,111.8 %,-2.7 %,-2.4 %,5,6,0.4,0.5,40.0 %,100.0 %,0.9,,-126,751,-0.3 %,1.5 %,5.6,2.5,2,0,1,6,2,0,1,6,2,0,1,4,0.7,,2,6,0.6,,-0.5,3.3,-2720,0,-2.7 %,0.0 %,-2720,0,-2.7 %,0.0 %,-2720,0,-2.7 %,0.0 %,40.0 %,100.0 %,40.0 %,100.0 %,40.0 %,100.0 %,443,751,-505,0,25.0 %,100.0 %
IHF,20d RSI IHF LT37 - L IHF,2.4 %,3.9 %,1220,1943,85.7 %,5.6 %,2.8 %,69.7 %,0.0 %,-2.8 %,3,3,0.2,0.2,66.7 %,100.0 %,1.4,,407,637,0.8 %,1.3 %,3,3.7,1,0,2,3,1,0,2,3,0,0,1,3,2,,2,3,2.8,,0.9,5.1,-1334,0,-1.3 %,0.0 %,-1334,0,-1.3 %,0.0 %,0,0,0.0 %,0.0 %,66.7 %,100.0 %,66.7 %,100.0 %,66.7 %,100.0 %,943,637,-667,0,100.0 %,100.0 %
IHI,17d RSI IHI LT32 - L IHI,2.5 %,6.8 %,1267,3407,52.7 %,8.0 %,4.8 %,85.5 %,-1.6 %,-5.8 %,6,4,0.5,0.3,50.0 %,75.0 %,2.1,7.5,211,832,0.4 %,1.7 %,3.8,4,2,1,2,3,2,1,2,3,1,1,2,3,1,3,3,3,2.1,22.5,0.7,2.5,-1658,-155,-1.7 %,-0.3 %,-1658,-155,-1.7 %,-0.3 %,-208,-155,-0.2 %,-0.3 %,50.0 %,75.0 %,50.0 %,75.0 %,50.0 %,75.0 %,812,1161,-389,-155,66.7 %,75.0 %
IJH,21d RSI IJH LT36 - L IJH,8.5 %,12.2 %,4246,6120,13.8 %,7.6 %,61.7 %,161.7 %,-0.1 %,-5.5 %,6,5,0.5,0.4,83.3 %,100.0 %,13.1,,708,1166,1.4 %,2.3 %,2.8,2.8,1,0,5,5,1,0,4,5,0,0,3,5,5,,5,5,65.6,,3.1,5.9,-131,0,-0.1 %,0.0 %,-131,0,-0.1 %,0.0 %,0,0,0.0 %,0.0 %,83.3 %,100.0 %,83.3 %,100.0 %,80.0 %,100.0 %,862,1166,-66,0,100.0 %,100.0 %
IJJ,12d RSI IJJ LT31 - L IJJ,1.8 %,11.1 %,925,5558,17.2 %,6.4 %,10.8 %,174.4 %,0.0 %,-2.7 %,6,5,0.5,0.4,83.3 %,100.0 %,0.3,,154,1064,0.3 %,2.1 %,3.8,2.2,1,0,5,5,1,0,5,5,1,0,3,5,5,,5,5,1.4,,0.3,4.8,-4619,0,-4.6 %,0.0 %,-4619,0,-4.6 %,0.0 %,-930,0,-0.9 %,0.0 %,83.3 %,100.0 %,83.3 %,100.0 %,83.3 %,100.0 %,647,1064,-2309,0,75.0 %,100.0 %
IJK,20d RSI IJK LT35 - L IJK,2.6 %,7.2 %,1308,3617,33.3 %,7.6 %,7.8 %,95.6 %,0.0 %,-7.3 %,2,4,0.2,0.3,100.0 %,75.0 %,,2.1,654,887,1.3 %,1.8 %,2.5,3.8,0,1,2,3,0,1,2,3,0,1,1,3,,3,2,3,,6.2,15.3,1.8,0,-684,0.0 %,-1.4 %,0,-684,0.0 %,-1.4 %,0,-684,0.0 %,-1.4 %,100.0 %,75.0 %,100.0 %,75.0 %,100.0 %,75.0 %,654,1411,0,-684,100.0 %,75.0 %
IJR,16d RSI IJR LT33 - L IJR,4.6 %,11.5 %,2308,5768,11.2 %,7.6 %,41.1 %,152.4 %,0.0 %,-6.2 %,5,5,0.4,0.4,80.0 %,100.0 %,2.9,,462,1101,0.9 %,2.2 %,2.8,2.8,1,0,4,5,0,0,4,5,0,0,4,5,4,,4,5,11.5,,2.5,5.6,-438,0,-0.4 %,0.0 %,0,0,0.0 %,0.0 %,0,0,0.0 %,0.0 %,80.0 %,100.0 %,80.0 %,100.0 %,100.0 %,100.0 %,632,1101,-219,0,100.0 %,100.0 %
IJS,15d RSI IJS LT33 - L IJS,4.5 %,15.6 %,2269,7826,14.8 %,8.0 %,30.7 %,196.4 %,0.0 %,-2.3 %,5,6,0.4,0.5,80.0 %,100.0 %,1.2,,454,1224,0.9 %,2.5 %,4,2.3,1,0,4,6,1,0,4,6,0,0,4,5,4,,4,6,4.7,,1.5,6.2,-1214,0,-1.2 %,0.0 %,-1214,0,-1.2 %,0.0 %,0,0,0.0 %,0.0 %,80.0 %,100.0 %,80.0 %,100.0 %,80.0 %,100.0 %,719,1224,-607,0,100.0 %,100.0 %
IJT,12d RSI IJT LT29 - L IJT,3.2 %,9.3 %,1595,4685,9.7 %,7.2 %,33.0 %,130.7 %,0.0 %,-6.5 %,3,4,0.2,0.3,100.0 %,100.0 %,,,532,1133,1.1 %,2.3 %,3.7,3.5,0,0,3,4,0,0,3,4,0,0,3,3,,,3,4,,,2.6,3,0,0,0.0 %,0.0 %,0,0,0.0 %,0.0 %,0,0,0.0 %,0.0 %,100.0 %,100.0 %,100.0 %,100.0 %,100.0 %,100.0 %,532,1133,0,0,100.0 %,100.0 %
IMCG,15d RSI IMCG LT28 - L IMCG,1.5 %,7.2 %,751,3588,100.0 %,6.0 %,1.5 %,120.1 %,0.0 %,-7.4 %,1,3,0.1,0.2,100.0 %,66.7 %,,6,751,1177,1.5 %,2.4 %,2,4,0,1,1,2,0,1,1,2,0,1,1,2,,2,1,2,,12.1,0,1.8,0,-318,0.0 %,-0.6 %,0,-318,0.0 %,-0.6 %,0,-318,0.0 %,-0.6 %,100.0 %,66.7 %,100.0 %,66.7 %,100.0 %,66.7 %,751,1925,0,-318,100.0 %,66.7 %
IMTM,14d RSI IMTM LT30 - L IMTM,1.3 %,15.9 %,639,7991,100.0 %,10.4 %,1.3 %,154.3 %,0.0 %,-2.4 %,1,7,0.1,0.6,100.0 %,100.0 %,,,639,1071,1.3 %,2.1 %,2,2.7,0,0,1,7,0,0,1,7,0,0,1,6,,,1,7,,,0,4,0,0,0.0 %,0.0 %,0,0,0.0 %,0.0 %,0,0,0.0 %,0.0 %,100.0 %,100.0 %,100.0 %,100.0 %,100.0 %,100.0 %,639,1071,0,0,100.0 %,100.0 %
INDA,17d RSI INDA LT35 - L INDA,1.2 %,11.9 %,597,6000,9.7 %,8.0 %,12.3 %,150.6 %,-0.3 %,-3.1 %,4,5,0.3,0.4,50.0 %,100.0 %,2.1,,149,1151,0.3 %,2.3 %,3.8,3,2,0,2,5,2,0,2,5,1,0,2,3,1,,2,5,2.1,,0.6,2.6,-1098,0,-1.1 %,0.0 %,-1098,0,-1.1 %,0.0 %,-791,0,-0.8 %,0.0 %,50.0 %,100.0 %,50.0 %,100.0 %,50.0 %,100.0 %,573,1151,-275,0,66.7 %,100.0 %
INDY,14d RSI INDY LT32 - L INDY,2.4 %,9.6 %,1195,4800,3.0 %,5.2 %,78.4 %,185.4 %,0.0 %,-2.5 %,2,3,0.2,0.2,100.0 %,100.0 %,,,598,1560,1.2 %,3.1 %,1.5,3.3,0,0,2,3,0,0,2,3,0,0,2,3,,,2,3,,,13.9,2.2,0,0,0.0 %,0.0 %,0,0,0.0 %,0.0 %,0,0,0.0 %,0.0 %,100.0 %,100.0 %,100.0 %,100.0 %,100.0 %,100.0 %,598,1560,0,0,100.0 %,100.0 %
INTF,18d RSI INTF LT34 - L INTF,2.4 %,14.1 %,1177,7096,25.0 %,11.2 %,9.4 %,127.2 %,0.0 %,-2.7 %,2,9,0.2,0.8,100.0 %,88.9 %,,,589,742,1.2 %,1.5 %,1.5,2.1,0,1,2,7,0,1,2,7,0,0,1,7,,8,2,8,,,16.9,4.7,0,0,0.0 %,0.0 %,0,0,0.0 %,0.0 %,0,0,0.0 %,0.0 %,100.0 %,88.9 %,100.0 %,88.9 %,100.0 %,88.9 %,589,835,0,0,100.0 %,100.0 %
IOO,15d RSI IOO LT33 - L IOO,2.8 %,11.5 %,1422,5774,36.0 %,10.0 %,7.9 %,115.9 %,0.0 %,-3.5 %,3,7,0.2,0.6,100.0 %,85.7 %,,2.9,474,786,0.9 %,1.6 %,2,2.6,0,1,3,6,0,1,3,6,0,1,2,5,,6,3,6,,17.2,4.9,4,0,-340,0.0 %,-0.7 %,0,-340,0.0 %,-0.7 %,0,-340,0.0 %,-0.7 %,100.0 %,85.7 %,100.0 %,85.7 %,100.0 %,85.7 %,474,974,0,-340,100.0 %,83.3 %
IPAC,15d RSI IPAC LT31 - L IPAC,1.3 %,13.4 %,668,6714,19.4 %,10.0 %,6.9 %,134.8 %,0.0 %,-2.7 %,2,9,0.2,0.8,100.0 %,88.9 %,,5.4,334,704,0.7 %,1.4 %,2.5,1.8,0,1,2,7,0,1,2,7,0,0,2,7,,8,2,8,,43.5,2.7,4.8,0,-149,0.0 %,-0.3 %,0,-149,0.0 %,-0.3 %,0,0,0.0 %,0.0 %,100.0 %,88.9 %,100.0 %,88.9 %,100.0 %,88.9 %,334,811,0,-149,100.0 %,100.0 %
IQDF,6d RSI IQDF LT15 - L IQDF,-0.2 %,12.3 %,-80,6172,100.0 %,6.0 %,-0.2 %,206.6 %,0.0 %,-1.2 %,1,5,0.1,0.4,0.0 %,100.0 %,0,,-80,1175,-0.2 %,2.4 %,3,2,1,0,0,5,1,0,0,5,1,0,0,4,0,,0,5,0,,0,6.8,-160,0,-0.2 %,0.0 %,-160,0,-0.2 %,0.0 %,-160,0,-0.2 %,0.0 %,0.0 %,100.0 %,0.0 %,100.0 %,0.0 %,100.0 %,0,1175,-80,0,0.0 %,100.0 %
IQLT,19d RSI IQLT LT33 - L IQLT,1.3 %,19.0 %,666,9520,100.0 %,9.6 %,1.3 %,199.1 %,0.0 %,-2.2 %,1,7,0.1,0.6,100.0 %,100.0 %,,,666,1258,1.3 %,2.5 %,2,2.4,0,0,1,7,0,0,1,7,0,0,1,6,,,1,7,,,0,6.8,0,0,0.0 %,0.0 %,0,0,0.0 %,0.0 %,0,0,0.0 %,0.0 %,100.0 %,100.0 %,100.0 %,100.0 %,100.0 %,100.0 %,666,1258,0,0,100.0 %,100.0 %
ITA,14d RSI ITA LT34 - L ITA,-5.2 %,15.2 %,-2599,7633,100.0 %,10.8 %,-5.2 %,141.9 %,-1.7 %,-3.5 %,2,8,0.2,0.7,0.0 %,87.5 %,0,21,-1299,896,-2.6 %,1.8 %,9,2.4,2,1,0,6,2,1,0,6,2,1,0,3,0,7,0,7,0,146.9,-4,4.1,-5197,-49,-5.2 %,-0.1 %,-5197,-49,-5.2 %,-0.1 %,-5197,-49,-5.2 %,-0.1 %,0.0 %,87.5 %,0.0 %,87.5 %,0.0 %,87.5 %,0,1031,-1299,-49,0.0 %,80.0 %
ITB,10d RSI ITB LT27 - L ITB,5.4 %,25.9 %,2716,13027,47.6 %,6.4 %,11.4 %,408.7 %,0.0 %,-3.5 %,2,5,0.2,0.4,100.0 %,100.0 %,,,1358,2370,2.7 %,4.7 %,4,2.2,0,0,2,5,0,0,2,5,0,0,1,4,,,2,5,,,15.1,5.5,0,0,0.0 %,0.0 %,0,0,0.0 %,0.0 %,0,0,0.0 %,0.0 %,100.0 %,100.0 %,100.0 %,100.0 %,100.0 %,100.0 %,1358,2370,0,0,100.0 %,100.0 %
ITOT,21d RSI ITOT LT36 - L ITOT,3.3 %,16.9 %,1667,8509,40.0 %,10.0 %,8.3 %,170.9 %,0.0 %,-4.0 %,3,7,0.2,0.6,100.0 %,100.0 %,,,556,1134,1.1 %,2.3 %,2.3,2.6,0,0,3,7,0,0,3,7,0,0,2,6,,,3,7,,,3.4,5.7,0,0,0.0 %,0.0 %,0,0,0.0 %,0.0 %,0,0,0.0 %,0.0 %,100.0 %,100.0 %,100.0 %,100.0 %,100.0 %,100.0 %,556,1134,0,0,100.0 %,100.0 %
IUSG,18d RSI IUSG LT34 - L IUSG,0.6 %,9.1 %,284,4586,100.0 %,8.4 %,0.6 %,109.6 %,0.0 %,-7.1 %,1,4,0.1,0.3,100.0 %,75.0 %,,2.4,284,1117,0.6 %,2.2 %,2,4.2,0,1,1,3,0,1,1,3,0,1,1,3,,3,1,3,,7.3,0,2,0,-709,0.0 %,-1.4 %,0,-709,0.0 %,-1.4 %,0,-709,0.0 %,-1.4 %,100.0 %,75.0 %,100.0 %,75.0 %,100.0 %,75.0 %,284,1726,0,-709,100.0 %,75.0 %
IUSV,11d RSI IUSV LT27 - L IUSV,3.0 %,7.4 %,1493,3711,10.0 %,5.2 %,29.9 %,143.3 %,0.0 %,-2.4 %,4,4,0.3,0.3,100.0 %,100.0 %,,,373,902,0.7 %,1.8 %,2.8,2.2,0,0,4,4,0,0,4,4,0,0,4,4,,,4,4,,,2.7,3.8,0,0,0.0 %,0.0 %,0,0,0.0 %,0.0 %,0,0,0.0 %,0.0 %,100.0 %,100.0 %,100.0 %,100.0 %,100.0 %,100.0 %,373,902,0,0,100.0 %,100.0 %
IVE,6d RSI IVE LT16 - L IVE,2.7 %,3.9 %,1350,1963,32.4 %,5.2 %,8.3 %,75.8 %,0.0 %,-3.1 %,3,3,0.2,0.2,100.0 %,100.0 %,,,450,646,0.9 %,1.3 %,3,3.3,0,0,3,3,0,0,3,3,0,0,3,3,,,3,3,,,3.2,2.5,0,0,0.0 %,0.0 %,0,0,0.0 %,0.0 %,0,0,0.0 %,0.0 %,100.0 %,100.0 %,100.0 %,100.0 %,100.0 %,100.0 %,450,646,0,0,100.0 %,100.0 %
IVLU,7d RSI IVLU LT20 - L IVLU,1.7 %,13.7 %,873,6884,16.7 %,6.8 %,10.5 %,203.3 %,0.0 %,-1.6 %,3,6,0.2,0.5,100.0 %,100.0 %,,,291,1086,0.6 %,2.2 %,2,1.8,0,0,3,6,0,0,3,6,0,0,2,5,,,3,6,,,2.4,4.4,0,0,0.0 %,0.0 %,0,0,0.0 %,0.0 %,0,0,0.0 %,0.0 %,100.0 %,100.0 %,100.0 %,100.0 %,100.0 %,100.0 %,291,1086,0,0,100.0 %,100.0 %
IVV,21d RSI IVV LT38 - L IVV,2.0 %,17.5 %,981,8789,44.0 %,14.3 %,4.5 %,122.6 %,-0.5 %,-4.0 %,3,10,0.2,0.8,66.7 %,90.0 %,2.5,2,327,817,0.7 %,1.6 %,2.7,2.6,1,1,2,7,1,1,2,7,0,1,2,5,2,9,2,9,5,17.6,1.2,4.1,-493,-493,-0.5 %,-1.0 %,-493,-493,-0.5 %,-1.0 %,0,-493,0.0 %,-1.0 %,66.7 %,90.0 %,66.7 %,90.0 %,66.7 %,90.0 %,613,963,-246,-493,100.0 %,85.7 %
IVW,21d RSI IVW LT37 - L IVW,0.6 %,20.1 %,314,10100,100.0 %,13.6 %,0.6 %,149.1 %,0.0 %,-7.3 %,1,8,0.1,0.7,100.0 %,87.5 %,,2.1,314,1167,0.6 %,2.3 %,2,3.2,0,1,1,7,0,1,1,7,0,1,1,5,,7,1,7,,14.7,0,3.8,0,-681,0.0 %,-1.4 %,0,-681,0.0 %,-1.4 %,0,-681,0.0 %,-1.4 %,100.0 %,87.5 %,100.0 %,87.5 %,100.0 %,87.5 %,314,1430,0,-681,100.0 %,83.3 %
IWB,19d RSI IWB LT35 - L IWB,2.6 %,16.4 %,1306,8257,35.0 %,10.0 %,7.5 %,165.8 %,0.0 %,-4.0 %,2,7,0.2,0.6,100.0 %,100.0 %,,,653,1102,1.3 %,2.2 %,2.5,2.6,0,0,2,7,0,0,2,7,0,0,1,6,,,2,7,,,3.1,5.6,0,0,0.0 %,0.0 %,0,0,0.0 %,0.0 %,0,0,0.0 %,0.0 %,100.0 %,100.0 %,100.0 %,100.0 %,100.0 %,100.0 %,653,1102,0,0,100.0 %,100.0 %
IWD,7d RSI IWD LT19 - L IWD,1.1 %,4.1 %,568,2048,4.6 %,5.2 %,24.5 %,79.1 %,0.0 %,-3.2 %,2,3,0.2,0.2,100.0 %,100.0 %,,,284,673,0.6 %,1.4 %,2.5,3.3,0,0,2,3,0,0,2,3,0,0,2,3,,,2,3,,,5.3,2.9,0,0,0.0 %,0.0 %,0,0,0.0 %,0.0 %,0,0,0.0 %,0.0 %,100.0 %,100.0 %,100.0 %,100.0 %,100.0 %,100.0 %,284,673,0,0,100.0 %,100.0 %
IWM,16d RSI IWM LT30 - L IWM,2.9 %,8.3 %,1472,4173,4.0 %,5.6 %,73.6 %,149.6 %,0.0 %,-6.7 %,2,3,0.2,0.2,100.0 %,100.0 %,,,736,1357,1.5 %,2.7 %,2,3.7,0,0,2,3,0,0,2,3,0,0,2,3,,,2,3,,,5.4,2.6,0,0,0.0 %,0.0 %,0,0,0.0 %,0.0 %,0,0,0.0 %,0.0 %,100.0 %,100.0 %,100.0 %,100.0 %,100.0 %,100.0 %,736,1357,0,0,100.0 %,100.0 %
IWN,16d RSI IWN LT32 - L IWN,2.4 %,14.0 %,1185,7043,7.3 %,5.2 %,32.3 %,272.0 %,0.0 %,-2.6 %,3,4,0.2,0.3,66.7 %,100.0 %,1.8,,395,1679,0.8 %,3.4 %,2.7,2.2,1,0,2,4,1,0,2,4,0,0,2,4,2,,2,4,3.5,,0.8,3.3,-932,0,-0.9 %,0.0 %,-932,0,-0.9 %,0.0 %,0,0,0.0 %,0.0 %,66.7 %,100.0 %,66.7 %,100.0 %,66.7 %,100.0 %,826,1679,-466,0,100.0 %,100.0 %
IWO,4d RSI IWO LT18 - L IWO,-2.1 %,17.2 %,-1071,8619,20.1 %,17.5 %,-10.6 %,98.3 %,-3.4 %,-10.5 %,6,10,0.5,0.8,33.3 %,90.0 %,1.2,0.8,-179,807,-0.4 %,1.6 %,4.7,3.4,3,1,2,8,3,1,2,8,3,1,2,6,0.5,9,2,9,0.6,7.1,-0.6,2.9,-3455,-1332,-3.5 %,-2.7 %,-3455,-1332,-3.5 %,-2.7 %,-3455,-810,-3.5 %,-1.6 %,33.3 %,90.0 %,33.3 %,90.0 %,33.3 %,90.0 %,836,1044,-686,-1332,33.3 %,85.7 %
IWP,6d RSI IWP LT19 - L IWP,1.6 %,11.2 %,785,5610,29.0 %,9.2 %,5.4 %,122.4 %,0.0 %,-9.1 %,2,5,0.2,0.4,100.0 %,80.0 %,,2.7,392,1084,0.8 %,2.2 %,3.5,3.6,0,1,2,3,0,1,2,3,0,0,2,3,,4,2,4,,11,7.4,2.1,0,-544,0.0 %,-1.1 %,0,-544,0.0 %,-1.1 %,0,0,0.0 %,0.0 %,100.0 %,80.0 %,100.0 %,80.0 %,100.0 %,80.0 %,392,1491,0,-544,100.0 %,100.0 %
IWR,19d RSI IWR LT33 - L IWR,4.4 %,8.8 %,2196,4436,38.5 %,5.2 %,11.4 %,171.3 %,0.0 %,-4.5 %,3,3,0.2,0.2,100.0 %,100.0 %,,,732,1433,1.5 %,2.9 %,2.3,3.3,0,0,3,3,0,0,3,3,0,0,2,3,,,3,3,,,20.8,7.6,0,0,0.0 %,0.0 %,0,0,0.0 %,0.0 %,0,0,0.0 %,0.0 %,100.0 %,100.0 %,100.0 %,100.0 %,100.0 %,100.0 %,732,1433,0,0,100.0 %,100.0 %
IWS,16d RSI IWS LT33 - L IWS,1.9 %,10.1 %,942,5058,14.9 %,6.8 %,12.7 %,149.4 %,-0.6 %,-2.8 %,6,5,0.5,0.4,33.3 %,100.0 %,6.4,,157,971,0.3 %,1.9 %,3.2,2.4,3,0,2,5,3,0,2,5,2,0,1,5,0.5,,2,5,3.2,,1,5.3,-602,0,-0.6 %,0.0 %,-602,0,-0.6 %,0.0 %,-602,0,-0.6 %,0.0 %,33.3 %,100.0 %,33.3 %,100.0 %,40.0 %,100.0 %,687,971,-108,0,33.3 %,100.0 %
IWV,21d RSI IWV LT35 - L IWV,2.5 %,12.1 %,1232,6049,35.0 %,7.6 %,7.0 %,159.8 %,0.0 %,-3.9 %,2,5,0.2,0.4,100.0 %,100.0 %,,,616,1152,1.2 %,2.3 %,2.5,2.8,0,0,2,5,0,0,2,5,0,0,1,5,,,2,5,,,2.7,7,0,0,0.0 %,0.0 %,0,0,0.0 %,0.0 %,0,0,0.0 %,0.0 %,100.0 %,100.0 %,100.0 %,100.0 %,100.0 %,100.0 %,616,1152,0,0,100.0 %,100.0 %
IWX,11d RSI IWX LT28 - L IWX,2.4 %,8.8 %,1183,4407,6.5 %,6.8 %,36.1 %,130.1 %,-0.5 %,-3.3 %,3,5,0.2,0.4,66.7 %,100.0 %,2.6,,394,852,0.8 %,1.7 %,2.7,2.4,1,0,1,5,1,0,1,5,0,0,2,5,2,,2,5,5.3,,1.2,3.5,-551,0,-0.6 %,0.0 %,-551,0,-0.6 %,0.0 %,0,0,0.0 %,0.0 %,66.7 %,100.0 %,66.7 %,100.0 %,66.7 %,100.0 %,729,852,-275,0,100.0 %,100.0 %
IXC,14d RSI IXC LT34 - L IXC,-1.9 %,9.6 %,-968,4829,13.6 %,5.6 %,-14.3 %,173.2 %,0.0 %,-8.3 %,2,4,0.2,0.3,50.0 %,100.0 %,0.5,,-484,1162,-1.0 %,2.3 %,3,2.5,1,0,1,4,1,0,1,4,1,0,1,3,1,,1,4,0.5,,-0.5,8.2,-3646,0,-3.6 %,0.0 %,-3646,0,-3.6 %,0.0 %,-3646,0,-3.6 %,0.0 %,50.0 %,100.0 %,50.0 %,100.0 %,50.0 %,100.0 %,855,1162,-1823,0,50.0 %,100.0 %
IXJ,21d RSI IXJ LT35 - L IXJ,2.2 %,7.0 %,1116,3508,7.7 %,5.2 %,29.0 %,135.4 %,-0.5 %,-1.8 %,3,4,0.2,0.3,66.7 %,100.0 %,2.6,,372,852,0.7 %,1.7 %,3.3,2.2,1,0,2,4,1,0,2,4,0,0,2,3,2,,2,4,5.2,,1.4,5.2,-533,0,-0.5 %,0.0 %,-533,0,-0.5 %,0.0 %,0,0,0.0 %,0.0 %,66.7 %,100.0 %,66.7 %,100.0 %,66.7 %,100.0 %,691,852,-267,0,100.0 %,100.0 %
IXUS,11d RSI IXUS LT27 - L IXUS,0.8 %,14.9 %,407,7494,16.7 %,9.2 %,4.9 %,163.6 %,0.0 %,-2.5 %,2,7,0.2,0.6,100.0 %,100.0 %,,,204,1008,0.4 %,2.0 %,2,2.3,0,0,2,7,0,0,2,7,0,0,2,6,,,2,7,,,1.8,4.4,0,0,0.0 %,0.0 %,0,0,0.0 %,0.0 %,0,0,0.0 %,0.0 %,100.0 %,100.0 %,100.0 %,100.0 %,100.0 %,100.0 %,204,1008,0,0,100.0 %,100.0 %
IYC,20d RSI IYC LT35 - L IYC,4.0 %,8.4 %,1986,4197,40.0 %,11.6 %,9.9 %,72.7 %,0.0 %,-7.2 %,3,5,0.2,0.4,100.0 %,60.0 %,,14.9,662,817,1.3 %,1.6 %,2.3,4.8,0,1,3,3,0,1,3,3,0,1,2,3,,1.5,3,3,,22.4,6.4,2.1,0,-121,0.0 %,-0.2 %,0,-121,0.0 %,-0.2 %,0,-121,0.0 %,-0.2 %,100.0 %,60.0 %,100.0 %,60.0 %,100.0 %,60.0 %,662,1425,0,-95,100.0 %,75.0 %
IYE,20d RSI IYE LT38 - L IYE,4.0 %,13.8 %,1980,6951,10.6 %,5.2 %,37.3 %,268.4 %,0.0 %,-8.8 %,5,4,0.4,0.3,80.0 %,100.0 %,0.6,,396,1655,0.8 %,3.3 %,3.2,2.2,1,0,4,4,1,0,4,4,1,0,3,3,4,,4,4,2.2,,0.8,3.8,-3242,0,-3.2 %,0.0 %,-3242,0,-3.2 %,0.0 %,-3242,0,-3.2 %,0.0 %,80.0 %,100.0 %,80.0 %,100.0 %,80.0 %,100.0 %,900,1655,-1621,0,75.0 %,100.0 %
IYF,19d RSI IYF LT35 - L IYF,4.3 %,11.9 %,2154,5977,11.2 %,9.2 %,38.3 %,130.5 %,0.0 %,-3.4 %,5,7,0.4,0.6,80.0 %,100.0 %,0.5,,431,814,0.9 %,1.6 %,2.8,2.3,1,0,4,7,1,0,4,7,0,0,2,6,4,,4,7,1.9,,0.6,3.7,-4744,0,-4.7 %,0.0 %,-4744,0,-4.7 %,0.0 %,0,0,0.0 %,0.0 %,80.0 %,100.0 %,80.0 %,100.0 %,80.0 %,100.0 %,1131,814,-2372,0,100.0 %,100.0 %
IYG,15d RSI IYG LT32 - L IYG,1.8 %,8.4 %,883,4217,13.0 %,6.4 %,13.6 %,132.3 %,-0.6 %,-3.2 %,6,4,0.5,0.3,66.7 %,75.0 %,0.7,7.7,147,1026,0.3 %,2.0 %,2.7,3,1,1,3,3,1,1,2,3,0,1,3,3,2,3,4,3,1.4,23.2,0.3,2.4,-4322,-185,-4.3 %,-0.4 %,-3002,-185,-3.0 %,-0.4 %,0,-185,0.0 %,-0.4 %,66.7 %,75.0 %,66.7 %,75.0 %,60.0 %,75.0 %,842,1429,-1242,-185,100.0 %,75.0 %
IYH,19d RSI IYH LT36 - L IYH,3.7 %,8.0 %,1852,4020,14.6 %,8.8 %,25.4 %,91.7 %,-2.0 %,-4.7 %,6,6,0.5,0.5,66.7 %,83.3 %,1.4,2.3,309,652,0.6 %,1.3 %,3.3,2.7,2,1,3,5,2,1,3,4,1,1,2,4,2,5,4,5,2.8,11.3,1.2,2.1,-2095,-382,-2.1 %,-0.8 %,-512,-382,-0.5 %,-0.8 %,-2095,-382,-2.1 %,-0.8 %,66.7 %,83.3 %,66.7 %,83.3 %,60.0 %,80.0 %,725,859,-524,-382,75.0 %,80.0 %
IYJ,21d RSI IYJ LT36 - L IYJ,-0.6 %,13.0 %,-294,6517,59.3 %,9.2 %,-1.0 %,142.2 %,-0.9 %,-4.0 %,3,7,0.2,0.6,33.3 %,85.7 %,0.8,2,-98,885,-0.2 %,1.8 %,4.3,2.3,1,1,1,5,1,1,1,5,2,1,0,5,0.5,6,1,6,0.4,12.1,-0.6,3.3,-946,-559,-0.9 %,-1.1 %,-946,-559,-0.9 %,-1.1 %,-588,-559,-0.6 %,-1.1 %,33.3 %,85.7 %,33.3 %,85.7 %,33.3 %,85.7 %,199,1125,-247,-559,0.0 %,85.7 %
IYK,7d RSI IYK LT21 - L IYK,-4.9 %,8.0 %,-2444,4017,22.0 %,6.0 %,-22.2 %,134.4 %,-3.0 %,-3.3 %,3,4,0.2,0.3,0.0 %,100.0 %,0,,-815,973,-1.6 %,1.9 %,6,2.8,3,0,0,4,3,0,0,4,3,0,0,4,0,,0,4,0,,-2.4,4.7,-4887,0,-4.9 %,0.0 %,-4887,0,-4.9 %,0.0 %,-4887,0,-4.9 %,0.0 %,0.0 %,100.0 %,0.0 %,100.0 %,0.0 %,100.0 %,0,973,-815,0,0.0 %,100.0 %
IYM,12d RSI IYM LT27 - L IYM,1.3 %,10.3 %,627,5188,100.0 %,5.6 %,1.3 %,186.0 %,0.0 %,-3.2 %,1,5,0.1,0.4,100.0 %,100.0 %,,,627,995,1.3 %,2.0 %,1,1.8,0,0,1,5,0,0,1,4,0,0,1,4,,,1,5,,,0,5.6,0,0,0.0 %,0.0 %,0,0,0.0 %,0.0 %,0,0,0.0 %,0.0 %,100.0 %,100.0 %,100.0 %,100.0 %,100.0 %,100.0 %,627,995,0,0,100.0 %,100.0 %
IYR,18d RSI IYR LT29 - L IYR,-1.4 %,2.4 %,-684,1186,100.0 %,5.2 %,-1.4 %,45.8 %,0.0 %,-5.6 %,1,3,0.1,0.2,0.0 %,66.7 %,0,1,-684,404,-1.4 %,0.8 %,7,3.3,1,1,0,1,1,1,0,1,1,1,0,1,0,2,0,2,0,2.1,0,0.6,-1369,-1143,-1.4 %,-2.3 %,-1369,-1143,-1.4 %,-2.3 %,-1369,-346,-1.4 %,-0.7 %,0.0 %,66.7 %,0.0 %,66.7 %,0.0 %,66.7 %,0,1177,-684,-1143,0.0 %,50.0 %
IYT,12d RSI IYT LT29 - L IYT,-1.3 %,3.8 %,-635,1902,35.7 %,6.4 %,-3.6 %,59.7 %,-0.9 %,-5.3 %,2,4,0.2,0.3,0.0 %,75.0 %,0,1.8,-318,471,-0.6 %,0.9 %,4,3,2,1,0,2,2,1,0,2,2,0,0,3,0,3,0,3,0,5.4,-3.9,1.5,-1270,-426,-1.3 %,-0.8 %,-1270,-426,-1.3 %,-0.8 %,-1270,0,-1.3 %,0.0 %,0.0 %,75.0 %,0.0 %,75.0 %,0.0 %,75.0 %,0,770,-318,-426,0.0 %,100.0 %
IYW,3d RSI IYW LT11 - L IYW,2.4 %,15.5 %,1218,7781,11.9 %,15.1 %,20.6 %,102.8 %,-1.8 %,-5.1 %,3,8,0.2,0.7,66.7 %,87.5 %,1.2,4.3,406,914,0.8 %,1.8 %,4.3,3.8,1,1,2,6,1,1,2,6,1,1,2,5,2,7,2,7,2.3,30.3,0.6,3.7,-1839,-250,-1.8 %,-0.5 %,-1839,-250,-1.8 %,-0.5 %,-1839,-250,-1.8 %,-0.5 %,66.7 %,87.5 %,66.7 %,87.5 %,66.7 %,87.5 %,1069,1080,-920,-250,66.7 %,85.7 %
JETS,9d RSI JETS LT23 - L JETS,-5.5 %,30.0 %,-2752,15058,27.5 %,5.6 %,-20.0 %,540.0 %,-8.8 %,-2.9 %,5,4,0.4,0.3,40.0 %,100.0 %,0.6,,-550,3407,-1.1 %,6.8 %,8.2,2.5,3,0,1,4,3,0,1,4,3,0,1,4,0.7,,2,4,0.4,,-0.8,4.9,-9020,0,-9.0 %,0.0 %,-9020,0,-9.0 %,0.0 %,-9020,0,-9.0 %,0.0 %,40.0 %,100.0 %,40.0 %,100.0 %,40.0 %,100.0 %,879,3407,-1503,0,40.0 %,100.0 %
JHMD,5d RSI JHMD LT16 - L JHMD,1.3 %,12.8 %,667,6440,27.0 %,11.6 %,4.9 %,111.5 %,0.0 %,-2.5 %,3,8,0.2,0.7,66.7 %,100.0 %,3.2,,222,765,0.4 %,1.5 %,2.3,2.6,1,0,2,8,1,0,2,8,1,0,2,7,2,,2,8,6.3,,1.5,3,-250,0,-0.2 %,0.0 %,-250,0,-0.2 %,0.0 %,-250,0,-0.2 %,0.0 %,66.7 %,100.0 %,66.7 %,100.0 %,66.7 %,100.0 %,396,765,-125,0,66.7 %,100.0 %
JHMM,19d RSI JHMM LT34 - L JHMM,4.1 %,12.2 %,2064,6111,12.0 %,7.6 %,34.5 %,161.5 %,-0.2 %,-4.5 %,5,5,0.4,0.4,80.0 %,100.0 %,4.4,,413,1164,0.8 %,2.3 %,3,2.8,1,0,4,5,1,0,3,5,0,0,3,5,4,,4,5,17.4,,2.6,6.2,-251,0,-0.3 %,0.0 %,-251,0,-0.3 %,0.0 %,0,0,0.0 %,0.0 %,80.0 %,100.0 %,80.0 %,100.0 %,75.0 %,100.0 %,547,1164,-126,0,100.0 %,100.0 %
JQUA,21d RSI JQUA LT36 - L JQUA,2.6 %,7.4 %,1278,3713,38.1 %,8.0 %,6.7 %,93.2 %,0.0 %,-3.3 %,2,5,0.2,0.4,100.0 %,80.0 %,,3.7,639,724,1.3 %,1.4 %,3,3,0,1,2,3,0,1,2,3,0,1,1,3,,4,2,4,,14.9,3.4,2.3,0,-260,0.0 %,-0.5 %,0,-260,0.0 %,-0.5 %,0,-260,0.0 %,-0.5 %,100.0 %,80.0 %,100.0 %,80.0 %,100.0 %,80.0 %,639,970,0,-260,100.0 %,80.0 %
KBA,20d RSI KBA LT30 - L KBA,1.5 %,17.4 %,757,8724,100.0 %,6.0 %,1.5 %,291.9 %,0.0 %,-4.3 %,1,5,0.1,0.4,100.0 %,100.0 %,,,757,1640,1.5 %,3.3 %,1,2,0,0,1,5,0,0,1,5,0,0,1,5,,,1,5,,,0,3.3,0,0,0.0 %,0.0 %,0,0,0.0 %,0.0 %,0,0,0.0 %,0.0 %,100.0 %,100.0 %,100.0 %,100.0 %,100.0 %,100.0 %,757,1640,0,0,100.0 %,100.0 %
KBE,12d RSI KBE LT30 - L KBE,3.2 %,9.0 %,1584,4529,35.7 %,5.2 %,8.9 %,174.9 %,0.0 %,-1.6 %,4,3,0.3,0.2,75.0 %,100.0 %,0.4,,396,1463,0.8 %,2.9 %,2.8,3.3,1,0,3,3,1,0,3,3,1,0,1,3,3,,3,3,1.3,,0.2,5.9,-11171,0,-11.2 %,0.0 %,-11171,0,-11.2 %,0.0 %,-2318,0,-2.3 %,0.0 %,75.0 %,100.0 %,75.0 %,100.0 %,75.0 %,100.0 %,2390,1463,-5586,0,50.0 %,100.0 %
KBWB,19d RSI KBWB LT34 - L KBWB,0.4 %,11.6 %,196,5826,19.3 %,6.8 %,2.0 %,172.0 %,-1.0 %,-2.8 %,9,5,0.8,0.4,77.8 %,100.0 %,0.3,,22,1116,0.0 %,2.2 %,2.6,2.4,1,0,4,5,1,0,4,5,2,0,2,4,3.5,,7,5,1,,0,3.4,-13281,0,-13.3 %,0.0 %,-13281,0,-13.3 %,0.0 %,-5242,0,-5.2 %,0.0 %,77.8 %,100.0 %,77.8 %,100.0 %,75.0 %,100.0 %,1046,1116,-3563,0,50.0 %,100.0 %
KBWD,18d RSI KBWD LT30 - L KBWD,4.9 %,6.7 %,2430,3364,11.9 %,6.0 %,40.8 %,112.6 %,-1.0 %,-11.1 %,5,3,0.4,0.2,60.0 %,66.7 %,3.6,1.8,486,1122,1.0 %,2.2 %,3,4,1,1,3,1,1,1,3,1,1,0,1,2,1.5,2,3,2,5.5,3.6,1.3,1.1,-1087,-1297,-1.1 %,-2.6 %,-1087,-1297,-1.1 %,-2.6 %,-139,0,-0.1 %,0.0 %,60.0 %,66.7 %,60.0 %,66.7 %,75.0 %,66.7 %,991,2331,-272,-1297,50.0 %,100.0 %
KBWY,8d RSI KBWY LT21 - L KBWY,-9.3 %,6.7 %,-4634,3336,14.5 %,6.4 %,-64.0 %,104.7 %,-1.7 %,-6.8 %,2,5,0.2,0.4,0.0 %,80.0 %,0,0.7,-2317,667,-4.6 %,1.3 %,10,2.2,2,1,0,3,2,1,0,3,2,1,0,2,0,4,0,4,0,2.8,-2.2,1.1,-9268,-1896,-9.3 %,-3.8 %,-9268,-1896,-9.3 %,-3.8 %,-9268,-1520,-9.3 %,-3.0 %,0.0 %,80.0 %,0.0 %,80.0 %,0.0 %,80.0 %,0,1307,-2317,-1896,0.0 %,75.0 %
KIE,5d RSI KIE LT16 - L KIE,-2.5 %,8.8 %,-1247,4414,4.0 %,6.0 %,-62.4 %,147.7 %,0.0 %,-3.3 %,2,4,0.2,0.3,50.0 %,100.0 %,0.4,,-624,1065,-1.2 %,2.1 %,2,2.8,1,0,1,4,1,0,1,4,1,0,1,4,1,,1,4,0.4,,-0.7,7.4,-3846,0,-3.8 %,0.0 %,-3846,0,-3.8 %,0.0 %,-3846,0,-3.8 %,0.0 %,50.0 %,100.0 %,50.0 %,100.0 %,50.0 %,100.0 %,676,1065,-1923,0,50.0 %,100.0 %
KRE,14d RSI KRE LT33 - L KRE,-3.7 %,9.3 %,-1853,4665,25.5 %,5.2 %,-14.5 %,180.1 %,-2.1 %,-1.8 %,9,3,0.8,0.2,66.7 %,100.0 %,0.4,,-206,1505,-0.4 %,3.0 %,3.3,3.3,1,0,3,3,1,0,2,3,1,0,3,3,2,,6,3,0.8,,-0.2,5.7,-20323,0,-20.3 %,0.0 %,-20323,0,-20.3 %,0.0 %,-11281,0,-11.3 %,0.0 %,66.7 %,100.0 %,66.7 %,100.0 %,62.5 %,100.0 %,1648,1505,-3913,0,75.0 %,100.0 %
KSA,19d RSI KSA LT30 - L KSA,4.7 %,8.0 %,2353,4007,77.8 %,5.6 %,6.1 %,143.7 %,0.0 %,-1.7 %,3,5,0.2,0.4,100.0 %,80.0 %,,11.3,784,777,1.6 %,1.6 %,1.3,1.8,0,1,3,3,0,1,3,3,0,0,1,4,,4,3,4,,45,3.3,2.9,0,-88,0.0 %,-0.2 %,0,-88,0.0 %,-0.2 %,0,0,0.0 %,0.0 %,100.0 %,80.0 %,100.0 %,80.0 %,100.0 %,80.0 %,784,994,0,-88,100.0 %,100.0 %
LEMB,13d RSI LEMB LT23 - L LEMB,1.0 %,5.0 %,488,2483,90.9 %,5.2 %,1.1 %,95.9 %,0.0 %,-0.7 %,2,5,0.2,0.4,50.0 %,100.0 %,17.4,,244,486,0.5 %,1.0 %,4,1.6,1,0,1,5,1,0,1,5,1,0,1,4,1,,1,5,17.4,,1.3,3.3,-60,0,-0.1 %,0.0 %,-60,0,-0.1 %,0.0 %,-60,0,-0.1 %,0.0 %,50.0 %,100.0 %,50.0 %,100.0 %,50.0 %,100.0 %,518,486,-30,0,50.0 %,100.0 %
LIT,21d RSI LIT LT34 - L LIT,7.4 %,23.1 %,3698,11581,21.6 %,5.6 %,34.3 %,415.2 %,-1.1 %,-2.7 %,7,5,0.6,0.4,71.4 %,80.0 %,2.1,62,528,2142,1.1 %,4.3 %,4.1,1.8,1,1,4,4,1,1,4,4,1,1,4,3,2.5,4,5,4,5.2,248,1.6,3.1,-1121,-43,-1.1 %,-0.1 %,-1121,-43,-1.1 %,-0.1 %,-656,-43,-0.7 %,-0.1 %,71.4 %,80.0 %,71.4 %,80.0 %,71.4 %,80.0 %,917,2688,-444,-43,80.0 %,75.0 %
LMBS,3d RSI LMBS LT36 - L LMBS,1.4 %,0.2 %,705,98,57.9 %,63.4 %,2.4 %,0.3 %,-0.7 %,-2.9 %,20,24,1.7,2,65.0 %,66.7 %,0.9,0.5,35,5,0.1 %,0.0 %,4.3,5.5,2,2,3,5,2,2,3,4,1,2,3,2,1.9,2,13,16,1.7,1.1,1,0.1,-683,-1311,-0.7 %,-2.6 %,-683,-1311,-0.7 %,-2.6 %,-494,-1311,-0.5 %,-2.6 %,65.0 %,66.7 %,65.0 %,66.7 %,68.4 %,63.6 %,131,126,-142,-238,66.7 %,66.7 %
LQD,5d RSI LQD LT13 - L LQD,1.7 %,6.0 %,850,3018,100.0 %,6.0 %,1.7 %,101.0 %,0.0 %,-1.6 %,1,6,0.1,0.5,100.0 %,100.0 %,,,850,489,1.7 %,1.0 %,4,1.5,0,0,1,6,0,0,1,6,0,0,1,5,,,1,6,,,0,5.1,0,0,0.0 %,0.0 %,0,0,0.0 %,0.0 %,0,0,0.0 %,0.0 %,100.0 %,100.0 %,100.0 %,100.0 %,100.0 %,100.0 %,850,489,0,0,100.0 %,100.0 %
LRGF,20d RSI LRGF LT37 - L LRGF,2.3 %,14.7 %,1157,7375,35.0 %,10.4 %,6.6 %,142.4 %,0.0 %,-3.4 %,2,7,0.2,0.6,100.0 %,100.0 %,,,578,991,1.2 %,2.0 %,2.5,2.7,0,0,2,7,0,0,2,7,0,0,1,6,,,2,7,,,2.8,5.4,0,0,0.0 %,0.0 %,0,0,0.0 %,0.0 %,0,0,0.0 %,0.0 %,100.0 %,100.0 %,100.0 %,100.0 %,100.0 %,100.0 %,578,991,0,0,100.0 %,100.0 %
LVHI,5d RSI LVHI LT16 - L LVHI,1.0 %,6.0 %,482,3018,24.3 %,5.6 %,4.0 %,108.2 %,0.0 %,-2.0 %,2,4,0.2,0.3,100.0 %,100.0 %,,,241,739,0.5 %,1.5 %,3.5,2.5,0,0,2,4,0,0,2,4,0,0,2,4,,,2,4,,,3.9,2.5,0,0,0.0 %,0.0 %,0,0,0.0 %,0.0 %,0,0,0.0 %,0.0 %,100.0 %,100.0 %,100.0 %,100.0 %,100.0 %,100.0 %,241,739,0,0,100.0 %,100.0 %
MDY,13d RSI MDY LT32 - L MDY,8.7 %,10.2 %,4325,5098,16.7 %,8.0 %,51.9 %,128.0 %,0.0 %,-5.5 %,7,5,0.6,0.4,100.0 %,80.0 %,,21.3,618,981,1.2 %,2.0 %,3,3,0,1,7,4,0,1,6,4,0,1,4,4,,4,7,4,,85.3,3.2,3.4,0,-58,0.0 %,-0.1 %,0,-58,0.0 %,-0.1 %,0,-58,0.0 %,-0.1 %,100.0 %,80.0 %,100.0 %,80.0 %,100.0 %,80.0 %,618,1241,0,-58,100.0 %,80.0 %
MGC,20d RSI MGC LT37 - L MGC,3.6 %,17.2 %,1823,8658,40.0 %,13.9 %,9.1 %,124.2 %,0.0 %,-4.2 %,3,9,0.2,0.8,100.0 %,88.9 %,,4.1,608,896,1.2 %,1.8 %,2.3,2.9,0,1,3,7,0,1,3,7,0,0,2,6,,8,3,8,,33,3.7,4.4,0,-252,0.0 %,-0.5 %,0,-252,0.0 %,-0.5 %,0,0,0.0 %,0.0 %,100.0 %,88.9 %,100.0 %,88.9 %,100.0 %,88.9 %,608,1039,0,-252,100.0 %,100.0 %
MGV,10d RSI MGV LT27 - L MGV,2.0 %,4.7 %,1007,2339,7.7 %,6.0 %,26.0 %,78.3 %,-0.5 %,-3.5 %,3,4,0.2,0.3,66.7 %,100.0 %,2.7,,336,575,0.7 %,1.1 %,3.3,2.8,1,0,1,4,1,0,1,4,0,0,2,4,2,,2,4,5.4,,1.1,2.2,-453,0,-0.5 %,0.0 %,-453,0,-0.5 %,0.0 %,0,0,0.0 %,0.0 %,66.7 %,100.0 %,66.7 %,100.0 %,66.7 %,100.0 %,617,575,-227,0,100.0 %,100.0 %
MLPA,20d RSI MLPA LT40 - L MLPA,2.5 %,14.9 %,1229,7462,88.9 %,6.8 %,2.8 %,220.3 %,0.0 %,-4.1 %,2,6,0.2,0.5,100.0 %,100.0 %,,,615,1171,1.2 %,2.3 %,3,1.8,0,0,2,6,0,0,2,5,0,0,1,4,,,2,6,,,4.1,5.6,0,0,0.0 %,0.0 %,0,0,0.0 %,0.0 %,0,0,0.0 %,0.0 %,100.0 %,100.0 %,100.0 %,100.0 %,100.0 %,100.0 %,615,1171,0,0,100.0 %,100.0 %
MLPX,19d RSI MLPX LT38 - L MLPX,4.3 %,13.7 %,2144,6860,6.1 %,6.0 %,70.0 %,229.6 %,0.0 %,-4.3 %,3,5,0.2,0.4,100.0 %,100.0 %,,,715,1299,1.4 %,2.6 %,2,2,0,0,3,5,0,0,3,5,0,0,2,4,,,3,5,,,2.9,6.4,0,0,0.0 %,0.0 %,0,0,0.0 %,0.0 %,0,0,0.0 %,0.0 %,100.0 %,100.0 %,100.0 %,100.0 %,100.0 %,100.0 %,715,1299,0,0,100.0 %,100.0 %
MMIT,11d RSI MMIT LT11 - L MMIT,-0.4 %,0.6 %,-187,318,100.0 %,6.4 %,-0.4 %,10.0 %,0.0 %,-0.7 %,1,3,0.1,0.2,0.0 %,66.7 %,0,2.9,-187,105,-0.4 %,0.2 %,7,4.3,1,1,0,2,1,1,0,2,1,1,0,2,0,2,0,2,0,5.8,0,1.5,-373,-66,-0.4 %,-0.1 %,-373,-66,-0.4 %,-0.1 %,-373,-66,-0.4 %,-0.1 %,0.0 %,66.7 %,0.0 %,66.7 %,0.0 %,66.7 %,0,191,-187,-66,0.0 %,66.7 %
MOAT,4d RSI MOAT LT11 - L MOAT,-0.3 %,7.0 %,-130,3509,25.9 %,6.8 %,-1.0 %,103.6 %,-1.0 %,-3.1 %,3,4,0.2,0.3,66.7 %,100.0 %,0.4,,-43,852,-0.1 %,1.7 %,3.7,3.2,1,0,1,4,1,0,1,4,1,0,1,3,2,,2,4,0.7,,-0.2,7.6,-1016,0,-1.0 %,0.0 %,-1016,0,-1.0 %,0.0 %,-1016,0,-1.0 %,0.0 %,66.7 %,100.0 %,66.7 %,100.0 %,66.7 %,100.0 %,189,852,-508,0,66.7 %,100.0 %
MOO,19d RSI MOO LT33 - L MOO,-5.3 %,12.5 %,-2656,6283,22.2 %,5.2 %,-23.9 %,242.6 %,-3.1 %,-1.8 %,3,4,0.2,0.3,33.3 %,100.0 %,0,,-885,1497,-1.8 %,3.0 %,7.3,2.2,2,0,1,4,2,0,1,4,2,0,1,4,0.5,,1,4,0,,-2.3,7.9,-5356,0,-5.4 %,0.0 %,-5356,0,-5.4 %,0.0 %,-5356,0,-5.4 %,0.0 %,33.3 %,100.0 %,33.3 %,100.0 %,33.3 %,100.0 %,22,1497,-1339,0,33.3 %,100.0 %
MORT,19d RSI MORT LT28 - L MORT,6.1 %,9.6 %,3049,4802,7.2 %,5.6 %,84.9 %,172.2 %,0.0 %,-10.0 %,3,3,0.2,0.2,100.0 %,100.0 %,,,1016,1561,2.0 %,3.1 %,3,3.7,0,0,3,3,0,0,3,3,0,0,2,2,,,3,3,,,2,2.1,0,0,0.0 %,0.0 %,0,0,0.0 %,0.0 %,0,0,0.0 %,0.0 %,100.0 %,100.0 %,100.0 %,100.0 %,100.0 %,100.0 %,1016,1561,0,0,100.0 %,100.0 %
MTUM,4d RSI MTUM LT10 - L MTUM,1.0 %,5.0 %,501,2492,100.0 %,5.6 %,1.0 %,89.3 %,0.0 %,-7.7 %,1,3,0.1,0.2,100.0 %,100.0 %,,,501,815,1.0 %,1.6 %,1,3.7,0,0,1,3,0,0,1,3,0,0,1,3,,,1,3,,,0,5.3,0,0,0.0 %,0.0 %,0,0,0.0 %,0.0 %,0,0,0.0 %,0.0 %,100.0 %,100.0 %,100.0 %,100.0 %,100.0 %,100.0 %,501,815,0,0,100.0 %,100.0 %
NAIL,17d RSI NAIL LT32 - L NAIL,12.0 %,88.3 %,5984,44351,61.9 %,5.2 %,19.3 %,1712.6 %,0.0 %,-10.8 %,2,4,0.2,0.3,100.0 %,100.0 %,,,2992,8610,6.0 %,17.2 %,5.5,2.2,0,0,2,4,0,0,2,4,0,0,1,3,,,2,4,,,7.6,8.5,0,0,0.0 %,0.0 %,0,0,0.0 %,0.0 %,0,0,0.0 %,0.0 %,100.0 %,100.0 %,100.0 %,100.0 %,100.0 %,100.0 %,2992,8610,0,0,100.0 %,100.0 %
NLR,11d RSI NLR LT30 - L NLR,0.1 %,9.2 %,60,4600,100.0 %,6.4 %,0.1 %,144.3 %,0.0 %,-3.5 %,1,4,0.1,0.3,100.0 %,100.0 %,,,60,1109,0.1 %,2.2 %,4,3,0,0,1,4,0,0,1,4,0,0,1,4,,,1,4,,,0,6.4,0,0,0.0 %,0.0 %,0,0,0.0 %,0.0 %,0,0,0.0 %,0.0 %,100.0 %,100.0 %,100.0 %,100.0 %,100.0 %,100.0 %,60,1109,0,0,100.0 %,100.0 %
NOBL,9d RSI NOBL LT22 - L NOBL,-0.4 %,4.8 %,-216,2409,12.8 %,5.2 %,-3.4 %,93.0 %,-1.3 %,-3.1 %,2,3,0.2,0.2,50.0 %,100.0 %,0.7,,-108,788,-0.2 %,1.6 %,5,3.3,1,0,1,3,1,0,1,3,1,0,1,3,1,,1,3,0.7,,-0.3,5,-1271,0,-1.3 %,0.0 %,-1271,0,-1.3 %,0.0 %,-1271,0,-1.3 %,0.0 %,50.0 %,100.0 %,50.0 %,100.0 %,50.0 %,100.0 %,420,788,-636,0,50.0 %,100.0 %
NUGT,21d RSI NUGT LT33 - L NUGT,2.3 %,12.0 %,1141,6031,100.0 %,5.6 %,2.3 %,216.2 %,0.0 %,-12.4 %,1,3,0.1,0.2,100.0 %,66.7 %,,6.7,1141,1956,2.3 %,3.9 %,3,3.7,0,1,1,1,0,1,1,1,0,1,1,1,,2,1,2,,13.3,0,2,0,-477,0.0 %,-0.9 %,0,-477,0.0 %,-0.9 %,0,-477,0.0 %,-0.9 %,100.0 %,66.7 %,100.0 %,66.7 %,100.0 %,66.7 %,1141,3172,0,-477,100.0 %,66.7 %
NULG,5d RSI NULG LT12 - L NULG,0.0 %,3.2 %,17,1612,100.0 %,5.6 %,0.0 %,57.8 %,0.0 %,-7.2 %,1,3,0.1,0.2,100.0 %,100.0 %,,,17,531,0.0 %,1.1 %,5,3.7,0,0,1,3,0,0,1,3,0,0,1,2,,,1,3,,,0,2.7,0,0,0.0 %,0.0 %,0,0,0.0 %,0.0 %,0,0,0.0 %,0.0 %,100.0 %,100.0 %,100.0 %,100.0 %,100.0 %,100.0 %,17,531,0,0,100.0 %,100.0 %
NULV,11d RSI NULV LT26 - L NULV,-1.3 %,6.2 %,-665,3092,9.3 %,5.2 %,-14.3 %,119.4 %,-1.3 %,-2.6 %,2,4,0.2,0.3,0.0 %,75.0 %,0,10.2,-332,755,-0.7 %,1.5 %,6,2.2,2,1,0,2,2,1,0,2,2,1,0,2,0,3,0,3,0,30.5,-1.5,2.9,-1329,-103,-1.3 %,-0.2 %,-1329,-103,-1.3 %,-0.2 %,-1329,-103,-1.3 %,-0.2 %,0.0 %,75.0 %,0.0 %,75.0 %,0.0 %,75.0 %,0,1041,-332,-103,0.0 %,75.0 %
NUSC,20d RSI NUSC LT34 - L NUSC,2.2 %,13.0 %,1125,6509,11.4 %,6.4 %,19.8 %,204.2 %,-1.0 %,-5.8 %,4,4,0.3,0.3,75.0 %,100.0 %,1.1,,281,1549,0.6 %,3.1 %,3.8,3,1,0,3,4,1,0,3,4,1,0,2,4,3,,3,4,3.2,,1.2,7.5,-1010,0,-1.0 %,0.0 %,-1010,0,-1.0 %,0.0 %,-335,0,-0.3 %,0.0 %,75.0 %,100.0 %,75.0 %,100.0 %,75.0 %,100.0 %,543,1549,-505,0,66.7 %,100.0 %
OEF,20d RSI OEF LT37 - L OEF,3.3 %,23.6 %,1634,11838,35.0 %,15.9 %,9.3 %,148.6 %,0.0 %,-4.2 %,2,10,0.2,0.8,100.0 %,100.0 %,,,817,1072,1.6 %,2.1 %,2.5,3,0,0,2,10,0,0,2,10,0,0,1,7,,,2,10,,,5.8,7.5,0,0,0.0 %,0.0 %,0,0,0.0 %,0.0 %,0,0,0.0 %,0.0 %,100.0 %,100.0 %,100.0 %,100.0 %,100.0 %,100.0 %,817,1072,0,0,100.0 %,100.0 %
OIH,12d RSI OIH LT29 - L OIH,2.8 %,16.2 %,1385,8144,5.1 %,5.2 %,54.3 %,314.5 %,0.0 %,-11.7 %,2,4,0.2,0.3,100.0 %,100.0 %,,,693,1928,1.4 %,3.9 %,4,2.2,0,0,2,4,0,0,2,4,0,0,2,3,,,2,4,,,5.7,3.3,0,0,0.0 %,0.0 %,0,0,0.0 %,0.0 %,0,0,0.0 %,0.0 %,100.0 %,100.0 %,100.0 %,100.0 %,100.0 %,100.0 %,693,1928,0,0,100.0 %,100.0 %
OILK,6d RSI OILK LT23 - L OILK,17.5 %,17.1 %,8734,8594,9.5 %,6.4 %,183.8 %,269.6 %,0.0 %,-3.4 %,6,5,0.5,0.4,100.0 %,100.0 %,,,1456,1611,2.9 %,3.2 %,2.5,2.2,0,0,6,5,0,0,6,5,0,0,6,4,,,6,5,,,6,5,0,0,0.0 %,0.0 %,0,0,0.0 %,0.0 %,0,0,0.0 %,0.0 %,100.0 %,100.0 %,100.0 %,100.0 %,100.0 %,100.0 %,1456,1611,0,0,100.0 %,100.0 %
OUNZ,20d RSI OUNZ LT35 - L OUNZ,-2.0 %,2.3 %,-1024,1133,100.0 %,10.0 %,-2.0 %,22.8 %,0.0 %,-2.7 %,1,5,0.1,0.4,0.0 %,80.0 %,0,0.8,-1024,225,-2.0 %,0.5 %,6,4,1,1,0,3,1,1,0,3,1,1,0,1,0,4,0,4,0,3,0,1.2,-2048,-563,-2.0 %,-1.1 %,-2048,-563,-2.0 %,-1.1 %,-2048,-563,-2.0 %,-1.1 %,0.0 %,80.0 %,0.0 %,80.0 %,0.0 %,80.0 %,0,422,-1024,-563,0.0 %,66.7 %
PALL,5d RSI PALL LT19 - L PALL,5.6 %,25.9 %,2782,12975,21.4 %,5.2 %,26.0 %,501.0 %,-3.2 %,-0.5 %,6,5,0.5,0.4,83.3 %,100.0 %,0.5,,464,2359,0.9 %,4.7 %,3.8,1.6,1,0,4,5,1,0,4,5,1,0,3,5,5,,5,5,2.6,,1.1,6.6,-3464,0,-3.5 %,0.0 %,-3464,0,-3.5 %,0.0 %,-3464,0,-3.5 %,0.0 %,83.3 %,100.0 %,83.3 %,100.0 %,83.3 %,100.0 %,903,2359,-1732,0,80.0 %,100.0 %
PBD,4d RSI PBD LT11 - L PBD,-9.4 %,1.6 %,-4698,817,48.8 %,8.8 %,-19.2 %,18.6 %,-3.6 %,-9.4 %,2,5,0.2,0.4,0.0 %,60.0 %,0,0.9,-2349,185,-4.7 %,0.4 %,9.5,3.4,2,1,0,2,2,1,0,2,2,1,0,2,0,1.5,0,3,0,1.3,-5,0.3,-9396,-2463,-9.4 %,-4.9 %,-9396,-2463,-9.4 %,-4.9 %,-9396,-2463,-9.4 %,-4.9 %,0.0 %,60.0 %,0.0 %,60.0 %,0.0 %,60.0 %,0,1310,-2349,-1504,0.0 %,60.0 %
PBUS,19d RSI PBUS LT35 - L PBUS,2.7 %,13.6 %,1330,6802,35.0 %,10.0 %,7.6 %,136.6 %,0.0 %,-4.2 %,2,7,0.2,0.6,100.0 %,100.0 %,,,665,919,1.3 %,1.8 %,2.5,2.6,0,0,2,7,0,0,2,7,0,0,1,6,,,2,7,,,2.7,4.5,0,0,0.0 %,0.0 %,0,0,0.0 %,0.0 %,0,0,0.0 %,0.0 %,100.0 %,100.0 %,100.0 %,100.0 %,100.0 %,100.0 %,665,919,0,0,100.0 %,100.0 %
PCEF,17d RSI PCEF LT26 - L PCEF,0.7 %,4.4 %,356,2213,60.0 %,5.2 %,1.2 %,85.5 %,-1.0 %,-2.4 %,3,3,0.2,0.2,66.7 %,66.7 %,0.9,14.8,119,728,0.2 %,1.5 %,4,3.3,1,1,2,1,1,1,2,1,0,1,2,1,2,2,2,2,1.7,29.6,0.5,2.1,-983,-76,-1.0 %,-0.1 %,-983,-76,-1.0 %,-0.1 %,0,-76,0.0 %,-0.1 %,66.7 %,66.7 %,66.7 %,66.7 %,66.7 %,66.7 %,424,1130,-492,-76,100.0 %,66.7 %
PDBC,21d RSI PDBC LT38 - L PDBC,7.3 %,6.7 %,3639,3350,10.2 %,5.6 %,71.3 %,120.1 %,-0.4 %,-3.2 %,6,4,0.5,0.3,83.3 %,100.0 %,3.7,,606,815,1.2 %,1.6 %,2.3,2.5,1,0,5,4,1,0,5,4,0,0,5,2,5,,5,4,18.7,,3,6.3,-411,0,-0.4 %,0.0 %,-411,0,-0.4 %,0.0 %,0,0,0.0 %,0.0 %,83.3 %,100.0 %,83.3 %,100.0 %,83.3 %,100.0 %,769,815,-206,0,100.0 %,100.0 %
PEY,5d RSI PEY LT14 - L PEY,1.4 %,3.2 %,723,1618,8.2 %,6.4 %,17.7 %,50.8 %,0.0 %,-3.7 %,3,4,0.2,0.3,66.7 %,50.0 %,1.3,2.9,241,406,0.5 %,0.8 %,3,3,1,1,2,1,1,1,2,1,1,1,2,1,2,1,2,2,2.5,2.9,0.7,0.9,-936,-496,-0.9 %,-1.0 %,-936,-496,-0.9 %,-1.0 %,-936,-496,-0.9 %,-1.0 %,66.7 %,50.0 %,66.7 %,50.0 %,66.7 %,50.0 %,596,1244,-468,-432,66.7 %,50.0 %
PFF,10d RSI PFF LT22 - L PFF,3.2 %,3.5 %,1615,1748,6.2 %,5.2 %,52.0 %,67.5 %,0.0 %,-2.0 %,3,4,0.2,0.3,66.7 %,100.0 %,,,538,430,1.1 %,0.9 %,2.3,2.2,1,0,1,4,1,0,1,4,0,0,2,4,2,,2,4,,,1.8,3.2,0,0,0.0 %,0.0 %,0,0,0.0 %,0.0 %,0,0,0.0 %,0.0 %,66.7 %,100.0 %,66.7 %,100.0 %,66.7 %,100.0 %,807,430,0,0,100.0 %,100.0 %
PFFD,5d RSI PFFD LT10 - L PFFD,5.1 %,4.0 %,2570,1998,7.9 %,5.2 %,64.7 %,77.1 %,-0.1 %,-2.3 %,3,3,0.2,0.2,66.7 %,100.0 %,20.4,,857,656,1.7 %,1.3 %,3,2.3,1,0,2,3,1,0,2,3,1,0,2,3,2,,2,3,40.8,,1.6,2.8,-129,0,-0.1 %,0.0 %,-129,0,-0.1 %,0.0 %,-129,0,-0.1 %,0.0 %,66.7 %,100.0 %,66.7 %,100.0 %,66.7 %,100.0 %,1317,656,-65,0,66.7 %,100.0 %
PFXF,21d RSI PFXF LT32 - L PFXF,0.8 %,5.0 %,378,2520,62.5 %,6.8 %,1.2 %,74.4 %,0.0 %,-1.6 %,2,5,0.2,0.4,50.0 %,100.0 %,6.1,,189,493,0.4 %,1.0 %,4,2.4,1,0,1,5,1,0,1,5,0,0,1,5,1,,1,5,6.1,,1,4.7,-149,0,-0.1 %,0.0 %,-149,0,-0.1 %,0.0 %,0,0,0.0 %,0.0 %,50.0 %,100.0 %,50.0 %,100.0 %,50.0 %,100.0 %,452,493,-74,0,100.0 %,100.0 %
PGF,5d RSI PGF LT11 - L PGF,4.4 %,1.9 %,2192,980,12.3 %,5.2 %,35.5 %,37.8 %,0.0 %,-2.8 %,5,3,0.4,0.2,80.0 %,66.7 %,2.5,2,438,326,0.9 %,0.7 %,3,2.7,1,1,4,2,1,1,4,2,1,1,3,2,4,2,4,2,9.9,4.1,2.1,1.1,-493,-320,-0.5 %,-0.6 %,-493,-320,-0.5 %,-0.6 %,-493,-320,-0.5 %,-0.6 %,80.0 %,66.7 %,80.0 %,66.7 %,80.0 %,66.7 %,610,649,-247,-320,75.0 %,66.7 %
PGX,5d RSI PGX LT10 - L PGX,2.7 %,6.0 %,1351,3011,4.6 %,6.4 %,58.3 %,94.5 %,0.0 %,-1.1 %,2,4,0.2,0.3,50.0 %,100.0 %,,,675,734,1.4 %,1.5 %,2.5,2.2,1,0,1,4,1,0,1,4,1,0,1,4,1,,1,4,,,1.4,8.9,0,0,0.0 %,0.0 %,0,0,0.0 %,0.0 %,0,0,0.0 %,0.0 %,50.0 %,100.0 %,50.0 %,100.0 %,50.0 %,100.0 %,1351,734,0,0,50.0 %,100.0 %
PHYS,13d RSI PHYS LT28 - L PHYS,-1.2 %,4.2 %,-594,2093,100.0 %,6.8 %,-1.2 %,61.8 %,0.0 %,-1.7 %,1,4,0.1,0.3,0.0 %,100.0 %,0,,-594,515,-1.2 %,1.0 %,5,3.2,1,0,0,4,1,0,0,4,1,0,0,3,0,,0,4,0,,0,2.5,-1187,0,-1.2 %,0.0 %,-1187,0,-1.2 %,0.0 %,-1187,0,-1.2 %,0.0 %,0.0 %,100.0 %,0.0 %,100.0 %,0.0 %,100.0 %,0,515,-594,0,0.0 %,100.0 %
PILL,10d RSI PILL LT26 - L PILL,-28.9 %,13.2 %,-14435,6623,31.3 %,5.2 %,-92.2 %,255.7 %,-28.4 %,-14.0 %,5,2,0.4,0.2,40.0 %,100.0 %,0.2,,-2887,3227,-5.8 %,6.5 %,6,5.5,2,0,2,2,2,0,2,2,3,0,0,2,0.7,,2,2,0.1,,-1.5,2.5,-20691,0,-20.7 %,0.0 %,-20691,0,-20.7 %,0.0 %,-28870,0,-28.9 %,0.0 %,40.0 %,100.0 %,40.0 %,100.0 %,40.0 %,100.0 %,972,3227,-5460,0,0.0 %,100.0 %
PPH,7d RSI PPH LT20 - L PPH,4.2 %,2.4 %,2099,1194,10.6 %,5.2 %,39.7 %,46.1 %,-0.4 %,-2.7 %,4,3,0.3,0.2,75.0 %,66.7 %,3.5,2.9,525,396,1.0 %,0.8 %,3.2,3.3,1,1,2,1,1,1,2,1,1,0,2,2,3,2,3,2,10.5,5.8,2,1.3,-444,-246,-0.4 %,-0.5 %,-444,-246,-0.4 %,-0.5 %,-444,0,-0.4 %,0.0 %,75.0 %,66.7 %,75.0 %,66.7 %,75.0 %,66.7 %,774,717,-222,-246,75.0 %,100.0 %
PPLT,4d RSI PPLT LT15 - L PPLT,1.2 %,9.6 %,604,4803,14.6 %,8.0 %,8.3 %,120.6 %,-4.2 %,-2.8 %,6,7,0.5,0.6,66.7 %,85.7 %,0.6,2.1,101,660,0.2 %,1.3 %,3.7,1.9,1,1,2,5,1,1,2,5,2,0,2,5,2,6,4,6,1.2,12.9,0.2,3.2,-4389,-390,-4.4 %,-0.8 %,-4389,-390,-4.4 %,-0.8 %,-1063,0,-1.1 %,0.0 %,66.7 %,85.7 %,66.7 %,85.7 %,66.7 %,85.7 %,823,835,-1344,-390,50.0 %,100.0 %
PREF,10d RSI PREF LT11 - L PREF,0.5 %,0.9 %,238,454,7.2 %,5.2 %,6.6 %,17.5 %,0.0 %,-1.0 %,2,2,0.2,0.2,50.0 %,100.0 %,3.3,,119,226,0.2 %,0.5 %,4.5,5.5,1,0,1,2,1,0,1,2,1,0,1,2,1,,1,2,3.3,,0.8,2,-208,0,-0.2 %,0.0 %,-208,0,-0.2 %,0.0 %,-208,0,-0.2 %,0.0 %,50.0 %,100.0 %,50.0 %,100.0 %,50.0 %,100.0 %,342,226,-104,0,50.0 %,100.0 %
PRF,8d RSI PRF LT22 - L PRF,1.8 %,4.3 %,895,2178,9.9 %,5.6 %,18.0 %,78.1 %,0.0 %,-3.3 %,3,3,0.2,0.2,100.0 %,100.0 %,,,298,714,0.6 %,1.4 %,4,3.7,0,0,3,3,0,0,3,3,0,0,3,3,,,3,3,,,3.3,3.7,0,0,0.0 %,0.0 %,0,0,0.0 %,0.0 %,0,0,0.0 %,0.0 %,100.0 %,100.0 %,100.0 %,100.0 %,100.0 %,100.0 %,298,714,0,0,100.0 %,100.0 %
PSC,14d RSI PSC LT31 - L PSC,1.8 %,12.1 %,906,6049,100.0 %,5.6 %,1.8 %,216.9 %,0.0 %,-2.5 %,2,5,0.2,0.4,100.0 %,100.0 %,,,453,1153,0.9 %,2.3 %,1.5,1.8,0,0,2,5,0,0,1,5,0,0,1,4,,,2,5,,,1.5,5.2,0,0,0.0 %,0.0 %,0,0,0.0 %,0.0 %,0,0,0.0 %,0.0 %,100.0 %,100.0 %,100.0 %,100.0 %,100.0 %,100.0 %,453,1153,0,0,100.0 %,100.0 %
PSI,4d RSI PSI LT12 - L PSI,-2.1 %,12.3 %,-1065,6169,8.8 %,6.0 %,-24.3 %,206.4 %,-2.5 %,-3.1 %,2,4,0.2,0.3,50.0 %,100.0 %,0.1,,-533,1470,-1.1 %,2.9 %,5,2.8,1,0,1,4,1,0,1,4,1,0,1,3,1,,1,4,0.1,,-1.1,30.7,-2485,0,-2.5 %,0.0 %,-2485,0,-2.5 %,0.0 %,-2485,0,-2.5 %,0.0 %,50.0 %,100.0 %,50.0 %,100.0 %,50.0 %,100.0 %,177,1470,-1242,0,50.0 %,100.0 %
PSK,5d RSI PSK LT11 - L PSK,7.8 %,0.6 %,3881,294,10.6 %,6.8 %,73.3 %,8.7 %,-0.0 %,-2.6 %,4,4,0.3,0.3,75.0 %,25.0 %,69.3,4.2,970,76,1.9 %,0.1 %,3,3.2,1,2,3,1,1,2,3,1,1,2,3,1,3,0.3,3,1,207.8,1.4,2.4,0.3,-38,-465,-0.0 %,-0.9 %,-38,-465,-0.0 %,-0.9 %,-38,-465,-0.0 %,-0.9 %,75.0 %,25.0 %,75.0 %,25.0 %,75.0 %,25.0 %,1300,1052,-19,-249,75.0 %,25.0 %
PSQ,3d RSI PSQ LT12 - L PSQ,8.4 %,11.9 %,4179,5978,22.0 %,5.2 %,37.9 %,230.8 %,-1.0 %,-1.4 %,11,4,0.9,0.3,72.7 %,100.0 %,1.8,,380,1428,0.8 %,2.9 %,3.6,2.2,1,0,4,4,1,0,3,4,1,0,4,4,2.7,,8,4,4.9,,2.5,6.5,-1087,0,-1.1 %,0.0 %,-1087,0,-1.1 %,0.0 %,-1087,0,-1.1 %,0.0 %,72.7 %,100.0 %,72.7 %,100.0 %,70.0 %,100.0 %,656,1428,-357,0,77.8 %,100.0 %
PTLC,20d RSI PTLC LT43 - L PTLC,1.8 %,3.2 %,879,1621,20.7 %,13.9 %,8.5 %,23.2 %,-2.7 %,-6.8 %,10,6,0.8,0.5,70.0 %,83.3 %,0.6,1.9,88,267,0.2 %,0.5 %,3.1,4.8,1,1,4,5,1,1,2,5,2,1,2,3,2.3,5,7,5,1.5,9.7,0.5,2,-2481,-185,-2.5 %,-0.4 %,-1400,-185,-1.4 %,-0.4 %,-2810,-185,-2.8 %,-0.4 %,70.0 %,83.3 %,70.0 %,83.3 %,57.1 %,83.3 %,378,357,-588,-185,57.1 %,75.0 %
PXF,6d RSI PXF LT23 - L PXF,4.4 %,18.1 %,2197,9078,12.2 %,12.3 %,36.0 %,147.0 %,-0.7 %,-3.1 %,7,11,0.6,0.9,71.4 %,90.9 %,1.9,3.9,314,766,0.6 %,1.5 %,1.9,1.8,1,1,2,10,1,1,2,10,1,1,2,6,2.5,10,5,10,4.7,39.2,1.9,3.8,-745,-220,-0.7 %,-0.4 %,-434,-220,-0.4 %,-0.4 %,-44,-87,-0.0 %,-0.2 %,71.4 %,90.9 %,71.4 %,90.9 %,66.7 %,90.9 %,557,864,-295,-220,80.0 %,85.7 %
QCLN,12d RSI QCLN LT27 - L QCLN,-8.2 %,9.8 %,-4109,4941,55.2 %,5.2 %,-14.9 %,190.8 %,-6.4 %,-11.3 %,4,3,0.3,0.2,25.0 %,100.0 %,0.3,,-1027,1601,-2.1 %,3.2 %,7,3.3,2,0,1,3,2,0,1,3,3,0,0,3,0.3,,1,3,0.1,,-2.2,2.5,-6252,0,-6.3 %,0.0 %,-6252,0,-6.3 %,0.0 %,-8219,0,-8.2 %,0.0 %,25.0 %,100.0 %,25.0 %,100.0 %,25.0 %,100.0 %,516,1601,-1542,0,0.0 %,100.0 %
QID,3d RSI QID LT11 - L QID,8.4 %,24.7 %,4196,12382,22.4 %,5.2 %,37.4 %,478.1 %,-4.7 %,-3.0 %,10,4,0.8,0.3,50.0 %,100.0 %,2.3,,420,2841,0.8 %,5.7 %,4.2,2.2,3,0,4,4,3,0,4,4,2,0,3,4,1,,5,4,2.3,,1.1,6.4,-4783,0,-4.8 %,0.0 %,-4783,0,-4.8 %,0.0 %,-4783,0,-4.8 %,0.0 %,50.0 %,100.0 %,50.0 %,100.0 %,50.0 %,100.0 %,1509,2841,-670,0,50.0 %,100.0 %
QLD,19d RSI QLD LT35 - L QLD,3.2 %,28.2 %,1579,14143,100.0 %,9.2 %,3.2 %,308.7 %,0.0 %,-9.9 %,1,5,0.1,0.4,100.0 %,100.0 %,,,1579,2570,3.2 %,5.1 %,2,3.6,0,0,1,5,0,0,1,5,0,0,1,4,,,1,5,,,0,3.5,0,0,0.0 %,0.0 %,0,0,0.0 %,0.0 %,0,0,0.0 %,0.0 %,100.0 %,100.0 %,100.0 %,100.0 %,100.0 %,100.0 %,1579,2570,0,0,100.0 %,100.0 %
QLTA,9d RSI QLTA LT22 - L QLTA,0.4 %,4.8 %,223,2411,100.0 %,6.4 %,0.4 %,75.7 %,0.0 %,-1.2 %,1,6,0.1,0.5,100.0 %,100.0 %,,,223,393,0.4 %,0.8 %,5,1.7,0,0,1,6,0,0,1,6,0,0,1,5,,,1,6,,,0,10.2,0,0,0.0 %,0.0 %,0,0,0.0 %,0.0 %,0,0,0.0 %,0.0 %,100.0 %,100.0 %,100.0 %,100.0 %,100.0 %,100.0 %,223,393,0,0,100.0 %,100.0 %
QQQE,21d RSI QQQE LT35 - L QQQE,0.8 %,8.4 %,411,4221,100.0 %,6.0 %,0.8 %,141.3 %,0.0 %,-6.2 %,1,3,0.1,0.2,100.0 %,100.0 %,,,411,1365,0.8 %,2.7 %,3,4,0,0,1,3,0,0,1,3,0,0,1,3,,,1,3,,,0,8.8,0,0,0.0 %,0.0 %,0,0,0.0 %,0.0 %,0,0,0.0 %,0.0 %,100.0 %,100.0 %,100.0 %,100.0 %,100.0 %,100.0 %,411,1365,0,0,100.0 %,100.0 %
QQXT,3d RSI QQXT LT10 - L QQXT,0.9 %,8.8 %,468,4441,7.9 %,10.8 %,11.9 %,82.6 %,-1.6 %,-3.8 %,4,7,0.3,0.6,50.0 %,85.7 %,1.6,4.7,117,612,0.2 %,1.2 %,2.5,2.9,2,1,1,5,2,1,1,5,2,1,1,4,1,6,2,6,1.6,28.2,0.4,3.2,-1650,-158,-1.7 %,-0.3 %,-1650,-158,-1.7 %,-0.3 %,-1650,-158,-1.7 %,-0.3 %,50.0 %,85.7 %,50.0 %,85.7 %,50.0 %,85.7 %,647,740,-413,-158,50.0 %,83.3 %
QUAL,19d RSI QUAL LT35 - L QUAL,1.3 %,10.0 %,627,5033,100.0 %,9.6 %,1.3 %,105.3 %,0.0 %,-5.4 %,1,6,0.1,0.5,100.0 %,66.7 %,,6.4,627,810,1.3 %,1.6 %,1,3,0,1,1,3,0,1,1,3,0,1,1,3,,2,1,4,,12.8,0,2.3,0,-229,0.0 %,-0.5 %,0,-229,0.0 %,-0.5 %,0,-229,0.0 %,-0.5 %,100.0 %,66.7 %,100.0 %,66.7 %,100.0 %,66.7 %,627,1318,0,-206,100.0 %,66.7 %
QYLD,9d RSI QYLD LT19 - L QYLD,0.2 %,3.3 %,122,1634,100.0 %,5.2 %,0.2 %,63.1 %,0.0 %,-2.6 %,1,3,0.1,0.2,100.0 %,66.7 %,,,122,538,0.2 %,1.1 %,5,3.3,0,1,1,2,0,1,1,2,0,1,1,2,,2,1,2,,,0,2.4,0,0,0.0 %,0.0 %,0,0,0.0 %,0.0 %,0,0,0.0 %,0.0 %,100.0 %,66.7 %,100.0 %,66.7 %,100.0 %,66.7 %,122,808,0,0,100.0 %,66.7 %
RDVY,12d RSI RDVY LT30 - L RDVY,1.2 %,9.3 %,611,4695,7.1 %,6.4 %,17.2 %,147.3 %,0.0 %,-3.2 %,4,4,0.3,0.3,75.0 %,100.0 %,0.5,,153,1133,0.3 %,2.3 %,2,3,1,0,3,4,1,0,2,4,1,0,1,4,3,,3,4,1.5,,0.3,4.2,-2670,0,-2.7 %,0.0 %,-690,0,-0.7 %,0.0 %,-690,0,-0.7 %,0.0 %,75.0 %,100.0 %,75.0 %,100.0 %,66.7 %,100.0 %,648,1133,-1335,0,50.0 %,100.0 %
REM,20d RSI REM LT28 - L REM,7.4 %,8.4 %,3700,4217,4.9 %,5.6 %,150.8 %,151.2 %,0.0 %,-10.6 %,2,3,0.2,0.2,100.0 %,100.0 %,,,1850,1380,3.7 %,2.8 %,3,3.7,0,0,2,3,0,0,2,3,0,0,2,2,,,2,3,,,13.7,1.8,0,0,0.0 %,0.0 %,0,0,0.0 %,0.0 %,0,0,0.0 %,0.0 %,100.0 %,100.0 %,100.0 %,100.0 %,100.0 %,100.0 %,1850,1380,0,0,100.0 %,100.0 %
REMX,7d RSI REMX LT20 - L REMX,9.5 %,15.1 %,4775,7581,18.8 %,7.2 %,50.9 %,211.4 %,-1.4 %,-4.4 %,6,3,0.5,0.2,66.7 %,100.0 %,3.7,,796,2405,1.6 %,4.8 %,4,3,2,0,3,3,2,0,3,3,1,0,2,3,2,,4,3,7.4,,1.5,5.7,-1494,0,-1.5 %,0.0 %,-1494,0,-1.5 %,0.0 %,-1494,0,-1.5 %,0.0 %,66.7 %,100.0 %,66.7 %,100.0 %,66.7 %,100.0 %,1380,2405,-374,0,75.0 %,100.0 %
RING,4d RSI RING LT12 - L RING,-9.8 %,7.5 %,-4914,3766,17.4 %,5.2 %,-56.6 %,145.4 %,-5.4 %,-6.9 %,4,4,0.3,0.3,25.0 %,50.0 %,0.2,4.3,-1229,940,-2.5 %,1.9 %,5.8,2.2,2,2,1,2,2,2,1,2,2,2,1,1,0.3,1,1,2,0.1,4.3,-2.4,1.1,-8168,-1147,-8.2 %,-2.3 %,-8168,-1147,-8.2 %,-2.3 %,-8168,-1147,-8.2 %,-2.3 %,25.0 %,50.0 %,25.0 %,50.0 %,25.0 %,50.0 %,391,2454,-1768,-574,25.0 %,33.3 %
RLY,21d RSI RLY LT36 - L RLY,0.6 %,8.4 %,317,4197,9.5 %,6.4 %,6.7 %,131.7 %,-0.6 %,-2.7 %,3,5,0.2,0.4,66.7 %,100.0 %,1,,106,812,0.2 %,1.6 %,3.3,2.2,1,0,2,5,1,0,2,5,1,0,2,4,2,,2,5,2.1,,0.6,3.5,-581,0,-0.6 %,0.0 %,-581,0,-0.6 %,0.0 %,-581,0,-0.6 %,0.0 %,66.7 %,100.0 %,66.7 %,100.0 %,66.7 %,100.0 %,304,812,-290,0,66.7 %,100.0 %
ROBO,21d RSI ROBO LT34 - L ROBO,-0.3 %,15.2 %,-149,7642,54.4 %,9.6 %,-0.5 %,159.8 %,-4.0 %,-6.1 %,6,6,0.5,0.5,50.0 %,100.0 %,0.9,,-25,1199,-0.0 %,2.4 %,4.2,3,1,0,1,6,1,0,1,6,2,0,1,6,1,,3,6,0.9,,-0.1,4.7,-3891,0,-3.9 %,0.0 %,-1856,0,-1.9 %,0.0 %,-4035,0,-4.0 %,0.0 %,50.0 %,100.0 %,50.0 %,100.0 %,40.0 %,100.0 %,908,1199,-958,0,50.0 %,100.0 %
RPV,3d RSI RPV LT10 - L RPV,-6.5 %,12.1 %,-3271,6059,20.7 %,12.8 %,-31.6 %,95.0 %,-3.9 %,-5.1 %,5,9,0.4,0.8,40.0 %,88.9 %,0.5,1.1,-654,640,-1.3 %,1.3 %,6,2.6,2,1,1,5,2,1,1,5,1,1,1,3,0.7,8,2,8,0.3,8.6,-1,3.3,-3676,-763,-3.7 %,-1.5 %,-3676,-763,-3.7 %,-1.5 %,-6170,-763,-6.2 %,-1.5 %,40.0 %,88.9 %,40.0 %,88.9 %,40.0 %,88.9 %,826,816,-1641,-763,50.0 %,85.7 %
RSP,20d RSI RSP LT35 - L RSP,-1.3 %,10.6 %,-654,5297,13.8 %,6.4 %,-9.5 %,166.2 %,-2.5 %,-2.5 %,4,5,0.3,0.4,25.0 %,100.0 %,1.4,,-164,1016,-0.3 %,2.0 %,4.8,2.2,3,0,1,5,3,0,1,5,2,0,1,5,0.3,,1,5,0.5,,-0.7,4.8,-2495,0,-2.5 %,0.0 %,-2495,0,-2.5 %,0.0 %,-2495,0,-2.5 %,0.0 %,25.0 %,100.0 %,25.0 %,100.0 %,25.0 %,100.0 %,594,1016,-416,0,33.3 %,100.0 %
RSPG,20d RSI RSPG LT37 - L RSPG,2.2 %,14.6 %,1082,7312,100.0 %,5.2 %,2.2 %,282.4 %,0.0 %,-9.2 %,1,4,0.1,0.3,100.0 %,100.0 %,,,1082,1740,2.2 %,3.5 %,3,2.2,0,0,1,4,0,0,1,4,0,0,1,3,,,1,4,,,0,3.3,0,0,0.0 %,0.0 %,0,0,0.0 %,0.0 %,0,0,0.0 %,0.0 %,100.0 %,100.0 %,100.0 %,100.0 %,100.0 %,100.0 %,1082,1740,0,0,100.0 %,100.0 %
RSPN,19d RSI RSPN LT35 - L RSPN,-0.2 %,7.0 %,-77,3505,60.7 %,5.2 %,-0.3 %,135.3 %,-0.6 %,-2.0 %,3,4,0.2,0.3,66.7 %,100.0 %,0.4,,-26,851,-0.1 %,1.7 %,4.7,2.2,1,0,2,4,1,0,2,4,1,0,1,4,2,,2,4,0.8,,-0.2,7.3,-640,0,-0.6 %,0.0 %,-640,0,-0.6 %,0.0 %,-208,0,-0.2 %,0.0 %,66.7 %,100.0 %,66.7 %,100.0 %,66.7 %,100.0 %,121,851,-320,0,50.0 %,100.0 %
RSPS,5d RSI RSPS LT14 - L RSPS,-5.0 %,8.5 %,-2523,4249,28.0 %,8.0 %,-18.0 %,106.7 %,-4.7 %,-3.3 %,3,5,0.2,0.4,0.0 %,100.0 %,0,,-841,819,-1.7 %,1.6 %,8,3,3,0,0,5,3,0,0,5,3,0,0,5,0,,0,5,0,,-2.3,21.4,-5046,0,-5.0 %,0.0 %,-5046,0,-5.0 %,0.0 %,-5046,0,-5.0 %,0.0 %,0.0 %,100.0 %,0.0 %,100.0 %,0.0 %,100.0 %,0,819,-841,0,0.0 %,100.0 %
RSPT,20d RSI RSPT LT35 - L RSPT,0.7 %,4.5 %,363,2258,100.0 %,6.0 %,0.7 %,75.6 %,0.0 %,-5.7 %,1,4,0.1,0.3,100.0 %,75.0 %,,2.6,363,556,0.7 %,1.1 %,4,2.8,0,1,1,3,0,1,1,3,0,1,1,2,,3,1,3,,7.9,0,1.9,0,-321,0.0 %,-0.6 %,0,-321,0.0 %,-0.6 %,0,-321,0.0 %,-0.6 %,100.0 %,75.0 %,100.0 %,75.0 %,100.0 %,75.0 %,363,849,0,-321,100.0 %,66.7 %
RWM,5d RSI RWM LT18 - L RWM,2.2 %,4.2 %,1094,2096,7.3 %,5.2 %,29.8 %,81.0 %,-1.6 %,-2.7 %,4,3,0.3,0.2,75.0 %,66.7 %,0.8,10.9,273,691,0.5 %,1.4 %,3.2,3.3,1,1,3,2,1,1,3,2,1,0,2,2,3,2,3,2,2.3,21.8,0.8,1.8,-1711,-100,-1.7 %,-0.2 %,-1711,-100,-1.7 %,-0.2 %,-1134,0,-1.1 %,0.0 %,75.0 %,66.7 %,75.0 %,66.7 %,75.0 %,66.7 %,650,1086,-856,-100,66.7 %,100.0 %
RWR,20d RSI RWR LT30 - L RWR,-0.6 %,5.7 %,-275,2842,100.0 %,6.8 %,-0.6 %,83.9 %,0.0 %,-5.5 %,1,4,0.1,0.3,0.0 %,75.0 %,0,1.3,-275,703,-0.6 %,1.4 %,6,3.2,1,1,0,2,1,1,0,2,1,0,0,3,0,3,0,3,0,3.8,0,1.4,-550,-1020,-0.6 %,-2.0 %,-550,-1020,-0.6 %,-2.0 %,-550,0,-0.6 %,0.0 %,0.0 %,75.0 %,0.0 %,75.0 %,0.0 %,75.0 %,0,1278,-275,-1020,0.0 %,100.0 %
SCHA,19d RSI SCHA LT32 - L SCHA,4.5 %,10.2 %,2245,5146,38.5 %,5.2 %,11.7 %,198.7 %,0.0 %,-6.5 %,3,3,0.2,0.2,100.0 %,100.0 %,,,748,1656,1.5 %,3.3 %,2.3,3.3,0,0,3,3,0,0,3,3,0,0,2,3,,,3,3,,,8.7,5.2,0,0,0.0 %,0.0 %,0,0,0.0 %,0.0 %,0,0,0.0 %,0.0 %,100.0 %,100.0 %,100.0 %,100.0 %,100.0 %,100.0 %,748,1656,0,0,100.0 %,100.0 %
SCHB,21d RSI SCHB LT36 - L SCHB,3.2 %,16.2 %,1613,8149,40.0 %,10.4 %,8.1 %,157.3 %,0.0 %,-4.0 %,3,7,0.2,0.6,100.0 %,100.0 %,,,538,1089,1.1 %,2.2 %,2.3,2.7,0,0,3,7,0,0,3,7,0,0,2,6,,,3,7,,,3.2,5.4,0,0,0.0 %,0.0 %,0,0,0.0 %,0.0 %,0,0,0.0 %,0.0 %,100.0 %,100.0 %,100.0 %,100.0 %,100.0 %,100.0 %,538,1089,0,0,100.0 %,100.0 %
SCHC,21d RSI SCHC LT35 - L SCHC,-1.5 %,16.6 %,-754,8352,60.0 %,14.7 %,-2.5 %,113.3 %,-2.0 %,-3.7 %,3,11,0.2,0.9,33.3 %,90.9 %,0.5,2.5,-251,708,-0.5 %,1.4 %,4,2.4,2,1,1,9,2,1,1,8,1,1,1,6,0.5,10,1,10,0.3,25.4,-1.1,3.8,-2058,-319,-2.1 %,-0.6 %,-2058,-197,-2.1 %,-0.4 %,-2058,-197,-2.1 %,-0.4 %,33.3 %,90.9 %,33.3 %,90.9 %,33.3 %,88.9 %,275,811,-514,-319,50.0 %,85.7 %
SCHD,13d RSI SCHD LT30 - L SCHD,2.5 %,10.4 %,1249,5203,11.8 %,5.6 %,21.1 %,186.6 %,-0.7 %,-2.1 %,5,5,0.4,0.4,60.0 %,100.0 %,1.4,,250,998,0.5 %,2.0 %,3,1.8,1,0,2,5,1,0,2,5,0,0,3,5,1.5,,3,5,2.1,,0.7,4.7,-1626,0,-1.6 %,0.0 %,-1626,0,-1.6 %,0.0 %,0,0,0.0 %,0.0 %,60.0 %,100.0 %,60.0 %,100.0 %,60.0 %,100.0 %,812,998,-594,0,100.0 %,100.0 %
SCHF,16d RSI SCHF LT32 - L SCHF,1.4 %,15.7 %,701,7892,17.0 %,10.8 %,8.3 %,146.7 %,-0.3 %,-2.8 %,3,8,0.2,0.7,66.7 %,100.0 %,3.2,,234,925,0.5 %,1.9 %,2,2.4,1,0,1,8,1,0,1,8,0,0,2,7,2,,2,8,6.4,,1.2,4.3,-261,0,-0.3 %,0.0 %,-261,0,-0.3 %,0.0 %,0,0,0.0 %,0.0 %,66.7 %,100.0 %,66.7 %,100.0 %,66.7 %,100.0 %,416,925,-130,0,100.0 %,100.0 %
SCHK,19d RSI SCHK LT35 - L SCHK,3.2 %,16.7 %,1601,8380,40.0 %,10.0 %,8.0 %,168.3 %,0.0 %,-4.0 %,3,7,0.2,0.6,100.0 %,100.0 %,,,534,1118,1.1 %,2.2 %,2.3,2.6,0,0,3,7,0,0,3,7,0,0,2,6,,,3,7,,,3.2,5.6,0,0,0.0 %,0.0 %,0,0,0.0 %,0.0 %,0,0,0.0 %,0.0 %,100.0 %,100.0 %,100.0 %,100.0 %,100.0 %,100.0 %,534,1118,0,0,100.0 %,100.0 %
SCHM,20d RSI SCHM LT34 - L SCHM,6.3 %,10.2 %,3163,5112,7.2 %,6.8 %,88.0 %,151.0 %,0.0 %,-4.9 %,4,4,0.3,0.3,100.0 %,100.0 %,,,791,1230,1.6 %,2.5 %,2,3.2,0,0,4,4,0,0,4,4,0,0,3,4,,,4,4,,,28.2,4.3,0,0,0.0 %,0.0 %,0,0,0.0 %,0.0 %,0,0,0.0 %,0.0 %,100.0 %,100.0 %,100.0 %,100.0 %,100.0 %,100.0 %,791,1230,0,0,100.0 %,100.0 %
SCHP,4d RSI SCHP LT11 - L SCHP,0.1 %,1.6 %,42,825,16.4 %,7.6 %,0.5 %,21.8 %,0.0 %,-2.3 %,2,5,0.2,0.4,100.0 %,60.0 %,,3,21,164,0.0 %,0.3 %,4,2.8,0,1,2,3,0,1,2,3,0,1,2,2,,1.5,2,3,,4.5,139.7,1.2,0,-234,0.0 %,-0.5 %,0,-234,0.0 %,-0.5 %,0,0,0.0 %,0.0 %,100.0 %,60.0 %,100.0 %,60.0 %,100.0 %,60.0 %,21,351,0,-117,100.0 %,66.7 %
SCHV,11d RSI SCHV LT27 - L SCHV,1.7 %,7.1 %,833,3551,9.5 %,5.2 %,17.5 %,137.1 %,-0.5 %,-2.4 %,4,4,0.3,0.3,50.0 %,100.0 %,3.8,,208,864,0.4 %,1.7 %,3,2.2,1,0,1,4,1,0,1,4,1,0,2,4,1,,2,4,3.8,,0.9,3.6,-497,0,-0.5 %,0.0 %,-497,0,-0.5 %,0.0 %,-101,0,-0.1 %,0.0 %,50.0 %,100.0 %,50.0 %,100.0 %,50.0 %,100.0 %,566,864,-150,0,66.7 %,100.0 %
SCHX,19d RSI SCHX LT35 - L SCHX,2.7 %,14.1 %,1344,7074,35.0 %,9.6 %,7.7 %,148.0 %,0.0 %,-4.1 %,2,7,0.2,0.6,100.0 %,100.0 %,,,672,954,1.3 %,1.9 %,2.5,2.4,0,0,2,7,0,0,2,7,0,0,1,6,,,2,7,,,2.9,4.5,0,0,0.0 %,0.0 %,0,0,0.0 %,0.0 %,0,0,0.0 %,0.0 %,100.0 %,100.0 %,100.0 %,100.0 %,100.0 %,100.0 %,672,954,0,0,100.0 %,100.0 %
SCZ,18d RSI SCZ LT29 - L SCZ,3.6 %,11.9 %,1816,6001,33.3 %,5.6 %,10.9 %,215.2 %,0.0 %,-1.5 %,2,4,0.2,0.3,100.0 %,100.0 %,,,908,1435,1.8 %,2.9 %,2.5,2.5,0,0,2,4,0,0,2,4,0,0,1,4,,,2,4,,,2.8,4.8,0,0,0.0 %,0.0 %,0,0,0.0 %,0.0 %,0,0,0.0 %,0.0 %,100.0 %,100.0 %,100.0 %,100.0 %,100.0 %,100.0 %,908,1435,0,0,100.0 %,100.0 %
SDIV,10d RSI SDIV LT20 - L SDIV,2.8 %,3.5 %,1379,1777,71.4 %,5.6 %,3.9 %,63.7 %,0.0 %,-4.2 %,2,3,0.2,0.2,100.0 %,100.0 %,,,689,585,1.4 %,1.2 %,1.5,3.7,0,0,2,3,0,0,2,3,0,0,1,3,,,2,3,,,8.4,2.3,0,0,0.0 %,0.0 %,0,0,0.0 %,0.0 %,0,0,0.0 %,0.0 %,100.0 %,100.0 %,100.0 %,100.0 %,100.0 %,100.0 %,689,585,0,0,100.0 %,100.0 %
SDS,4d RSI SDS LT18 - L SDS,3.2 %,16.8 %,1599,8455,24.1 %,7.6 %,13.3 %,223.4 %,-2.6 %,-2.2 %,10,6,0.8,0.5,60.0 %,100.0 %,1,,160,1319,0.3 %,2.6 %,4.4,2.2,1,0,3,6,1,0,3,6,2,0,3,4,1.5,,6,6,1.4,,0.5,4.6,-2330,0,-2.3 %,0.0 %,-2330,0,-2.3 %,0.0 %,-1778,0,-1.8 %,0.0 %,60.0 %,100.0 %,60.0 %,100.0 %,60.0 %,100.0 %,879,1319,-919,0,57.1 %,100.0 %
SDVY,20d RSI SDVY LT37 - L SDVY,5.0 %,13.0 %,2502,6509,7.7 %,6.4 %,64.7 %,204.2 %,0.0 %,-2.5 %,4,5,0.3,0.4,75.0 %,100.0 %,1.2,,626,1237,1.3 %,2.5 %,2.2,2.2,1,0,3,5,1,0,3,4,0,0,2,4,3,,3,5,3.7,,1.1,5.3,-1855,0,-1.9 %,0.0 %,-1855,0,-1.9 %,0.0 %,0,0,0.0 %,0.0 %,75.0 %,100.0 %,75.0 %,100.0 %,75.0 %,100.0 %,1143,1237,-927,0,100.0 %,100.0 %
SDY,7d RSI SDY LT19 - L SDY,0.6 %,2.8 %,324,1410,13.2 %,6.4 %,4.9 %,44.2 %,-1.1 %,-3.3 %,3,3,0.2,0.2,66.7 %,100.0 %,0.8,,108,465,0.2 %,0.9 %,5.7,4.3,1,0,2,3,1,0,2,3,1,0,2,3,2,,2,3,1.6,,0.4,2.9,-1129,0,-1.1 %,0.0 %,-1129,0,-1.1 %,0.0 %,-1129,0,-1.1 %,0.0 %,66.7 %,100.0 %,66.7 %,100.0 %,66.7 %,100.0 %,444,465,-564,0,66.7 %,100.0 %
SECT,19d RSI SECT LT36 - L SECT,0.2 %,13.9 %,100,6968,100.0 %,9.6 %,0.2 %,145.8 %,0.0 %,-3.5 %,1,6,0.1,0.5,100.0 %,100.0 %,,,100,1096,0.2 %,2.2 %,2,3,0,0,1,6,0,0,1,6,0,0,1,6,,,1,6,,,0,9.8,0,0,0.0 %,0.0 %,0,0,0.0 %,0.0 %,0,0,0.0 %,0.0 %,100.0 %,100.0 %,100.0 %,100.0 %,100.0 %,100.0 %,100,1096,0,0,100.0 %,100.0 %
SGOL,17d RSI SGOL LT33 - L SGOL,-2.0 %,1.3 %,-1008,650,100.0 %,9.2 %,-2.0 %,14.2 %,0.0 %,-2.7 %,1,4,0.1,0.3,0.0 %,75.0 %,0,0.7,-1008,163,-2.0 %,0.3 %,6,4.8,1,1,0,2,1,1,0,2,1,1,0,1,0,3,0,3,0,2.1,0,0.7,-2016,-599,-2.0 %,-1.2 %,-2016,-599,-2.0 %,-1.2 %,-2016,-599,-2.0 %,-1.2 %,0.0 %,75.0 %,0.0 %,75.0 %,0.0 %,75.0 %,0,417,-1008,-599,0.0 %,66.7 %
SH,4d RSI SH LT18 - L SH,0.0 %,9.4 %,20,4712,21.6 %,8.4 %,0.2 %,112.6 %,-2.8 %,-1.0 %,8,6,0.7,0.5,50.0 %,100.0 %,1,,2,754,0.0 %,1.5 %,5.2,2.5,2,0,3,6,2,0,3,6,2,0,3,4,1,,4,6,1,,0,8.7,-1798,0,-1.8 %,0.0 %,-1798,0,-1.8 %,0.0 %,-1346,0,-1.3 %,0.0 %,50.0 %,100.0 %,50.0 %,100.0 %,50.0 %,100.0 %,398,754,-393,0,57.1 %,100.0 %
SIL,4d RSI SIL LT11 - L SIL,-9.4 %,9.7 %,-4678,4880,17.1 %,5.2 %,-54.8 %,188.5 %,-4.7 %,-5.4 %,3,4,0.2,0.3,0.0 %,100.0 %,0,,-1559,1178,-3.1 %,2.4 %,8,2.2,3,0,0,4,3,0,0,4,3,0,0,3,0,,0,4,0,,-3.5,3.5,-9356,0,-9.4 %,0.0 %,-9356,0,-9.4 %,0.0 %,-9356,0,-9.4 %,0.0 %,0.0 %,100.0 %,0.0 %,100.0 %,0.0 %,100.0 %,0,1178,-1559,0,0.0 %,100.0 %
SILJ,16d RSI SILJ LT34 - L SILJ,0.8 %,19.1 %,391,9615,17.2 %,9.2 %,4.5 %,209.9 %,-1.4 %,-8.4 %,5,8,0.4,0.7,40.0 %,87.5 %,2.1,1.5,78,1119,0.2 %,2.2 %,4.4,1.9,3,1,2,5,3,1,2,4,3,0,2,3,0.7,7,2,7,1.4,10.7,0.3,2.9,-1919,-922,-1.9 %,-1.8 %,-1919,-922,-1.9 %,-1.8 %,-1919,0,-1.9 %,0.0 %,40.0 %,87.5 %,40.0 %,87.5 %,40.0 %,85.7 %,675,1411,-320,-922,40.0 %,100.0 %
SIVR,5d RSI SIVR LT10 - L SIVR,3.2 %,2.0 %,1597,1000,4.4 %,5.2 %,73.0 %,38.6 %,0.0 %,-2.9 %,2,3,0.2,0.2,100.0 %,66.7 %,,3.6,799,331,1.6 %,0.7 %,2.5,3.3,0,1,2,1,0,1,2,1,0,1,2,1,,2,2,2,,7.1,77.4,1.6,0,-162,0.0 %,-0.3 %,0,-162,0.0 %,-0.3 %,0,-162,0.0 %,-0.3 %,100.0 %,66.7 %,100.0 %,66.7 %,100.0 %,66.7 %,799,578,0,-162,100.0 %,66.7 %
SJB,7d RSI SJB LT28 - L SJB,0.5 %,3.5 %,261,1742,19.2 %,7.2 %,2.7 %,48.6 %,-1.7 %,-0.8 %,8,6,0.7,0.5,37.5 %,100.0 %,2.1,,33,286,0.1 %,0.6 %,4.8,2,4,0,3,6,4,0,3,5,2,0,3,5,0.6,,3,6,1.3,,0.3,3,-1739,0,-1.7 %,0.0 %,-1739,0,-1.7 %,0.0 %,-1739,0,-1.7 %,0.0 %,37.5 %,100.0 %,37.5 %,100.0 %,37.5 %,100.0 %,397,286,-186,0,50.0 %,100.0 %
SJNK,10d RSI SJNK LT25 - L SJNK,0.4 %,6.0 %,224,3027,100.0 %,6.0 %,0.4 %,101.3 %,0.0 %,-0.3 %,1,5,0.1,0.4,100.0 %,100.0 %,,,224,590,0.4 %,1.2 %,2,2,0,0,1,5,0,0,1,5,0,0,1,5,,,1,5,,,0,3.6,0,0,0.0 %,0.0 %,0,0,0.0 %,0.0 %,0,0,0.0 %,0.0 %,100.0 %,100.0 %,100.0 %,100.0 %,100.0 %,100.0 %,224,590,0,0,100.0 %,100.0 %
SKYY,4d RSI SKYY LT10 - L SKYY,0.5 %,13.9 %,259,6984,100.0 %,6.8 %,0.5 %,206.2 %,0.0 %,-7.2 %,1,4,0.1,0.3,100.0 %,100.0 %,,,259,1657,0.5 %,3.3 %,5,3.2,0,0,1,4,0,0,1,4,0,0,1,2,,,1,4,,,0,7.6,0,0,0.0 %,0.0 %,0,0,0.0 %,0.0 %,0,0,0.0 %,0.0 %,100.0 %,100.0 %,100.0 %,100.0 %,100.0 %,100.0 %,259,1657,0,0,100.0 %,100.0 %
SLV,5d RSI SLV LT10 - L SLV,3.1 %,2.1 %,1564,1046,4.4 %,5.2 %,71.5 %,40.4 %,0.0 %,-3.0 %,2,3,0.2,0.2,100.0 %,66.7 %,,5.1,782,346,1.6 %,0.7 %,2.5,3.3,0,1,2,1,0,1,2,1,0,1,2,1,,2,2,2,,10.2,68.8,1.9,0,-113,0.0 %,-0.2 %,0,-113,0.0 %,-0.2 %,0,-113,0.0 %,-0.2 %,100.0 %,66.7 %,100.0 %,66.7 %,100.0 %,66.7 %,782,575,0,-113,100.0 %,66.7 %
SLVP,4d RSI SLVP LT12 - L SLVP,-13.8 %,6.9 %,-6896,3462,26.9 %,5.6 %,-51.3 %,124.2 %,-9.7 %,-7.6 %,4,4,0.3,0.3,25.0 %,75.0 %,0.1,1,-1724,865,-3.4 %,1.7 %,10,2.5,2,1,1,2,2,1,1,2,2,0,1,3,0.3,3,1,3,0,3,-2.7,1.1,-11017,-1698,-11.0 %,-3.4 %,-11017,-1698,-11.0 %,-3.4 %,-11017,0,-11.0 %,0.0 %,25.0 %,75.0 %,25.0 %,75.0 %,25.0 %,75.0 %,286,1719,-2394,-1698,25.0 %,100.0 %
SLYG,16d RSI SLYG LT33 - L SLYG,1.6 %,8.9 %,809,4471,6.2 %,7.2 %,26.1 %,124.7 %,0.0 %,-6.5 %,2,4,0.2,0.3,100.0 %,100.0 %,,,405,1084,0.8 %,2.2 %,3.5,3.5,0,0,2,4,0,0,2,4,0,0,2,4,,,2,4,,,1.5,2.8,0,0,0.0 %,0.0 %,0,0,0.0 %,0.0 %,0,0,0.0 %,0.0 %,100.0 %,100.0 %,100.0 %,100.0 %,100.0 %,100.0 %,405,1084,0,0,100.0 %,100.0 %
SLYV,15d RSI SLYV LT33 - L SLYV,4.6 %,15.4 %,2286,7753,14.8 %,8.0 %,30.9 %,194.6 %,0.0 %,-2.4 %,5,6,0.4,0.5,80.0 %,100.0 %,1.2,,457,1214,0.9 %,2.4 %,4,2.3,1,0,4,6,1,0,4,6,0,0,4,5,4,,4,6,4.8,,1.5,6.1,-1197,0,-1.2 %,0.0 %,-1197,0,-1.2 %,0.0 %,0,0,0.0 %,0.0 %,80.0 %,100.0 %,80.0 %,100.0 %,80.0 %,100.0 %,721,1214,-598,0,100.0 %,100.0 %
SMH,5d RSI SMH LT15 - L SMH,8.9 %,9.8 %,4469,4941,10.6 %,6.8 %,84.2 %,145.9 %,0.0 %,-4.6 %,3,4,0.2,0.3,100.0 %,100.0 %,,,1490,1189,3.0 %,2.4 %,3,3.2,0,0,3,4,0,0,3,4,0,0,3,4,,,3,4,,,14.4,5.3,0,0,0.0 %,0.0 %,0,0,0.0 %,0.0 %,0,0,0.0 %,0.0 %,100.0 %,100.0 %,100.0 %,100.0 %,100.0 %,100.0 %,1490,1189,0,0,100.0 %,100.0 %
SMIN,20d RSI SMIN LT36 - L SMIN,1.7 %,19.5 %,861,9797,100.0 %,13.6 %,1.7 %,144.6 %,0.0 %,-4.4 %,1,10,0.1,0.8,100.0 %,80.0 %,,2,861,908,1.7 %,1.8 %,1,2.4,0,1,1,4,0,1,1,4,0,0,1,5,,4,1,8,,8,0,3.1,0,-1195,0.0 %,-2.4 %,0,-1195,0.0 %,-2.4 %,0,0,0.0 %,0.0 %,100.0 %,80.0 %,100.0 %,80.0 %,100.0 %,80.0 %,861,1298,0,-651,100.0 %,100.0 %
SMLF,14d RSI SMLF LT34 - L SMLF,7.8 %,10.7 %,3891,5344,18.3 %,9.6 %,42.4 %,111.8 %,0.0 %,-4.7 %,7,6,0.6,0.5,85.7 %,83.3 %,15.8,2.9,556,855,1.1 %,1.7 %,3.4,3,1,1,6,4,0,1,6,4,0,0,5,5,6,5,6,5,94.7,14.3,2.8,2.9,-83,-387,-0.1 %,-0.8 %,0,-387,0.0 %,-0.8 %,0,0,0.0 %,0.0 %,85.7 %,83.3 %,85.7 %,83.3 %,100.0 %,83.3 %,655,1104,-42,-387,100.0 %,100.0 %
SMMD,17d RSI SMMD LT31 - L SMMD,4.7 %,8.0 %,2363,4008,6.0 %,5.6 %,78.8 %,143.7 %,0.0 %,-5.6 %,3,3,0.2,0.2,100.0 %,100.0 %,,,788,1304,1.6 %,2.6 %,2,3.7,0,0,3,3,0,0,3,3,0,0,3,3,,,3,3,,,11.3,2.6,0,0,0.0 %,0.0 %,0,0,0.0 %,0.0 %,0,0,0.0 %,0.0 %,100.0 %,100.0 %,100.0 %,100.0 %,100.0 %,100.0 %,788,1304,0,0,100.0 %,100.0 %
SOXL,4d RSI SOXL LT13 - L SOXL,17.1 %,23.2 %,8555,11641,11.5 %,7.6 %,148.7 %,307.6 %,0.0 %,-14.1 %,3,4,0.2,0.3,100.0 %,75.0 %,,2.6,2852,2742,5.7 %,5.5 %,3.3,3.8,0,1,3,3,0,1,3,3,0,1,3,3,,3,3,3,,7.7,2.9,2.1,0,-1645,0.0 %,-3.3 %,0,-1645,0.0 %,-3.3 %,0,-1645,0.0 %,-3.3 %,100.0 %,75.0 %,100.0 %,75.0 %,100.0 %,75.0 %,2852,4204,0,-1645,100.0 %,75.0 %
SOXS,3d RSI SOXS LT10 - L SOXS,5.9 %,14.7 %,2958,7356,15.5 %,5.2 %,38.1 %,284.0 %,-15.9 %,-12.5 %,6,3,0.5,0.2,50.0 %,100.0 %,1.3,,493,2353,1.0 %,4.7 %,5.2,3.3,2,0,2,3,2,0,2,3,2,0,2,3,1,,3,3,1.3,,0.3,2.7,-20095,0,-20.1 %,0.0 %,-20095,0,-20.1 %,0.0 %,-20095,0,-20.1 %,0.0 %,50.0 %,100.0 %,50.0 %,100.0 %,50.0 %,100.0 %,4785,2353,-3799,0,50.0 %,100.0 %
SOXX,5d RSI SOXX LT16 - L SOXX,8.1 %,10.1 %,4071,5091,10.6 %,6.8 %,76.7 %,150.3 %,0.0 %,-4.9 %,3,4,0.2,0.3,100.0 %,100.0 %,,,1357,1225,2.7 %,2.5 %,3,3.2,0,0,3,4,0,0,3,4,0,0,3,4,,,3,4,,,27,4.8,0,0,0.0 %,0.0 %,0,0,0.0 %,0.0 %,0,0,0.0 %,0.0 %,100.0 %,100.0 %,100.0 %,100.0 %,100.0 %,100.0 %,1357,1225,0,0,100.0 %,100.0 %
SOYB,21d RSI SOYB LT37 - L SOYB,-2.8 %,13.2 %,-1402,6605,39.6 %,6.0 %,-7.1 %,221.1 %,-3.0 %,-1.9 %,4,4,0.3,0.3,50.0 %,100.0 %,0.3,,-351,1570,-0.7 %,3.1 %,4.2,2.8,1,0,1,4,1,0,1,4,1,0,1,2,1,,2,4,0.3,,-0.9,18.3,-2941,0,-2.9 %,0.0 %,-2941,0,-2.9 %,0.0 %,-2941,0,-2.9 %,0.0 %,50.0 %,100.0 %,50.0 %,100.0 %,50.0 %,100.0 %,316,1570,-1017,0,50.0 %,100.0 %
SPAB,8d RSI SPAB LT17 - L SPAB,0.7 %,3.9 %,368,1948,100.0 %,6.4 %,0.7 %,61.1 %,0.0 %,-0.7 %,1,6,0.1,0.5,100.0 %,83.3 %,,,368,319,0.7 %,0.6 %,2,1.7,0,1,1,5,0,1,1,5,0,0,1,4,,5,1,5,,,0,4.2,0,0,0.0 %,0.0 %,0,0,0.0 %,0.0 %,0,0,0.0 %,0.0 %,100.0 %,83.3 %,100.0 %,83.3 %,100.0 %,83.3 %,368,382,0,0,100.0 %,100.0 %
SPDN,4d RSI SPDN LT18 - L SPDN,1.3 %,7.2 %,635,3589,22.1 %,8.0 %,5.7 %,90.1 %,-2.2 %,-1.3 %,9,6,0.8,0.5,55.6 %,100.0 %,1.1,,71,580,0.1 %,1.2 %,4.6,2.3,2,0,3,6,2,0,3,6,4,0,3,4,1.2,,5,6,1.4,,0.4,3.6,-1567,0,-1.6 %,0.0 %,-1567,0,-1.6 %,0.0 %,-2292,0,-2.3 %,0.0 %,55.6 %,100.0 %,55.6 %,100.0 %,55.6 %,100.0 %,482,580,-444,0,42.9 %,100.0 %
SPDW,14d RSI SPDW LT31 - L SPDW,1.5 %,16.6 %,731,8356,24.5 %,12.3 %,6.0 %,135.3 %,-0.3 %,-2.8 %,4,9,0.3,0.8,75.0 %,100.0 %,2.1,,183,866,0.4 %,1.7 %,2.2,2.4,1,0,2,9,1,0,2,9,0,0,3,7,3,,3,9,6.2,,1.6,4.3,-283,0,-0.3 %,0.0 %,-283,0,-0.3 %,0.0 %,0,0,0.0 %,0.0 %,75.0 %,100.0 %,75.0 %,100.0 %,75.0 %,100.0 %,291,866,-141,0,100.0 %,100.0 %
SPGM,21d RSI SPGM LT34 - L SPGM,1.6 %,10.9 %,777,5469,30.0 %,6.4 %,5.2 %,171.6 %,0.0 %,-2.1 %,2,5,0.2,0.4,100.0 %,100.0 %,,,389,1047,0.8 %,2.1 %,2,2.2,0,0,2,5,0,0,2,5,0,0,1,5,,,2,5,,,21.2,4.8,0,0,0.0 %,0.0 %,0,0,0.0 %,0.0 %,0,0,0.0 %,0.0 %,100.0 %,100.0 %,100.0 %,100.0 %,100.0 %,100.0 %,389,1047,0,0,100.0 %,100.0 %
SPHB,21d RSI SPHB LT37 - L SPHB,2.1 %,26.3 %,1067,13201,64.5 %,6.4 %,3.3 %,414.2 %,0.0 %,-2.2 %,3,5,0.2,0.4,66.7 %,100.0 %,5.4,,356,2399,0.7 %,4.8 %,5.7,2.2,1,0,2,5,1,0,2,5,1,0,2,5,2,,2,5,10.8,,1.4,5.4,-218,0,-0.2 %,0.0 %,-218,0,-0.2 %,0.0 %,-218,0,-0.2 %,0.0 %,66.7 %,100.0 %,66.7 %,100.0 %,66.7 %,100.0 %,588,2399,-109,0,66.7 %,100.0 %
SPHD,4d RSI SPHD LT12 - L SPHD,0.6 %,1.6 %,290,805,15.7 %,6.8 %,3.7 %,23.8 %,-1.2 %,-4.4 %,4,4,0.3,0.3,75.0 %,50.0 %,0.5,1.5,73,210,0.1 %,0.4 %,5.2,3.2,1,1,3,1,1,1,3,1,1,1,2,1,3,1,3,2,1.5,1.5,0.4,0.4,-1269,-919,-1.3 %,-1.8 %,-1269,-919,-1.3 %,-1.8 %,-1269,-919,-1.3 %,-1.8 %,75.0 %,50.0 %,75.0 %,50.0 %,75.0 %,50.0 %,308,1207,-635,-787,66.7 %,50.0 %
SPHQ,18d RSI SPHQ LT34 - L SPHQ,0.7 %,10.3 %,341,5150,100.0 %,7.2 %,0.7 %,143.6 %,0.0 %,-4.0 %,1,5,0.1,0.4,100.0 %,100.0 %,,,341,988,0.7 %,2.0 %,3,2.6,0,0,1,5,0,0,1,5,0,0,1,5,,,1,5,,,0,4.7,0,0,0.0 %,0.0 %,0,0,0.0 %,0.0 %,0,0,0.0 %,0.0 %,100.0 %,100.0 %,100.0 %,100.0 %,100.0 %,100.0 %,341,988,0,0,100.0 %,100.0 %
SPIP,18d RSI SPIP LT32 - L SPIP,1.0 %,3.5 %,488,1755,100.0 %,8.4 %,1.0 %,42.0 %,0.0 %,-2.7 %,1,6,0.1,0.5,100.0 %,66.7 %,,2.3,488,289,1.0 %,0.6 %,4,2.5,0,2,1,2,0,2,1,2,0,1,1,2,,2,1,4,,4.7,0,1.7,0,0,0.0 %,0.0 %,0,0,0.0 %,0.0 %,0,-473,0.0 %,-0.9 %,100.0 %,66.7 %,100.0 %,66.7 %,100.0 %,66.7 %,488,552,0,-236,100.0 %,75.0 %
SPLV,12d RSI SPLV LT24 - L SPLV,2.0 %,2.9 %,1017,1473,9.6 %,5.2 %,21.2 %,56.9 %,0.0 %,-3.5 %,2,3,0.2,0.2,100.0 %,100.0 %,,,508,485,1.0 %,1.0 %,3,3.3,0,0,2,3,0,0,2,3,0,0,2,3,,,2,3,,,2.6,2.4,0,0,0.0 %,0.0 %,0,0,0.0 %,0.0 %,0,0,0.0 %,0.0 %,100.0 %,100.0 %,100.0 %,100.0 %,100.0 %,100.0 %,508,485,0,0,100.0 %,100.0 %
SPMD,21d RSI SPMD LT35 - L SPMD,5.7 %,10.6 %,2847,5341,8.4 %,6.4 %,67.9 %,167.6 %,0.0 %,-5.5 %,4,4,0.3,0.3,100.0 %,100.0 %,,,712,1281,1.4 %,2.6 %,2.5,3,0,0,4,4,0,0,4,4,0,0,3,4,,,4,4,,,6.5,6.9,0,0,0.0 %,0.0 %,0,0,0.0 %,0.0 %,0,0,0.0 %,0.0 %,100.0 %,100.0 %,100.0 %,100.0 %,100.0 %,100.0 %,712,1281,0,0,100.0 %,100.0 %
SPMO,11d RSI SPMO LT26 - L SPMO,1.0 %,6.9 %,495,3462,100.0 %,5.2 %,1.0 %,133.7 %,0.0 %,-3.6 %,1,3,0.1,0.2,100.0 %,100.0 %,,,495,1125,1.0 %,2.2 %,1,3.3,0,0,1,3,0,0,1,3,0,0,1,3,,,1,3,,,0,5.1,0,0,0.0 %,0.0 %,0,0,0.0 %,0.0 %,0,0,0.0 %,0.0 %,100.0 %,100.0 %,100.0 %,100.0 %,100.0 %,100.0 %,495,1125,0,0,100.0 %,100.0 %
SPPP,6d RSI SPPP LT22 - L SPPP,-3.3 %,13.8 %,-1666,6918,25.2 %,5.2 %,-13.2 %,267.1 %,-3.1 %,-1.0 %,9,4,0.8,0.3,44.4 %,100.0 %,0.8,,-185,1649,-0.4 %,3.3 %,4.9,2.2,2,0,2,4,2,0,2,4,2,0,1,4,0.8,,4,4,0.7,,-0.5,3.5,-6692,0,-6.7 %,0.0 %,-6692,0,-6.7 %,0.0 %,-499,0,-0.5 %,0.0 %,44.4 %,100.0 %,44.4 %,100.0 %,44.4 %,100.0 %,857,1649,-1018,0,42.9 %,100.0 %
SPSM,19d RSI SPSM LT35 - L SPSM,4.2 %,11.5 %,2104,5753,11.9 %,7.6 %,35.3 %,152.0 %,0.0 %,-6.1 %,4,5,0.3,0.4,100.0 %,100.0 %,,,526,1099,1.1 %,2.2 %,4,2.8,0,0,4,5,0,0,4,5,0,0,4,5,,,4,5,,,3.4,5.2,0,0,0.0 %,0.0 %,0,0,0.0 %,0.0 %,0,0,0.0 %,0.0 %,100.0 %,100.0 %,100.0 %,100.0 %,100.0 %,100.0 %,526,1099,0,0,100.0 %,100.0 %
SPTL,11d RSI SPTL LT25 - L SPTL,0.3 %,8.2 %,136,4117,22.9 %,6.0 %,1.2 %,137.8 %,-1.5 %,-3.0 %,2,5,0.2,0.4,50.0 %,100.0 %,1.2,,68,797,0.1 %,1.6 %,4.5,2,1,0,1,5,1,0,1,5,1,0,1,5,1,,1,5,1.2,,0.1,3.3,-1479,0,-1.5 %,0.0 %,-1479,0,-1.5 %,0.0 %,-1479,0,-1.5 %,0.0 %,50.0 %,100.0 %,50.0 %,100.0 %,50.0 %,100.0 %,875,797,-740,0,50.0 %,100.0 %
SPTM,18d RSI SPTM LT35 - L SPTM,3.1 %,15.1 %,1553,7560,40.0 %,10.4 %,7.8 %,146.0 %,0.0 %,-3.9 %,3,7,0.2,0.6,100.0 %,100.0 %,,,518,1015,1.0 %,2.0 %,2.3,2.7,0,0,3,7,0,0,3,7,0,0,2,6,,,3,7,,,3.6,5.3,0,0,0.0 %,0.0 %,0,0,0.0 %,0.0 %,0,0,0.0 %,0.0 %,100.0 %,100.0 %,100.0 %,100.0 %,100.0 %,100.0 %,518,1015,0,0,100.0 %,100.0 %
SPXL,20d RSI SPXL LT36 - L SPXL,5.6 %,36.7 %,2810,18442,44.0 %,11.6 %,12.8 %,319.2 %,-1.5 %,-11.8 %,3,7,0.2,0.6,66.7 %,85.7 %,2.2,3,937,2326,1.9 %,4.7 %,2.7,3.1,1,1,2,5,1,1,2,5,0,0,2,5,2,6,2,6,4.4,17.9,1.1,3,-1648,-966,-1.6 %,-1.9 %,-1648,-966,-1.6 %,-1.9 %,0,0,0.0 %,0.0 %,66.7 %,85.7 %,66.7 %,85.7 %,66.7 %,85.7 %,1817,2875,-824,-966,100.0 %,100.0 %
SPXS,3d RSI SPXS LT12 - L SPXS,4.6 %,39.4 %,2306,19793,25.7 %,6.4 %,17.9 %,621.0 %,-3.8 %,-3.3 %,10,6,0.8,0.5,60.0 %,100.0 %,0.9,,231,2883,0.5 %,5.8 %,4.8,1.7,1,0,2,6,1,0,2,6,2,0,2,5,1.5,,6,6,1.4,,0.5,3.7,-3660,0,-3.7 %,0.0 %,-3660,0,-3.7 %,0.0 %,-3344,0,-3.3 %,0.0 %,60.0 %,100.0 %,60.0 %,100.0 %,60.0 %,100.0 %,1367,2883,-1473,0,57.1 %,100.0 %
SPXU,4d RSI SPXU LT18 - L SPXU,7.8 %,26.6 %,3924,13329,24.9 %,7.6 %,31.5 %,352.2 %,-4.3 %,-3.3 %,11,6,0.9,0.5,63.6 %,100.0 %,1,,357,2012,0.7 %,4.0 %,4.1,2.2,1,0,4,6,1,0,3,6,2,0,3,4,1.8,,7,6,1.7,,0.8,4.7,-3670,0,-3.7 %,0.0 %,-3670,0,-3.7 %,0.0 %,-3081,0,-3.1 %,0.0 %,63.6 %,100.0 %,63.6 %,100.0 %,60.0 %,100.0 %,1383,2012,-1439,0,57.1 %,100.0 %
SPY,21d RSI SPY LT38 - L SPY,2.0 %,20.9 %,1019,10514,44.0 %,16.3 %,4.6 %,128.7 %,-0.5 %,-3.9 %,3,11,0.2,0.9,66.7 %,90.9 %,2.7,2.1,340,876,0.7 %,1.8 %,2.7,2.7,1,1,2,8,1,1,2,8,0,1,2,6,2,10,2,10,5.3,20.5,1.2,4.7,-469,-493,-0.5 %,-1.0 %,-469,-493,-0.5 %,-1.0 %,0,-493,0.0 %,-1.0 %,66.7 %,90.9 %,66.7 %,90.9 %,66.7 %,90.9 %,627,1013,-235,-493,100.0 %,87.5 %
SPYD,8d RSI SPYD LT23 - L SPYD,-2.9 %,1.8 %,-1467,909,17.8 %,5.6 %,-16.5 %,32.6 %,-2.2 %,-5.0 %,4,4,0.3,0.3,50.0 %,50.0 %,0.5,1.7,-367,234,-0.7 %,0.5 %,5.8,2.5,1,1,2,1,1,1,2,1,1,1,1,2,1,1,2,2,0.5,1.7,-0.6,0.5,-3637,-987,-3.6 %,-2.0 %,-3637,-987,-3.6 %,-2.0 %,-2182,-987,-2.2 %,-2.0 %,50.0 %,50.0 %,50.0 %,50.0 %,50.0 %,50.0 %,721,1128,-1455,-660,33.3 %,66.7 %
SPYG,21d RSI SPYG LT35 - L SPYG,0.7 %,15.7 %,329,7893,100.0 %,5.6 %,0.7 %,283.0 %,0.0 %,-4.9 %,1,4,0.1,0.3,100.0 %,100.0 %,,,329,1866,0.7 %,3.7 %,2,2.5,0,0,1,4,0,0,1,4,0,0,1,4,,,1,4,,,0,4.5,0,0,0.0 %,0.0 %,0,0,0.0 %,0.0 %,0,0,0.0 %,0.0 %,100.0 %,100.0 %,100.0 %,100.0 %,100.0 %,100.0 %,329,1866,0,0,100.0 %,100.0 %
SPYV,11d RSI SPYV LT27 - L SPYV,3.0 %,7.3 %,1518,3644,10.0 %,5.2 %,30.4 %,140.7 %,0.0 %,-2.4 %,4,4,0.3,0.3,100.0 %,100.0 %,,,379,886,0.8 %,1.8 %,2.8,2.2,0,0,4,4,0,0,4,4,0,0,4,4,,,4,4,,,2.6,3.7,0,0,0.0 %,0.0 %,0,0,0.0 %,0.0 %,0,0,0.0 %,0.0 %,100.0 %,100.0 %,100.0 %,100.0 %,100.0 %,100.0 %,379,886,0,0,100.0 %,100.0 %
SPYX,21d RSI SPYX LT37 - L SPYX,3.1 %,16.6 %,1549,8350,40.0 %,14.3 %,7.7 %,116.4 %,0.0 %,-3.9 %,3,10,0.2,0.8,100.0 %,90.0 %,,2,516,780,1.0 %,1.6 %,2.3,2.6,0,1,3,7,0,1,3,7,0,1,2,5,,9,3,9,,17.9,3.3,3.8,0,-462,0.0 %,-0.9 %,0,-462,0.0 %,-0.9 %,0,-462,0.0 %,-0.9 %,100.0 %,90.0 %,100.0 %,90.0 %,100.0 %,90.0 %,516,918,0,-462,100.0 %,85.7 %
SQQQ,3d RSI SQQQ LT11 - L SQQQ,15.5 %,38.5 %,7753,19320,20.8 %,5.2 %,74.5 %,746.0 %,-3.9 %,-4.3 %,10,4,0.8,0.3,60.0 %,100.0 %,1.9,,775,4258,1.6 %,8.5 %,3.8,2.2,2,0,4,4,2,0,4,4,2,0,3,4,1.5,,6,4,2.8,,1.4,6.2,-3072,0,-3.1 %,0.0 %,-3072,0,-3.1 %,0.0 %,-3072,0,-3.1 %,0.0 %,60.0 %,100.0 %,60.0 %,100.0 %,60.0 %,100.0 %,1997,4258,-1057,0,62.5 %,100.0 %
SRTY,11d RSI SRTY LT30 - L SRTY,-2.8 %,2.1 %,-1376,1032,9.7 %,5.2 %,-28.5 %,39.9 %,-6.8 %,-10.4 %,5,3,0.4,0.2,60.0 %,33.3 %,0.4,3.1,-275,381,-0.6 %,0.8 %,3.4,3.3,2,2,3,1,2,1,3,1,1,0,2,1,1.5,0.5,3,1,0.6,1.6,-0.4,0.3,-7119,-2047,-7.1 %,-4.1 %,-7119,-477,-7.1 %,-0.9 %,-5645,0,-5.6 %,0.0 %,60.0 %,33.3 %,60.0 %,33.3 %,60.0 %,50.0 %,728,3190,-1780,-1024,66.7 %,100.0 %
SSO,20d RSI SSO LT37 - L SSO,-0.5 %,36.4 %,-253,18290,60.0 %,14.3 %,-0.8 %,255.0 %,-2.4 %,-7.8 %,3,10,0.2,0.8,66.7 %,90.0 %,0.4,1.8,-84,1593,-0.2 %,3.2 %,4,2.6,1,1,2,7,1,1,2,7,1,1,1,5,2,9,2,9,0.8,16.4,-0.2,4,-2464,-1032,-2.5 %,-2.1 %,-2464,-1032,-2.5 %,-2.1 %,-1699,-1032,-1.7 %,-2.1 %,66.7 %,90.0 %,66.7 %,90.0 %,66.7 %,90.0 %,490,1885,-1232,-1032,50.0 %,85.7 %
SUSC,6d RSI SUSC LT15 - L SUSC,1.5 %,4.2 %,756,2104,100.0 %,5.2 %,1.5 %,81.2 %,0.0 %,-1.2 %,1,5,0.1,0.4,100.0 %,100.0 %,,,756,413,1.5 %,0.8 %,4,1.6,0,0,1,5,0,0,1,5,0,0,1,4,,,1,5,,,0,4.7,0,0,0.0 %,0.0 %,0,0,0.0 %,0.0 %,0,0,0.0 %,0.0 %,100.0 %,100.0 %,100.0 %,100.0 %,100.0 %,100.0 %,756,413,0,0,100.0 %,100.0 %
TAIL,14d RSI TAIL LT34 - L TAIL,-0.4 %,8.4 %,-187,4202,23.2 %,9.2 %,-1.6 %,91.7 %,-0.3 %,-1.0 %,4,8,0.3,0.7,50.0 %,100.0 %,0.5,,-47,507,-0.1 %,1.0 %,5.5,1.9,1,0,1,8,1,0,1,7,1,0,1,4,1,,2,8,0.5,,-0.6,3.5,-455,0,-0.5 %,0.0 %,-455,0,-0.5 %,0.0 %,-455,0,-0.5 %,0.0 %,50.0 %,100.0 %,50.0 %,100.0 %,50.0 %,100.0 %,99,507,-193,0,50.0 %,100.0 %
TAN,7d RSI TAN LT17 - L TAN,1.6 %,7.2 %,810,3591,46.0 %,6.0 %,3.5 %,120.2 %,0.0 %,-9.9 %,3,3,0.2,0.2,100.0 %,100.0 %,,,270,1166,0.5 %,2.3 %,6.7,4,0,0,3,3,0,0,3,3,0,0,2,3,,,3,3,,,2.5,6,0,0,0.0 %,0.0 %,0,0,0.0 %,0.0 %,0,0,0.0 %,0.0 %,100.0 %,100.0 %,100.0 %,100.0 %,100.0 %,100.0 %,270,1166,0,0,100.0 %,100.0 %
TBT,3d RSI TBT LT11 - L TBT,13.2 %,15.3 %,6591,7673,6.1 %,5.2 %,216.2 %,296.3 %,0.0 %,-7.2 %,5,4,0.4,0.3,100.0 %,100.0 %,,,1318,1821,2.6 %,3.6 %,1.8,2.2,0,0,5,4,0,0,5,4,0,0,4,4,,,5,4,,,9,3.4,0,0,0.0 %,0.0 %,0,0,0.0 %,0.0 %,0,0,0.0 %,0.0 %,100.0 %,100.0 %,100.0 %,100.0 %,100.0 %,100.0 %,1318,1821,0,0,100.0 %,100.0 %
TDIV,5d RSI TDIV LT14 - L TDIV,3.0 %,4.5 %,1505,2255,5.3 %,7.6 %,56.7 %,59.6 %,0.0 %,-4.5 %,2,4,0.2,0.3,100.0 %,75.0 %,,1.6,753,557,1.5 %,1.1 %,2,3.8,0,1,2,3,0,1,2,3,0,1,2,3,,3,2,3,,4.9,3.5,1.6,0,-571,0.0 %,-1.1 %,0,-571,0.0 %,-1.1 %,0,-571,0.0 %,-1.1 %,100.0 %,75.0 %,100.0 %,75.0 %,100.0 %,75.0 %,753,933,0,-571,100.0 %,75.0 %
TDTF,21d RSI TDTF LT35 - L TDTF,1.5 %,3.0 %,752,1533,77.8 %,11.9 %,1.9 %,25.6 %,0.0 %,-3.4 %,2,7,0.2,0.6,100.0 %,85.7 %,,0.5,376,217,0.8 %,0.4 %,2.5,3.3,0,1,2,4,0,1,2,4,0,1,2,4,,6,2,6,,2.9,3.9,1.3,0,-801,0.0 %,-1.6 %,0,-801,0.0 %,-1.6 %,0,-801,0.0 %,-1.6 %,100.0 %,85.7 %,100.0 %,85.7 %,100.0 %,85.7 %,376,387,0,-801,100.0 %,83.3 %
TECS,5d RSI TECS LT21 - L TECS,18.7 %,29.1 %,9367,14595,28.9 %,5.2 %,64.8 %,563.6 %,-13.3 %,-2.7 %,13,4,1.1,0.3,69.2 %,100.0 %,0.8,,721,3298,1.4 %,6.6 %,4.2,2.2,2,0,7,4,2,0,7,4,1,0,5,4,2.2,,9,4,1.9,,0.8,10.6,-18247,0,-18.2 %,0.0 %,-18247,0,-18.2 %,0.0 %,-18247,0,-18.2 %,0.0 %,69.2 %,100.0 %,69.2 %,100.0 %,69.2 %,100.0 %,2183,3298,-2570,0,77.8 %,100.0 %
THD,15d RSI THD LT32 - L THD,-5.4 %,15.4 %,-2714,7721,21.5 %,11.6 %,-25.3 %,133.7 %,-6.6 %,-1.3 %,9,10,0.8,0.8,44.4 %,100.0 %,0.6,,-302,722,-0.6 %,1.4 %,3.2,1.9,2,0,2,10,3,0,1,8,2,0,1,4,0.8,,4,10,0.5,,-0.9,5.4,-4467,0,-4.5 %,0.0 %,-6421,0,-6.4 %,0.0 %,-6421,0,-6.4 %,0.0 %,44.4 %,100.0 %,44.4 %,100.0 %,28.6 %,100.0 %,665,722,-1075,0,25.0 %,100.0 %
TIP,4d RSI TIP LT11 - L TIP,0.1 %,2.6 %,66,1325,16.4 %,8.8 %,0.8 %,30.2 %,0.0 %,-2.3 %,2,6,0.2,0.5,100.0 %,83.3 %,,1.6,33,218,0.1 %,0.4 %,4,2.7,0,1,2,5,0,1,2,5,0,0,2,4,,5,2,5,,7.8,16.2,1.9,0,-194,0.0 %,-0.4 %,0,-194,0.0 %,-0.4 %,0,0,0.0 %,0.0 %,100.0 %,83.3 %,100.0 %,83.3 %,100.0 %,83.3 %,33,301,0,-194,100.0 %,100.0 %
TLH,20d RSI TLH LT30 - L TLH,0.1 %,7.5 %,29,3770,100.0 %,6.0 %,0.1 %,126.2 %,0.0 %,-2.4 %,1,5,0.1,0.4,100.0 %,100.0 %,,,29,731,0.1 %,1.5 %,5,2,0,0,1,5,0,0,1,5,0,0,1,5,,,1,5,,,0,3.6,0,0,0.0 %,0.0 %,0,0,0.0 %,0.0 %,0,0,0.0 %,0.0 %,100.0 %,100.0 %,100.0 %,100.0 %,100.0 %,100.0 %,29,731,0,0,100.0 %,100.0 %
TLT,10d RSI TLT LT24 - L TLT,0.2 %,7.1 %,120,3580,22.9 %,5.2 %,1.0 %,138.2 %,-1.5 %,-3.2 %,2,4,0.2,0.3,50.0 %,100.0 %,1.2,,60,873,0.1 %,1.8 %,4.5,2.2,1,0,1,4,1,0,1,4,1,0,1,4,1,,1,4,1.2,,0.1,2.7,-1531,0,-1.5 %,0.0 %,-1531,0,-1.5 %,0.0 %,-1531,0,-1.5 %,0.0 %,50.0 %,100.0 %,50.0 %,100.0 %,50.0 %,100.0 %,886,873,-765,0,50.0 %,100.0 %
TMF,8d RSI TMF LT20 - L TMF,3.3 %,20.8 %,1658,10425,16.7 %,5.2 %,19.9 %,402.6 %,-1.7 %,-9.7 %,2,4,0.2,0.3,50.0 %,75.0 %,2.9,43.8,829,2454,1.7 %,4.9 %,3,2.2,1,1,1,3,1,1,1,3,1,1,1,3,1,3,1,3,2.9,131.5,0.7,2.4,-1754,-75,-1.8 %,-0.1 %,-1754,-75,-1.8 %,-0.1 %,-1754,-75,-1.8 %,-0.1 %,50.0 %,75.0 %,50.0 %,75.0 %,50.0 %,75.0 %,2535,3298,-877,-75,50.0 %,75.0 %
TMV,3d RSI TMV LT14 - L TMV,34.4 %,35.1 %,17219,17630,9.7 %,8.8 %,354.4 %,402.3 %,0.0 %,-10.9 %,9,7,0.8,0.6,100.0 %,85.7 %,,2.5,1913,2226,3.8 %,4.5 %,1.6,2.1,0,1,9,6,0,1,8,6,0,1,7,4,,6,9,6,,14.8,8.3,3.4,0,-1129,0.0 %,-2.3 %,0,-1129,0.0 %,-2.3 %,0,-1129,0.0 %,-2.3 %,100.0 %,85.7 %,100.0 %,85.7 %,100.0 %,85.7 %,1913,2786,0,-1129,100.0 %,80.0 %
TOTL,9d RSI TOTL LT20 - L TOTL,0.3 %,3.9 %,134,1951,100.0 %,5.2 %,0.3 %,75.3 %,0.0 %,-0.4 %,1,5,0.1,0.4,100.0 %,100.0 %,,,134,383,0.3 %,0.8 %,5,1.6,0,0,1,5,0,0,1,5,0,0,1,4,,,1,5,,,0,6.4,0,0,0.0 %,0.0 %,0,0,0.0 %,0.0 %,0,0,0.0 %,0.0 %,100.0 %,100.0 %,100.0 %,100.0 %,100.0 %,100.0 %,134,383,0,0,100.0 %,100.0 %
TUR,15d RSI TUR LT36 - L TUR,10.0 %,10.8 %,5006,5444,7.3 %,7.2 %,136.6 %,151.8 %,-0.8 %,-2.2 %,4,6,0.3,0.5,75.0 %,83.3 %,4.3,7.6,1252,874,2.5 %,1.8 %,3.2,2,1,1,2,3,1,0,2,5,1,0,2,4,3,5,3,5,12.8,38,1.6,2.3,-846,-142,-0.8 %,-0.3 %,-846,0,-0.8 %,0.0 %,-846,0,-0.8 %,0.0 %,75.0 %,83.3 %,75.0 %,83.3 %,75.0 %,100.0 %,1810,1077,-423,-142,75.0 %,100.0 %
TWM,4d RSI TWM LT13 - L TWM,6.4 %,8.5 %,3203,4274,8.2 %,5.2 %,78.5 %,165.1 %,-3.5 %,-5.5 %,5,3,0.4,0.2,80.0 %,66.7 %,0.7,8.7,641,1398,1.3 %,2.8 %,2.8,3.3,1,1,4,2,1,1,4,2,1,0,3,2,4,2,4,2,2.7,17.3,1,1.8,-3840,-257,-3.8 %,-0.5 %,-3840,-257,-3.8 %,-0.5 %,-2785,0,-2.8 %,0.0 %,80.0 %,66.7 %,80.0 %,66.7 %,80.0 %,66.7 %,1281,2226,-1920,-257,75.0 %,100.0 %
TZA,4d RSI TZA LT14 - L TZA,9.5 %,12.7 %,4745,6368,8.2 %,5.2 %,116.3 %,245.9 %,-5.0 %,-8.0 %,5,3,0.4,0.2,80.0 %,66.7 %,0.7,7.9,949,2070,1.9 %,4.1 %,2.8,3.3,1,1,4,2,1,1,4,2,1,0,3,2,4,2,4,2,2.7,15.9,1,1.8,-5721,-417,-5.7 %,-0.8 %,-5721,-417,-5.7 %,-0.8 %,-4136,0,-4.1 %,0.0 %,80.0 %,66.7 %,80.0 %,66.7 %,80.0 %,66.7 %,1901,3314,-2861,-417,75.0 %,100.0 %
UAE,18d RSI UAE LT37 - L UAE,1.5 %,16.5 %,731,8272,12.1 %,15.5 %,12.1 %,106.5 %,-3.1 %,-6.6 %,5,12,0.4,1,60.0 %,91.7 %,1,1.1,146,643,0.3 %,1.3 %,3.8,2.2,1,1,1,11,1,1,1,10,2,0,1,6,1.5,11,3,11,1.4,11.7,0.3,3.8,-3241,-721,-3.2 %,-1.4 %,-3241,-721,-3.2 %,-1.4 %,-1764,0,-1.8 %,0.0 %,60.0 %,91.7 %,60.0 %,91.7 %,60.0 %,90.9 %,797,767,-830,-721,33.3 %,100.0 %
UCO,5d RSI UCO LT20 - L UCO,40.0 %,28.6 %,20011,14359,10.9 %,6.8 %,368.5 %,424.0 %,0.0 %,-6.4 %,7,5,0.6,0.4,100.0 %,100.0 %,,,2859,2599,5.7 %,5.2 %,2.4,2.4,0,0,7,5,0,0,7,5,0,0,6,4,,,7,5,,,6.5,4.1,0,0,0.0 %,0.0 %,0,0,0.0 %,0.0 %,0,0,0.0 %,0.0 %,100.0 %,100.0 %,100.0 %,100.0 %,100.0 %,100.0 %,2859,2599,0,0,100.0 %,100.0 %
UDN,5d RSI UDN LT11 - L UDN,0.6 %,4.1 %,313,2080,100.0 %,5.2 %,0.6 %,80.3 %,0.0 %,-0.6 %,1,5,0.1,0.4,100.0 %,100.0 %,,,313,408,0.6 %,0.8 %,1,1.6,0,0,1,5,0,0,1,5,0,0,1,4,,,1,5,,,0,6.2,0,0,0.0 %,0.0 %,0,0,0.0 %,0.0 %,0,0,0.0 %,0.0 %,100.0 %,100.0 %,100.0 %,100.0 %,100.0 %,100.0 %,313,408,0,0,100.0 %,100.0 %
UDOW,21d RSI UDOW LT35 - L UDOW,-0.8 %,18.0 %,-417,9043,52.4 %,5.2 %,-1.6 %,349.2 %,-0.4 %,-8.0 %,2,4,0.2,0.3,0.0 %,100.0 %,0,,-208,2136,-0.4 %,4.3 %,4.5,2.2,2,0,0,4,2,0,0,4,1,0,0,4,0,,0,4,0,,-65.3,2.8,-833,0,-0.8 %,0.0 %,-833,0,-0.8 %,0.0 %,-833,0,-0.8 %,0.0 %,0.0 %,100.0 %,0.0 %,100.0 %,0.0 %,100.0 %,0,2136,-208,0,0.0 %,100.0 %
UGL,19d RSI UGL LT34 - L UGL,-4.8 %,4.4 %,-2399,2196,34.2 %,10.0 %,-14.0 %,44.1 %,-5.3 %,-5.5 %,2,5,0.2,0.4,50.0 %,80.0 %,0.1,0.7,-1200,437,-2.4 %,0.9 %,5.5,4,1,1,1,3,1,1,1,3,1,1,1,1,1,4,1,4,0.1,2.8,-1.1,1.1,-5372,-1226,-5.4 %,-2.5 %,-5372,-1226,-5.4 %,-2.5 %,-5372,-1226,-5.4 %,-2.5 %,50.0 %,80.0 %,50.0 %,80.0 %,50.0 %,80.0 %,287,853,-2686,-1226,50.0 %,66.7 %
UITB,6d RSI UITB LT16 - L UITB,1.3 %,4.4 %,662,2201,3.7 %,10.0 %,36.0 %,44.2 %,0.0 %,-0.7 %,2,9,0.2,0.8,100.0 %,100.0 %,,,331,239,0.7 %,0.5 %,2,1.8,0,0,2,9,0,0,2,9,0,0,2,5,,,2,9,,,5.5,7.8,0,0,0.0 %,0.0 %,0,0,0.0 %,0.0 %,0,0,0.0 %,0.0 %,100.0 %,100.0 %,100.0 %,100.0 %,100.0 %,100.0 %,331,239,0,0,100.0 %,100.0 %
UNG,4d RSI UNG LT10 - L UNG,-10.9 %,16.9 %,-5431,8508,100.0 %,5.2 %,-10.9 %,328.5 %,0.0 %,-4.7 %,1,4,0.1,0.3,0.0 %,100.0 %,0,,-5431,1996,-10.9 %,4.0 %,8,2.2,1,0,0,4,1,0,0,4,1,0,0,4,0,,0,4,0,,0,24.9,-10861,0,-10.9 %,0.0 %,-10861,0,-10.9 %,0.0 %,-10861,0,-10.9 %,0.0 %,0.0 %,100.0 %,0.0 %,100.0 %,0.0 %,100.0 %,0,1996,-5431,0,0.0 %,100.0 %
UNL,5d RSI UNL LT16 - L UNL,-15.6 %,17.3 %,-7812,8680,8.6 %,7.6 %,-182.3 %,229.3 %,-17.4 %,-5.7 %,2,5,0.2,0.4,50.0 %,80.0 %,0.1,2.9,-3906,1650,-7.8 %,3.3 %,9,2.4,1,1,1,3,1,1,1,3,1,1,1,3,1,4,1,4,0.1,11.6,-1.1,2.1,-17830,-777,-17.8 %,-1.6 %,-17830,-777,-17.8 %,-1.6 %,-17830,-777,-17.8 %,-1.6 %,50.0 %,80.0 %,50.0 %,80.0 %,50.0 %,80.0 %,1103,2256,-8915,-777,50.0 %,80.0 %
UPRO,17d RSI UPRO LT34 - L UPRO,9.3 %,32.8 %,4673,16461,40.0 %,10.0 %,23.4 %,330.5 %,0.0 %,-11.9 %,3,6,0.2,0.5,100.0 %,83.3 %,,3.5,1558,2462,3.1 %,4.9 %,2.3,3.2,0,1,3,5,0,1,3,5,0,1,2,4,,5,3,5,,17.5,3.3,2.9,0,-896,0.0 %,-1.8 %,0,-896,0.0 %,-1.8 %,0,-896,0.0 %,-1.8 %,100.0 %,83.3 %,100.0 %,83.3 %,100.0 %,83.3 %,1558,3134,0,-896,100.0 %,80.0 %
URA,20d RSI URA LT38 - L URA,-2.4 %,21.5 %,-1183,10798,100.0 %,7.6 %,-2.4 %,285.3 %,-1.3 %,-7.6 %,2,6,0.2,0.5,0.0 %,100.0 %,0,,-591,1656,-1.2 %,3.3 %,5,2.2,2,0,0,6,2,0,0,5,1,0,0,4,0,,0,6,0,,-22.4,5.3,-2365,0,-2.4 %,0.0 %,-2365,0,-2.4 %,0.0 %,-2365,0,-2.4 %,0.0 %,0.0 %,100.0 %,0.0 %,100.0 %,0.0 %,100.0 %,0,1656,-591,0,0.0 %,100.0 %
URTH,16d RSI URTH LT33 - L URTH,2.2 %,12.3 %,1122,6200,36.0 %,10.4 %,6.2 %,119.7 %,0.0 %,-3.9 %,3,7,0.2,0.6,100.0 %,100.0 %,,,374,840,0.7 %,1.7 %,2,2.7,0,0,3,7,0,0,3,7,0,0,2,6,,,3,7,,,31.7,6.1,0,0,0.0 %,0.0 %,0,0,0.0 %,0.0 %,0,0,0.0 %,0.0 %,100.0 %,100.0 %,100.0 %,100.0 %,100.0 %,100.0 %,374,840,0,0,100.0 %,100.0 %
USD,4d RSI USD LT11 - L USD,21.1 %,16.3 %,10547,8195,10.6 %,6.8 %,198.6 %,242.0 %,0.0 %,-9.7 %,3,4,0.2,0.3,100.0 %,100.0 %,,,3516,1931,7.0 %,3.9 %,3,3.2,0,0,3,4,0,0,3,4,0,0,3,4,,,3,4,,,12,5.8,0,0,0.0 %,0.0 %,0,0,0.0 %,0.0 %,0,0,0.0 %,0.0 %,100.0 %,100.0 %,100.0 %,100.0 %,100.0 %,100.0 %,3516,1931,0,0,100.0 %,100.0 %
USDU,14d RSI USDU LT36 - L USDU,5.2 %,3.5 %,2609,1763,14.4 %,6.4 %,36.2 %,55.3 %,0.0 %,-0.9 %,8,5,0.7,0.4,100.0 %,100.0 %,,,326,347,0.7 %,0.7 %,3.2,2.2,0,0,8,5,0,0,7,5,0,0,6,3,,,8,5,,,2.6,3.9,0,0,0.0 %,0.0 %,0,0,0.0 %,0.0 %,0,0,0.0 %,0.0 %,100.0 %,100.0 %,100.0 %,100.0 %,100.0 %,100.0 %,326,347,0,0,100.0 %,100.0 %
USIG,7d RSI USIG LT17 - L USIG,1.4 %,2.8 %,698,1424,100.0 %,10.0 %,1.4 %,28.6 %,0.0 %,-1.7 %,1,6,0.1,0.5,100.0 %,83.3 %,,1.7,698,234,1.4 %,0.5 %,4,3.2,0,1,1,4,0,1,1,4,0,1,1,4,,5,1,5,,8.5,0,2.9,0,-188,0.0 %,-0.4 %,0,-188,0.0 %,-0.4 %,0,-188,0.0 %,-0.4 %,100.0 %,83.3 %,100.0 %,83.3 %,100.0 %,83.3 %,698,319,0,-188,100.0 %,83.3 %
USMC,20d RSI USMC LT34 - L USMC,0.7 %,7.6 %,361,3800,100.0 %,7.2 %,0.7 %,106.0 %,0.0 %,-3.5 %,1,4,0.1,0.3,100.0 %,100.0 %,,,361,921,0.7 %,1.8 %,2,3.5,0,0,1,4,0,0,1,4,0,0,1,3,,,1,4,,,0,6.9,0,0,0.0 %,0.0 %,0,0,0.0 %,0.0 %,0,0,0.0 %,0.0 %,100.0 %,100.0 %,100.0 %,100.0 %,100.0 %,100.0 %,361,921,0,0,100.0 %,100.0 %
USMV,19d RSI USMV LT32 - L USMV,0.6 %,5.3 %,314,2665,100.0 %,5.2 %,0.6 %,102.9 %,0.0 %,-2.9 %,1,3,0.1,0.2,100.0 %,100.0 %,,,314,873,0.6 %,1.8 %,1,3.3,0,0,1,3,0,0,1,3,0,0,1,3,,,1,3,,,0,2.7,0,0,0.0 %,0.0 %,0,0,0.0 %,0.0 %,0,0,0.0 %,0.0 %,100.0 %,100.0 %,100.0 %,100.0 %,100.0 %,100.0 %,314,873,0,0,100.0 %,100.0 %
USO,7d RSI USO LT25 - L USO,22.8 %,19.3 %,11381,9692,10.4 %,6.4 %,218.7 %,304.1 %,0.0 %,-3.3 %,7,5,0.6,0.4,100.0 %,100.0 %,,,1626,1802,3.3 %,3.6 %,2.3,2.2,0,0,7,5,0,0,7,5,0,0,6,4,,,7,5,,,7.1,5.5,0,0,0.0 %,0.0 %,0,0,0.0 %,0.0 %,0,0,0.0 %,0.0 %,100.0 %,100.0 %,100.0 %,100.0 %,100.0 %,100.0 %,1626,1802,0,0,100.0 %,100.0 %
USOI,6d RSI USOI LT25 - L USOI,9.7 %,18.9 %,4852,9478,15.4 %,5.6 %,63.1 %,339.9 %,-2.4 %,-2.5 %,8,5,0.7,0.4,62.5 %,100.0 %,2.7,,607,1769,1.2 %,3.5 %,3.2,1.8,2,0,2,5,2,0,2,5,2,0,4,4,1.7,,5,5,4.5,,1.7,4,-2545,0,-2.5 %,0.0 %,-2545,0,-2.5 %,0.0 %,-2545,0,-2.5 %,0.0 %,62.5 %,100.0 %,62.5 %,100.0 %,62.5 %,100.0 %,1251,1769,-468,0,71.4 %,100.0 %
USRT,19d RSI USRT LT30 - L USRT,-0.8 %,7.8 %,-381,3921,100.0 %,6.4 %,-0.8 %,123.0 %,0.0 %,-5.6 %,1,4,0.1,0.3,0.0 %,75.0 %,0,1.7,-381,962,-0.8 %,1.9 %,6,3,1,1,0,3,1,1,0,3,1,1,0,3,0,3,0,3,0,5,0,1.7,-761,-960,-0.8 %,-1.9 %,-761,-960,-0.8 %,-1.9 %,-761,-960,-0.8 %,-1.9 %,0.0 %,75.0 %,0.0 %,75.0 %,0.0 %,75.0 %,0,1603,-381,-960,0.0 %,75.0 %
UTES,14d RSI UTES LT28 - L UTES,-4.9 %,5.9 %,-2426,2956,100.0 %,5.2 %,-4.9 %,114.2 %,0.0 %,-3.6 %,1,3,0.1,0.2,0.0 %,66.7 %,0,39.5,-2426,971,-4.9 %,1.9 %,7,3.3,1,1,0,2,1,1,0,2,1,1,0,1,0,2,0,2,0,78.9,0,1.9,-4852,-37,-4.9 %,-0.1 %,-4852,-37,-4.9 %,-0.1 %,-4852,-37,-4.9 %,-0.1 %,0.0 %,66.7 %,0.0 %,66.7 %,0.0 %,66.7 %,0,1475,-2426,-37,0.0 %,50.0 %
UTSL,10d RSI UTSL LT23 - L UTSL,-5.7 %,23.5 %,-2840,11788,11.4 %,5.6 %,-49.8 %,422.7 %,-13.5 %,-11.1 %,3,3,0.2,0.2,66.7 %,66.7 %,0.3,8,-947,3751,-1.9 %,7.5 %,4.7,3.7,1,1,2,2,1,1,2,2,1,1,2,1,2,2,2,2,0.6,16,-0.4,1.9,-14747,-751,-14.7 %,-1.5 %,-14747,-751,-14.7 %,-1.5 %,-14747,-751,-14.7 %,-1.5 %,66.7 %,66.7 %,66.7 %,66.7 %,66.7 %,66.7 %,2267,6002,-7373,-751,66.7 %,50.0 %
UUP,4d RSI UUP LT20 - L UUP,3.4 %,4.4 %,1696,2226,16.3 %,7.2 %,20.9 %,62.1 %,-0.1 %,-0.9 %,8,7,0.7,0.6,87.5 %,100.0 %,4,,212,311,0.4 %,0.6 %,3.9,1.6,1,0,4,7,1,0,4,7,1,0,3,5,7,,7,7,28.3,,3.9,5.7,-124,0,-0.1 %,0.0 %,-124,0,-0.1 %,0.0 %,-124,0,-0.1 %,0.0 %,87.5 %,100.0 %,87.5 %,100.0 %,87.5 %,100.0 %,251,311,-62,0,83.3 %,100.0 %
UVXY,8d RSI UVXY LT21 - L UVXY,-37.8 %,28.8 %,-18878,14478,20.7 %,7.2 %,-182.7 %,403.8 %,-40.0 %,-3.5 %,4,5,0.3,0.4,50.0 %,100.0 %,0.1,,-4719,2616,-9.4 %,5.2 %,10.5,2.6,2,0,2,5,2,0,2,5,2,0,1,4,1,,2,5,0.1,,-1.6,4.4,-41530,0,-41.5 %,0.0 %,-41530,0,-41.5 %,0.0 %,-41530,0,-41.5 %,0.0 %,50.0 %,100.0 %,50.0 %,100.0 %,50.0 %,100.0 %,944,2616,-10383,0,33.3 %,100.0 %
UWM,14d RSI UWM LT29 - L UWM,7.7 %,16.6 %,3873,8355,7.3 %,5.6 %,105.6 %,299.6 %,0.0 %,-13.2 %,3,3,0.2,0.2,100.0 %,66.7 %,,116.8,1291,2669,2.6 %,5.3 %,2.7,3.7,0,1,3,2,0,1,3,2,0,1,3,2,,2,3,2,,233.6,5.2,2.4,0,-34,0.0 %,-0.1 %,0,-34,0.0 %,-0.1 %,0,-34,0.0 %,-0.1 %,100.0 %,66.7 %,100.0 %,66.7 %,100.0 %,66.7 %,1291,4021,0,-34,100.0 %,66.7 %
VB,17d RSI VB LT31 - L VB,2.4 %,10.1 %,1221,5074,5.3 %,5.2 %,45.8 %,195.9 %,0.0 %,-5.7 %,2,3,0.2,0.2,100.0 %,100.0 %,,,611,1633,1.2 %,3.3 %,3,3.3,0,0,2,3,0,0,2,3,0,0,2,3,,,2,3,,,26.9,6.1,0,0,0.0 %,0.0 %,0,0,0.0 %,0.0 %,0,0,0.0 %,0.0 %,100.0 %,100.0 %,100.0 %,100.0 %,100.0 %,100.0 %,611,1633,0,0,100.0 %,100.0 %
VBK,6d RSI VBK LT19 - L VBK,0.9 %,12.3 %,461,6182,9.0 %,8.4 %,10.3 %,147.8 %,-0.8 %,-9.2 %,3,5,0.2,0.4,66.7 %,80.0 %,1,2.1,154,1192,0.3 %,2.4 %,3.3,3.2,1,1,1,3,1,1,1,3,1,1,1,2,2,4,2,4,2.1,8.3,0.6,2,-856,-821,-0.9 %,-1.6 %,-856,-821,-0.9 %,-1.6 %,-856,-93,-0.9 %,-0.2 %,66.7 %,80.0 %,66.7 %,80.0 %,66.7 %,80.0 %,444,1695,-428,-821,66.7 %,66.7 %
VBR,17d RSI VBR LT34 - L VBR,4.3 %,11.7 %,2128,5891,9.9 %,6.4 %,42.8 %,184.8 %,0.0 %,-2.7 %,4,5,0.3,0.4,75.0 %,100.0 %,1,,532,1124,1.1 %,2.2 %,2.8,2.2,1,0,3,5,1,0,3,5,0,0,3,5,3,,3,5,3.1,,1.1,5.4,-2063,0,-2.1 %,0.0 %,-2063,0,-2.1 %,0.0 %,0,0,0.0 %,0.0 %,75.0 %,100.0 %,75.0 %,100.0 %,75.0 %,100.0 %,1053,1124,-1032,0,100.0 %,100.0 %
VCLT,8d RSI VCLT LT20 - L VCLT,0.4 %,11.0 %,202,5542,100.0 %,7.2 %,0.4 %,154.6 %,0.0 %,-2.3 %,1,6,0.1,0.5,100.0 %,100.0 %,,,202,882,0.4 %,1.8 %,5,2,0,0,1,6,0,0,1,6,0,0,1,6,,,1,6,,,0,4.8,0,0,0.0 %,0.0 %,0,0,0.0 %,0.0 %,0,0,0.0 %,0.0 %,100.0 %,100.0 %,100.0 %,100.0 %,100.0 %,100.0 %,202,882,0,0,100.0 %,100.0 %
VDC,6d RSI VDC LT17 - L VDC,-3.5 %,7.7 %,-1739,3839,25.5 %,6.4 %,-13.6 %,120.4 %,-2.8 %,-3.3 %,3,4,0.2,0.3,0.0 %,100.0 %,0,,-580,930,-1.2 %,1.9 %,7.3,3,3,0,0,4,3,0,0,4,3,0,0,4,0,,0,4,0,,-1.7,7.2,-3478,0,-3.5 %,0.0 %,-3478,0,-3.5 %,0.0 %,-3478,0,-3.5 %,0.0 %,0.0 %,100.0 %,0.0 %,100.0 %,0.0 %,100.0 %,0,930,-580,0,0.0 %,100.0 %
VDE,14d RSI VDE LT35 - L VDE,3.5 %,15.9 %,1758,7990,11.1 %,6.8 %,31.6 %,235.9 %,0.0 %,-9.5 %,5,5,0.4,0.4,80.0 %,100.0 %,0.5,,352,1503,0.7 %,3.0 %,3.4,2.4,1,0,4,5,1,0,4,5,1,0,3,4,4,,4,5,2.1,,0.8,5.5,-3190,0,-3.2 %,0.0 %,-3190,0,-3.2 %,0.0 %,-3190,0,-3.2 %,0.0 %,80.0 %,100.0 %,80.0 %,100.0 %,80.0 %,100.0 %,838,1503,-1595,0,75.0 %,100.0 %
VEA,12d RSI VEA LT28 - L VEA,0.0 %,15.8 %,8,7917,19.4 %,10.8 %,0.1 %,147.2 %,-0.3 %,-2.8 %,2,8,0.2,0.7,50.0 %,87.5 %,1.1,,4,928,0.0 %,1.9 %,2.5,2.4,1,1,1,6,1,1,1,6,1,0,1,7,1,7,1,7,1.1,,0,4.2,-302,0,-0.3 %,0.0 %,-302,0,-0.3 %,0.0 %,-302,0,-0.3 %,0.0 %,50.0 %,87.5 %,50.0 %,87.5 %,50.0 %,87.5 %,159,1060,-151,0,50.0 %,100.0 %
VEU,11d RSI VEU LT27 - L VEU,0.8 %,14.6 %,395,7307,16.7 %,9.2 %,4.7 %,159.5 %,0.0 %,-2.4 %,2,7,0.2,0.6,100.0 %,100.0 %,,,198,983,0.4 %,2.0 %,2,2.3,0,0,2,7,0,0,2,7,0,0,2,6,,,2,7,,,1.7,4.6,0,0,0.0 %,0.0 %,0,0,0.0 %,0.0 %,0,0,0.0 %,0.0 %,100.0 %,100.0 %,100.0 %,100.0 %,100.0 %,100.0 %,198,983,0,0,100.0 %,100.0 %
VFH,15d RSI VFH LT32 - L VFH,3.4 %,13.4 %,1687,6710,8.9 %,8.4 %,38.0 %,160.4 %,0.0 %,-3.6 %,4,7,0.3,0.6,75.0 %,100.0 %,0.6,,422,906,0.8 %,1.8 %,2.8,2,1,0,3,7,1,0,3,7,1,0,1,6,3,,3,7,1.7,,0.5,5.1,-5014,0,-5.0 %,0.0 %,-5014,0,-5.0 %,0.0 %,-659,0,-0.7 %,0.0 %,75.0 %,100.0 %,75.0 %,100.0 %,75.0 %,100.0 %,1398,906,-2507,0,50.0 %,100.0 %
VGK,4d RSI VGK LT13 - L VGK,0.9 %,19.3 %,462,9685,19.4 %,11.6 %,4.8 %,167.7 %,0.0 %,-2.9 %,2,8,0.2,0.7,100.0 %,100.0 %,,,231,1127,0.5 %,2.2 %,2,2.6,0,0,2,8,0,0,2,8,0,0,2,7,,,2,8,,,10.3,2.9,0,0,0.0 %,0.0 %,0,0,0.0 %,0.0 %,0,0,0.0 %,0.0 %,100.0 %,100.0 %,100.0 %,100.0 %,100.0 %,100.0 %,231,1127,0,0,100.0 %,100.0 %
VGLT,11d RSI VGLT LT25 - L VGLT,1.9 %,8.8 %,940,4392,22.9 %,6.4 %,8.2 %,137.8 %,-0.1 %,-2.9 %,3,5,0.2,0.4,66.7 %,100.0 %,9.7,,313,849,0.6 %,1.7 %,2.7,2.2,1,0,2,5,1,0,2,5,1,0,2,5,2,,2,5,19.5,,1.4,3.4,-102,0,-0.1 %,0.0 %,-102,0,-0.1 %,0.0 %,-102,0,-0.1 %,0.0 %,66.7 %,100.0 %,66.7 %,100.0 %,66.7 %,100.0 %,495,849,-51,0,66.7 %,100.0 %
VGT,4d RSI VGT LT11 - L VGT,4.2 %,9.3 %,2077,4690,8.8 %,7.6 %,47.5 %,123.9 %,0.0 %,-5.4 %,2,4,0.2,0.3,100.0 %,100.0 %,,,1039,1132,2.1 %,2.3 %,2.5,3.8,0,0,2,4,0,0,2,4,0,0,2,4,,,2,4,,,2.5,4.5,0,0,0.0 %,0.0 %,0,0,0.0 %,0.0 %,0,0,0.0 %,0.0 %,100.0 %,100.0 %,100.0 %,100.0 %,100.0 %,100.0 %,1039,1132,0,0,100.0 %,100.0 %
VHT,5d RSI VHT LT14 - L VHT,1.5 %,3.8 %,766,1891,14.4 %,5.6 %,10.6 %,67.8 %,-1.2 %,-4.8 %,3,4,0.2,0.3,66.7 %,75.0 %,1.1,2.1,255,467,0.5 %,0.9 %,4.3,2.5,1,1,1,2,1,1,1,2,1,0,1,3,2,3,2,3,2.2,6.4,0.7,1.8,-1245,-347,-1.2 %,-0.7 %,-1245,-347,-1.2 %,-0.7 %,-33,0,-0.0 %,0.0 %,66.7 %,75.0 %,66.7 %,75.0 %,66.7 %,75.0 %,695,738,-623,-347,50.0 %,100.0 %
VIG,16d RSI VIG LT32 - L VIG,2.6 %,3.6 %,1291,1829,36.0 %,6.8 %,7.2 %,54.0 %,0.0 %,-3.0 %,3,3,0.2,0.2,100.0 %,66.7 %,,6,430,603,0.9 %,1.2 %,2,4.7,0,1,3,2,0,1,3,2,0,1,2,2,,2,3,2,,12,4.4,1.9,0,-165,0.0 %,-0.3 %,0,-165,0.0 %,-0.3 %,0,-165,0.0 %,-0.3 %,100.0 %,66.7 %,100.0 %,66.7 %,100.0 %,66.7 %,430,987,0,-165,100.0 %,66.7 %
VIGI,21d RSI VIGI LT32 - L VIGI,-0.2 %,8.5 %,-119,4259,100.0 %,6.4 %,-0.2 %,133.6 %,0.0 %,-1.8 %,1,4,0.1,0.3,0.0 %,100.0 %,0,,-119,1030,-0.2 %,2.1 %,2,3,1,0,0,4,1,0,0,4,1,0,0,4,0,,0,4,0,,0,6.1,-239,0,-0.2 %,0.0 %,-239,0,-0.2 %,0.0 %,-239,0,-0.2 %,0.0 %,0.0 %,100.0 %,0.0 %,100.0 %,0.0 %,100.0 %,0,1030,-119,0,0.0 %,100.0 %
VIOO,14d RSI VIOO LT32 - L VIOO,8.8 %,12.1 %,4385,6096,16.0 %,8.8 %,54.9 %,139.1 %,0.0 %,-6.1 %,7,6,0.6,0.5,85.7 %,83.3 %,4.9,18,626,968,1.3 %,1.9 %,2.9,2.7,1,1,6,5,0,1,6,5,0,1,5,4,6,5,6,5,29.4,90,3.5,4.1,-308,-65,-0.3 %,-0.1 %,0,-65,0.0 %,-0.1 %,0,-65,0.0 %,-0.1 %,85.7 %,83.3 %,85.7 %,83.3 %,100.0 %,83.3 %,757,1174,-154,-65,100.0 %,80.0 %
VIXM,15d RSI VIXM LT32 - L VIXM,-28.6 %,8.7 %,-14302,4348,34.1 %,5.6 %,-83.8 %,155.9 %,-25.7 %,-1.1 %,10,5,0.8,0.4,30.0 %,100.0 %,0.2,,-1430,840,-2.9 %,1.7 %,7,1.8,3,0,2,5,3,0,2,5,3,0,2,3,0.4,,3,5,0.1,,-2.1,4.1,-17281,0,-17.3 %,0.0 %,-17281,0,-17.3 %,0.0 %,-27876,0,-27.9 %,0.0 %,30.0 %,100.0 %,30.0 %,100.0 %,30.0 %,100.0 %,347,840,-2192,0,28.6 %,100.0 %
VIXY,9d RSI VIXY LT23 - L VIXY,-25.4 %,23.7 %,-12710,11878,20.7 %,8.0 %,-123.0 %,298.1 %,-27.4 %,-2.4 %,4,6,0.3,0.5,50.0 %,100.0 %,0.1,,-3177,1808,-6.4 %,3.6 %,10.5,2.3,2,0,2,6,2,0,2,6,2,0,1,4,1,,2,6,0.1,,-1.6,5.6,-28206,0,-28.2 %,0.0 %,-28206,0,-28.2 %,0.0 %,-28206,0,-28.2 %,0.0 %,50.0 %,100.0 %,50.0 %,100.0 %,50.0 %,100.0 %,697,1808,-7052,0,33.3 %,100.0 %
VLUE,5d RSI VLUE LT19 - L VLUE,-0.2 %,3.8 %,-85,1925,19.5 %,10.4 %,-0.9 %,37.2 %,-1.5 %,-5.1 %,6,6,0.5,0.5,50.0 %,66.7 %,0.9,1.3,-14,320,-0.0 %,0.6 %,4.2,3.3,2,1,1,2,2,1,1,2,2,2,2,2,1,2,3,4,0.9,2.6,-0.1,1,-1392,-924,-1.4 %,-1.9 %,-1392,-924,-1.4 %,-1.9 %,-1392,-500,-1.4 %,-1.0 %,50.0 %,66.7 %,50.0 %,66.7 %,50.0 %,66.7 %,242,775,-270,-590,60.0 %,60.0 %
VMBS,4d RSI VMBS LT11 - L VMBS,1.3 %,3.8 %,631,1894,6.9 %,10.0 %,18.3 %,38.0 %,0.0 %,-2.3 %,2,9,0.2,0.8,100.0 %,100.0 %,,,315,206,0.6 %,0.4 %,1.5,1.8,0,0,2,9,0,0,2,9,0,0,2,6,,,2,9,,,4.9,9.3,0,0,0.0 %,0.0 %,0,0,0.0 %,0.0 %,0,0,0.0 %,0.0 %,100.0 %,100.0 %,100.0 %,100.0 %,100.0 %,100.0 %,315,206,0,0,100.0 %,100.0 %
VNQ,6d RSI VNQ LT10 - L VNQ,-0.8 %,0.1 %,-407,53,100.0 %,5.2 %,-0.8 %,2.0 %,0.0 %,-4.6 %,1,2,0.1,0.2,0.0 %,50.0 %,0,1.2,-407,27,-0.8 %,0.1 %,6,5.5,1,1,0,1,1,1,0,1,1,1,0,1,0,1,0,1,0,1.2,0,0.1,-814,-252,-0.8 %,-0.5 %,-814,-252,-0.8 %,-0.5 %,-814,-252,-0.8 %,-0.5 %,0.0 %,50.0 %,0.0 %,50.0 %,0.0 %,50.0 %,0,306,-407,-252,0.0 %,50.0 %
VNQI,5d RSI VNQI LT15 - L VNQI,0.5 %,9.2 %,268,4641,8.6 %,13.2 %,6.2 %,70.6 %,-0.7 %,-5.7 %,3,9,0.2,0.8,33.3 %,77.8 %,3.3,0.9,89,501,0.2 %,1.0 %,3.7,2.7,2,1,1,5,2,1,1,5,2,1,1,3,0.5,3.5,1,7,1.7,3.3,0.4,1.8,-794,-1462,-0.8 %,-2.9 %,-794,-1462,-0.8 %,-2.9 %,-794,-516,-0.8 %,-1.0 %,33.3 %,77.8 %,33.3 %,77.8 %,33.3 %,77.8 %,665,924,-198,-979,33.3 %,71.4 %
VO,20d RSI VO LT33 - L VO,4.2 %,8.5 %,2105,4287,38.5 %,5.2 %,10.9 %,165.6 %,0.0 %,-4.6 %,3,3,0.2,0.2,100.0 %,100.0 %,,,702,1386,1.4 %,2.8 %,2.3,3.3,0,0,3,3,0,0,3,3,0,0,2,3,,,3,3,,,9.6,6.8,0,0,0.0 %,0.0 %,0,0,0.0 %,0.0 %,0,0,0.0 %,0.0 %,100.0 %,100.0 %,100.0 %,100.0 %,100.0 %,100.0 %,702,1386,0,0,100.0 %,100.0 %
VOE,5d RSI VOE LT12 - L VOE,-0.6 %,5.1 %,-297,2558,9.9 %,5.2 %,-6.0 %,98.8 %,-0.5 %,-3.1 %,3,3,0.2,0.2,33.3 %,100.0 %,1.3,,-99,835,-0.2 %,1.7 %,4,3.3,2,0,1,3,2,0,1,3,2,0,1,3,0.5,,1,3,0.7,,-0.4,35.5,-1706,0,-1.7 %,0.0 %,-1706,0,-1.7 %,0.0 %,-1706,0,-1.7 %,0.0 %,33.3 %,100.0 %,33.3 %,100.0 %,33.3 %,100.0 %,556,835,-427,0,33.3 %,100.0 %
VONV,13d RSI VONV LT29 - L VONV,1.8 %,7.5 %,890,3771,7.7 %,5.2 %,23.0 %,145.6 %,-0.4 %,-2.5 %,3,4,0.2,0.3,66.7 %,100.0 %,2.9,,297,916,0.6 %,1.8 %,3.3,2.2,1,0,1,4,1,0,1,4,0,0,2,4,2,,2,4,5.9,,1.1,4,-367,0,-0.4 %,0.0 %,-367,0,-0.4 %,0.0 %,0,0,0.0 %,0.0 %,66.7 %,100.0 %,66.7 %,100.0 %,66.7 %,100.0 %,537,916,-184,0,100.0 %,100.0 %
VOO,21d RSI VOO LT38 - L VOO,2.0 %,20.8 %,987,10425,44.0 %,15.5 %,4.5 %,134.2 %,-0.5 %,-3.9 %,3,11,0.2,0.9,66.7 %,90.9 %,2.5,2,329,869,0.7 %,1.7 %,2.7,2.5,1,1,2,8,1,1,2,8,0,1,2,6,2,10,2,10,5.1,20.3,1.2,4.7,-482,-495,-0.5 %,-1.0 %,-482,-495,-0.5 %,-1.0 %,0,-495,0.0 %,-1.0 %,66.7 %,90.9 %,66.7 %,90.9 %,66.7 %,90.9 %,614,1005,-241,-495,100.0 %,87.5 %
VOOG,18d RSI VOOG LT33 - L VOOG,0.6 %,4.3 %,318,2150,100.0 %,5.2 %,0.6 %,83.0 %,0.0 %,-4.9 %,1,2,0.1,0.2,100.0 %,100.0 %,,,318,1062,0.6 %,2.1 %,2,5.5,0,0,1,2,0,0,1,2,0,0,1,2,,,1,2,,,0,3.1,0,0,0.0 %,0.0 %,0,0,0.0 %,0.0 %,0,0,0.0 %,0.0 %,100.0 %,100.0 %,100.0 %,100.0 %,100.0 %,100.0 %,318,1062,0,0,100.0 %,100.0 %
VOT,21d RSI VOT LT36 - L VOT,2.5 %,8.2 %,1273,4114,51.7 %,8.4 %,4.9 %,98.3 %,-0.6 %,-8.7 %,3,4,0.2,0.3,66.7 %,75.0 %,2.7,2.8,424,1004,0.8 %,2.0 %,4,4.2,1,1,2,3,1,1,2,3,0,1,2,3,2,3,2,3,5.3,8.5,1.2,2,-586,-534,-0.6 %,-1.1 %,-586,-534,-0.6 %,-1.1 %,0,-534,0.0 %,-1.1 %,66.7 %,75.0 %,66.7 %,75.0 %,66.7 %,75.0 %,783,1517,-293,-534,100.0 %,75.0 %
VOX,4d RSI VOX LT13 - L VOX,7.0 %,10.0 %,3508,5027,6.2 %,8.4 %,112.3 %,120.2 %,0.0 %,-4.5 %,3,6,0.2,0.5,100.0 %,66.7 %,,4.9,1169,808,2.3 %,1.6 %,1.3,2.5,0,1,3,4,0,1,3,4,0,1,3,4,,2,3,4,,9.8,2.1,2.5,0,-493,0.0 %,-1.0 %,0,-493,0.0 %,-1.0 %,0,-493,0.0 %,-1.0 %,100.0 %,66.7 %,100.0 %,66.7 %,100.0 %,66.7 %,1169,1350,0,-276,100.0 %,66.7 %
VPL,7d RSI VPL LT19 - L VPL,1.4 %,9.1 %,715,4563,6.2 %,8.0 %,23.2 %,114.5 %,-0.1 %,-2.6 %,3,7,0.2,0.6,66.7 %,100.0 %,6,,238,627,0.5 %,1.2 %,2.3,1.9,1,0,1,7,1,0,1,7,1,0,1,5,2,,2,7,11.9,,1.9,4.2,-131,0,-0.1 %,0.0 %,-131,0,-0.1 %,0.0 %,-131,0,-0.1 %,0.0 %,66.7 %,100.0 %,66.7 %,100.0 %,66.7 %,100.0 %,390,627,-65,0,66.7 %,100.0 %
VPU,11d RSI VPU LT24 - L VPU,-3.7 %,5.6 %,-1828,2821,15.5 %,5.2 %,-23.6 %,108.9 %,-4.6 %,-3.6 %,2,3,0.2,0.2,50.0 %,66.7 %,0.2,7.5,-914,932,-1.8 %,1.9 %,6,3.3,1,1,1,2,1,1,1,2,1,1,1,1,1,2,1,2,0.2,15,-0.9,1.4,-4680,-200,-4.7 %,-0.4 %,-4680,-200,-4.7 %,-0.4 %,-4680,-200,-4.7 %,-0.4 %,50.0 %,66.7 %,50.0 %,66.7 %,50.0 %,66.7 %,512,1498,-2340,-200,50.0 %,50.0 %
VRP,21d RSI VRP LT25 - L VRP,2.9 %,0.1 %,1462,71,100.0 %,8.0 %,2.9 %,1.8 %,0.0 %,-2.2 %,1,4,0.1,0.3,100.0 %,50.0 %,,1.2,1462,18,2.9 %,0.0 %,3,4,0,1,1,2,0,1,1,2,0,1,1,2,,1,1,2,,1.2,0,0.1,0,-259,0.0 %,-0.5 %,0,-259,0.0 %,-0.5 %,0,-221,0.0 %,-0.4 %,100.0 %,50.0 %,100.0 %,50.0 %,100.0 %,50.0 %,1462,277,0,-240,100.0 %,66.7 %
VSS,20d RSI VSS LT31 - L VSS,1.3 %,6.7 %,637,3385,35.0 %,5.2 %,3.6 %,130.7 %,0.0 %,-2.1 %,2,4,0.2,0.3,100.0 %,100.0 %,,,319,825,0.6 %,1.6 %,2.5,2.2,0,0,2,4,0,0,2,3,0,0,1,3,,,2,4,,,3.8,3.5,0,0,0.0 %,0.0 %,0,0,0.0 %,0.0 %,0,0,0.0 %,0.0 %,100.0 %,100.0 %,100.0 %,100.0 %,100.0 %,100.0 %,319,825,0,0,100.0 %,100.0 %
VT,16d RSI VT LT31 - L VT,1.8 %,8.5 %,918,4277,25.0 %,5.2 %,7.3 %,165.2 %,0.0 %,-2.1 %,2,4,0.2,0.3,100.0 %,100.0 %,,,459,1035,0.9 %,2.1 %,1.5,2.2,0,0,2,4,0,0,2,4,0,0,1,4,,,2,4,,,4.9,4.6,0,0,0.0 %,0.0 %,0,0,0.0 %,0.0 %,0,0,0.0 %,0.0 %,100.0 %,100.0 %,100.0 %,100.0 %,100.0 %,100.0 %,459,1035,0,0,100.0 %,100.0 %
VTC,5d RSI VTC LT12 - L VTC,1.4 %,3.4 %,708,1728,100.0 %,5.6 %,1.4 %,61.9 %,0.0 %,-1.2 %,1,5,0.1,0.4,100.0 %,100.0 %,,,708,340,1.4 %,0.7 %,4,1.8,0,0,1,5,0,0,1,5,0,0,1,5,,,1,5,,,0,3.9,0,0,0.0 %,0.0 %,0,0,0.0 %,0.0 %,0,0,0.0 %,0.0 %,100.0 %,100.0 %,100.0 %,100.0 %,100.0 %,100.0 %,708,340,0,0,100.0 %,100.0 %
VTI,21d RSI VTI LT36 - L VTI,3.2 %,16.8 %,1622,8425,40.0 %,10.0 %,8.1 %,169.2 %,0.0 %,-4.0 %,3,7,0.2,0.6,100.0 %,100.0 %,,,541,1123,1.1 %,2.2 %,2.3,2.6,0,0,3,7,0,0,3,7,0,0,2,6,,,3,7,,,3.3,5.7,0,0,0.0 %,0.0 %,0,0,0.0 %,0.0 %,0,0,0.0 %,0.0 %,100.0 %,100.0 %,100.0 %,100.0 %,100.0 %,100.0 %,541,1123,0,0,100.0 %,100.0 %
VTIP,11d RSI VTIP LT25 - L VTIP,0.2 %,0.3 %,116,153,100.0 %,6.8 %,0.2 %,4.5 %,0.0 %,-1.9 %,1,3,0.1,0.2,100.0 %,66.7 %,,0.7,116,52,0.2 %,0.1 %,1,4.7,0,1,1,1,0,1,1,1,0,1,1,1,,2,1,2,,1.3,0,0.3,0,-456,0.0 %,-0.9 %,0,-456,0.0 %,-0.9 %,0,-456,0.0 %,-0.9 %,100.0 %,66.7 %,100.0 %,66.7 %,100.0 %,66.7 %,116,306,0,-456,100.0 %,66.7 %
VTV,6d RSI VTV LT16 - L VTV,0.6 %,5.1 %,279,2550,6.0 %,5.2 %,9.4 %,98.5 %,0.0 %,-3.1 %,2,3,0.2,0.2,100.0 %,100.0 %,,,139,833,0.3 %,1.7 %,3.5,3.3,0,0,2,3,0,0,2,3,0,0,2,3,,,2,3,,,2.2,12.2,0,0,0.0 %,0.0 %,0,0,0.0 %,0.0 %,0,0,0.0 %,0.0 %,100.0 %,100.0 %,100.0 %,100.0 %,100.0 %,100.0 %,139,833,0,0,100.0 %,100.0 %
VTWO,15d RSI VTWO LT29 - L VTWO,2.0 %,8.1 %,980,4054,100.0 %,5.6 %,2.0 %,145.4 %,0.0 %,-6.7 %,1,3,0.1,0.2,100.0 %,100.0 %,,,980,1320,2.0 %,2.6 %,1,3.7,0,0,1,3,0,0,1,3,0,0,1,3,,,1,3,,,0,2.5,0,0,0.0 %,0.0 %,0,0,0.0 %,0.0 %,0,0,0.0 %,0.0 %,100.0 %,100.0 %,100.0 %,100.0 %,100.0 %,100.0 %,980,1320,0,0,100.0 %,100.0 %
VV,19d RSI VV LT35 - L VV,2.8 %,14.1 %,1380,7085,35.0 %,9.6 %,7.9 %,148.2 %,0.0 %,-4.1 %,2,7,0.2,0.6,100.0 %,100.0 %,,,690,955,1.4 %,1.9 %,2.5,2.4,0,0,2,7,0,0,2,7,0,0,1,6,,,2,7,,,3.1,4.4,0,0,0.0 %,0.0 %,0,0,0.0 %,0.0 %,0,0,0.0 %,0.0 %,100.0 %,100.0 %,100.0 %,100.0 %,100.0 %,100.0 %,690,955,0,0,100.0 %,100.0 %
VWOB,10d RSI VWOB LT21 - L VWOB,-0.3 %,4.5 %,-149,2272,100.0 %,5.2 %,-0.3 %,87.7 %,0.0 %,-1.8 %,1,5,0.1,0.4,0.0 %,80.0 %,0,2.9,-149,448,-0.3 %,0.9 %,5,1.6,1,1,0,4,1,1,0,4,1,1,0,4,0,4,0,4,0,11.6,0,1.8,-298,-212,-0.3 %,-0.4 %,-298,-212,-0.3 %,-0.4 %,-298,-212,-0.3 %,-0.4 %,0.0 %,80.0 %,0.0 %,80.0 %,0.0 %,80.0 %,0,613,-149,-212,0.0 %,80.0 %
VXF,11d RSI VXF LT24 - L VXF,1.7 %,9.9 %,842,4979,100.0 %,5.6 %,1.7 %,178.5 %,0.0 %,-6.8 %,1,3,0.1,0.2,100.0 %,100.0 %,,,842,1613,1.7 %,3.2 %,1,3.7,0,0,1,3,0,0,1,3,0,0,1,3,,,1,3,,,0,2.6,0,0,0.0 %,0.0 %,0,0,0.0 %,0.0 %,0,0,0.0 %,0.0 %,100.0 %,100.0 %,100.0 %,100.0 %,100.0 %,100.0 %,842,1613,0,0,100.0 %,100.0 %
VXUS,11d RSI VXUS LT27 - L VXUS,0.8 %,14.6 %,383,7320,16.7 %,9.2 %,4.6 %,159.8 %,0.0 %,-2.5 %,2,7,0.2,0.6,100.0 %,85.7 %,,19.3,191,985,0.4 %,2.0 %,2,2.3,0,1,2,5,0,1,2,5,0,0,2,6,,6,2,6,,116,2.1,4.3,0,-60,0.0 %,-0.1 %,0,-60,0.0 %,-0.1 %,0,0,0.0 %,0.0 %,100.0 %,85.7 %,100.0 %,85.7 %,100.0 %,85.7 %,191,1160,0,-60,100.0 %,100.0 %
VYM,6d RSI VYM LT16 - L VYM,-0.9 %,4.8 %,-426,2424,6.6 %,5.2 %,-12.9 %,93.6 %,-0.8 %,-2.8 %,2,3,0.2,0.2,0.0 %,100.0 %,0,,-213,792,-0.4 %,1.6 %,4,3.3,2,0,0,3,2,0,0,3,2,0,0,3,0,,0,3,0,,-1.8,20.9,-852,0,-0.9 %,0.0 %,-852,0,-0.9 %,0.0 %,-852,0,-0.9 %,0.0 %,0.0 %,100.0 %,0.0 %,100.0 %,0.0 %,100.0 %,0,792,-213,0,0.0 %,100.0 %
VYMI,4d RSI VYMI LT10 - L VYMI,0.8 %,7.6 %,392,3795,16.2 %,5.6 %,4.8 %,136.1 %,0.0 %,-1.3 %,2,5,0.2,0.4,50.0 %,100.0 %,8.2,,196,735,0.4 %,1.5 %,2,1.8,1,0,1,5,1,0,1,5,1,0,1,4,1,,1,5,8.2,,1.1,5.2,-109,0,-0.1 %,0.0 %,-109,0,-0.1 %,0.0 %,-109,0,-0.1 %,0.0 %,50.0 %,100.0 %,50.0 %,100.0 %,50.0 %,100.0 %,446,735,-54,0,50.0 %,100.0 %
WEAT,21d RSI WEAT LT34 - L WEAT,4.1 %,21.2 %,2064,10655,32.6 %,6.0 %,12.7 %,356.6 %,0.0 %,-6.5 %,3,5,0.2,0.4,66.7 %,100.0 %,2.1,,688,1974,1.4 %,4.0 %,3.7,2,1,0,2,5,1,0,2,5,0,0,2,2,2,,2,5,4.2,,1.1,4.1,-1278,0,-1.3 %,0.0 %,-1278,0,-1.3 %,0.0 %,0,0,0.0 %,0.0 %,66.7 %,100.0 %,66.7 %,100.0 %,66.7 %,100.0 %,1352,1974,-639,0,100.0 %,100.0 %
WTPI,21d RSI WTPI LT34 - L WTPI,1.2 %,8.8 %,584,4413,100.0 %,6.4 %,1.2 %,138.5 %,0.0 %,-1.6 %,1,5,0.1,0.4,100.0 %,100.0 %,,,584,851,1.2 %,1.7 %,1,2.2,0,0,1,5,0,0,1,5,0,0,1,4,,,1,5,,,0,5.2,0,0,0.0 %,0.0 %,0,0,0.0 %,0.0 %,0,0,0.0 %,0.0 %,100.0 %,100.0 %,100.0 %,100.0 %,100.0 %,100.0 %,584,851,0,0,100.0 %,100.0 %
WTV,21d RSI WTV LT37 - L WTV,1.2 %,9.8 %,619,4946,9.5 %,6.4 %,13.0 %,155.2 %,0.0 %,-2.3 %,4,5,0.3,0.4,75.0 %,100.0 %,0.5,,155,950,0.3 %,1.9 %,3,2.2,1,0,3,5,1,0,3,4,1,0,1,3,3,,3,5,1.6,,0.5,4.9,-1906,0,-1.9 %,0.0 %,-1906,0,-1.9 %,0.0 %,-74,0,-0.1 %,0.0 %,75.0 %,100.0 %,75.0 %,100.0 %,75.0 %,100.0 %,524,950,-953,0,50.0 %,100.0 %
XAR,4d RSI XAR LT12 - L XAR,-1.7 %,8.9 %,-846,4493,16.0 %,6.0 %,-10.6 %,150.4 %,-4.8 %,-2.5 %,3,5,0.2,0.4,66.7 %,100.0 %,0.3,,-282,868,-0.6 %,1.7 %,7,2,1,0,2,5,1,0,2,5,1,0,2,5,2,,2,5,0.7,,-0.3,3.3,-4944,0,-4.9 %,0.0 %,-4944,0,-4.9 %,0.0 %,-4944,0,-4.9 %,0.0 %,66.7 %,100.0 %,66.7 %,100.0 %,66.7 %,100.0 %,813,868,-2472,0,66.7 %,100.0 %
XBI,8d RSI XBI LT20 - L XBI,6.2 %,8.3 %,3093,4149,6.7 %,5.2 %,92.8 %,160.2 %,-1.4 %,-8.9 %,3,2,0.2,0.2,66.7 %,100.0 %,2.5,,1031,2040,2.1 %,4.1 %,2.3,5.5,1,0,1,2,1,0,1,2,1,0,1,2,2,,2,2,5.1,,1.4,2.3,-1515,0,-1.5 %,0.0 %,-1515,0,-1.5 %,0.0 %,-1515,0,-1.5 %,0.0 %,66.7 %,100.0 %,66.7 %,100.0 %,66.7 %,100.0 %,1925,2040,-757,0,66.7 %,100.0 %
XES,12d RSI XES LT29 - L XES,4.2 %,13.4 %,2091,6713,5.7 %,5.6 %,73.4 %,240.7 %,0.0 %,-13.1 %,3,4,0.2,0.3,100.0 %,100.0 %,,,697,1610,1.4 %,3.2 %,2.7,2.5,0,0,3,4,0,0,3,4,0,0,3,3,,,3,4,,,3.8,2.5,0,0,0.0 %,0.0 %,0,0,0.0 %,0.0 %,0,0,0.0 %,0.0 %,100.0 %,100.0 %,100.0 %,100.0 %,100.0 %,100.0 %,697,1610,0,0,100.0 %,100.0 %
XHB,15d RSI XHB LT30 - L XHB,2.0 %,25.8 %,998,12957,100.0 %,6.8 %,2.0 %,382.6 %,0.0 %,-3.7 %,1,5,0.1,0.4,100.0 %,100.0 %,,,998,2354,2.0 %,4.7 %,3,2.4,0,0,1,5,0,0,1,5,0,0,1,4,,,1,5,,,0,7.8,0,0,0.0 %,0.0 %,0,0,0.0 %,0.0 %,0,0,0.0 %,0.0 %,100.0 %,100.0 %,100.0 %,100.0 %,100.0 %,100.0 %,998,2354,0,0,100.0 %,100.0 %
XLE,14d RSI XLE LT35 - L XLE,7.4 %,15.0 %,3690,7536,13.1 %,6.8 %,56.2 %,222.5 %,0.0 %,-9.1 %,6,5,0.5,0.4,83.3 %,100.0 %,0.7,,615,1422,1.2 %,2.8 %,3.3,2.4,1,0,5,5,1,0,5,5,1,0,3,4,5,,5,5,3.4,,1.5,5.3,-3026,0,-3.0 %,0.0 %,-3026,0,-3.0 %,0.0 %,-3026,0,-3.0 %,0.0 %,83.3 %,100.0 %,83.3 %,100.0 %,83.3 %,100.0 %,1041,1422,-1513,0,75.0 %,100.0 %
XLF,12d RSI XLF LT30 - L XLF,3.3 %,9.8 %,1647,4900,12.4 %,9.2 %,26.5 %,107.0 %,-0.4 %,-3.4 %,5,7,0.4,0.6,60.0 %,71.4 %,1.1,28.1,329,674,0.7 %,1.4 %,3.2,2.3,1,2,2,4,1,2,2,4,1,2,2,3,1.5,2.5,3,5,1.7,70.2,0.5,2.8,-4558,-68,-4.6 %,-0.1 %,-4558,-68,-4.6 %,-0.1 %,-882,-68,-0.9 %,-0.1 %,60.0 %,71.4 %,60.0 %,71.4 %,60.0 %,71.4 %,1377,957,-1242,-34,66.7 %,66.7 %
XLG,20d RSI XLG LT37 - L XLG,1.5 %,25.0 %,744,12572,100.0 %,15.9 %,1.5 %,157.8 %,0.0 %,-4.5 %,1,10,0.1,0.8,100.0 %,100.0 %,,,744,1132,1.5 %,2.3 %,2,3,0,0,1,10,0,0,1,10,0,0,1,7,,,1,10,,,0,7.5,0,0,0.0 %,0.0 %,0,0,0.0 %,0.0 %,0,0,0.0 %,0.0 %,100.0 %,100.0 %,100.0 %,100.0 %,100.0 %,100.0 %,744,1132,0,0,100.0 %,100.0 %
XLI,16d RSI XLI LT34 - L XLI,0.5 %,11.1 %,255,5574,50.0 %,8.8 %,1.0 %,127.2 %,0.0 %,-4.0 %,3,7,0.2,0.6,66.7 %,85.7 %,1.7,1.8,85,762,0.2 %,1.5 %,3.7,2.1,1,1,2,5,1,1,2,5,1,1,1,4,2,6,2,6,3.4,10.7,1.1,3.1,-213,-550,-0.2 %,-1.1 %,-213,-550,-0.2 %,-1.1 %,-213,-550,-0.2 %,-1.1 %,66.7 %,85.7 %,66.7 %,85.7 %,66.7 %,85.7 %,181,980,-107,-550,50.0 %,83.3 %
XLP,6d RSI XLP LT17 - L XLP,-4.6 %,8.1 %,-2284,4045,25.5 %,6.4 %,-17.9 %,126.9 %,-3.1 %,-3.4 %,3,4,0.2,0.3,0.0 %,100.0 %,0,,-761,979,-1.5 %,2.0 %,7.3,3,3,0,0,4,3,0,0,4,3,0,0,4,0,,0,4,0,,-2.5,7.1,-4568,0,-4.6 %,0.0 %,-4568,0,-4.6 %,0.0 %,-4568,0,-4.6 %,0.0 %,0.0 %,100.0 %,0.0 %,100.0 %,0.0 %,100.0 %,0,979,-761,0,0.0 %,100.0 %
XLU,11d RSI XLU LT24 - L XLU,0.5 %,5.7 %,256,2835,10.8 %,5.2 %,4.8 %,109.5 %,-2.6 %,-3.6 %,3,3,0.2,0.2,66.7 %,66.7 %,0.6,8,85,937,0.2 %,1.9 %,4.3,3.3,1,1,2,2,1,1,2,2,1,1,2,1,2,2,2,2,1.2,16,0.1,1.4,-2676,-187,-2.7 %,-0.4 %,-2676,-187,-2.7 %,-0.4 %,-2676,-187,-2.7 %,-0.4 %,66.7 %,66.7 %,66.7 %,66.7 %,66.7 %,66.7 %,797,1499,-1338,-187,66.7 %,50.0 %
XLV,20d RSI XLV LT38 - L XLV,0.7 %,11.5 %,371,5767,16.8 %,9.2 %,4.4 %,125.9 %,-1.6 %,-3.5 %,6,6,0.5,0.5,50.0 %,100.0 %,1.4,,62,916,0.1 %,1.8 %,3.8,2.8,2,0,2,6,1,0,2,6,1,0,2,5,1,,3,6,1.4,,0.3,5.3,-1614,0,-1.6 %,0.0 %,-296,0,-0.3 %,0.0 %,-1614,0,-1.6 %,0.0 %,50.0 %,100.0 %,50.0 %,100.0 %,60.0 %,100.0 %,442,916,-318,0,75.0 %,100.0 %
XLY,16d RSI XLY LT31 - L XLY,2.7 %,13.1 %,1372,6595,100.0 %,5.6 %,2.7 %,236.5 %,0.0 %,-6.1 %,1,4,0.1,0.3,100.0 %,100.0 %,,,1372,1569,2.7 %,3.1 %,3,2.5,0,0,1,4,0,0,1,4,0,0,1,3,,,1,4,,,0,7.1,0,0,0.0 %,0.0 %,0,0,0.0 %,0.0 %,0,0,0.0 %,0.0 %,100.0 %,100.0 %,100.0 %,100.0 %,100.0 %,100.0 %,1372,1569,0,0,100.0 %,100.0 %
XME,15d RSI XME LT32 - L XME,6.1 %,16.7 %,3052,8370,15.8 %,5.2 %,38.7 %,323.2 %,0.0 %,-5.1 %,3,4,0.2,0.3,100.0 %,100.0 %,,,1017,1978,2.0 %,4.0 %,2,2.2,0,0,3,4,0,0,3,4,0,0,3,4,,,3,4,,,8.9,3.5,0,0,0.0 %,0.0 %,0,0,0.0 %,0.0 %,0,0,0.0 %,0.0 %,100.0 %,100.0 %,100.0 %,100.0 %,100.0 %,100.0 %,1017,1978,0,0,100.0 %,100.0 %
XMHQ,18d RSI XMHQ LT39 - L XMHQ,9.6 %,20.9 %,4785,10503,14.2 %,15.1 %,67.4 %,138.7 %,0.0 %,-4.8 %,7,10,0.6,0.8,100.0 %,90.0 %,,6.5,684,964,1.4 %,1.9 %,2.4,2.8,0,1,7,8,0,1,5,7,0,0,4,7,,9,7,9,,58.6,6.4,4.4,0,-167,0.0 %,-0.3 %,0,-167,0.0 %,-0.3 %,0,0,0.0 %,0.0 %,100.0 %,90.0 %,100.0 %,90.0 %,100.0 %,88.9 %,684,1089,0,-167,100.0 %,100.0 %
XMMO,19d RSI XMMO LT33 - L XMMO,0.3 %,7.4 %,154,3696,100.0 %,6.8 %,0.3 %,109.1 %,0.0 %,-5.7 %,1,3,0.1,0.2,100.0 %,100.0 %,,,154,1200,0.3 %,2.4 %,3,4.7,0,0,1,3,0,0,1,3,0,0,1,3,,,1,3,,,0,5.3,0,0,0.0 %,0.0 %,0,0,0.0 %,0.0 %,0,0,0.0 %,0.0 %,100.0 %,100.0 %,100.0 %,100.0 %,100.0 %,100.0 %,154,1200,0,0,100.0 %,100.0 %
XOP,18d RSI XOP LT37 - L XOP,11.2 %,21.5 %,5612,10776,7.7 %,6.0 %,146.7 %,360.6 %,0.0 %,-5.5 %,5,5,0.4,0.4,100.0 %,100.0 %,,,1122,1990,2.2 %,4.0 %,2,2,0,0,5,5,0,0,5,5,0,0,4,4,,,5,5,,,5.5,5.4,0,0,0.0 %,0.0 %,0,0,0.0 %,0.0 %,0,0,0.0 %,0.0 %,100.0 %,100.0 %,100.0 %,100.0 %,100.0 %,100.0 %,1122,1990,0,0,100.0 %,100.0 %
XOVR,4d RSI XOVR LT10 - L XOVR,0.8 %,0.3 %,421,178,100.0 %,7.6 %,0.8 %,4.7 %,0.0 %,-7.4 %,2,4,0.2,0.3,100.0 %,75.0 %,,0.4,211,65,0.4 %,0.1 %,1.5,3.8,0,1,2,2,0,1,1,2,0,1,1,1,,3,2,3,,1.1,1.5,0.1,0,-2293,0.0 %,-4.6 %,0,-2293,0.0 %,-4.6 %,0,-2146,0.0 %,-4.3 %,100.0 %,75.0 %,100.0 %,75.0 %,100.0 %,75.0 %,211,851,0,-2293,100.0 %,50.0 %
XRT,7d RSI XRT LT21 - L XRT,-1.1 %,13.7 %,-538,6869,9.9 %,5.2 %,-10.8 %,265.2 %,-1.9 %,-7.0 %,2,4,0.2,0.3,50.0 %,100.0 %,0.4,,-269,1644,-0.5 %,3.3 %,5,2.2,1,0,1,4,1,0,1,4,1,0,1,4,1,,1,4,0.4,,-0.6,2.6,-1908,0,-1.9 %,0.0 %,-1908,0,-1.9 %,0.0 %,-1908,0,-1.9 %,0.0 %,50.0 %,100.0 %,50.0 %,100.0 %,50.0 %,100.0 %,416,1644,-954,0,50.0 %,100.0 %
XSMO,19d RSI XSMO LT37 - L XSMO,5.1 %,13.0 %,2557,6508,8.9 %,9.2 %,57.6 %,142.1 %,0.0 %,-6.6 %,4,6,0.3,0.5,75.0 %,100.0 %,1.2,,639,1029,1.3 %,2.1 %,2.8,2.8,1,0,3,6,1,0,3,5,0,0,3,5,3,,3,6,3.6,,1.2,4.6,-1953,0,-2.0 %,0.0 %,-1953,0,-2.0 %,0.0 %,0,0,0.0 %,0.0 %,75.0 %,100.0 %,75.0 %,100.0 %,75.0 %,100.0 %,1178,1029,-977,0,100.0 %,100.0 %
XYLD,16d RSI XYLD LT28 - L XYLD,1.7 %,3.2 %,828,1595,81.8 %,5.2 %,2.0 %,61.6 %,0.0 %,-2.7 %,2,3,0.2,0.2,50.0 %,100.0 %,7.1,,414,525,0.8 %,1.1 %,3.5,3.3,1,0,1,3,1,0,1,3,1,0,1,3,1,,1,3,7.1,,1.1,3.4,-270,0,-0.3 %,0.0 %,-270,0,-0.3 %,0.0 %,-270,0,-0.3 %,0.0 %,50.0 %,100.0 %,50.0 %,100.0 %,50.0 %,100.0 %,963,525,-135,0,50.0 %,100.0 %
YANG,17d RSI YANG LT36 - L YANG,3.2 %,38.9 %,1607,19529,15.3 %,6.0 %,21.0 %,653.6 %,-3.6 %,-8.5 %,4,5,0.3,0.4,50.0 %,100.0 %,1.5,,402,3414,0.8 %,6.8 %,4.5,2,2,0,2,5,1,0,2,4,1,0,2,2,1,,2,5,1.5,,0.4,5.5,-5878,0,-5.9 %,0.0 %,-2321,0,-2.3 %,0.0 %,-5878,0,-5.9 %,0.0 %,50.0 %,100.0 %,50.0 %,100.0 %,66.7 %,100.0 %,2273,3414,-1469,0,66.7 %,100.0 %
YYY,18d RSI YYY LT27 - L YYY,2.0 %,9.6 %,992,4825,8.0 %,8.0 %,24.7 %,121.1 %,0.0 %,-2.3 %,3,5,0.2,0.4,100.0 %,80.0 %,,30,331,929,0.7 %,1.9 %,3.3,3,0,1,3,3,0,1,3,3,0,1,2,3,,4,3,4,,120,4.8,4.2,0,-39,0.0 %,-0.1 %,0,-39,0.0 %,-0.1 %,0,-39,0.0 %,-0.1 %,100.0 %,80.0 %,100.0 %,80.0 %,100.0 %,80.0 %,331,1171,0,-39,100.0 %,80.0 %
ZROZ,4d RSI ZROZ LT10 - L ZROZ,5.0 %,0.6 %,2508,285,14.6 %,7.2 %,34.4 %,8.0 %,0.0 %,-5.5 %,2,3,0.2,0.2,100.0 %,33.3 %,,2.5,1254,105,2.5 %,0.2 %,2.5,3.7,0,1,2,1,0,1,2,1,0,1,2,1,,0.5,2,1,,1.3,24.3,0.2,0,-989,0.0 %,-2.0 %,0,-989,0.0 %,-2.0 %,0,-989,0.0 %,-2.0 %,100.0 %,33.3 %,100.0 %,33.3 %,100.0 %,33.3 %,1254,1471,0,-578,100.0 %,33.3 %
