,,"Purpose of This Spreadsheet is to Outline the Methodology of System 30
Branches Traded in 2024 OOS",,,,,,,,,,,,,,,,,,,,,,,,,,,,,,,,,,,,,,,,,,,,,,,,,,,,,,,,,,,,,,,,,,,
Ticker (598),Condition (598),Profit %,IS Profit %,Profit $ Per Year,IS Profit $ Per Year,Time in market%,IS Time in market%,TIMAR%,IS TIMAR%,Max DD%,IS Max DD%,Total Trades,IS Total Trades,AVG Trades Per Month,IS AVG Trades Per Month,Win %,IS Win %,Risk to Reward Ratio,IS Risk to Reward Ratio,Avg P&L $,IS Avg P&L $,Avg P&L %,IS Avg P&L %,AVG Hold Period (days),IS AVG Hold Period (days),Max Consec. Losing Days,IS Max Consec. Losing Days,Max Consec. Winning Days,IS Max Consec. Winning Days,Max Consec. Losing Weeks,IS Max Consec. Losing Weeks,Max Consec. Winning Weeks,IS Max Consec. Winning Weeks,Max Consec. Losing Months,IS Max Consec. Losing Months,Max Consec. Winning Months,IS Max Consec. Winning Months,Win to Loss Ratio,IS Win to Loss Ratio,Total Profitable Trades,IS Total Profitable Trades,Profit Factor,IS Profit Factor,Sharpe Ratio,IS Sharpe Ratio,Losing Days Streak $ Loss,IS Losing Days Streak $ Loss,Losing Days Streak % Loss,IS Losing Days Streak % Loss,Losing Weeks Streak $ Loss,IS Losing Weeks Streak $ Loss,Losing Weeks Streak % Loss,IS Losing Weeks Streak % Loss,Losing Months Streak $ Loss,IS Losing Months Streak $ Loss,Losing Months Streak % Loss,IS Losing Months Streak % Loss,Winning Trades%,IS Winning Trades%,Winning Days%,IS Winning Days%,Winning Weeks%,IS Winning Weeks%,Avg Win Trade $,IS Avg Win Trade $,Avg Losing Trade $,IS Avg Losing Trade $,Winning Months%,IS Winning Months%
AAXJ,21d RSI AAXJ LT38 - L AAXJ,3.3 %,6.4 %,1656,3204,100.0 %,6.0 %,3.3 %,106.8 %,0.0 %,-1.0 %,1,5,0.1,0.4,100.0 %,100.0 %,,,1656,621,3.3 %,1.2 %,3,2,0,0,1,5,0,0,1,5,0,0,1,3,,,1,5,,,0,6.8,0,0,0.0 %,0.0 %,0,0,0.0 %,0.0 %,0,0,0.0 %,0.0 %,100.0 %,100.0 %,100.0 %,100.0 %,100.0 %,100.0 %,1656,621,0,0,100.0 %,100.0 %
ACWI,9d RSI ACWI LT27 - L ACWI,5.1 %,2.0 %,2564,999,7.2 %,5.2 %,71.0 %,38.4 %,0.0 %,-1.4 %,3,4,0.2,0.3,100.0 %,75.0 %,,4,855,246,1.7 %,0.5 %,3.3,2.2,0,1,3,3,0,1,3,3,0,1,3,2,,3,3,3,,12.1,2.8,2.5,0,-88,0.0 %,-0.2 %,0,-88,0.0 %,-0.2 %,0,-88,0.0 %,-0.2 %,100.0 %,75.0 %,100.0 %,75.0 %,100.0 %,75.0 %,855,358,0,-88,100.0 %,66.7 %
ACWV,9d RSI ACWV LT25 - L ACWV,1.0 %,1.3 %,502,677,5.5 %,5.6 %,18.4 %,24.2 %,0.0 %,-1.2 %,2,4,0.2,0.3,50.0 %,50.0 %,3.1,7,251,168,0.5 %,0.3 %,4,2.5,1,1,1,1,1,1,1,1,1,1,1,1,1,1,1,2,3.1,7,0.7,1.5,-472,-101,-0.5 %,-0.2 %,-472,-101,-0.5 %,-0.2 %,-472,-101,-0.5 %,-0.2 %,50.0 %,50.0 %,50.0 %,50.0 %,50.0 %,50.0 %,738,391,-236,-56,50.0 %,50.0 %
ACWX,14d RSI ACWX LT33 - L ACWX,4.8 %,4.2 %,2417,2116,7.7 %,8.0 %,62.5 %,52.9 %,0.0 %,-2.0 %,3,7,0.2,0.6,100.0 %,71.4 %,,2.4,806,296,1.6 %,0.6 %,3.7,1.9,0,1,3,2,0,1,3,3,0,0,3,4,,2.5,3,5,,6,3.3,2.2,0,-267,0.0 %,-0.5 %,0,-267,0.0 %,-0.5 %,0,0,0.0 %,0.0 %,100.0 %,71.4 %,100.0 %,71.4 %,100.0 %,83.3 %,806,497,0,-206,100.0 %,100.0 %
AGG,3d RSI AGG LT11 - L AGG,1.7 %,3.0 %,864,1538,11.2 %,9.6 %,15.5 %,32.0 %,-0.6 %,-0.9 %,7,7,0.6,0.6,71.4 %,100.0 %,1.2,,123,215,0.2 %,0.4 %,2.6,2.4,1,0,4,7,1,0,4,7,1,0,4,6,2.5,,5,7,3.1,,1.4,4.4,-654,0,-0.7 %,0.0 %,-654,0,-0.7 %,0.0 %,-654,0,-0.7 %,0.0 %,71.4 %,100.0 %,71.4 %,100.0 %,71.4 %,100.0 %,255,215,-206,0,71.4 %,100.0 %
AIA,16d RSI AIA LT36 - L AIA,2.0 %,13.6 %,981,6864,4.1 %,10.4 %,48.0 %,132.0 %,0.0 %,-1.8 %,2,9,0.2,0.8,100.0 %,100.0 %,,,490,716,1.0 %,1.4 %,2,1.9,0,0,2,9,0,0,2,7,0,0,2,6,,,2,9,,,2.3,5.9,0,0,0.0 %,0.0 %,0,0,0.0 %,0.0 %,0,0,0.0 %,0.0 %,100.0 %,100.0 %,100.0 %,100.0 %,100.0 %,100.0 %,490,716,0,0,100.0 %,100.0 %
AIRR,13d RSI AIRR LT34 - L AIRR,1.2 %,8.5 %,576,4285,100.0 %,6.8 %,1.2 %,126.0 %,0.0 %,-2.1 %,1,5,0.1,0.4,100.0 %,100.0 %,,,576,824,1.2 %,1.6 %,4,2.4,0,0,1,5,0,0,1,5,0,0,1,3,,,1,5,,,0,4.5,0,0,0.0 %,0.0 %,0,0,0.0 %,0.0 %,0,0,0.0 %,0.0 %,100.0 %,100.0 %,100.0 %,100.0 %,100.0 %,100.0 %,576,824,0,0,100.0 %,100.0 %
AMLP,6d RSI AMLP LT28 - L AMLP,1.2 %,6.3 %,606,3154,9.9 %,11.2 %,12.3 %,56.3 %,-0.8 %,-5.8 %,5,8,0.4,0.7,40.0 %,75.0 %,2.4,1.7,121,384,0.2 %,0.8 %,2.6,2.5,2,1,2,3,2,1,2,3,2,1,2,3,0.7,3,2,6,1.6,5.1,0.5,2.1,-820,-617,-0.8 %,-1.2 %,-820,-617,-0.8 %,-1.2 %,-820,-134,-0.8 %,-0.3 %,40.0 %,75.0 %,40.0 %,75.0 %,40.0 %,75.0 %,786,637,-322,-376,40.0 %,83.3 %
ANGL,9d RSI ANGL LT29 - L ANGL,1.3 %,2.6 %,640,1293,8.7 %,10.8 %,14.7 %,23.9 %,0.0 %,-2.3 %,3,5,0.2,0.4,66.7 %,80.0 %,5.9,1.7,213,255,0.4 %,0.5 %,4,4.4,1,1,2,3,1,1,2,3,1,1,2,3,2,4,2,4,11.7,6.9,1.9,2,-119,-216,-0.1 %,-0.4 %,-119,-216,-0.1 %,-0.4 %,-119,-128,-0.1 %,-0.3 %,66.7 %,80.0 %,66.7 %,80.0 %,66.7 %,80.0 %,350,372,-60,-216,66.7 %,75.0 %
AOA,13d RSI AOA LT31 - L AOA,2.5 %,1.8 %,1248,918,3.9 %,6.0 %,63.5 %,30.6 %,0.0 %,-1.5 %,2,5,0.2,0.4,100.0 %,80.0 %,,1.2,624,182,1.2 %,0.4 %,2.5,2,0,1,2,3,0,1,2,2,0,0,2,3,,4,2,4,,5,3.3,1.7,0,-227,0.0 %,-0.5 %,0,-227,0.0 %,-0.5 %,0,0,0.0 %,0.0 %,100.0 %,80.0 %,100.0 %,80.0 %,100.0 %,75.0 %,624,284,0,-227,100.0 %,100.0 %
AOM,14d RSI AOM LT31 - L AOM,0.2 %,0.8 %,90,417,100.0 %,6.4 %,0.2 %,13.0 %,0.0 %,-1.9 %,1,3,0.1,0.2,100.0 %,66.7 %,,1,90,139,0.2 %,0.3 %,4,4.3,0,1,1,1,0,1,1,1,0,1,1,1,,2,1,2,,2,0,0.6,0,-403,0.0 %,-0.8 %,0,-403,0.0 %,-0.8 %,0,-49,0.0 %,-0.1 %,100.0 %,66.7 %,100.0 %,66.7 %,100.0 %,66.7 %,90,410,0,-403,100.0 %,50.0 %
AOR,16d RSI AOR LT34 - L AOR,0.6 %,2.1 %,295,1078,100.0 %,7.2 %,0.6 %,29.9 %,0.0 %,-1.3 %,1,5,0.1,0.4,100.0 %,80.0 %,,1.4,295,213,0.6 %,0.4 %,1,2.6,0,1,1,2,0,1,1,2,0,0,1,3,,4,1,4,,5.4,0,1.8,0,-240,0.0 %,-0.5 %,0,-240,0.0 %,-0.5 %,0,0,0.0 %,0.0 %,100.0 %,80.0 %,100.0 %,80.0 %,100.0 %,80.0 %,295,326,0,-240,100.0 %,100.0 %
ARKK,16d RSI ARKK LT32 - L ARKK,6.7 %,8.6 %,3350,4314,12.0 %,5.2 %,55.6 %,165.9 %,0.0 %,-2.0 %,2,3,0.2,0.2,100.0 %,100.0 %,,,1675,1388,3.3 %,2.8 %,4,3.3,0,0,2,3,0,0,2,3,0,0,2,2,,,2,3,,,3.4,10.9,0,0,0.0 %,0.0 %,0,0,0.0 %,0.0 %,0,0,0.0 %,0.0 %,100.0 %,100.0 %,100.0 %,100.0 %,100.0 %,100.0 %,1675,1388,0,0,100.0 %,100.0 %
ARKW,19d RSI ARKW LT39 - L ARKW,5.8 %,29.6 %,2922,14927,10.0 %,10.0 %,58.4 %,298.5 %,-3.8 %,-2.8 %,3,7,0.2,0.6,66.7 %,100.0 %,1.2,,974,1902,1.9 %,3.8 %,1.7,2.6,1,0,1,7,0,0,2,6,0,0,2,4,2,,2,7,2.5,,0.8,4.1,-3971,0,-4.0 %,0.0 %,0,0,0.0 %,0.0 %,0,0,0.0 %,0.0 %,66.7 %,100.0 %,66.7 %,100.0 %,100.0 %,100.0 %,2454,1902,-1986,0,100.0 %,100.0 %
ASHR,16d RSI ASHR LT33 - L ASHR,2.5 %,7.1 %,1254,3558,3.2 %,8.8 %,78.4 %,80.9 %,0.0 %,-1.9 %,2,8,0.2,0.7,100.0 %,100.0 %,,,627,429,1.3 %,0.9 %,1,1.8,0,0,2,8,0,0,2,6,0,0,2,4,,,2,8,,,47.9,4.1,0,0,0.0 %,0.0 %,0,0,0.0 %,0.0 %,0,0,0.0 %,0.0 %,100.0 %,100.0 %,100.0 %,100.0 %,100.0 %,100.0 %,627,429,0,0,100.0 %,100.0 %
BAB,21d RSI BAB LT38 - L BAB,0.8 %,3.7 %,403,1862,42.0 %,6.8 %,1.9 %,54.8 %,-0.1 %,-1.3 %,5,5,0.4,0.4,80.0 %,100.0 %,2.8,,81,364,0.2 %,0.7 %,3,2.4,1,0,2,5,1,0,2,5,1,0,1,3,4,,4,5,11.2,,1.4,5.3,-79,0,-0.1 %,0.0 %,-79,0,-0.1 %,0.0 %,-79,0,-0.1 %,0.0 %,80.0 %,100.0 %,80.0 %,100.0 %,80.0 %,100.0 %,111,364,-40,0,66.7 %,100.0 %
BAR,20d RSI BAR LT46 - L BAR,3.4 %,2.5 %,1694,1278,8.3 %,31.2 %,40.7 %,8.2 %,-0.4 %,-4.5 %,5,16,0.4,1.3,80.0 %,75.0 %,2.2,0.5,339,83,0.7 %,0.2 %,2.6,3.9,1,1,2,5,1,1,2,4,1,1,2,4,4,3,4,12,9,1.4,2.5,0.5,-425,-1863,-0.4 %,-3.7 %,-425,-1863,-0.4 %,-3.7 %,-425,-522,-0.4 %,-1.0 %,80.0 %,75.0 %,80.0 %,75.0 %,80.0 %,71.4 %,477,402,-212,-871,75.0 %,75.0 %
BBHY,21d RSI BBHY LT45 - L BBHY,1.1 %,4.2 %,558,2134,6.5 %,16.4 %,17.1 %,26.0 %,0.0 %,-1.6 %,3,8,0.2,0.7,100.0 %,87.5 %,,1,186,261,0.4 %,0.5 %,2.7,4.1,0,1,3,6,0,1,3,6,0,1,2,3,,7,3,7,,6.8,2.6,2.2,0,-357,0.0 %,-0.7 %,0,-357,0.0 %,-0.7 %,0,-275,0.0 %,-0.6 %,100.0 %,87.5 %,100.0 %,87.5 %,100.0 %,87.5 %,186,349,0,-357,100.0 %,75.0 %
BBLU,7d RSI BBLU LT24 - L BBLU,4.4 %,2.9 %,2175,1440,9.9 %,6.0 %,44.0 %,48.0 %,0.0 %,-2.2 %,2,4,0.2,0.3,100.0 %,75.0 %,,2.2,1088,355,2.2 %,0.7 %,3,2.8,0,1,2,2,0,1,2,2,0,1,2,1,,3,2,3,,6.5,6,1.7,0,-259,0.0 %,-0.5 %,0,-259,0.0 %,-0.5 %,0,-259,0.0 %,-0.5 %,100.0 %,75.0 %,100.0 %,75.0 %,100.0 %,75.0 %,1088,560,0,-259,100.0 %,66.7 %
BCI,5d RSI BCI LT18 - L BCI,-0.9 %,8.7 %,-433,4386,10.7 %,9.6 %,-8.1 %,91.4 %,-1.6 %,-1.9 %,2,8,0.2,0.7,50.0 %,100.0 %,0.5,,-216,525,-0.4 %,1.1 %,5.5,2,1,0,1,8,1,0,1,8,1,0,1,7,1,,1,8,0.5,,-0.5,5.8,-1629,0,-1.6 %,0.0 %,-1629,0,-1.6 %,0.0 %,-1629,0,-1.6 %,0.0 %,50.0 %,100.0 %,50.0 %,100.0 %,50.0 %,100.0 %,382,525,-815,0,50.0 %,100.0 %
BITI,16d RSI BITI LT24 - L BITI,6.3 %,7.8 %,3138,3936,5.7 %,6.4 %,110.1 %,123.0 %,0.0 %,-5.1 %,3,5,0.2,0.4,66.7 %,80.0 %,3.5,1.7,1046,764,2.1 %,1.5 %,2.7,2.2,1,1,2,3,1,1,2,2,0,0,2,4,2,4,2,4,7,6.9,1.6,2.2,-1052,-644,-1.1 %,-1.3 %,-1052,-55,-1.1 %,-0.1 %,0,0,0.0 %,0.0 %,66.7 %,80.0 %,66.7 %,80.0 %,66.7 %,75.0 %,1832,1116,-526,-644,100.0 %,100.0 %
BIV,12d RSI BIV LT31 - L BIV,0.5 %,2.8 %,252,1434,9.5 %,7.2 %,5.3 %,39.8 %,-0.3 %,-1.4 %,4,6,0.3,0.5,50.0 %,83.3 %,2.7,1.5,63,235,0.1 %,0.5 %,3.2,2,2,1,1,3,2,1,1,3,2,0,1,4,1,5,2,5,2.7,7.6,0.9,2.4,-292,-214,-0.3 %,-0.4 %,-292,-214,-0.3 %,-0.4 %,-292,0,-0.3 %,0.0 %,50.0 %,83.3 %,50.0 %,83.3 %,50.0 %,83.3 %,199,325,-73,-214,50.0 %,100.0 %
BIZD,21d RSI BIZD LT50 - L BIZD,7.5 %,19.2 %,3746,9662,22.2 %,28.0 %,33.8 %,69.0 %,-4.6 %,-8.3 %,13,18,1.1,1.5,92.3 %,88.9 %,0.2,0.8,288,493,0.6 %,1.0 %,2.9,2.9,1,1,8,14,1,1,7,10,1,0,3,7,12,8,12,16,2.6,6.3,1.3,3.4,-4806,-1322,-4.8 %,-2.6 %,-4806,-480,-4.8 %,-1.0 %,-2671,0,-2.7 %,0.0 %,92.3 %,88.9 %,92.3 %,88.9 %,90.0 %,84.6 %,512,659,-2403,-831,83.3 %,100.0 %
BKLN,12d RSI BKLN LT44 - L BKLN,-0.1 %,3.5 %,-54,1743,100.0 %,13.2 %,-0.1 %,26.4 %,0.0 %,-1.2 %,1,7,0.1,0.6,0.0 %,100.0 %,0,,-54,244,-0.1 %,0.5 %,2,3.7,1,0,0,7,1,0,0,7,1,0,0,6,0,,0,7,0,,0,5.8,-108,0,-0.1 %,0.0 %,-108,0,-0.1 %,0.0 %,-108,0,-0.1 %,0.0 %,0.0 %,100.0 %,0.0 %,100.0 %,0.0 %,100.0 %,0,244,-54,0,0.0 %,100.0 %
BLV,4d RSI BLV LT14 - L BLV,2.4 %,3.9 %,1195,1967,15.2 %,8.4 %,15.7 %,46.8 %,-1.7 %,-2.7 %,4,6,0.3,0.5,75.0 %,100.0 %,0.8,,299,321,0.6 %,0.6 %,3.8,2.5,1,0,3,6,1,0,3,6,1,0,3,5,3,,3,6,2.4,,0.8,3.6,-1747,0,-1.7 %,0.0 %,-1747,0,-1.7 %,0.0 %,-1747,0,-1.7 %,0.0 %,75.0 %,100.0 %,75.0 %,100.0 %,75.0 %,100.0 %,689,321,-873,0,75.0 %,100.0 %
BND,3d RSI BND LT10 - L BND,0.7 %,1.9 %,374,950,7.6 %,7.6 %,9.9 %,25.0 %,-0.6 %,-0.8 %,5,5,0.4,0.4,80.0 %,100.0 %,0.6,,75,187,0.1 %,0.4 %,2.4,2.8,1,0,4,5,1,0,4,5,1,0,4,5,4,,4,5,2.2,,0.8,3.8,-621,0,-0.6 %,0.0 %,-621,0,-0.6 %,0.0 %,-621,0,-0.6 %,0.0 %,80.0 %,100.0 %,80.0 %,100.0 %,80.0 %,100.0 %,171,187,-311,0,80.0 %,100.0 %
BNDX,6d RSI BNDX LT24 - L BNDX,0.5 %,2.8 %,232,1420,3.4 %,9.2 %,13.8 %,30.9 %,0.0 %,-0.5 %,2,8,0.2,0.7,100.0 %,100.0 %,,,116,174,0.2 %,0.3 %,1.5,1.9,0,0,2,8,0,0,2,8,0,0,2,8,,,2,8,,,4,3.3,0,0,0.0 %,0.0 %,0,0,0.0 %,0.0 %,0,0,0.0 %,0.0 %,100.0 %,100.0 %,100.0 %,100.0 %,100.0 %,100.0 %,116,174,0,0,100.0 %,100.0 %
BNO,3d RSI BNO LT11 - L BNO,6.8 %,24.5 %,3424,12337,15.9 %,10.4 %,43.1 %,237.2 %,0.0 %,-4.0 %,4,8,0.3,0.7,100.0 %,100.0 %,,,856,1392,1.7 %,2.8 %,3.2,2.2,0,0,4,8,0,0,4,8,0,0,4,7,,,4,8,,,2.8,5.6,0,0,0.0 %,0.0 %,0,0,0.0 %,0.0 %,0,0,0.0 %,0.0 %,100.0 %,100.0 %,100.0 %,100.0 %,100.0 %,100.0 %,856,1392,0,0,100.0 %,100.0 %
BOND,4d RSI BOND LT13 - L BOND,0.9 %,2.5 %,473,1249,30.9 %,6.8 %,3.1 %,36.7 %,0.0 %,-0.8 %,4,5,0.3,0.4,75.0 %,100.0 %,,,118,245,0.2 %,0.5 %,3.2,2.4,1,0,3,5,1,0,3,5,1,0,2,5,3,,3,5,,,2.1,12.4,0,0,0.0 %,0.0 %,0,0,0.0 %,0.0 %,0,0,0.0 %,0.0 %,75.0 %,100.0 %,75.0 %,100.0 %,75.0 %,100.0 %,158,245,0,0,66.7 %,100.0 %
BSCR,15d RSI BSCR LT38 - L BSCR,0.4 %,3.0 %,200,1488,83.3 %,13.6 %,0.5 %,21.9 %,0.0 %,-0.8 %,2,9,0.2,0.8,100.0 %,66.7 %,,6.6,100,162,0.2 %,0.3 %,1.5,2.8,0,2,2,6,0,2,2,6,0,1,1,5,,2,2,6,,13.3,10,3,0,0,0.0 %,0.0 %,0,0,0.0 %,0.0 %,0,-119,0.0 %,-0.2 %,100.0 %,66.7 %,100.0 %,66.7 %,100.0 %,75.0 %,100,263,0,-40,100.0 %,71.4 %
BSV,13d RSI BSV LT34 - L BSV,0.1 %,0.9 %,54,453,100.0 %,5.2 %,0.1 %,17.4 %,0.0 %,-0.2 %,1,5,0.1,0.4,100.0 %,100.0 %,,,54,90,0.1 %,0.2 %,5,1.6,0,0,1,5,0,0,1,4,0,0,1,4,,,1,5,,,0,4.5,0,0,0.0 %,0.0 %,0,0,0.0 %,0.0 %,0,0,0.0 %,0.0 %,100.0 %,100.0 %,100.0 %,100.0 %,100.0 %,100.0 %,54,90,0,0,100.0 %,100.0 %
BWX,16d RSI BWX LT32 - L BWX,3.7 %,1.4 %,1871,725,8.3 %,5.2 %,44.9 %,27.9 %,0.0 %,-1.4 %,6,4,0.5,0.3,83.3 %,75.0 %,15.8,1.4,312,180,0.6 %,0.4 %,1.5,2.2,1,1,5,2,1,1,5,2,0,1,4,1,5,3,5,3,78.8,4.2,4,1.2,-48,-222,-0.0 %,-0.4 %,-48,-222,-0.0 %,-0.4 %,0,-222,0.0 %,-0.4 %,83.3 %,75.0 %,83.3 %,75.0 %,83.3 %,75.0 %,379,314,-24,-222,100.0 %,66.7 %
BWZ,12d RSI BWZ LT29 - L BWZ,1.2 %,2.1 %,595,1062,3.6 %,7.2 %,33.1 %,29.5 %,0.0 %,-0.7 %,2,4,0.2,0.3,100.0 %,100.0 %,,,298,262,0.6 %,0.5 %,1.5,3.5,0,0,2,4,0,0,2,4,0,0,2,4,,,2,4,,,5.6,3.9,0,0,0.0 %,0.0 %,0,0,0.0 %,0.0 %,0,0,0.0 %,0.0 %,100.0 %,100.0 %,100.0 %,100.0 %,100.0 %,100.0 %,298,262,0,0,100.0 %,100.0 %
CALF,20d RSI CALF LT41 - L CALF,2.2 %,16.7 %,1108,8397,18.2 %,10.0 %,12.2 %,167.9 %,-1.3 %,-4.1 %,7,7,0.6,0.6,71.4 %,100.0 %,1.1,,158,1115,0.3 %,2.2 %,3.4,2.6,2,0,3,7,1,0,3,7,0,0,4,6,2.5,,5,7,2.6,,1,7.3,-1359,0,-1.4 %,0.0 %,-919,0,-0.9 %,0.0 %,0,0,0.0 %,0.0 %,71.4 %,100.0 %,71.4 %,100.0 %,83.3 %,100.0 %,358,1115,-340,0,100.0 %,100.0 %
CHAU,13d RSI CHAU LT31 - L CHAU,4.8 %,16.9 %,2413,8511,8.0 %,10.4 %,60.3 %,163.7 %,0.0 %,-3.7 %,3,9,0.2,0.8,100.0 %,100.0 %,,,804,879,1.6 %,1.8 %,2.3,1.9,0,0,3,9,0,0,3,8,0,0,2,6,,,3,9,,,4.6,4,0,0,0.0 %,0.0 %,0,0,0.0 %,0.0 %,0,0,0.0 %,0.0 %,100.0 %,100.0 %,100.0 %,100.0 %,100.0 %,100.0 %,804,879,0,0,100.0 %,100.0 %
CIBR,4d RSI CIBR LT17 - L CIBR,17.3 %,9.6 %,8633,4821,14.9 %,8.4 %,116.0 %,114.8 %,0.0 %,-1.9 %,8,6,0.7,0.5,100.0 %,100.0 %,,,1079,769,2.2 %,1.5 %,3,2.5,0,0,8,6,0,0,8,6,0,0,7,6,,,8,6,,,3.7,4.4,0,0,0.0 %,0.0 %,0,0,0.0 %,0.0 %,0,0,0.0 %,0.0 %,100.0 %,100.0 %,100.0 %,100.0 %,100.0 %,100.0 %,1079,769,0,0,100.0 %,100.0 %
CMDT,21d RSI CMDT LT39 - L CMDT,3.4 %,8.9 %,1715,4498,45.9 %,20.0 %,7.5 %,45.0 %,-0.3 %,-1.8 %,6,18,0.5,1.5,83.3 %,77.8 %,2.5,1.8,286,239,0.6 %,0.5 %,1.8,1.8,1,1,3,6,1,1,3,5,0,1,3,3,5,3.5,5,14,12.5,6.4,2.7,3.2,-298,-507,-0.3 %,-1.0 %,-298,-179,-0.3 %,-0.4 %,0,-22,0.0 %,-0.0 %,83.3 %,77.8 %,83.3 %,77.8 %,83.3 %,75.0 %,373,365,-149,-201,100.0 %,80.0 %
CMF,14d RSI CMF LT27 - L CMF,0.4 %,1.2 %,211,604,100.0 %,6.8 %,0.4 %,17.8 %,0.0 %,-0.6 %,1,6,0.1,0.5,100.0 %,83.3 %,,1.7,211,99,0.4 %,0.2 %,2,1.8,0,1,1,5,0,1,1,5,0,0,1,4,,5,1,5,,8.7,0,2,0,-77,0.0 %,-0.1 %,0,-77,0.0 %,-0.1 %,0,0,0.0 %,0.0 %,100.0 %,83.3 %,100.0 %,83.3 %,100.0 %,83.3 %,211,135,0,-77,100.0 %,100.0 %
COLO,20d RSI COLO LT37 - L COLO,4.9 %,10.9 %,2434,5504,22.7 %,9.6 %,21.4 %,114.7 %,-1.4 %,-2.6 %,5,7,0.4,0.6,80.0 %,85.7 %,1.1,1.5,487,750,1.0 %,1.5 %,2,2.4,1,1,2,6,0,1,4,5,0,0,3,4,4,6,4,6,4.5,9.1,1.4,3,-1397,-646,-1.4 %,-1.3 %,0,-646,0.0 %,-1.3 %,0,0,0.0 %,0.0 %,80.0 %,85.7 %,80.0 %,85.7 %,100.0 %,83.3 %,783,983,-698,-646,100.0 %,100.0 %
COMT,3d RSI COMT LT13 - L COMT,8.1 %,14.7 %,4033,7423,13.1 %,12.8 %,61.7 %,116.0 %,0.0 %,-1.6 %,7,9,0.6,0.8,100.0 %,100.0 %,,,576,770,1.2 %,1.5 %,1.9,2.6,0,0,7,9,0,0,7,8,0,0,6,8,,,7,9,,,4.9,6.7,0,0,0.0 %,0.0 %,0,0,0.0 %,0.0 %,0,0,0.0 %,0.0 %,100.0 %,100.0 %,100.0 %,100.0 %,100.0 %,100.0 %,576,770,0,0,100.0 %,100.0 %
COPX,20d RSI COPX LT36 - L COPX,2.9 %,12.8 %,1454,6444,8.0 %,5.6 %,36.4 %,230.1 %,0.0 %,-1.2 %,2,5,0.2,0.4,100.0 %,100.0 %,,,727,1220,1.5 %,2.4 %,3,1.8,0,0,2,5,0,0,2,5,0,0,2,4,,,2,5,,,5.5,5.5,0,0,0.0 %,0.0 %,0,0,0.0 %,0.0 %,0,0,0.0 %,0.0 %,100.0 %,100.0 %,100.0 %,100.0 %,100.0 %,100.0 %,727,1220,0,0,100.0 %,100.0 %
CORN,19d RSI CORN LT30 - L CORN,1.1 %,6.5 %,536,3289,17.3 %,6.0 %,6.2 %,109.6 %,-1.1 %,-2.3 %,5,3,0.4,0.2,60.0 %,100.0 %,1.3,,107,1068,0.2 %,2.1 %,3,4,2,0,2,3,2,0,2,3,1,0,1,2,1.5,,3,3,2,,0.7,3.5,-1071,0,-1.1 %,0.0 %,-1071,0,-1.1 %,0.0 %,-1071,0,-1.1 %,0.0 %,60.0 %,100.0 %,60.0 %,100.0 %,60.0 %,100.0 %,357,1068,-268,0,66.7 %,100.0 %
COWZ,10d RSI COWZ LT32 - L COWZ,-0.1 %,6.0 %,-69,3024,9.1 %,8.4 %,-1.5 %,72.0 %,-2.1 %,-4.9 %,4,7,0.3,0.6,75.0 %,85.7 %,0.3,0.7,-17,422,-0.0 %,0.8 %,3.2,2,1,1,2,6,1,1,2,6,1,1,2,4,3,6,3,6,0.9,4.2,-0.1,1.8,-2098,-917,-2.1 %,-1.8 %,-2098,-917,-2.1 %,-1.8 %,-1532,-99,-1.5 %,-0.2 %,75.0 %,85.7 %,75.0 %,85.7 %,75.0 %,85.7 %,327,645,-1049,-917,66.7 %,80.0 %
CPER,7d RSI CPER LT31 - L CPER,4.7 %,14.0 %,2361,7065,15.9 %,14.8 %,29.6 %,95.5 %,-1.2 %,-2.2 %,8,11,0.7,0.9,75.0 %,100.0 %,1.6,,295,602,0.6 %,1.2 %,3.9,2.4,2,0,4,11,2,0,4,11,1,0,4,8,3,,6,11,4.8,,1.6,4.8,-1248,0,-1.2 %,0.0 %,-1248,0,-1.2 %,0.0 %,-80,0,-0.1 %,0.0 %,75.0 %,100.0 %,75.0 %,100.0 %,75.0 %,100.0 %,498,602,-312,0,85.7 %,100.0 %
CQQQ,11d RSI CQQQ LT28 - L CQQQ,3.5 %,10.7 %,1742,5386,73.3 %,5.6 %,4.8 %,192.4 %,-0.0 %,-0.5 %,3,5,0.2,0.4,66.7 %,100.0 %,53.7,,581,1028,1.2 %,2.1 %,2.7,1.8,1,0,1,5,1,0,1,5,0,0,2,4,2,,2,5,107.5,,1.5,5,-33,0,-0.0 %,0.0 %,-33,0,-0.0 %,0.0 %,0,0,0.0 %,0.0 %,66.7 %,100.0 %,66.7 %,100.0 %,66.7 %,100.0 %,879,1028,-16,0,100.0 %,100.0 %
CWB,7d RSI CWB LT19 - L CWB,0.8 %,2.5 %,421,1284,100.0 %,7.6 %,0.8 %,33.8 %,0.0 %,-1.0 %,1,5,0.1,0.4,100.0 %,100.0 %,,,421,252,0.8 %,0.5 %,5,2.8,0,0,1,5,0,0,1,5,0,0,1,4,,,1,5,,,0,5.2,0,0,0.0 %,0.0 %,0,0,0.0 %,0.0 %,0,0,0.0 %,0.0 %,100.0 %,100.0 %,100.0 %,100.0 %,100.0 %,100.0 %,421,252,0,0,100.0 %,100.0 %
CWEB,15d RSI CWEB LT36 - L CWEB,9.8 %,60.6 %,4890,30528,15.3 %,7.2 %,63.8 %,848.0 %,-1.1 %,-3.0 %,6,8,0.5,0.7,66.7 %,100.0 %,1.9,,815,3066,1.6 %,6.1 %,3.2,1.2,1,0,3,8,1,0,3,7,1,0,3,6,2,,4,8,3.7,,1.2,6.5,-2396,0,-2.4 %,0.0 %,-2396,0,-2.4 %,0.0 %,-2396,0,-2.4 %,0.0 %,66.7 %,100.0 %,66.7 %,100.0 %,66.7 %,100.0 %,1668,3066,-892,0,75.0 %,100.0 %
CWI,12d RSI CWI LT35 - L CWI,4.1 %,4.4 %,2066,2219,10.4 %,12.4 %,39.6 %,35.8 %,0.0 %,-3.5 %,4,9,0.3,0.8,75.0 %,77.8 %,18.2,0.8,517,242,1.0 %,0.5 %,3.8,2.4,1,1,3,3,1,1,3,4,1,1,3,3,3,3.5,3,7,54.5,2.7,2,1.4,-77,-759,-0.1 %,-1.5 %,-77,-759,-0.1 %,-1.5 %,-77,-268,-0.1 %,-0.5 %,75.0 %,77.8 %,75.0 %,77.8 %,75.0 %,85.7 %,702,495,-39,-643,75.0 %,75.0 %
CXSE,10d RSI CXSE LT27 - L CXSE,5.7 %,11.9 %,2866,6008,7.4 %,5.6 %,77.1 %,214.6 %,0.0 %,-0.9 %,3,5,0.2,0.4,100.0 %,100.0 %,,,955,1144,1.9 %,2.3 %,2,1.8,0,0,3,5,0,0,3,5,0,0,2,4,,,3,5,,,2.8,3.7,0,0,0.0 %,0.0 %,0,0,0.0 %,0.0 %,0,0,0.0 %,0.0 %,100.0 %,100.0 %,100.0 %,100.0 %,100.0 %,100.0 %,955,1144,0,0,100.0 %,100.0 %
DBA,18d RSI DBA LT41 - L DBA,5.8 %,7.0 %,2879,3541,19.1 %,7.6 %,30.1 %,93.2 %,0.0 %,-0.6 %,3,7,0.2,0.6,100.0 %,100.0 %,,,960,488,1.9 %,1.0 %,3.3,1.7,0,0,3,7,0,0,3,7,0,0,3,5,,,3,7,,,1.8,5.6,0,0,0.0 %,0.0 %,0,0,0.0 %,0.0 %,0,0,0.0 %,0.0 %,100.0 %,100.0 %,100.0 %,100.0 %,100.0 %,100.0 %,960,488,0,0,100.0 %,100.0 %
DBB,5d RSI DBB LT18 - L DBB,0.5 %,7.2 %,229,3621,12.8 %,7.6 %,3.6 %,95.3 %,-4.4 %,-1.7 %,5,5,0.4,0.4,80.0 %,100.0 %,0.3,,46,699,0.1 %,1.4 %,4.8,2.8,1,0,2,5,1,0,2,5,1,0,2,4,4,,4,5,1.1,,0.1,7.1,-4417,0,-4.4 %,0.0 %,-4417,0,-4.4 %,0.0 %,-4417,0,-4.4 %,0.0 %,80.0 %,100.0 %,80.0 %,100.0 %,80.0 %,100.0 %,609,699,-2208,0,80.0 %,100.0 %
DBC,11d RSI DBC LT29 - L DBC,0.9 %,7.2 %,452,3625,78.6 %,6.8 %,1.2 %,106.6 %,0.0 %,-1.4 %,2,5,0.2,0.4,50.0 %,100.0 %,,,226,701,0.5 %,1.4 %,4.5,2.4,1,0,1,5,1,0,1,5,1,0,1,4,1,,1,5,,,1.4,4.2,0,0,0.0 %,0.0 %,0,0,0.0 %,0.0 %,0,0,0.0 %,0.0 %,50.0 %,100.0 %,50.0 %,100.0 %,50.0 %,100.0 %,452,701,0,0,50.0 %,100.0 %
DBEF,7d RSI DBEF LT27 - L DBEF,0.7 %,4.8 %,345,2399,5.6 %,5.6 %,12.4 %,85.7 %,-1.3 %,-0.7 %,3,5,0.2,0.4,66.7 %,100.0 %,0.8,,115,468,0.2 %,0.9 %,2.3,1.8,1,0,1,5,1,0,1,5,1,0,1,3,2,,2,5,1.5,,0.4,3.3,-1353,0,-1.4 %,0.0 %,-1353,0,-1.4 %,0.0 %,-1353,0,-1.4 %,0.0 %,66.7 %,100.0 %,66.7 %,100.0 %,66.7 %,100.0 %,511,468,-676,0,66.7 %,100.0 %
DBO,4d RSI DBO LT18 - L DBO,4.0 %,27.7 %,1983,13968,28.3 %,11.2 %,14.0 %,249.4 %,-0.1 %,-3.1 %,6,9,0.5,0.8,83.3 %,100.0 %,10.4,,330,1380,0.7 %,2.8 %,4,2.1,1,0,5,9,1,0,5,9,1,0,4,7,5,,5,9,51.8,,3.6,8,-78,0,-0.1 %,0.0 %,-78,0,-0.1 %,0.0 %,-78,0,-0.1 %,0.0 %,83.3 %,100.0 %,83.3 %,100.0 %,83.3 %,100.0 %,404,1380,-39,0,80.0 %,100.0 %
DDM,6d RSI DDM LT20 - L DDM,5.4 %,5.9 %,2691,2953,11.6 %,8.0 %,46.4 %,73.8 %,-2.6 %,-4.9 %,4,4,0.3,0.3,75.0 %,75.0 %,1,1.7,673,725,1.3 %,1.4 %,4.2,4,1,1,3,2,1,1,3,2,1,0,3,3,3,3,3,3,2.9,5,0.9,1.6,-2786,-723,-2.8 %,-1.4 %,-2786,-723,-2.8 %,-1.4 %,-2786,0,-2.8 %,0.0 %,75.0 %,75.0 %,75.0 %,75.0 %,75.0 %,75.0 %,1361,1207,-1393,-723,75.0 %,100.0 %
DDWM,10d RSI DDWM LT33 - L DDWM,1.4 %,9.6 %,713,4851,8.9 %,11.2 %,16.0 %,86.6 %,-1.5 %,-1.0 %,4,11,0.3,0.9,75.0 %,90.9 %,0.6,13.1,178,420,0.4 %,0.8 %,3,1.6,1,1,2,5,1,0,2,9,1,0,2,5,3,10,3,10,1.9,130.6,0.6,5.1,-1524,-36,-1.5 %,-0.1 %,-1524,0,-1.5 %,0.0 %,-1524,0,-1.5 %,0.0 %,75.0 %,90.9 %,75.0 %,90.9 %,75.0 %,100.0 %,492,466,-762,-36,75.0 %,100.0 %
DEM,19d RSI DEM LT40 - L DEM,1.8 %,5.7 %,925,2846,14.7 %,6.4 %,12.6 %,88.9 %,-1.7 %,-1.2 %,4,5,0.3,0.4,75.0 %,80.0 %,0.7,9.3,231,554,0.5 %,1.1 %,3,2.2,1,1,2,4,1,0,2,4,1,0,2,3,3,4,3,4,2.1,37.3,0.7,3.4,-1689,-76,-1.7 %,-0.1 %,-1689,0,-1.7 %,0.0 %,-1689,0,-1.7 %,0.0 %,75.0 %,80.0 %,75.0 %,80.0 %,75.0 %,100.0 %,590,711,-844,-76,75.0 %,100.0 %
DES,21d RSI DES LT40 - L DES,1.1 %,14.2 %,558,7134,70.0 %,17.6 %,1.6 %,81.1 %,0.0 %,-4.8 %,2,13,0.2,1.1,100.0 %,76.9 %,,1.6,279,516,0.6 %,1.0 %,2.5,2.4,0,1,2,7,0,1,2,6,0,0,1,6,,3.3,2,10,,5.3,16.9,2.8,0,-720,0.0 %,-1.4 %,0,-720,0.0 %,-1.4 %,0,0,0.0 %,0.0 %,100.0 %,76.9 %,100.0 %,76.9 %,100.0 %,75.0 %,279,829,0,-526,100.0 %,100.0 %
DGRO,4d RSI DGRO LT13 - L DGRO,-1.2 %,3.8 %,-610,1912,8.8 %,8.0 %,-13.9 %,47.8 %,-1.6 %,-2.2 %,2,4,0.2,0.3,50.0 %,100.0 %,0.2,,-305,468,-0.6 %,0.9 %,7,4,1,0,1,4,1,0,1,4,1,0,1,3,1,,1,4,0.2,,-0.9,3.4,-1578,0,-1.6 %,0.0 %,-1578,0,-1.6 %,0.0 %,-1578,0,-1.6 %,0.0 %,50.0 %,100.0 %,50.0 %,100.0 %,50.0 %,100.0 %,179,468,-789,0,50.0 %,100.0 %
DGRW,4d RSI DGRW LT15 - L DGRW,1.8 %,4.4 %,908,2235,10.0 %,10.4 %,18.2 %,43.0 %,-1.2 %,-2.3 %,4,6,0.3,0.5,75.0 %,83.3 %,0.8,1.1,227,365,0.5 %,0.7 %,3.5,3.3,1,1,3,3,1,1,3,3,1,1,3,2,3,5,3,5,2.5,5.5,0.9,2.1,-1246,-485,-1.2 %,-1.0 %,-1246,-485,-1.2 %,-1.0 %,-1246,-485,-1.2 %,-1.0 %,75.0 %,83.3 %,75.0 %,83.3 %,75.0 %,83.3 %,510,535,-623,-485,75.0 %,75.0 %
DGS,7d RSI DGS LT25 - L DGS,5.2 %,5.4 %,2615,2720,9.1 %,7.6 %,57.8 %,71.6 %,0.0 %,-1.0 %,6,6,0.5,0.5,100.0 %,83.3 %,,45.4,436,441,0.9 %,0.9 %,2.7,2.2,0,1,6,3,0,1,6,3,0,1,5,2,,5,6,5,,227,5.5,3.9,0,-12,0.0 %,-0.0 %,0,-12,0.0 %,-0.0 %,0,-12,0.0 %,-0.0 %,100.0 %,83.3 %,100.0 %,83.3 %,100.0 %,83.3 %,436,531,0,-12,100.0 %,75.0 %
DIA,6d RSI DIA LT21 - L DIA,2.3 %,3.2 %,1150,1609,10.5 %,8.0 %,21.9 %,40.2 %,-1.3 %,-2.4 %,4,4,0.3,0.3,75.0 %,75.0 %,0.9,2.2,288,396,0.6 %,0.8 %,3.8,4,1,1,3,2,1,1,3,2,1,0,3,3,3,3,3,3,2.7,6.5,0.9,1.9,-1333,-288,-1.3 %,-0.6 %,-1333,-288,-1.3 %,-0.6 %,-1333,0,-1.3 %,0.0 %,75.0 %,75.0 %,75.0 %,75.0 %,75.0 %,75.0 %,606,624,-667,-288,75.0 %,100.0 %
DIV,18d RSI DIV LT32 - L DIV,1.7 %,1.6 %,826,797,100.0 %,7.6 %,1.7 %,21.0 %,0.0 %,-5.2 %,1,4,0.1,0.3,100.0 %,75.0 %,,0.5,826,205,1.7 %,0.4 %,4,3.8,0,1,1,3,0,1,1,3,0,1,1,2,,3,1,3,,1.6,0,0.5,0,-1289,0.0 %,-2.6 %,0,-1289,0.0 %,-2.6 %,0,-596,0.0 %,-1.2 %,100.0 %,75.0 %,100.0 %,75.0 %,100.0 %,75.0 %,826,702,0,-1289,100.0 %,66.7 %
DIVB,8d RSI DIVB LT24 - L DIVB,-0.6 %,3.6 %,-278,1829,7.2 %,9.6 %,-7.7 %,38.1 %,-1.8 %,-2.5 %,2,5,0.2,0.4,50.0 %,80.0 %,0.7,10.2,-139,359,-0.3 %,0.7 %,5.5,3.8,1,1,1,4,1,1,1,4,1,1,1,3,1,4,1,4,0.7,40.8,-0.3,2.5,-1780,-45,-1.8 %,-0.1 %,-1780,-45,-1.8 %,-0.1 %,-1780,-45,-1.8 %,-0.1 %,50.0 %,80.0 %,50.0 %,80.0 %,50.0 %,80.0 %,612,460,-890,-45,50.0 %,75.0 %
DIVI,12d RSI DIVI LT36 - L DIVI,2.3 %,8.7 %,1149,4360,15.3 %,15.2 %,15.0 %,57.4 %,0.0 %,-3.7 %,7,12,0.6,1,85.7 %,83.3 %,2,0.8,164,350,0.3 %,0.7 %,3,2.2,1,1,6,6,1,1,5,5,1,1,4,5,6,5,6,10,12,4.1,2.5,2.4,-209,-790,-0.2 %,-1.6 %,-209,-790,-0.2 %,-1.6 %,-209,-424,-0.2 %,-0.8 %,85.7 %,83.3 %,85.7 %,83.3 %,83.3 %,80.0 %,209,556,-105,-684,80.0 %,83.3 %
DIVO,16d RSI DIVO LT37 - L DIVO,3.9 %,1.9 %,1963,933,9.8 %,8.0 %,40.0 %,23.3 %,0.0 %,-2.9 %,2,4,0.2,0.3,100.0 %,75.0 %,,0.9,981,233,2.0 %,0.5 %,4,4,0,1,2,2,0,1,2,2,0,1,2,1,,3,2,3,,2.8,30.8,0.8,0,-509,0.0 %,-1.0 %,0,-509,0.0 %,-1.0 %,0,-376,0.0 %,-0.8 %,100.0 %,75.0 %,100.0 %,75.0 %,100.0 %,75.0 %,981,480,0,-509,100.0 %,50.0 %
DLN,5d RSI DLN LT16 - L DLN,-1.6 %,1.9 %,-825,969,6.7 %,6.0 %,-24.7 %,32.3 %,-2.4 %,-3.2 %,2,3,0.2,0.2,50.0 %,66.7 %,0.3,1.4,-412,322,-0.8 %,0.6 %,5,4,1,1,1,1,1,1,1,1,1,0,1,2,1,2,1,2,0.3,2.8,-0.8,0.9,-2374,-531,-2.4 %,-1.1 %,-2374,-531,-2.4 %,-1.1 %,-2374,0,-2.4 %,0.0 %,50.0 %,66.7 %,50.0 %,66.7 %,50.0 %,66.7 %,362,749,-1187,-531,50.0 %,100.0 %
DOG,21d RSI DOG LT45 - L DOG,-4.1 %,4.5 %,-2050,2269,62.0 %,40.8 %,-6.6 %,11.1 %,-5.9 %,-7.0 %,27,14,2.2,1.2,51.9 %,78.6 %,0.7,0.4,-76,167,-0.2 %,0.3 %,4.4,5.9,3,1,2,5,4,1,2,5,3,1,2,5,1.1,3.7,14,11,0.7,1.6,-0.8,0.6,-2153,-2806,-2.2 %,-5.6 %,-3762,-2806,-3.8 %,-5.6 %,-1827,-2806,-1.8 %,-5.6 %,51.9 %,78.6 %,51.9 %,78.6 %,47.8 %,76.9 %,343,578,-527,-1340,36.4 %,75.0 %
DON,19d RSI DON LT36 - L DON,1.7 %,7.1 %,836,3584,100.0 %,8.0 %,1.7 %,89.6 %,0.0 %,-4.2 %,1,6,0.1,0.5,100.0 %,83.3 %,,1.2,836,579,1.7 %,1.2 %,4,2.3,0,1,1,5,0,1,1,5,0,0,1,3,,5,1,5,,6.1,0,2.5,0,-680,0.0 %,-1.4 %,0,-680,0.0 %,-1.4 %,0,0,0.0 %,0.0 %,100.0 %,83.3 %,100.0 %,83.3 %,100.0 %,83.3 %,836,831,0,-680,100.0 %,100.0 %
DRIP,21d RSI DRIP LT34 - L DRIP,-4.1 %,11.8 %,-2071,5963,100.0 %,5.6 %,-4.1 %,213.0 %,-3.2 %,-5.5 %,3,4,0.2,0.3,33.3 %,100.0 %,0.8,,-690,1421,-1.4 %,2.8 %,6,2.5,1,0,1,4,1,0,1,4,2,0,0,2,0.5,,1,4,0.4,,-0.9,4.9,-3565,0,-3.6 %,0.0 %,-3565,0,-3.6 %,0.0 %,-4141,0,-4.1 %,0.0 %,33.3 %,100.0 %,33.3 %,100.0 %,33.3 %,100.0 %,1291,1421,-1681,0,0.0 %,100.0 %
DRN,7d RSI DRN LT18 - L DRN,-8.9 %,4.6 %,-4454,2328,100.0 %,5.2 %,-8.9 %,89.5 %,0.0 %,-8.8 %,1,3,0.1,0.2,0.0 %,66.7 %,0,1.2,-4454,794,-8.9 %,1.6 %,5,3.3,1,1,0,1,1,1,0,1,1,1,0,1,0,2,0,2,0,2.3,0,0.7,-8909,-1828,-8.9 %,-3.7 %,-8909,-1828,-8.9 %,-3.7 %,-8909,-1828,-8.9 %,-3.7 %,0.0 %,66.7 %,0.0 %,66.7 %,0.0 %,66.7 %,0,2106,-4454,-1828,0.0 %,66.7 %
DSI,17d RSI DSI LT36 - L DSI,4.9 %,1.3 %,2428,653,9.9 %,5.2 %,49.2 %,25.1 %,0.0 %,-2.1 %,2,3,0.2,0.2,100.0 %,33.3 %,,5.1,1214,219,2.4 %,0.4 %,3,3.3,0,1,2,1,0,1,2,1,0,1,2,1,,0.5,2,1,,2.5,18.4,0.6,0,-337,0.0 %,-0.7 %,0,-337,0.0 %,-0.7 %,0,-88,0.0 %,-0.2 %,100.0 %,33.3 %,100.0 %,33.3 %,100.0 %,33.3 %,1214,1082,0,-213,100.0 %,50.0 %
DULL,6d RSI DULL LT15 - L DULL,-13.0 %,17.2 %,-6510,8646,10.1 %,7.6 %,-129.4 %,227.5 %,-7.4 %,-0.7 %,3,7,0.2,0.6,33.3 %,100.0 %,0.4,,-2170,1152,-4.3 %,2.3 %,4.7,1.7,2,0,1,7,2,0,1,7,2,0,1,4,0.5,,1,7,0.2,,-1.3,3.3,-16483,0,-16.5 %,0.0 %,-16483,0,-16.5 %,0.0 %,-16483,0,-16.5 %,0.0 %,33.3 %,100.0 %,33.3 %,100.0 %,33.3 %,100.0 %,1731,1152,-4121,0,33.3 %,100.0 %
DUST,21d RSI DUST LT35 - L DUST,15.5 %,11.6 %,7740,5819,15.0 %,6.0 %,103.4 %,194.0 %,-0.6 %,-11.7 %,5,4,0.4,0.3,60.0 %,75.0 %,1.9,1,1548,1448,3.1 %,2.9 %,3.4,2.8,1,1,3,2,1,1,3,2,1,1,3,1,1.5,3,3,3,2.8,3,1.1,1.2,-7753,-2855,-7.8 %,-5.7 %,-7753,-2855,-7.8 %,-5.7 %,-661,-2855,-0.7 %,-5.7 %,60.0 %,75.0 %,60.0 %,75.0 %,60.0 %,75.0 %,3982,2882,-2104,-2855,75.0 %,66.7 %
DVY,5d RSI DVY LT11 - L DVY,-2.6 %,0.1 %,-1311,29,100.0 %,7.2 %,-2.6 %,0.8 %,0.0 %,-3.2 %,1,3,0.1,0.2,0.0 %,66.7 %,0,0.5,-1311,11,-2.6 %,0.0 %,4,5,1,1,0,2,1,1,0,2,1,1,0,2,0,2,0,2,0,1.1,0,0.1,-2621,-362,-2.6 %,-0.7 %,-2621,-362,-2.6 %,-0.7 %,-2621,-362,-2.6 %,-0.7 %,0.0 %,66.7 %,0.0 %,66.7 %,0.0 %,66.7 %,0,197,-1311,-362,0.0 %,66.7 %
DVYE,14d RSI DVYE LT34 - L DVYE,1.4 %,6.3 %,708,3167,44.4 %,5.2 %,3.2 %,121.8 %,0.0 %,-0.7 %,2,5,0.2,0.4,100.0 %,100.0 %,,,354,614,0.7 %,1.2 %,1,1.6,0,0,2,5,0,0,2,5,0,0,2,4,,,2,5,,,13,3.9,0,0,0.0 %,0.0 %,0,0,0.0 %,0.0 %,0,0,0.0 %,0.0 %,100.0 %,100.0 %,100.0 %,100.0 %,100.0 %,100.0 %,354,614,0,0,100.0 %,100.0 %
DXD,21d RSI DXD LT44 - L DXD,-11.2 %,1.9 %,-5602,935,63.4 %,37.2 %,-17.7 %,5.0 %,-14.5 %,-14.0 %,29,13,2.4,1.1,51.7 %,76.9 %,0.6,0.4,-193,113,-0.4 %,0.2 %,4.2,5.7,4,1,3,5,5,1,2,5,6,1,1,5,1.1,3.3,15,10,0.6,1.2,-1,0.2,-5408,-5765,-5.4 %,-11.5 %,-8841,-5765,-8.8 %,-11.5 %,-9977,-5765,-10.0 %,-11.5 %,51.7 %,76.9 %,51.7 %,76.9 %,45.8 %,75.0 %,645,996,-1091,-2832,18.2 %,75.0 %
DXJ,20d RSI DXJ LT47 - L DXJ,-8.2 %,14.0 %,-4117,7072,33.3 %,14.0 %,-24.7 %,101.0 %,-13.1 %,-2.4 %,8,11,0.7,0.9,62.5 %,81.8 %,0.3,5,-515,602,-1.0 %,1.2 %,2.8,2.2,2,1,3,5,2,1,2,5,2,0,2,4,1.7,4.5,5,9,0.4,22.7,-0.6,4.4,-13171,-199,-13.2 %,-0.4 %,-13171,-199,-13.2 %,-0.4 %,-11781,0,-11.8 %,0.0 %,62.5 %,81.8 %,62.5 %,81.8 %,50.0 %,80.0 %,647,770,-2451,-153,50.0 %,100.0 %
EBND,6d RSI EBND LT19 - L EBND,1.1 %,1.7 %,565,843,4.4 %,8.8 %,25.4 %,19.1 %,0.0 %,-2.5 %,3,4,0.2,0.3,66.7 %,75.0 %,2.5,0.8,188,210,0.4 %,0.4 %,1.7,4.5,1,1,2,2,1,1,2,2,1,1,2,2,2,3,2,3,5,2.3,1.3,0.8,-279,-659,-0.3 %,-1.3 %,-279,-659,-0.3 %,-1.3 %,-279,-659,-0.3 %,-1.3 %,66.7 %,75.0 %,66.7 %,75.0 %,66.7 %,75.0 %,352,500,-140,-659,66.7 %,75.0 %
ECH,5d RSI ECH LT15 - L ECH,0.3 %,7.2 %,169,3643,10.8 %,5.2 %,3.1 %,140.1 %,0.0 %,-1.9 %,3,4,0.2,0.3,66.7 %,100.0 %,0.6,,56,882,0.1 %,1.8 %,5,2.2,1,0,2,4,1,0,2,4,1,0,2,2,2,,2,4,1.2,,0.1,3.7,-2212,0,-2.2 %,0.0 %,-2212,0,-2.2 %,0.0 %,-2212,0,-2.2 %,0.0 %,66.7 %,100.0 %,66.7 %,100.0 %,66.7 %,100.0 %,638,882,-1106,0,66.7 %,100.0 %
EDC,14d RSI EDC LT33 - L EDC,4.2 %,22.0 %,2105,11070,2.8 %,7.2 %,152.6 %,307.5 %,0.0 %,-3.6 %,2,6,0.2,0.5,100.0 %,100.0 %,,,1053,1691,2.1 %,3.4 %,1,2,0,0,2,6,0,0,2,5,0,0,2,4,,,2,6,,,6,4.3,0,0,0.0 %,0.0 %,0,0,0.0 %,0.0 %,0,0,0.0 %,0.0 %,100.0 %,100.0 %,100.0 %,100.0 %,100.0 %,100.0 %,1053,1691,0,0,100.0 %,100.0 %
EDIV,3d RSI EDIV LT17 - L EDIV,1.4 %,8.6 %,702,4338,16.8 %,7.2 %,8.4 %,120.5 %,-1.6 %,-0.7 %,10,7,0.8,0.6,60.0 %,100.0 %,1.1,,70,594,0.1 %,1.2 %,3.1,1.6,1,0,4,7,1,0,4,7,1,0,2,5,1.5,,6,7,1.6,,0.6,7.1,-1215,0,-1.2 %,0.0 %,-1215,0,-1.2 %,0.0 %,-1215,0,-1.2 %,0.0 %,60.0 %,100.0 %,60.0 %,100.0 %,60.0 %,100.0 %,319,594,-302,0,50.0 %,100.0 %
EDV,3d RSI EDV LT10 - L EDV,10.7 %,1.6 %,5336,800,13.8 %,10.4 %,77.3 %,15.4 %,-0.3 %,-5.8 %,8,7,0.7,0.6,87.5 %,71.4 %,4.3,0.7,667,114,1.3 %,0.2 %,3,2.7,1,1,7,4,1,1,7,3,1,2,5,3,7,2.5,7,5,30,1.9,3.7,0.8,-368,-511,-0.4 %,-1.0 %,-368,-424,-0.4 %,-0.8 %,-368,-750,-0.4 %,-1.5 %,87.5 %,71.4 %,87.5 %,71.4 %,87.5 %,66.7 %,788,347,-184,-468,83.3 %,60.0 %
EDZ,4d RSI EDZ LT13 - L EDZ,-4.5 %,16.4 %,-2242,8253,16.0 %,5.2 %,-27.9 %,317.4 %,-8.3 %,-3.1 %,5,4,0.4,0.3,20.0 %,100.0 %,1.9,,-448,1950,-0.9 %,3.9 %,4,2.2,4,0,1,4,4,0,1,4,4,0,1,3,0.2,,1,4,0.5,,-0.7,2.8,-8626,0,-8.6 %,0.0 %,-8626,0,-8.6 %,0.0 %,-8626,0,-8.6 %,0.0 %,20.0 %,100.0 %,20.0 %,100.0 %,20.0 %,100.0 %,2071,1950,-1078,0,20.0 %,100.0 %
EEM,14d RSI EEM LT34 - L EEM,4.3 %,7.1 %,2170,3590,4.1 %,6.8 %,106.3 %,105.6 %,0.0 %,-1.2 %,2,7,0.2,0.6,100.0 %,85.7 %,,5.4,1085,496,2.2 %,1.0 %,2,1.4,0,1,2,3,0,0,2,5,0,0,2,4,,6,2,6,,32.3,2.3,3.3,0,-111,0.0 %,-0.2 %,0,0,0.0 %,0.0 %,0,0,0.0 %,0.0 %,100.0 %,85.7 %,100.0 %,85.7 %,100.0 %,100.0 %,1085,597,0,-111,100.0 %,100.0 %
EEMA,17d RSI EEMA LT36 - L EEMA,1.1 %,6.9 %,565,3468,100.0 %,5.2 %,1.1 %,133.4 %,0.0 %,-0.8 %,1,5,0.1,0.4,100.0 %,100.0 %,,,565,671,1.1 %,1.3 %,2,1.6,0,0,1,5,0,0,1,5,0,0,1,2,,,1,5,,,0,4.7,0,0,0.0 %,0.0 %,0,0,0.0 %,0.0 %,0,0,0.0 %,0.0 %,100.0 %,100.0 %,100.0 %,100.0 %,100.0 %,100.0 %,565,671,0,0,100.0 %,100.0 %
EEMV,6d RSI EEMV LT19 - L EEMV,1.3 %,2.5 %,668,1257,22.9 %,5.6 %,5.8 %,44.9 %,0.0 %,-0.6 %,2,4,0.2,0.3,100.0 %,100.0 %,,,334,309,0.7 %,0.6 %,3,2.5,0,0,2,4,0,0,2,4,0,0,2,3,,,2,4,,,9.2,4.6,0,0,0.0 %,0.0 %,0,0,0.0 %,0.0 %,0,0,0.0 %,0.0 %,100.0 %,100.0 %,100.0 %,100.0 %,100.0 %,100.0 %,334,309,0,0,100.0 %,100.0 %
EFA,8d RSI EFA LT26 - L EFA,3.1 %,2.5 %,1572,1241,8.8 %,6.0 %,35.8 %,41.4 %,0.0 %,-1.9 %,3,5,0.2,0.4,66.7 %,60.0 %,,3.7,524,245,1.0 %,0.5 %,4.3,2,1,1,2,2,1,1,2,2,1,0,2,3,2,1.5,2,3,,5.6,1.5,1.7,0,-169,0.0 %,-0.3 %,0,-96,0.0 %,-0.2 %,0,0,0.0 %,0.0 %,66.7 %,60.0 %,66.7 %,60.0 %,66.7 %,75.0 %,786,496,0,-132,66.7 %,100.0 %
EFAV,14d RSI EFAV LT31 - L EFAV,0.3 %,2.3 %,162,1153,5.5 %,6.0 %,5.9 %,38.4 %,0.0 %,-3.0 %,2,4,0.2,0.3,50.0 %,75.0 %,2.3,1.2,81,285,0.2 %,0.6 %,4,2.8,1,1,1,2,1,1,1,2,1,0,1,3,1,3,1,3,2.3,3.5,0.6,1.3,-249,-456,-0.2 %,-0.9 %,-249,-456,-0.2 %,-0.9 %,-249,0,-0.2 %,0.0 %,50.0 %,75.0 %,50.0 %,75.0 %,50.0 %,75.0 %,287,532,-125,-456,50.0 %,100.0 %
EFG,8d RSI EFG LT28 - L EFG,4.2 %,2.1 %,2094,1065,14.8 %,11.2 %,28.4 %,19.0 %,-0.1 %,-4.1 %,6,7,0.5,0.6,66.7 %,71.4 %,2.7,0.6,349,156,0.7 %,0.3 %,3.5,3,1,1,4,2,1,2,4,2,1,2,3,2,2,2.5,4,5,5.3,1.5,1.5,0.5,-850,-1353,-0.9 %,-2.7 %,-850,-1410,-0.9 %,-2.8 %,-850,-279,-0.9 %,-0.6 %,66.7 %,71.4 %,66.7 %,71.4 %,66.7 %,66.7 %,644,631,-241,-1034,60.0 %,50.0 %
EFV,11d RSI EFV LT31 - L EFV,4.1 %,9.7 %,2056,4874,8.3 %,7.2 %,49.6 %,135.4 %,0.0 %,-1.3 %,4,7,0.3,0.6,100.0 %,100.0 %,,,514,666,1.0 %,1.3 %,2.8,1.6,0,0,4,7,0,0,4,6,0,0,4,4,,,4,7,,,3.3,3.5,0,0,0.0 %,0.0 %,0,0,0.0 %,0.0 %,0,0,0.0 %,0.0 %,100.0 %,100.0 %,100.0 %,100.0 %,100.0 %,100.0 %,514,666,0,0,100.0 %,100.0 %
EIDO,10d RSI EIDO LT22 - L EIDO,0.3 %,0.6 %,160,310,10.1 %,5.2 %,3.2 %,11.9 %,-1.2 %,-3.8 %,4,3,0.3,0.2,50.0 %,66.7 %,1.2,0.7,40,107,0.1 %,0.2 %,3.5,3.3,1,1,1,1,2,1,1,1,2,1,1,1,1,2,2,2,1.2,1.4,0.2,0.3,-1241,-851,-1.2 %,-1.7 %,-883,-851,-0.9 %,-1.7 %,-883,-851,-0.9 %,-1.7 %,50.0 %,66.7 %,50.0 %,66.7 %,33.3 %,66.7 %,446,586,-367,-851,33.3 %,66.7 %
EIS,4d RSI EIS LT12 - L EIS,6.0 %,0.8 %,2984,418,6.2 %,6.4 %,96.8 %,13.1 %,-0.2 %,-8.0 %,3,3,0.2,0.2,66.7 %,66.7 %,13.9,0.6,995,164,2.0 %,0.3 %,2,4.3,1,1,2,2,1,1,2,2,1,1,2,2,2,2,2,2,27.7,1.3,1.8,0.2,-223,-1863,-0.2 %,-3.7 %,-223,-1863,-0.2 %,-3.7 %,-223,-1863,-0.2 %,-3.7 %,66.7 %,66.7 %,66.7 %,66.7 %,66.7 %,66.7 %,1548,1178,-112,-1863,66.7 %,66.7 %
EMB,4d RSI EMB LT10 - L EMB,0.3 %,5.4 %,125,2702,100.0 %,5.2 %,0.3 %,103.9 %,0.0 %,-1.1 %,1,4,0.1,0.3,100.0 %,100.0 %,,,125,658,0.3 %,1.3 %,2,2.2,0,0,1,4,0,0,1,4,0,0,1,4,,,1,4,,,0,4,0,0,0.0 %,0.0 %,0,0,0.0 %,0.0 %,0,0,0.0 %,0.0 %,100.0 %,100.0 %,100.0 %,100.0 %,100.0 %,100.0 %,125,658,0,0,100.0 %,100.0 %
EMGF,11d RSI EMGF LT32 - L EMGF,1.0 %,8.1 %,514,4074,100.0 %,8.8 %,1.0 %,92.6 %,0.0 %,-1.2 %,1,8,0.1,0.7,100.0 %,87.5 %,,13.8,514,489,1.0 %,1.0 %,2,1.8,0,1,1,4,0,0,1,7,0,0,1,5,,7,1,7,,96.7,0,5.2,0,-41,0.0 %,-0.1 %,0,0,0.0 %,0.0 %,0,0,0.0 %,0.0 %,100.0 %,87.5 %,100.0 %,87.5 %,100.0 %,100.0 %,514,565,0,-41,100.0 %,100.0 %
EMHY,15d RSI EMHY LT34 - L EMHY,0.7 %,4.3 %,343,2173,100.0 %,6.8 %,0.7 %,63.9 %,0.0 %,-1.4 %,1,5,0.1,0.4,100.0 %,80.0 %,,10.3,343,425,0.7 %,0.8 %,1,2.4,0,1,1,3,0,1,1,3,0,0,1,3,,4,1,4,,41.3,0,2.4,0,-53,0.0 %,-0.1 %,0,-53,0.0 %,-0.1 %,0,0,0.0 %,0.0 %,100.0 %,80.0 %,100.0 %,80.0 %,100.0 %,80.0 %,343,545,0,-53,100.0 %,100.0 %
EMLC,6d RSI EMLC LT18 - L EMLC,1.0 %,1.4 %,495,715,10.0 %,6.8 %,9.9 %,21.0 %,-0.4 %,-1.9 %,5,4,0.4,0.3,60.0 %,75.0 %,1.5,0.9,99,178,0.2 %,0.4 %,2.6,3.2,1,1,2,2,1,1,2,2,1,1,2,1,1.5,3,3,3,2.2,2.6,0.8,0.9,-424,-436,-0.4 %,-0.9 %,-424,-436,-0.4 %,-0.9 %,-424,-125,-0.4 %,-0.2 %,60.0 %,75.0 %,60.0 %,75.0 %,60.0 %,75.0 %,303,383,-207,-436,60.0 %,66.7 %
EMXC,13d RSI EMXC LT31 - L EMXC,4.3 %,4.4 %,2173,2212,10.5 %,5.2 %,41.3 %,85.1 %,0.0 %,-0.9 %,2,4,0.2,0.3,100.0 %,100.0 %,,,1086,541,2.2 %,1.1 %,3,2.2,0,0,2,4,0,0,2,4,0,0,2,4,,,2,4,,,2,2.7,0,0,0.0 %,0.0 %,0,0,0.0 %,0.0 %,0,0,0.0 %,0.0 %,100.0 %,100.0 %,100.0 %,100.0 %,100.0 %,100.0 %,1086,541,0,0,100.0 %,100.0 %
EPHE,18d RSI EPHE LT35 - L EPHE,-8.9 %,8.5 %,-4448,4294,14.9 %,13.6 %,-59.6 %,63.1 %,-4.8 %,-3.0 %,6,6,0.5,0.5,16.7 %,83.3 %,0.3,1.6,-741,691,-1.5 %,1.4 %,3.5,4.7,4,1,1,3,4,1,1,3,4,1,0,2,0.2,5,1,5,0.1,8,-1.8,2.4,-8880,-591,-8.9 %,-1.2 %,-8880,-591,-8.9 %,-1.2 %,-8895,-591,-8.9 %,-1.2 %,16.7 %,83.3 %,16.7 %,83.3 %,16.7 %,83.3 %,299,947,-949,-591,0.0 %,75.0 %
EPI,3d RSI EPI LT14 - L EPI,6.7 %,7.0 %,3357,3544,16.9 %,10.0 %,39.8 %,70.9 %,-1.5 %,-0.7 %,12,9,1,0.8,66.7 %,100.0 %,1.6,,280,379,0.6 %,0.8 %,2.2,1.8,2,0,6,9,2,0,6,8,1,0,6,6,2,,8,9,3.2,,1.8,9.1,-1656,0,-1.7 %,0.0 %,-1656,0,-1.7 %,0.0 %,-1656,0,-1.7 %,0.0 %,66.7 %,100.0 %,66.7 %,100.0 %,66.7 %,100.0 %,608,379,-377,0,77.8 %,100.0 %
EPOL,10d RSI EPOL LT26 - L EPOL,1.9 %,11.4 %,964,5729,100.0 %,6.0 %,1.9 %,191.0 %,0.0 %,-1.4 %,1,6,0.1,0.5,100.0 %,100.0 %,,,964,909,1.9 %,1.8 %,2,1.5,0,0,1,6,0,0,1,6,0,0,1,3,,,1,6,,,0,3.8,0,0,0.0 %,0.0 %,0,0,0.0 %,0.0 %,0,0,0.0 %,0.0 %,100.0 %,100.0 %,100.0 %,100.0 %,100.0 %,100.0 %,964,909,0,0,100.0 %,100.0 %
EPP,20d RSI EPP LT36 - L EPP,2.0 %,7.4 %,990,3752,3.3 %,7.2 %,59.4 %,104.2 %,0.0 %,-1.7 %,2,6,0.2,0.5,100.0 %,100.0 %,,,495,603,1.0 %,1.2 %,2,2,0,0,2,6,0,0,2,5,0,0,2,4,,,2,6,,,43.5,5.8,0,0,0.0 %,0.0 %,0,0,0.0 %,0.0 %,0,0,0.0 %,0.0 %,100.0 %,100.0 %,100.0 %,100.0 %,100.0 %,100.0 %,495,603,0,0,100.0 %,100.0 %
EQWL,11d RSI EQWL LT28 - L EQWL,2.0 %,3.0 %,995,1532,100.0 %,5.6 %,2.0 %,54.7 %,0.0 %,-3.0 %,1,3,0.1,0.2,100.0 %,66.7 %,,2.1,995,506,2.0 %,1.0 %,4,3.7,0,1,1,1,0,1,1,1,0,0,1,2,,2,1,2,,4.2,0,1.3,0,-474,0.0 %,-0.9 %,0,-474,0.0 %,-0.9 %,0,0,0.0 %,0.0 %,100.0 %,66.7 %,100.0 %,66.7 %,100.0 %,66.7 %,995,997,0,-474,100.0 %,100.0 %
ERX,20d RSI ERX LT37 - L ERX,0.5 %,21.0 %,240,10597,12.6 %,6.8 %,3.8 %,311.7 %,-6.0 %,-5.3 %,4,5,0.3,0.4,75.0 %,100.0 %,0.4,,60,1949,0.1 %,3.9 %,3.2,2.4,1,0,2,5,1,0,2,5,1,0,2,4,3,,3,5,1.1,,0.1,6.6,-6226,0,-6.2 %,0.0 %,-6226,0,-6.2 %,0.0 %,-3802,0,-3.8 %,0.0 %,75.0 %,100.0 %,75.0 %,100.0 %,75.0 %,100.0 %,1118,1949,-3113,0,66.7 %,100.0 %
ERY,6d RSI ERY LT20 - L ERY,-6.3 %,24.2 %,-3160,12222,17.1 %,6.4 %,-36.9 %,381.9 %,-3.6 %,-3.9 %,3,5,0.2,0.4,33.3 %,100.0 %,0.9,,-1053,2234,-2.1 %,4.5 %,7.3,2.2,2,0,1,5,2,0,1,5,2,0,1,4,0.5,,1,5,0.5,,-0.6,4,-11778,0,-11.8 %,0.0 %,-11778,0,-11.8 %,0.0 %,-11778,0,-11.8 %,0.0 %,33.3 %,100.0 %,33.3 %,100.0 %,33.3 %,100.0 %,2729,2234,-2944,0,33.3 %,100.0 %
ESGD,4d RSI ESGD LT13 - L ESGD,1.8 %,2.1 %,903,1080,5.5 %,6.4 %,32.7 %,33.8 %,0.0 %,-1.8 %,2,4,0.2,0.3,100.0 %,75.0 %,,2,451,267,0.9 %,0.5 %,4,3,0,1,2,2,0,1,2,2,0,0,2,3,,3,2,3,,6,7.2,1.8,0,-215,0.0 %,-0.4 %,0,-215,0.0 %,-0.4 %,0,0,0.0 %,0.0 %,100.0 %,75.0 %,100.0 %,75.0 %,100.0 %,75.0 %,451,427,0,-215,100.0 %,100.0 %
ESGU,4d RSI ESGU LT15 - L ESGU,7.2 %,7.0 %,3595,3533,9.4 %,7.6 %,76.1 %,93.0 %,0.0 %,-2.2 %,4,6,0.3,0.5,100.0 %,83.3 %,,2.5,899,570,1.8 %,1.1 %,3.2,2.2,0,1,4,3,0,1,4,3,0,1,4,3,,5,4,5,,12.6,5.3,3.1,0,-294,0.0 %,-0.6 %,0,-294,0.0 %,-0.6 %,0,-294,0.0 %,-0.6 %,100.0 %,83.3 %,100.0 %,83.3 %,100.0 %,83.3 %,899,742,0,-294,100.0 %,80.0 %
EUFN,3d RSI EUFN LT10 - L EUFN,1.5 %,4.1 %,727,2068,6.2 %,5.2 %,23.6 %,79.5 %,-0.3 %,-1.3 %,3,5,0.2,0.4,66.7 %,100.0 %,2.6,,242,405,0.5 %,0.8 %,2,1.6,1,0,1,5,1,0,1,5,1,0,1,5,2,,2,5,5.1,,1.4,2.8,-351,0,-0.4 %,0.0 %,-351,0,-0.4 %,0.0 %,-351,0,-0.4 %,0.0 %,66.7 %,100.0 %,66.7 %,100.0 %,66.7 %,100.0 %,451,405,-176,0,66.7 %,100.0 %
EWA,20d RSI EWA LT39 - L EWA,3.9 %,12.4 %,1950,6252,6.0 %,10.4 %,64.9 %,120.2 %,0.0 %,-1.6 %,4,9,0.3,0.8,100.0 %,100.0 %,,,487,654,1.0 %,1.3 %,1.5,1.9,0,0,4,9,0,0,3,8,0,0,3,5,,,4,9,,,3.8,7.9,0,0,0.0 %,0.0 %,0,0,0.0 %,0.0 %,0,0,0.0 %,0.0 %,100.0 %,100.0 %,100.0 %,100.0 %,100.0 %,100.0 %,487,654,0,0,100.0 %,100.0 %
EWC,9d RSI EWC LT23 - L EWC,1.5 %,3.5 %,765,1746,100.0 %,5.2 %,1.5 %,67.2 %,0.0 %,-3.5 %,1,4,0.1,0.3,100.0 %,75.0 %,,12.1,765,429,1.5 %,0.9 %,4,2.2,0,1,1,3,0,1,1,3,0,1,1,3,,3,1,3,,36.2,0,2.4,0,-49,0.0 %,-0.1 %,0,-49,0.0 %,-0.1 %,0,-49,0.0 %,-0.1 %,100.0 %,75.0 %,100.0 %,75.0 %,100.0 %,75.0 %,765,588,0,-49,100.0 %,75.0 %
EWD,8d RSI EWD LT25 - L EWD,1.7 %,5.2 %,827,2603,4.1 %,5.6 %,40.5 %,93.0 %,0.0 %,-1.3 %,3,4,0.2,0.3,100.0 %,100.0 %,,,276,635,0.6 %,1.3 %,2.3,2.5,0,0,3,4,0,0,3,4,0,0,3,3,,,3,4,,,2.5,3.2,0,0,0.0 %,0.0 %,0,0,0.0 %,0.0 %,0,0,0.0 %,0.0 %,100.0 %,100.0 %,100.0 %,100.0 %,100.0 %,100.0 %,276,635,0,0,100.0 %,100.0 %
EWG,12d RSI EWG LT32 - L EWG,2.9 %,3.4 %,1433,1716,10.8 %,6.8 %,26.4 %,50.5 %,0.0 %,-3.0 %,2,6,0.2,0.5,100.0 %,66.7 %,,1.7,717,282,1.4 %,0.6 %,3.5,1.8,0,2,2,2,0,1,2,2,0,1,2,1,,2,2,4,,3.4,13.6,1.4,0,-692,0.0 %,-1.4 %,0,-591,0.0 %,-1.2 %,0,-591,0.0 %,-1.2 %,100.0 %,66.7 %,100.0 %,66.7 %,100.0 %,80.0 %,717,596,0,-346,100.0 %,66.7 %
EWH,15d RSI EWH LT30 - L EWH,4.4 %,3.3 %,2222,1641,17.5 %,5.2 %,25.3 %,63.1 %,0.0 %,-3.6 %,3,4,0.2,0.3,100.0 %,75.0 %,,1,741,407,1.5 %,0.8 %,2.3,2.2,0,1,3,2,0,1,3,2,0,1,2,1,,3,3,3,,3.1,3.5,1.2,0,-785,0.0 %,-1.6 %,0,-785,0.0 %,-1.6 %,0,-49,0.0 %,-0.1 %,100.0 %,75.0 %,100.0 %,75.0 %,100.0 %,75.0 %,741,805,0,-785,100.0 %,66.7 %
EWI,11d RSI EWI LT33 - L EWI,2.2 %,8.8 %,1082,4457,14.6 %,7.2 %,14.8 %,123.8 %,-1.9 %,-1.8 %,7,7,0.6,0.6,85.7 %,85.7 %,0.3,13.2,155,611,0.3 %,1.2 %,2.3,1.6,1,1,4,5,1,1,3,5,1,0,2,6,6,6,6,6,2.1,79,0.8,3.8,-1984,-55,-2.0 %,-0.1 %,-1984,-55,-2.0 %,-0.1 %,-1984,0,-2.0 %,0.0 %,85.7 %,85.7 %,85.7 %,85.7 %,83.3 %,85.7 %,346,722,-992,-55,75.0 %,100.0 %
EWJ,3d RSI EWJ LT10 - L EWJ,4.6 %,3.3 %,2313,1663,9.3 %,7.2 %,49.5 %,46.2 %,0.0 %,-2.0 %,5,5,0.4,0.4,100.0 %,80.0 %,,3.2,463,327,0.9 %,0.7 %,2.2,2.6,0,1,5,4,0,1,5,4,0,0,5,4,,4,5,4,,12.7,4,1.9,0,-140,0.0 %,-0.3 %,0,-140,0.0 %,-0.3 %,0,0,0.0 %,0.0 %,100.0 %,80.0 %,100.0 %,80.0 %,100.0 %,80.0 %,463,444,0,-140,100.0 %,100.0 %
EWL,16d RSI EWL LT33 - L EWL,2.2 %,1.1 %,1080,574,11.1 %,5.2 %,19.4 %,22.1 %,-0.8 %,-2.6 %,6,4,0.5,0.3,83.3 %,75.0 %,0.7,0.6,180,145,0.4 %,0.3 %,2.3,2.2,1,1,3,2,1,1,2,2,1,0,1,2,5,3,5,3,3.7,1.7,1.5,0.5,-810,-775,-0.8 %,-1.6 %,-637,-775,-0.6 %,-1.6 %,-228,0,-0.2 %,0.0 %,83.3 %,75.0 %,83.3 %,75.0 %,75.0 %,75.0 %,297,451,-405,-775,66.7 %,100.0 %
EWP,6d RSI EWP LT25 - L EWP,-1.4 %,9.3 %,-708,4703,9.0 %,6.8 %,-15.8 %,138.3 %,-2.7 %,-0.7 %,6,7,0.5,0.6,50.0 %,100.0 %,0.5,,-118,642,-0.2 %,1.3 %,2.7,1.4,2,0,1,7,2,0,1,7,2,0,1,5,1,,3,7,0.5,,-0.6,6,-1972,0,-2.0 %,0.0 %,-1972,0,-2.0 %,0.0 %,-1972,0,-2.0 %,0.0 %,50.0 %,100.0 %,50.0 %,100.0 %,50.0 %,100.0 %,242,642,-478,0,50.0 %,100.0 %
EWQ,21d RSI EWQ LT37 - L EWQ,2.2 %,3.4 %,1123,1732,13.2 %,5.2 %,17.0 %,66.6 %,-1.2 %,-1.2 %,4,5,0.3,0.4,50.0 %,60.0 %,2.8,9.9,281,340,0.6 %,0.7 %,2.8,1.6,2,1,1,1,1,1,1,2,0,0,2,2,1,1.5,2,3,2.8,14.9,0.9,2.1,-1226,-92,-1.2 %,-0.2 %,-256,-31,-0.3 %,-0.1 %,0,0,0.0 %,0.0 %,50.0 %,60.0 %,50.0 %,60.0 %,66.7 %,75.0 %,868,608,-307,-61,100.0 %,100.0 %
EWS,21d RSI EWS LT39 - L EWS,0.5 %,8.8 %,259,4441,100.0 %,8.0 %,0.5 %,111.0 %,0.0 %,-1.6 %,1,7,0.1,0.6,100.0 %,100.0 %,,,259,608,0.5 %,1.2 %,2,1.9,0,0,1,7,0,0,1,5,0,0,1,4,,,1,7,,,0,4.5,0,0,0.0 %,0.0 %,0,0,0.0 %,0.0 %,0,0,0.0 %,0.0 %,100.0 %,100.0 %,100.0 %,100.0 %,100.0 %,100.0 %,259,608,0,0,100.0 %,100.0 %
EWT,19d RSI EWT LT40 - L EWT,1.2 %,10.3 %,583,5211,10.0 %,9.2 %,11.7 %,113.3 %,-3.9 %,-0.7 %,3,8,0.2,0.7,66.7 %,100.0 %,0.6,,194,619,0.4 %,1.2 %,1.7,1.9,1,0,1,8,1,0,1,6,1,0,1,5,2,,2,8,1.3,,0.2,8.3,-3977,0,-4.0 %,0.0 %,-159,0,-0.2 %,0.0 %,-159,0,-0.2 %,0.0 %,66.7 %,100.0 %,66.7 %,100.0 %,50.0 %,100.0 %,1286,619,-1988,0,50.0 %,100.0 %
EWU,14d RSI EWU LT33 - L EWU,1.8 %,7.3 %,909,3687,29.0 %,7.2 %,6.3 %,102.4 %,0.0 %,-1.1 %,2,6,0.2,0.5,100.0 %,100.0 %,,,455,593,0.9 %,1.2 %,3.5,2,0,0,2,6,0,0,2,6,0,0,2,4,,,2,6,,,4.9,4.9,0,0,0.0 %,0.0 %,0,0,0.0 %,0.0 %,0,0,0.0 %,0.0 %,100.0 %,100.0 %,100.0 %,100.0 %,100.0 %,100.0 %,455,593,0,0,100.0 %,100.0 %
EWW,3d RSI EWW LT14 - L EWW,2.6 %,9.9 %,1295,5011,20.6 %,12.4 %,12.6 %,80.8 %,-8.9 %,-5.7 %,10,8,0.8,0.7,60.0 %,100.0 %,0.8,,129,598,0.3 %,1.2 %,3.7,2.9,3,0,4,8,3,0,4,8,3,0,4,7,1.5,,6,8,1.3,,0.3,4.2,-9018,0,-9.0 %,0.0 %,-9018,0,-9.0 %,0.0 %,-9018,0,-9.0 %,0.0 %,60.0 %,100.0 %,60.0 %,100.0 %,60.0 %,100.0 %,1008,598,-1188,0,62.5 %,100.0 %
EWY,21d RSI EWY LT35 - L EWY,7.4 %,6.9 %,3713,3463,17.8 %,5.6 %,41.7 %,123.7 %,0.0 %,-1.2 %,4,5,0.3,0.4,100.0 %,100.0 %,,,928,670,1.9 %,1.3 %,3.5,1.8,0,0,4,5,0,0,4,4,0,0,3,3,,,4,5,,,3.7,4.1,0,0,0.0 %,0.0 %,0,0,0.0 %,0.0 %,0,0,0.0 %,0.0 %,100.0 %,100.0 %,100.0 %,100.0 %,100.0 %,100.0 %,928,670,0,0,100.0 %,100.0 %
EWZ,21d RSI EWZ LT40 - L EWZ,13.0 %,9.8 %,6477,4940,30.6 %,5.6 %,42.3 %,176.4 %,-2.0 %,-2.7 %,12,4,1,0.3,66.7 %,100.0 %,2.3,,540,1183,1.1 %,2.4 %,3.2,2.5,2,0,6,4,2,0,5,4,2,0,5,3,2,,8,4,4.5,,2,9,-1532,0,-1.5 %,0.0 %,-1532,0,-1.5 %,0.0 %,-1532,0,-1.5 %,0.0 %,66.7 %,100.0 %,66.7 %,100.0 %,63.6 %,100.0 %,1041,1183,-462,0,71.4 %,100.0 %
EWZS,4d RSI EWZS LT13 - L EWZS,7.9 %,8.4 %,3940,4228,12.4 %,7.6 %,63.5 %,111.2 %,-1.1 %,-4.2 %,4,4,0.3,0.3,75.0 %,75.0 %,2.8,3.3,985,1027,2.0 %,2.0 %,3.2,3.8,1,1,2,2,1,1,2,2,0,1,3,1,3,3,3,3,8.3,10,1.8,2.1,-1075,-458,-1.1 %,-0.9 %,-1075,-458,-1.1 %,-0.9 %,0,-458,0.0 %,-0.9 %,75.0 %,75.0 %,75.0 %,75.0 %,75.0 %,75.0 %,1492,1522,-538,-458,100.0 %,66.7 %
EZU,14d RSI EZU LT34 - L EZU,2.8 %,2.2 %,1390,1111,14.8 %,7.6 %,18.8 %,29.2 %,0.0 %,-2.6 %,3,5,0.2,0.4,100.0 %,60.0 %,,2.3,463,220,0.9 %,0.4 %,3,2.8,0,2,3,2,0,1,3,2,0,1,2,1,,1.5,3,3,,3.4,1.8,1.2,0,-455,0.0 %,-0.9 %,0,-377,0.0 %,-0.8 %,0,-377,0.0 %,-0.8 %,100.0 %,60.0 %,100.0 %,60.0 %,100.0 %,75.0 %,463,518,0,-227,100.0 %,66.7 %
FALN,18d RSI FALN LT42 - L FALN,2.0 %,3.0 %,1012,1495,10.9 %,16.0 %,18.6 %,18.7 %,0.0 %,-2.2 %,5,7,0.4,0.6,80.0 %,71.4 %,1.4,1.3,202,210,0.4 %,0.4 %,2.8,4.7,1,2,4,4,1,2,4,4,1,1,3,3,4,2.5,4,5,5.7,3.3,1.9,1.6,-431,-639,-0.4 %,-1.3 %,-431,-639,-0.4 %,-1.3 %,-172,-328,-0.2 %,-0.7 %,80.0 %,71.4 %,80.0 %,71.4 %,80.0 %,71.4 %,307,422,-215,-319,75.0 %,75.0 %
FAZ,8d RSI FAZ LT18 - L FAZ,14.9 %,7.3 %,7432,3666,13.3 %,6.4 %,111.8 %,114.5 %,0.0 %,-3.9 %,4,4,0.3,0.3,100.0 %,75.0 %,,2.8,1858,898,3.7 %,1.8 %,4,3,0,1,4,2,0,1,4,2,0,0,4,2,,3,4,3,,8.4,5.3,1.6,0,-488,0.0 %,-1.0 %,0,-488,0.0 %,-1.0 %,0,0,0.0 %,0.0 %,100.0 %,75.0 %,100.0 %,75.0 %,100.0 %,75.0 %,1858,1360,0,-488,100.0 %,100.0 %
FBND,3d RSI FBND LT10 - L FBND,-0.0 %,1.2 %,-19,587,8.9 %,8.0 %,-0.4 %,14.7 %,-0.7 %,-1.2 %,4,5,0.3,0.4,50.0 %,80.0 %,0.9,4.1,-5,116,-0.0 %,0.2 %,4,3,2,1,2,4,2,1,2,4,2,1,2,4,1,4,2,4,0.9,16.3,0,2.1,-723,-38,-0.7 %,-0.1 %,-723,-38,-0.7 %,-0.1 %,-723,-38,-0.7 %,-0.1 %,50.0 %,80.0 %,50.0 %,80.0 %,50.0 %,80.0 %,171,155,-181,-38,50.0 %,80.0 %
FBT,8d RSI FBT LT19 - L FBT,1.0 %,1.1 %,498,551,100.0 %,5.2 %,1.0 %,21.2 %,0.0 %,-5.9 %,1,3,0.1,0.2,100.0 %,66.7 %,,0.8,498,188,1.0 %,0.4 %,2,3.3,0,1,1,2,0,1,1,2,0,1,1,2,,2,1,2,,1.7,0,0.4,0,-867,0.0 %,-1.7 %,0,-867,0.0 %,-1.7 %,0,-867,0.0 %,-1.7 %,100.0 %,66.7 %,100.0 %,66.7 %,100.0 %,66.7 %,498,716,0,-867,100.0 %,66.7 %
FCG,11d RSI FCG LT31 - L FCG,2.0 %,7.9 %,979,3970,13.7 %,6.4 %,14.3 %,124.1 %,-1.0 %,-3.4 %,3,4,0.2,0.3,66.7 %,100.0 %,1.5,,326,958,0.7 %,1.9 %,3.7,3,1,0,1,4,1,0,1,4,1,0,1,4,2,,2,4,3,,1,4.9,-982,0,-1.0 %,0.0 %,-982,0,-1.0 %,0.0 %,-982,0,-1.0 %,0.0 %,66.7 %,100.0 %,66.7 %,100.0 %,66.7 %,100.0 %,735,958,-491,0,66.7 %,100.0 %
FCOM,7d RSI FCOM LT25 - L FCOM,1.2 %,11.7 %,596,5871,100.0 %,5.2 %,1.2 %,225.8 %,0.0 %,-1.6 %,1,5,0.1,0.4,100.0 %,100.0 %,,,596,1120,1.2 %,2.2 %,3,1.6,0,0,1,5,0,0,1,5,0,0,1,5,,,1,5,,,0,3.3,0,0,0.0 %,0.0 %,0,0,0.0 %,0.0 %,0,0,0.0 %,0.0 %,100.0 %,100.0 %,100.0 %,100.0 %,100.0 %,100.0 %,596,1120,0,0,100.0 %,100.0 %
FDD,9d RSI FDD LT26 - L FDD,4.3 %,5.0 %,2133,2546,9.0 %,6.8 %,47.3 %,74.9 %,0.0 %,-1.4 %,5,5,0.4,0.4,100.0 %,80.0 %,,15.2,427,496,0.9 %,1.0 %,1.4,2.4,0,1,5,3,0,1,4,3,0,0,3,3,,4,5,4,,60.8,5.5,3.2,0,-42,0.0 %,-0.1 %,0,-42,0.0 %,-0.1 %,0,0,0.0 %,0.0 %,100.0 %,80.0 %,100.0 %,80.0 %,100.0 %,80.0 %,427,631,0,-42,100.0 %,100.0 %
FDIS,8d RSI FDIS LT26 - L FDIS,2.8 %,6.7 %,1414,3350,12.0 %,7.6 %,23.5 %,88.2 %,0.0 %,-3.0 %,2,5,0.2,0.4,100.0 %,80.0 %,,4.2,707,651,1.4 %,1.3 %,4,2.8,0,1,2,2,0,1,2,2,0,1,2,2,,4,2,4,,16.9,2.9,2.5,0,-205,0.0 %,-0.4 %,0,-205,0.0 %,-0.4 %,0,-205,0.0 %,-0.4 %,100.0 %,80.0 %,100.0 %,80.0 %,100.0 %,80.0 %,707,865,0,-205,100.0 %,75.0 %
FDL,19d RSI FDL LT33 - L FDL,0.9 %,2.0 %,449,1009,100.0 %,5.2 %,0.9 %,38.8 %,0.0 %,-4.0 %,1,4,0.1,0.3,100.0 %,50.0 %,,2.2,449,254,0.9 %,0.5 %,2,2.2,0,1,1,1,0,1,1,1,0,1,1,1,,1,1,2,,2.2,0,0.7,0,-820,0.0 %,-1.6 %,0,-820,0.0 %,-1.6 %,0,-7,0.0 %,-0.0 %,100.0 %,50.0 %,100.0 %,50.0 %,100.0 %,50.0 %,449,944,0,-436,100.0 %,50.0 %
FDN,12d RSI FDN LT37 - L FDN,5.9 %,12.4 %,2934,6261,26.5 %,10.0 %,22.1 %,125.2 %,-1.4 %,-2.6 %,5,7,0.4,0.6,80.0 %,100.0 %,1.3,,587,847,1.2 %,1.7 %,3.4,2.6,1,0,3,7,0,0,4,7,0,0,4,5,4,,4,7,5,,1.6,3.6,-1453,0,-1.5 %,0.0 %,0,0,0.0 %,0.0 %,0,0,0.0 %,0.0 %,80.0 %,100.0 %,80.0 %,100.0 %,100.0 %,100.0 %,915,847,-726,0,100.0 %,100.0 %
FDT,6d RSI FDT LT21 - L FDT,3.8 %,1.9 %,1913,951,7.2 %,5.2 %,53.3 %,36.6 %,0.0 %,-2.0 %,3,4,0.2,0.3,100.0 %,50.0 %,,4,638,236,1.3 %,0.5 %,3.3,2.2,0,1,3,1,0,1,3,1,0,1,3,1,,1,3,2,,4,6.8,1.2,0,-192,0.0 %,-0.4 %,0,-192,0.0 %,-0.4 %,0,-192,0.0 %,-0.4 %,100.0 %,50.0 %,100.0 %,50.0 %,100.0 %,50.0 %,638,630,0,-159,100.0 %,50.0 %
FDVV,8d RSI FDVV LT23 - L FDVV,1.0 %,5.7 %,506,2874,100.0 %,6.0 %,1.0 %,95.8 %,0.0 %,-0.9 %,1,5,0.1,0.4,100.0 %,100.0 %,,,506,558,1.0 %,1.1 %,2,2,0,0,1,5,0,0,1,5,0,0,1,4,,,1,5,,,0,7.8,0,0,0.0 %,0.0 %,0,0,0.0 %,0.0 %,0,0,0.0 %,0.0 %,100.0 %,100.0 %,100.0 %,100.0 %,100.0 %,100.0 %,506,558,0,0,100.0 %,100.0 %
FEMB,7d RSI FEMB LT21 - L FEMB,2.6 %,3.9 %,1286,1946,11.2 %,5.2 %,23.0 %,74.8 %,-0.3 %,-2.1 %,4,3,0.3,0.2,75.0 %,100.0 %,3.4,,322,637,0.6 %,1.3 %,4,3.3,1,0,2,3,1,0,2,3,1,0,2,3,3,,3,3,10.3,,2.2,3.2,-277,0,-0.3 %,0.0 %,-277,0,-0.3 %,0.0 %,-277,0,-0.3 %,0.0 %,75.0 %,100.0 %,75.0 %,100.0 %,75.0 %,100.0 %,475,637,-139,0,75.0 %,100.0 %
FENY,21d RSI FENY LT38 - L FENY,1.9 %,7.8 %,928,3924,17.8 %,6.0 %,10.5 %,130.8 %,-2.8 %,-2.7 %,4,4,0.3,0.3,75.0 %,100.0 %,0.6,,232,948,0.5 %,1.9 %,3.5,2.8,1,0,2,4,1,0,2,4,1,0,2,3,3,,3,4,1.7,,0.4,3.9,-2851,0,-2.9 %,0.0 %,-2851,0,-2.9 %,0.0 %,-1527,0,-1.5 %,0.0 %,75.0 %,100.0 %,75.0 %,100.0 %,75.0 %,100.0 %,785,948,-1425,0,66.7 %,100.0 %
FEZ,6d RSI FEZ LT24 - L FEZ,5.3 %,2.2 %,2627,1127,11.6 %,5.2 %,45.2 %,43.3 %,0.0 %,-2.5 %,4,4,0.3,0.3,100.0 %,75.0 %,,1.9,657,279,1.3 %,0.6 %,3.5,2.2,0,1,4,2,0,1,4,2,0,1,4,2,,3,4,3,,5.7,4.2,1.3,0,-240,0.0 %,-0.5 %,0,-240,0.0 %,-0.5 %,0,-240,0.0 %,-0.5 %,100.0 %,75.0 %,100.0 %,75.0 %,100.0 %,75.0 %,657,452,0,-240,100.0 %,75.0 %
FFTY,19d RSI FFTY LT35 - L FFTY,3.8 %,7.7 %,1894,3890,100.0 %,6.8 %,3.8 %,114.4 %,0.0 %,-2.0 %,2,5,0.2,0.4,100.0 %,100.0 %,,,947,750,1.9 %,1.5 %,2,2.4,0,0,2,5,0,0,1,4,0,0,1,4,,,2,5,,,1.7,5.8,0,0,0.0 %,0.0 %,0,0,0.0 %,0.0 %,0,0,0.0 %,0.0 %,100.0 %,100.0 %,100.0 %,100.0 %,100.0 %,100.0 %,947,750,0,0,100.0 %,100.0 %
FGD,11d RSI FGD LT25 - L FGD,0.8 %,3.0 %,387,1517,100.0 %,5.2 %,0.8 %,58.3 %,0.0 %,-1.0 %,1,4,0.1,0.3,100.0 %,100.0 %,,,387,372,0.8 %,0.7 %,3,2.2,0,0,1,4,0,0,1,4,0,0,1,3,,,1,4,,,0,4.4,0,0,0.0 %,0.0 %,0,0,0.0 %,0.0 %,0,0,0.0 %,0.0 %,100.0 %,100.0 %,100.0 %,100.0 %,100.0 %,100.0 %,387,372,0,0,100.0 %,100.0 %
FHLC,7d RSI FHLC LT20 - L FHLC,-0.3 %,7.0 %,-132,3518,10.0 %,5.6 %,-2.6 %,125.6 %,-2.1 %,-1.4 %,4,4,0.3,0.3,75.0 %,100.0 %,0.3,,-33,852,-0.1 %,1.7 %,3.5,2.5,1,0,3,4,1,0,3,4,1,0,2,3,3,,3,4,0.9,,-0.1,4.7,-2179,0,-2.2 %,0.0 %,-2179,0,-2.2 %,0.0 %,-2179,0,-2.2 %,0.0 %,75.0 %,100.0 %,75.0 %,100.0 %,75.0 %,100.0 %,319,852,-1089,0,66.7 %,100.0 %
FIDU,7d RSI FIDU LT26 - L FIDU,0.5 %,6.8 %,257,3435,10.0 %,8.8 %,5.1 %,78.1 %,-3.1 %,-1.5 %,3,6,0.2,0.5,66.7 %,100.0 %,0.6,,86,553,0.2 %,1.1 %,5,2.7,1,0,2,6,1,0,2,6,1,0,2,5,2,,2,6,1.2,,0.1,4.5,-3192,0,-3.2 %,0.0 %,-3192,0,-3.2 %,0.0 %,-3192,0,-3.2 %,0.0 %,66.7 %,100.0 %,66.7 %,100.0 %,66.7 %,100.0 %,927,553,-1596,0,66.7 %,100.0 %
FIXD,3d RSI FIXD LT10 - L FIXD,0.9 %,2.0 %,458,1021,12.0 %,8.4 %,7.6 %,24.3 %,-0.7 %,-1.2 %,6,6,0.5,0.5,83.3 %,83.3 %,0.4,4.1,76,168,0.2 %,0.3 %,3,2.5,1,1,5,4,1,1,5,4,1,1,4,4,5,5,5,5,2.2,20.7,0.9,2.6,-757,-51,-0.8 %,-0.1 %,-757,-51,-0.8 %,-0.1 %,-757,-51,-0.8 %,-0.1 %,83.3 %,83.3 %,83.3 %,83.3 %,83.3 %,83.3 %,167,211,-379,-51,80.0 %,83.3 %
FLBR,10d RSI FLBR LT29 - L FLBR,15.4 %,5.2 %,7681,2619,14.6 %,5.2 %,105.3 %,100.7 %,-0.4 %,-2.6 %,9,3,0.8,0.2,77.8 %,100.0 %,11.7,,853,856,1.7 %,1.7 %,2.8,3.3,2,0,5,3,2,0,5,3,0,0,6,3,3.5,,7,3,40.9,,3.8,2.3,-385,0,-0.4 %,0.0 %,-385,0,-0.4 %,0.0 %,0,0,0.0 %,0.0 %,77.8 %,100.0 %,77.8 %,100.0 %,77.8 %,100.0 %,1125,856,-96,0,100.0 %,100.0 %
FLCH,11d RSI FLCH LT31 - L FLCH,4.4 %,15.6 %,2185,7846,5.9 %,6.4 %,74.3 %,245.2 %,0.0 %,-1.0 %,3,7,0.2,0.6,100.0 %,100.0 %,,,728,1046,1.5 %,2.1 %,1.3,1.3,0,0,3,7,0,0,3,6,0,0,2,6,,,3,7,,,2,5.9,0,0,0.0 %,0.0 %,0,0,0.0 %,0.0 %,0,0,0.0 %,0.0 %,100.0 %,100.0 %,100.0 %,100.0 %,100.0 %,100.0 %,728,1046,0,0,100.0 %,100.0 %
FLCO,4d RSI FLCO LT13 - L FLCO,1.2 %,1.2 %,606,613,9.3 %,6.0 %,13.0 %,20.4 %,-0.1 %,-1.2 %,3,4,0.2,0.3,66.7 %,75.0 %,6.6,7.8,202,151,0.4 %,0.3 %,2.7,2.8,1,1,2,3,1,1,2,3,1,1,2,3,2,3,2,3,13.1,23.4,1.8,2.9,-100,-27,-0.1 %,-0.1 %,-100,-27,-0.1 %,-0.1 %,-100,-27,-0.1 %,-0.1 %,66.7 %,75.0 %,66.7 %,75.0 %,66.7 %,75.0 %,328,211,-50,-27,66.7 %,75.0 %
FLGB,11d RSI FLGB LT30 - L FLGB,1.2 %,3.6 %,598,1817,100.0 %,5.2 %,1.2 %,69.9 %,0.0 %,-1.2 %,1,5,0.1,0.4,100.0 %,100.0 %,,,598,356,1.2 %,0.7 %,3,1.6,0,0,1,5,0,0,1,4,0,0,1,3,,,1,5,,,0,3.6,0,0,0.0 %,0.0 %,0,0,0.0 %,0.0 %,0,0,0.0 %,0.0 %,100.0 %,100.0 %,100.0 %,100.0 %,100.0 %,100.0 %,598,356,0,0,100.0 %,100.0 %
FLJP,16d RSI FLJP LT35 - L FLJP,2.7 %,1.2 %,1328,609,5.2 %,5.2 %,51.2 %,23.4 %,0.0 %,-1.8 %,3,3,0.2,0.2,100.0 %,66.7 %,,2.2,443,201,0.9 %,0.4 %,1.3,3.3,0,1,3,2,0,1,3,2,0,0,3,2,,2,3,2,,4.4,8.5,1.3,0,-176,0.0 %,-0.3 %,0,-176,0.0 %,-0.3 %,0,0,0.0 %,0.0 %,100.0 %,66.7 %,100.0 %,66.7 %,100.0 %,66.7 %,443,390,0,-176,100.0 %,100.0 %
FLKR,20d RSI FLKR LT34 - L FLKR,8.3 %,7.7 %,4169,3879,9.8 %,5.2 %,85.2 %,149.2 %,0.0 %,-1.1 %,3,5,0.2,0.4,100.0 %,100.0 %,,,1390,748,2.8 %,1.5 %,2,1.6,0,0,3,5,0,0,3,4,0,0,3,3,,,3,5,,,3.8,6.5,0,0,0.0 %,0.0 %,0,0,0.0 %,0.0 %,0,0,0.0 %,0.0 %,100.0 %,100.0 %,100.0 %,100.0 %,100.0 %,100.0 %,1390,748,0,0,100.0 %,100.0 %
FLOT,4d RSI FLOT LT65 - L FLOT,0.7 %,5.2 %,360,2618,13.9 %,33.2 %,5.2 %,15.8 %,0.0 %,-1.9 %,8,18,0.7,1.5,100.0 %,100.0 %,,,45,141,0.1 %,0.3 %,2,3.6,0,0,8,18,0,0,7,17,0,0,6,10,,,8,18,,,8.3,6,0,0,0.0 %,0.0 %,0,0,0.0 %,0.0 %,0,0,0.0 %,0.0 %,100.0 %,100.0 %,100.0 %,100.0 %,100.0 %,100.0 %,45,141,0,0,100.0 %,100.0 %
FLQM,15d RSI FLQM LT34 - L FLQM,2.5 %,5.9 %,1237,2967,5.0 %,9.6 %,49.5 %,61.8 %,0.0 %,-1.3 %,2,6,0.2,0.5,100.0 %,100.0 %,,,619,479,1.2 %,1.0 %,3.5,3,0,0,2,6,0,0,2,5,0,0,2,4,,,2,6,,,7.1,9.1,0,0,0.0 %,0.0 %,0,0,0.0 %,0.0 %,0,0,0.0 %,0.0 %,100.0 %,100.0 %,100.0 %,100.0 %,100.0 %,100.0 %,619,479,0,0,100.0 %,100.0 %
FLRN,13d RSI FLRN LT70 - L FLRN,1.0 %,6.7 %,508,3350,39.3 %,44.8 %,2.6 %,15.0 %,0.0 %,-2.0 %,8,20,0.7,1.7,100.0 %,100.0 %,,,63,161,0.1 %,0.3 %,2,4.6,0,0,8,20,0,0,6,19,0,0,2,8,,,8,20,,,8.4,8.2,0,0,0.0 %,0.0 %,0,0,0.0 %,0.0 %,0,0,0.0 %,0.0 %,100.0 %,100.0 %,100.0 %,100.0 %,100.0 %,100.0 %,63,161,0,0,100.0 %,100.0 %
FLTR,19d RSI FLTR LT70 - L FLTR,0.8 %,6.3 %,384,3183,96.6 %,37.2 %,0.8 %,17.1 %,0.0 %,-2.5 %,6,16,0.5,1.3,83.3 %,100.0 %,3.8,,64,192,0.1 %,0.4 %,3.7,4.8,1,0,5,16,1,0,3,13,0,0,2,7,5,,5,16,18.9,,3.5,5.6,-43,0,-0.0 %,0.0 %,-43,0,-0.0 %,0.0 %,0,0,0.0 %,0.0 %,83.3 %,100.0 %,83.3 %,100.0 %,75.0 %,100.0 %,81,192,-21,0,100.0 %,100.0 %
FLTW,20d RSI FLTW LT40 - L FLTW,4.0 %,8.1 %,2001,4101,11.5 %,8.0 %,34.7 %,102.5 %,-3.9 %,-0.7 %,4,7,0.3,0.6,75.0 %,100.0 %,0.7,,500,562,1.0 %,1.1 %,2,1.9,1,0,2,7,1,0,1,5,1,0,1,5,3,,3,7,2,,0.7,7.5,-3931,0,-3.9 %,0.0 %,-631,0,-0.6 %,0.0 %,-631,0,-0.6 %,0.0 %,75.0 %,100.0 %,75.0 %,100.0 %,66.7 %,100.0 %,1322,562,-1965,0,66.7 %,100.0 %
FMB,16d RSI FMB LT35 - L FMB,1.7 %,1.4 %,866,685,14.3 %,16.8 %,12.1 %,8.2 %,0.0 %,-1.2 %,4,10,0.3,0.8,75.0 %,60.0 %,,1.4,217,68,0.4 %,0.1 %,5.5,3.2,1,1,2,2,1,1,2,2,1,1,2,3,3,1.5,3,6,,2.1,3.1,1,0,-431,0.0 %,-0.9 %,0,-431,0.0 %,-0.9 %,0,-131,0.0 %,-0.3 %,75.0 %,60.0 %,75.0 %,60.0 %,75.0 %,55.6 %,289,220,0,-160,75.0 %,83.3 %
FMHI,17d RSI FMHI LT36 - L FMHI,2.1 %,1.2 %,1055,597,28.6 %,14.4 %,7.4 %,8.3 %,0.0 %,-2.1 %,3,8,0.2,0.7,100.0 %,75.0 %,,0.6,352,75,0.7 %,0.1 %,3.3,3.5,0,1,3,3,0,1,3,2,0,1,3,3,,3,3,6,,1.8,3.6,0.7,0,-696,0.0 %,-1.4 %,0,-201,0.0 %,-0.4 %,0,-114,0.0 %,-0.2 %,100.0 %,75.0 %,100.0 %,75.0 %,100.0 %,71.4 %,352,218,0,-354,100.0 %,80.0 %
FNCL,12d RSI FNCL LT33 - L FNCL,4.6 %,9.8 %,2276,4931,5.5 %,13.2 %,82.9 %,74.7 %,0.0 %,-7.7 %,2,9,0.2,0.8,100.0 %,77.8 %,,0.9,1138,534,2.3 %,1.1 %,4,2.7,0,1,2,6,0,1,2,5,0,0,2,5,,3.5,2,7,,3.1,3.4,1.4,0,-2163,0.0 %,-4.3 %,0,-1165,0.0 %,-2.3 %,0,0,0.0 %,0.0 %,100.0 %,77.8 %,100.0 %,77.8 %,100.0 %,75.0 %,1138,1015,0,-1150,100.0 %,100.0 %
FNDA,15d RSI FNDA LT33 - L FNDA,1.2 %,8.2 %,582,4135,100.0 %,7.6 %,1.2 %,108.8 %,0.0 %,-3.5 %,1,5,0.1,0.4,100.0 %,100.0 %,,,582,796,1.2 %,1.6 %,4,2.8,0,0,1,5,0,0,1,5,0,0,1,3,,,1,5,,,0,4.7,0,0,0.0 %,0.0 %,0,0,0.0 %,0.0 %,0,0,0.0 %,0.0 %,100.0 %,100.0 %,100.0 %,100.0 %,100.0 %,100.0 %,582,796,0,0,100.0 %,100.0 %
FNDB,4d RSI FNDB LT14 - L FNDB,-0.5 %,4.1 %,-250,2067,8.2 %,9.6 %,-6.1 %,43.1 %,-1.1 %,-2.5 %,3,6,0.2,0.5,33.3 %,66.7 %,1.3,5.6,-83,337,-0.2 %,0.7 %,4,3,1,2,1,2,1,2,1,2,1,2,1,2,0.5,2,1,4,0.7,11.3,-0.3,2.2,-1073,-197,-1.1 %,-0.4 %,-1073,-197,-1.1 %,-0.4 %,-1073,-197,-1.1 %,-0.4 %,33.3 %,66.7 %,33.3 %,66.7 %,33.3 %,66.7 %,506,556,-378,-99,33.3 %,60.0 %
FNDC,18d RSI FNDC LT39 - L FNDC,6.4 %,3.1 %,3216,1582,16.0 %,14.0 %,40.1 %,22.6 %,0.0 %,-4.5 %,7,8,0.6,0.7,100.0 %,75.0 %,,0.7,459,197,0.9 %,0.4 %,3.1,3.4,0,1,7,4,0,1,6,4,0,1,5,3,,3,7,6,,2,4.1,0.9,0,-1098,0.0 %,-2.2 %,0,-1098,0.0 %,-2.2 %,0,-811,0.0 %,-1.6 %,100.0 %,75.0 %,100.0 %,75.0 %,100.0 %,75.0 %,459,532,0,-806,100.0 %,75.0 %
FNDE,16d RSI FNDE LT36 - L FNDE,1.0 %,3.9 %,522,1963,100.0 %,5.6 %,1.0 %,70.1 %,0.0 %,-0.9 %,1,5,0.1,0.4,100.0 %,100.0 %,,,522,385,1.0 %,0.8 %,2,1.8,0,0,1,5,0,0,1,5,0,0,1,3,,,1,5,,,0,2.8,0,0,0.0 %,0.0 %,0,0,0.0 %,0.0 %,0,0,0.0 %,0.0 %,100.0 %,100.0 %,100.0 %,100.0 %,100.0 %,100.0 %,522,385,0,0,100.0 %,100.0 %
FNDF,3d RSI FNDF LT11 - L FNDF,1.3 %,2.7 %,638,1353,6.5 %,7.2 %,19.5 %,37.6 %,-1.6 %,-2.0 %,4,6,0.3,0.5,75.0 %,83.3 %,0.6,0.9,159,222,0.3 %,0.4 %,3,2,1,1,3,3,1,1,3,3,1,1,3,2,3,5,3,5,1.8,4.5,0.5,1.8,-1596,-380,-1.6 %,-0.8 %,-1596,-380,-1.6 %,-0.8 %,-1596,-296,-1.6 %,-0.6 %,75.0 %,83.3 %,75.0 %,83.3 %,75.0 %,83.3 %,478,343,-798,-380,75.0 %,75.0 %
FNDX,5d RSI FNDX LT19 - L FNDX,1.6 %,4.2 %,776,2096,10.4 %,9.6 %,14.9 %,43.7 %,-1.6 %,-2.6 %,3,6,0.2,0.5,66.7 %,66.7 %,1,5.8,259,342,0.5 %,0.7 %,5.3,3,1,2,2,2,1,2,2,2,1,2,2,2,2,2,2,4,1.9,11.6,0.5,2.2,-1674,-194,-1.7 %,-0.4 %,-1674,-194,-1.7 %,-0.4 %,-1674,-194,-1.7 %,-0.4 %,66.7 %,66.7 %,66.7 %,66.7 %,66.7 %,66.7 %,807,562,-837,-97,66.7 %,60.0 %
FREL,20d RSI FREL LT33 - L FREL,1.4 %,0.2 %,703,83,100.0 %,6.0 %,1.4 %,2.8 %,0.0 %,-5.6 %,1,3,0.1,0.2,100.0 %,66.7 %,,0.5,703,43,1.4 %,0.1 %,4,4,0,1,1,1,0,1,1,1,0,1,1,1,,2,1,2,,1.1,0,0.1,0,-1659,0.0 %,-3.3 %,0,-1659,0.0 %,-3.3 %,0,-1127,0.0 %,-2.2 %,100.0 %,66.7 %,100.0 %,66.7 %,100.0 %,66.7 %,703,894,0,-1659,100.0 %,50.0 %
FSTA,6d RSI FSTA LT12 - L FSTA,0.8 %,0.9 %,404,450,100.0 %,5.2 %,0.8 %,17.3 %,0.0 %,-4.7 %,1,3,0.1,0.2,100.0 %,33.3 %,,4.1,404,151,0.8 %,0.3 %,1,3.3,0,1,1,1,0,1,1,1,0,1,1,1,,0.5,1,1,,2.1,0,0.5,0,-278,0.0 %,-0.6 %,0,-278,0.0 %,-0.6 %,0,-278,0.0 %,-0.6 %,100.0 %,33.3 %,100.0 %,33.3 %,100.0 %,33.3 %,404,876,0,-211,100.0 %,33.3 %
FTCS,4d RSI FTCS LT15 - L FTCS,-2.4 %,7.6 %,-1177,3841,15.8 %,8.4 %,-14.9 %,91.5 %,-2.7 %,-1.9 %,4,7,0.3,0.6,25.0 %,100.0 %,0.5,,-294,528,-0.6 %,1.1 %,6.2,2,2,0,1,7,2,0,1,7,2,0,1,6,0.3,,1,7,0.2,,-1,6.1,-2679,0,-2.7 %,0.0 %,-2679,0,-2.7 %,0.0 %,-2679,0,-2.7 %,0.0 %,25.0 %,100.0 %,25.0 %,100.0 %,25.0 %,100.0 %,219,528,-465,0,25.0 %,100.0 %
FTEC,8d RSI FTEC LT25 - L FTEC,6.8 %,6.4 %,3391,3210,9.9 %,5.6 %,68.7 %,114.6 %,0.0 %,-1.1 %,2,4,0.2,0.3,100.0 %,100.0 %,,,1696,778,3.4 %,1.6 %,3,2.5,0,0,2,4,0,0,2,4,0,0,2,3,,,2,4,,,14.2,6,0,0,0.0 %,0.0 %,0,0,0.0 %,0.0 %,0,0,0.0 %,0.0 %,100.0 %,100.0 %,100.0 %,100.0 %,100.0 %,100.0 %,1696,778,0,0,100.0 %,100.0 %
FTGC,21d RSI FTGC LT37 - L FTGC,1.2 %,6.1 %,612,3054,90.0 %,10.4 %,1.4 %,58.7 %,0.0 %,-1.4 %,2,6,0.2,0.5,100.0 %,100.0 %,,,306,494,0.6 %,1.0 %,3.5,3.3,0,0,2,6,0,0,2,6,0,0,2,5,,,2,6,,,2.5,3.7,0,0,0.0 %,0.0 %,0,0,0.0 %,0.0 %,0,0,0.0 %,0.0 %,100.0 %,100.0 %,100.0 %,100.0 %,100.0 %,100.0 %,306,494,0,0,100.0 %,100.0 %
FTHI,12d RSI FTHI LT30 - L FTHI,3.8 %,6.2 %,1899,3122,8.6 %,5.2 %,44.0 %,120.1 %,0.0 %,-0.8 %,2,5,0.2,0.4,100.0 %,100.0 %,,,950,605,1.9 %,1.2 %,2.5,1.6,0,0,2,5,0,0,2,5,0,0,2,4,,,2,5,,,2.6,7.7,0,0,0.0 %,0.0 %,0,0,0.0 %,0.0 %,0,0,0.0 %,0.0 %,100.0 %,100.0 %,100.0 %,100.0 %,100.0 %,100.0 %,950,605,0,0,100.0 %,100.0 %
FTLS,7d RSI FTLS LT31 - L FTLS,4.2 %,3.8 %,2122,1934,18.5 %,5.2 %,22.9 %,74.4 %,0.0 %,-1.7 %,5,4,0.4,0.3,100.0 %,100.0 %,,,424,474,0.8 %,0.9 %,3,2.2,0,0,5,4,0,0,5,4,0,0,4,3,,,5,4,,,4,3.3,0,0,0.0 %,0.0 %,0,0,0.0 %,0.0 %,0,0,0.0 %,0.0 %,100.0 %,100.0 %,100.0 %,100.0 %,100.0 %,100.0 %,424,474,0,0,100.0 %,100.0 %
FTQI,15d RSI FTQI LT37 - L FTQI,6.4 %,4.5 %,3202,2257,17.1 %,5.2 %,37.5 %,86.8 %,0.0 %,-0.8 %,3,4,0.2,0.3,100.0 %,100.0 %,,,1067,551,2.1 %,1.1 %,3.7,2.2,0,0,3,4,0,0,3,4,0,0,3,3,,,3,4,,,2.9,5.8,0,0,0.0 %,0.0 %,0,0,0.0 %,0.0 %,0,0,0.0 %,0.0 %,100.0 %,100.0 %,100.0 %,100.0 %,100.0 %,100.0 %,1067,551,0,0,100.0 %,100.0 %
FTSL,17d RSI FTSL LT52 - L FTSL,1.4 %,3.2 %,675,1628,50.0 %,16.4 %,2.7 %,19.9 %,0.0 %,-0.9 %,4,8,0.3,0.7,100.0 %,100.0 %,,,169,199,0.3 %,0.4 %,4.2,4.1,0,0,4,8,0,0,3,8,0,0,2,5,,,4,8,,,12.5,5.2,0,0,0.0 %,0.0 %,0,0,0.0 %,0.0 %,0,0,0.0 %,0.0 %,100.0 %,100.0 %,100.0 %,100.0 %,100.0 %,100.0 %,169,199,0,0,100.0 %,100.0 %
FTSM,4d RSI FTSM LT55 - L FTSM,0.7 %,0.6 %,350,292,12.1 %,6.8 %,5.8 %,8.6 %,0.0 %,-0.0 %,8,6,0.7,0.5,100.0 %,100.0 %,,,44,48,0.1 %,0.1 %,2.4,1.8,0,0,8,6,0,0,7,5,0,0,5,3,,,8,6,,,9.6,8,0,0,0.0 %,0.0 %,0,0,0.0 %,0.0 %,0,0,0.0 %,0.0 %,100.0 %,100.0 %,100.0 %,100.0 %,100.0 %,100.0 %,44,48,0,0,100.0 %,100.0 %
FTXL,5d RSI FTXL LT18 - L FTXL,5.6 %,10.6 %,2812,5344,5.8 %,6.8 %,96.5 %,157.2 %,0.0 %,-2.4 %,2,4,0.2,0.3,100.0 %,100.0 %,,,1406,1276,2.8 %,2.5 %,2,3.2,0,0,2,4,0,0,2,4,0,0,2,4,,,2,4,,,7.9,21.6,0,0,0.0 %,0.0 %,0,0,0.0 %,0.0 %,0,0,0.0 %,0.0 %,100.0 %,100.0 %,100.0 %,100.0 %,100.0 %,100.0 %,1406,1276,0,0,100.0 %,100.0 %
FTXR,10d RSI FTXR LT27 - L FTXR,3.9 %,0.7 %,1958,364,11.5 %,5.2 %,33.9 %,14.0 %,0.0 %,-3.7 %,2,4,0.2,0.3,100.0 %,50.0 %,,1.3,979,95,2.0 %,0.2 %,2,2.2,0,1,2,1,0,1,2,1,0,1,2,1,,1,2,2,,1.3,4,0.3,0,-1016,0.0 %,-2.0 %,0,-1016,0.0 %,-2.0 %,0,-1016,0.0 %,-2.0 %,100.0 %,50.0 %,100.0 %,50.0 %,100.0 %,50.0 %,979,753,0,-562,100.0 %,50.0 %
FUTY,14d RSI FUTY LT28 - L FUTY,2.0 %,0.0 %,1017,6,100.0 %,6.0 %,2.0 %,0.2 %,0.0 %,-6.9 %,1,3,0.1,0.2,100.0 %,66.7 %,,0.5,1017,12,2.0 %,0.0 %,2,4,0,1,1,2,0,1,1,2,0,1,1,2,,2,1,2,,1,0,0,0,-1364,0.0 %,-2.7 %,0,-1364,0.0 %,-2.7 %,0,-1364,0.0 %,-2.7 %,100.0 %,66.7 %,100.0 %,66.7 %,100.0 %,66.7 %,1017,699,0,-1364,100.0 %,66.7 %
FV,17d RSI FV LT34 - L FV,6.4 %,11.5 %,3213,5814,8.8 %,8.8 %,73.5 %,132.2 %,0.0 %,-1.8 %,2,6,0.2,0.5,100.0 %,100.0 %,,,1607,922,3.2 %,1.8 %,2.5,2.7,0,0,2,6,0,0,2,5,0,0,2,3,,,2,6,,,7.9,3.8,0,0,0.0 %,0.0 %,0,0,0.0 %,0.0 %,0,0,0.0 %,0.0 %,100.0 %,100.0 %,100.0 %,100.0 %,100.0 %,100.0 %,1607,922,0,0,100.0 %,100.0 %
FVD,10d RSI FVD LT22 - L FVD,1.3 %,0.1 %,652,46,100.0 %,6.8 %,1.3 %,1.3 %,0.0 %,-2.9 %,1,3,0.1,0.2,100.0 %,66.7 %,,0.5,652,19,1.3 %,0.0 %,4,4.7,0,1,1,1,0,1,1,1,0,1,1,1,,2,1,2,,1.1,0,0.1,0,-821,0.0 %,-1.6 %,0,-518,0.0 %,-1.0 %,0,-518,0.0 %,-1.0 %,100.0 %,66.7 %,100.0 %,66.7 %,100.0 %,50.0 %,652,439,0,-821,100.0 %,50.0 %
FXE,8d RSI FXE LT26 - L FXE,1.0 %,2.2 %,508,1116,13.0 %,5.2 %,7.8 %,42.9 %,-0.6 %,-0.8 %,5,6,0.4,0.5,80.0 %,83.3 %,0.7,7.1,102,183,0.2 %,0.4 %,3.2,1.2,1,1,3,4,1,1,3,4,1,1,1,3,4,5,4,5,2.7,35.4,1,3.3,-583,-32,-0.6 %,-0.1 %,-583,-32,-0.6 %,-0.1 %,-461,-32,-0.5 %,-0.1 %,80.0 %,83.3 %,80.0 %,83.3 %,80.0 %,83.3 %,200,226,-292,-32,66.7 %,80.0 %
FXF,18d RSI FXF LT43 - L FXF,5.1 %,2.4 %,2541,1213,44.4 %,16.8 %,11.4 %,14.4 %,-1.3 %,-3.6 %,29,11,2.4,0.9,65.5 %,72.7 %,1.3,0.7,88,111,0.2 %,0.2 %,2.6,2.8,2,3,4,5,2,2,3,4,2,1,5,3,1.9,2.7,19,8,2.5,1.9,2,0.8,-1386,-1394,-1.4 %,-2.8 %,-781,-1358,-0.8 %,-2.7 %,-646,-1358,-0.6 %,-2.7 %,65.5 %,72.7 %,65.5 %,72.7 %,65.0 %,77.8 %,221,326,-165,-465,75.0 %,83.3 %
FXI,18d RSI FXI LT39 - L FXI,6.3 %,28.6 %,3162,14404,9.2 %,16.0 %,69.1 %,180.1 %,-2.2 %,-3.1 %,5,13,0.4,1.1,80.0 %,92.3 %,1,1.5,632,981,1.3 %,2.0 %,1.8,2.1,1,1,3,9,1,1,3,8,0,0,3,8,4,12,4,12,3.8,18,1.6,5,-2227,-749,-2.2 %,-1.5 %,-2227,-98,-2.2 %,-0.2 %,0,0,0.0 %,0.0 %,80.0 %,92.3 %,80.0 %,92.3 %,80.0 %,90.0 %,1069,1125,-1114,-749,100.0 %,100.0 %
FXN,4d RSI FXN LT17 - L FXN,-6.6 %,16.7 %,-3288,8397,19.3 %,14.0 %,-34.0 %,120.0 %,-9.3 %,-7.5 %,5,10,0.4,0.8,40.0 %,90.0 %,0.5,0.7,-658,785,-1.3 %,1.6 %,6,2.5,3,1,2,7,3,1,2,7,3,1,2,6,0.7,9,2,9,0.3,6,-1.1,2.7,-9528,-1560,-9.5 %,-3.1 %,-9528,-1560,-9.5 %,-3.1 %,-9528,-1560,-9.5 %,-3.1 %,40.0 %,90.0 %,40.0 %,90.0 %,40.0 %,90.0 %,738,1046,-1588,-1560,40.0 %,87.5 %
FXO,21d RSI FXO LT42 - L FXO,5.3 %,12.2 %,2639,6136,5.0 %,22.4 %,106.1 %,54.8 %,0.0 %,-14.7 %,2,17,0.2,1.4,100.0 %,70.6 %,,0.9,1319,362,2.6 %,0.7 %,3.5,2.3,0,2,2,5,0,1,2,3,0,0,2,6,,2.4,2,12,,2.1,6.1,1,0,-457,0.0 %,-0.9 %,0,-3697,0.0 %,-7.4 %,0,0,0.0 %,0.0 %,100.0 %,70.6 %,100.0 %,70.6 %,100.0 %,69.2 %,1319,982,0,-1125,100.0 %,100.0 %
FXR,4d RSI FXR LT14 - L FXR,-5.6 %,7.6 %,-2815,3828,9.3 %,6.8 %,-60.3 %,112.6 %,-4.7 %,-1.5 %,2,5,0.2,0.4,0.0 %,100.0 %,0,,-1408,738,-2.8 %,1.5 %,7.5,2.4,2,0,0,5,2,0,0,5,2,0,0,5,0,,0,5,0,,-2.2,8.4,-5630,0,-5.6 %,0.0 %,-5630,0,-5.6 %,0.0 %,-5630,0,-5.6 %,0.0 %,0.0 %,100.0 %,0.0 %,100.0 %,0.0 %,100.0 %,0,738,-1408,0,0.0 %,100.0 %
FXU,7d RSI FXU LT30 - L FXU,-1.7 %,6.0 %,-853,3031,11.5 %,22.8 %,-14.9 %,26.6 %,-2.8 %,-8.7 %,5,12,0.4,1,60.0 %,66.7 %,0.4,0.9,-171,257,-0.3 %,0.5 %,4.4,3.8,1,2,3,4,1,2,3,4,1,1,3,2,1.5,2,3,8,0.6,1.7,-0.4,0.8,-2801,-917,-2.8 %,-1.8 %,-2801,-917,-2.8 %,-1.8 %,-2801,-2302,-2.8 %,-4.6 %,60.0 %,66.7 %,60.0 %,66.7 %,60.0 %,63.6 %,519,932,-1205,-1093,60.0 %,57.1 %
FXY,4d RSI FXY LT12 - L FXY,-1.9 %,2.8 %,-969,1422,17.7 %,8.4 %,-11.0 %,33.9 %,-3.0 %,-1.0 %,5,6,0.4,0.5,40.0 %,83.3 %,0.5,2.2,-194,233,-0.4 %,0.5 %,5.8,2.5,3,1,2,4,3,1,1,4,3,1,1,2,0.7,5,2,5,0.4,11,-0.9,3.3,-2986,-139,-3.0 %,-0.3 %,-2986,-139,-3.0 %,-0.3 %,-2986,-139,-3.0 %,-0.3 %,40.0 %,83.3 %,40.0 %,83.3 %,25.0 %,83.3 %,262,307,-498,-139,25.0 %,75.0 %
GBIL,4d RSI GBIL LT67 - L GBIL,0.2 %,0.4 %,76,185,100.0 %,10.0 %,0.2 %,3.7 %,0.0 %,-0.0 %,4,7,0.3,0.6,100.0 %,100.0 %,,,19,26,0.0 %,0.1 %,2,2.6,0,0,4,7,0,0,3,7,0,0,1,3,,,4,7,,,14,11.6,0,0,0.0 %,0.0 %,0,0,0.0 %,0.0 %,0,0,0.0 %,0.0 %,100.0 %,100.0 %,100.0 %,100.0 %,100.0 %,100.0 %,19,26,0,0,100.0 %,100.0 %
GCOW,4d RSI GCOW LT14 - L GCOW,-0.1 %,6.0 %,-75,3043,6.9 %,6.4 %,-2.2 %,95.1 %,-1.0 %,-0.8 %,4,5,0.3,0.4,75.0 %,100.0 %,0.3,,-19,590,-0.0 %,1.2 %,3.2,2.2,1,0,3,5,1,0,3,5,1,0,3,5,3,,3,5,0.8,,-0.1,5.4,-962,0,-1.0 %,0.0 %,-962,0,-1.0 %,0.0 %,-962,0,-1.0 %,0.0 %,75.0 %,100.0 %,75.0 %,100.0 %,75.0 %,100.0 %,135,590,-481,0,75.0 %,100.0 %
GDX,12d RSI GDX LT28 - L GDX,2.5 %,3.5 %,1270,1740,100.0 %,5.6 %,2.5 %,62.2 %,0.0 %,-2.9 %,1,4,0.1,0.3,100.0 %,75.0 %,,1.6,1270,429,2.5 %,0.9 %,4,2.5,0,1,1,3,0,1,1,3,0,1,1,3,,3,1,3,,4.8,0,1.6,0,-453,0.0 %,-0.9 %,0,-453,0.0 %,-0.9 %,0,-453,0.0 %,-0.9 %,100.0 %,75.0 %,100.0 %,75.0 %,100.0 %,75.0 %,1270,723,0,-453,100.0 %,75.0 %
GEM,19d RSI GEM LT37 - L GEM,1.1 %,4.7 %,573,2349,100.0 %,6.0 %,1.1 %,78.3 %,0.0 %,-1.0 %,1,5,0.1,0.4,100.0 %,100.0 %,,,573,458,1.1 %,0.9 %,2,2,0,0,1,5,0,0,1,5,0,0,1,3,,,1,5,,,0,4,0,0,0.0 %,0.0 %,0,0,0.0 %,0.0 %,0,0,0.0 %,0.0 %,100.0 %,100.0 %,100.0 %,100.0 %,100.0 %,100.0 %,573,458,0,0,100.0 %,100.0 %
GIGB,4d RSI GIGB LT12 - L GIGB,-0.2 %,0.8 %,-82,393,100.0 %,5.2 %,-0.2 %,15.1 %,0.0 %,-1.1 %,1,3,0.1,0.2,0.0 %,66.7 %,0,15.7,-82,130,-0.2 %,0.3 %,2,3.3,1,1,0,2,1,1,0,2,1,1,0,2,0,2,0,2,0,31.4,0,2.1,-164,-13,-0.2 %,-0.0 %,-164,-13,-0.2 %,-0.0 %,-164,-13,-0.2 %,-0.0 %,0.0 %,66.7 %,0.0 %,66.7 %,0.0 %,66.7 %,0,201,-82,-13,0.0 %,66.7 %
GLD,21d RSI GLD LT46 - L GLD,3.2 %,0.8 %,1597,381,7.4 %,33.2 %,43.4 %,2.3 %,-0.4 %,-5.9 %,5,15,0.4,1.3,80.0 %,73.3 %,2.1,0.4,319,31,0.6 %,0.1 %,2.4,4.5,1,1,2,4,1,1,2,3,1,1,2,4,4,2.8,4,11,8.4,1.1,2.4,0.2,-434,-1866,-0.4 %,-3.7 %,-434,-1866,-0.4 %,-3.7 %,-434,-768,-0.4 %,-1.5 %,80.0 %,73.3 %,80.0 %,73.3 %,80.0 %,69.2 %,453,396,-217,-974,75.0 %,75.0 %
GLL,5d RSI GLL LT17 - L GLL,-7.0 %,15.7 %,-3509,7888,16.6 %,8.8 %,-42.3 %,179.3 %,-7.5 %,-2.3 %,6,8,0.5,0.7,66.7 %,100.0 %,0.2,,-585,922,-1.2 %,1.8 %,3.8,1.8,2,0,4,8,2,0,4,8,2,0,3,7,2,,4,8,0.5,,-0.7,3.5,-13583,0,-13.6 %,0.0 %,-13583,0,-13.6 %,0.0 %,-13583,0,-13.6 %,0.0 %,66.7 %,100.0 %,66.7 %,100.0 %,66.7 %,100.0 %,821,922,-3396,0,60.0 %,100.0 %
GNR,6d RSI GNR LT18 - L GNR,-0.3 %,5.3 %,-166,2681,4.5 %,6.0 %,-7.4 %,89.4 %,0.0 %,-1.6 %,2,4,0.2,0.3,50.0 %,100.0 %,0.7,,-83,653,-0.2 %,1.3 %,4.5,2.8,1,0,1,4,1,0,1,4,1,0,1,4,1,,1,4,0.7,,-0.2,5.6,-1233,0,-1.2 %,0.0 %,-1233,0,-1.2 %,0.0 %,-1233,0,-1.2 %,0.0 %,50.0 %,100.0 %,50.0 %,100.0 %,50.0 %,100.0 %,451,653,-617,0,50.0 %,100.0 %
GOVI,3d RSI GOVI LT10 - L GOVI,0.4 %,3.4 %,207,1716,9.9 %,9.2 %,4.2 %,37.3 %,-1.1 %,-1.8 %,4,6,0.3,0.5,50.0 %,100.0 %,1.3,,52,280,0.1 %,0.6 %,4,2.8,1,0,2,6,1,0,2,6,1,0,2,5,1,,2,6,1.3,,0.2,3.7,-1145,0,-1.1 %,0.0 %,-1145,0,-1.1 %,0.0 %,-1145,0,-1.1 %,0.0 %,50.0 %,100.0 %,50.0 %,100.0 %,50.0 %,100.0 %,400,280,-296,0,50.0 %,100.0 %
GOVT,3d RSI GOVT LT10 - L GOVT,-0.2 %,2.4 %,-108,1194,12.4 %,8.8 %,-1.8 %,27.1 %,-0.6 %,-0.9 %,5,7,0.4,0.6,40.0 %,85.7 %,1.1,,-22,168,-0.0 %,0.3 %,4,2.1,1,1,1,5,1,1,1,5,1,1,1,4,0.7,6,2,6,0.7,,-0.3,3.8,-599,0,-0.6 %,0.0 %,-599,0,-0.6 %,0.0 %,-599,0,-0.6 %,0.0 %,40.0 %,85.7 %,40.0 %,85.7 %,40.0 %,85.7 %,141,196,-130,0,40.0 %,83.3 %
GREK,7d RSI GREK LT22 - L GREK,2.5 %,19.7 %,1249,9911,5.1 %,7.6 %,48.7 %,260.8 %,0.0 %,-2.3 %,2,7,0.2,0.6,100.0 %,100.0 %,,,624,1303,1.2 %,2.6 %,1,1.7,0,0,2,7,0,0,2,7,0,0,2,4,,,2,7,,,4.1,5.3,0,0,0.0 %,0.0 %,0,0,0.0 %,0.0 %,0,0,0.0 %,0.0 %,100.0 %,100.0 %,100.0 %,100.0 %,100.0 %,100.0 %,624,1303,0,0,100.0 %,100.0 %
GSG,3d RSI GSG LT12 - L GSG,3.1 %,17.9 %,1547,9035,14.9 %,12.4 %,20.7 %,145.7 %,0.0 %,-1.9 %,5,9,0.4,0.8,80.0 %,100.0 %,,,309,926,0.6 %,1.9 %,3,2.4,1,0,3,9,1,0,3,8,1,0,3,8,4,,4,9,,,4.2,7.7,0,0,0.0 %,0.0 %,0,0,0.0 %,0.0 %,0,0,0.0 %,0.0 %,80.0 %,100.0 %,80.0 %,100.0 %,80.0 %,100.0 %,387,926,0,0,80.0 %,100.0 %
GSIE,7d RSI GSIE LT24 - L GSIE,3.4 %,3.0 %,1689,1510,8.2 %,6.8 %,41.0 %,44.4 %,0.0 %,-1.9 %,3,6,0.2,0.5,100.0 %,66.7 %,,2.8,563,248,1.1 %,0.5 %,4,1.8,0,1,3,2,0,1,3,3,0,0,3,4,,2,3,4,,5.7,2.5,2,0,-192,0.0 %,-0.4 %,0,-127,0.0 %,-0.2 %,0,0,0.0 %,0.0 %,100.0 %,66.7 %,100.0 %,66.7 %,100.0 %,80.0 %,563,451,0,-159,100.0 %,100.0 %
GSLC,4d RSI GSLC LT15 - L GSLC,8.3 %,6.2 %,4160,3145,11.2 %,8.0 %,74.1 %,78.6 %,0.0 %,-2.1 %,5,6,0.4,0.5,100.0 %,83.3 %,,2.7,832,509,1.7 %,1.0 %,3,2.3,0,1,5,3,0,1,5,3,0,1,5,3,,5,5,5,,13.6,5,3,0,-243,0.0 %,-0.5 %,0,-243,0.0 %,-0.5 %,0,-243,0.0 %,-0.5 %,100.0 %,83.3 %,100.0 %,83.3 %,100.0 %,83.3 %,832,659,0,-243,100.0 %,80.0 %
GSY,13d RSI GSY LT66 - L GSY,0.1 %,0.8 %,75,390,100.0 %,10.4 %,0.1 %,7.5 %,0.0 %,-0.0 %,1,8,0.1,0.7,100.0 %,100.0 %,,,75,48,0.1 %,0.1 %,4,2.2,0,0,1,8,0,0,1,8,0,0,1,4,,,1,8,,,0,8.5,0,0,0.0 %,0.0 %,0,0,0.0 %,0.0 %,0,0,0.0 %,0.0 %,100.0 %,100.0 %,100.0 %,100.0 %,100.0 %,100.0 %,75,48,0,0,100.0 %,100.0 %
GTO,5d RSI GTO LT17 - L GTO,0.4 %,3.5 %,196,1745,30.4 %,6.0 %,1.3 %,58.2 %,-0.1 %,-0.7 %,4,5,0.3,0.4,25.0 %,100.0 %,7,,49,342,0.1 %,0.7 %,3.2,2,2,0,1,5,2,0,1,5,1,0,1,5,0.3,,1,5,2.3,,0.6,5,-225,0,-0.2 %,0.0 %,-225,0,-0.2 %,0.0 %,-225,0,-0.2 %,0.0 %,25.0 %,100.0 %,25.0 %,100.0 %,25.0 %,100.0 %,343,342,-49,0,33.3 %,100.0 %
GUNR,6d RSI GUNR LT18 - L GUNR,0.8 %,2.1 %,399,1078,4.5 %,5.6 %,17.8 %,38.5 %,0.0 %,-2.1 %,3,4,0.2,0.3,66.7 %,75.0 %,0.9,1.5,133,267,0.3 %,0.5 %,2.7,2.5,1,1,2,3,1,1,2,3,1,1,1,3,2,3,2,3,1.9,4.5,0.6,1.3,-913,-309,-0.9 %,-0.6 %,-913,-309,-0.9 %,-0.6 %,-62,-309,-0.1 %,-0.6 %,66.7 %,75.0 %,66.7 %,75.0 %,66.7 %,75.0 %,428,459,-457,-309,50.0 %,75.0 %
GUSH,7d RSI GUSH LT23 - L GUSH,-8.6 %,28.9 %,-4312,14580,23.3 %,7.2 %,-37.0 %,405.0 %,-10.8 %,-7.2 %,3,6,0.2,0.5,33.3 %,100.0 %,0.4,,-1437,2169,-2.9 %,4.3 %,7,2,2,0,1,6,2,0,1,6,2,0,1,5,0.5,,1,6,0.2,,-1,6.4,-11058,0,-11.1 %,0.0 %,-11058,0,-11.1 %,0.0 %,-11058,0,-11.1 %,0.0 %,33.3 %,100.0 %,33.3 %,100.0 %,33.3 %,100.0 %,1217,2169,-2765,0,33.3 %,100.0 %
GVAL,9d RSI GVAL LT27 - L GVAL,2.6 %,5.1 %,1312,2593,4.5 %,5.2 %,58.0 %,99.7 %,0.0 %,-1.1 %,4,4,0.3,0.3,100.0 %,100.0 %,,,328,632,0.7 %,1.3 %,1.8,2.2,0,0,4,4,0,0,4,4,0,0,4,4,,,4,4,,,3.5,5.3,0,0,0.0 %,0.0 %,0,0,0.0 %,0.0 %,0,0,0.0 %,0.0 %,100.0 %,100.0 %,100.0 %,100.0 %,100.0 %,100.0 %,328,632,0,0,100.0 %,100.0 %
GVI,7d RSI GVI LT24 - L GVI,0.4 %,2.2 %,204,1104,27.3 %,6.4 %,1.5 %,34.5 %,0.0 %,-0.2 %,4,6,0.3,0.5,100.0 %,100.0 %,,,51,181,0.1 %,0.4 %,2.8,1.7,0,0,4,6,0,0,3,6,0,0,3,5,,,4,6,,,12.6,7.7,0,0,0.0 %,0.0 %,0,0,0.0 %,0.0 %,0,0,0.0 %,0.0 %,100.0 %,100.0 %,100.0 %,100.0 %,100.0 %,100.0 %,51,181,0,0,100.0 %,100.0 %
HACK,3d RSI HACK LT10 - L HACK,13.2 %,6.5 %,6587,3292,11.6 %,5.2 %,113.3 %,126.6 %,0.0 %,-1.2 %,6,4,0.5,0.3,100.0 %,100.0 %,,,1098,798,2.2 %,1.6 %,3.2,2.2,0,0,6,4,0,0,6,4,0,0,6,4,,,6,4,,,11.1,7.6,0,0,0.0 %,0.0 %,0,0,0.0 %,0.0 %,0,0,0.0 %,0.0 %,100.0 %,100.0 %,100.0 %,100.0 %,100.0 %,100.0 %,1098,798,0,0,100.0 %,100.0 %
HDEF,21d RSI HDEF LT40 - L HDEF,3.3 %,6.8 %,1632,3407,42.9 %,6.0 %,7.6 %,113.6 %,0.0 %,-0.8 %,4,7,0.3,0.6,100.0 %,100.0 %,,,408,470,0.8 %,0.9 %,2.8,1.1,0,0,4,7,0,0,3,7,0,0,2,5,,,4,7,,,2.7,8.1,0,0,0.0 %,0.0 %,0,0,0.0 %,0.0 %,0,0,0.0 %,0.0 %,100.0 %,100.0 %,100.0 %,100.0 %,100.0 %,100.0 %,408,470,0,0,100.0 %,100.0 %
HDGE,7d RSI HDGE LT21 - L HDGE,2.1 %,13.0 %,1055,6561,13.4 %,8.0 %,15.7 %,164.0 %,0.0 %,-2.1 %,4,7,0.3,0.6,75.0 %,100.0 %,1.3,,264,886,0.5 %,1.8 %,2.2,1.9,1,0,3,7,1,0,3,7,1,0,2,5,3,,3,7,3.8,,1.4,3.8,-745,0,-0.7 %,0.0 %,-745,0,-0.7 %,0.0 %,-745,0,-0.7 %,0.0 %,75.0 %,100.0 %,75.0 %,100.0 %,75.0 %,100.0 %,476,886,-372,0,66.7 %,100.0 %
HDV,20d RSI HDV LT37 - L HDV,-0.2 %,7.6 %,-114,3845,75.0 %,9.6 %,-0.3 %,80.1 %,0.0 %,-2.8 %,2,7,0.2,0.6,50.0 %,85.7 %,0.7,22.3,-57,529,-0.1 %,1.1 %,3.5,2.4,1,1,1,3,1,1,1,3,1,0,0,3,1,6,1,6,0.7,133.7,-0.2,4.4,-796,-28,-0.8 %,-0.1 %,-796,-28,-0.8 %,-0.1 %,-228,0,-0.2 %,0.0 %,50.0 %,85.7 %,50.0 %,85.7 %,50.0 %,85.7 %,284,622,-398,-28,0.0 %,100.0 %
HEFA,3d RSI HEFA LT10 - L HEFA,4.9 %,3.5 %,2426,1781,8.4 %,5.6 %,57.9 %,63.6 %,0.0 %,-0.7 %,4,5,0.3,0.4,100.0 %,100.0 %,,,606,349,1.2 %,0.7 %,2.8,1.8,0,0,4,5,0,0,4,5,0,0,4,4,,,4,5,,,5.2,4.6,0,0,0.0 %,0.0 %,0,0,0.0 %,0.0 %,0,0,0.0 %,0.0 %,100.0 %,100.0 %,100.0 %,100.0 %,100.0 %,100.0 %,606,349,0,0,100.0 %,100.0 %
HEWJ,17d RSI HEWJ LT43 - L HEWJ,-8.5 %,10.3 %,-4269,5201,51.4 %,8.0 %,-16.6 %,130.0 %,-11.6 %,-1.6 %,4,7,0.3,0.6,50.0 %,100.0 %,0.3,,-1067,709,-2.1 %,1.4 %,3.8,1.9,2,0,2,7,2,0,2,7,2,0,1,3,1,,2,7,0.3,,-0.8,3.5,-11925,0,-11.9 %,0.0 %,-11925,0,-11.9 %,0.0 %,-11478,0,-11.5 %,0.0 %,50.0 %,100.0 %,50.0 %,100.0 %,50.0 %,100.0 %,847,709,-2981,0,33.3 %,100.0 %
HFXI,15d RSI HFXI LT34 - L HFXI,-0.7 %,5.0 %,-354,2537,5.9 %,5.2 %,-12.0 %,97.6 %,0.0 %,-0.9 %,2,5,0.2,0.4,50.0 %,100.0 %,0.6,,-177,494,-0.4 %,1.0 %,2,1.6,1,0,1,5,1,0,1,5,1,0,1,3,1,,1,5,0.6,,-0.4,5,-1684,0,-1.7 %,0.0 %,-1684,0,-1.7 %,0.0 %,-1684,0,-1.7 %,0.0 %,50.0 %,100.0 %,50.0 %,100.0 %,50.0 %,100.0 %,488,494,-842,0,50.0 %,100.0 %
HTRB,5d RSI HTRB LT18 - L HTRB,0.5 %,2.8 %,255,1413,32.1 %,7.2 %,1.6 %,39.3 %,-0.1 %,-1.1 %,4,4,0.3,0.3,50.0 %,100.0 %,2.4,,64,347,0.1 %,0.7 %,3.5,3.5,1,0,2,4,1,0,2,4,1,0,2,4,1,,2,4,2.4,,0.7,3.6,-247,0,-0.2 %,0.0 %,-247,0,-0.2 %,0.0 %,-126,0,-0.1 %,0.0 %,50.0 %,100.0 %,50.0 %,100.0 %,50.0 %,100.0 %,221,347,-93,0,66.7 %,100.0 %
HYD,20d RSI HYD LT34 - L HYD,0.9 %,0.4 %,434,204,100.0 %,5.2 %,0.9 %,7.8 %,0.0 %,-1.8 %,1,3,0.1,0.2,100.0 %,66.7 %,,0.9,434,68,0.9 %,0.1 %,3,3.3,0,1,1,2,0,1,1,2,0,1,1,1,,2,1,2,,1.9,0,0.5,0,-226,0.0 %,-0.5 %,0,-226,0.0 %,-0.5 %,0,-226,0.0 %,-0.5 %,100.0 %,66.7 %,100.0 %,66.7 %,100.0 %,66.7 %,434,215,0,-226,100.0 %,50.0 %
HYDB,5d RSI HYDB LT21 - L HYDB,0.9 %,4.0 %,469,1998,7.2 %,10.0 %,13.0 %,40.0 %,0.0 %,-0.9 %,3,6,0.2,0.5,100.0 %,83.3 %,,3.8,156,326,0.3 %,0.7 %,3.3,3.2,0,1,3,3,0,1,3,3,0,1,3,2,,5,3,5,,19.1,3.4,3.3,0,-108,0.0 %,-0.2 %,0,-108,0.0 %,-0.2 %,0,-108,0.0 %,-0.2 %,100.0 %,83.3 %,100.0 %,83.3 %,100.0 %,83.3 %,156,412,0,-108,100.0 %,75.0 %
HYG,18d RSI HYG LT38 - L HYG,0.6 %,1.1 %,296,564,4.4 %,5.2 %,13.3 %,21.7 %,0.0 %,-1.2 %,2,3,0.2,0.2,100.0 %,33.3 %,,6.4,148,188,0.3 %,0.4 %,3,3.3,0,2,2,1,0,2,2,1,0,1,2,1,,0.5,2,1,,3.2,1.8,0.7,0,-254,0.0 %,-0.5 %,0,-254,0.0 %,-0.5 %,0,-254,0.0 %,-0.5 %,100.0 %,33.3 %,100.0 %,33.3 %,100.0 %,33.3 %,148,817,0,-127,100.0 %,50.0 %
HYLB,13d RSI HYLB LT33 - L HYLB,0.5 %,1.6 %,272,785,4.4 %,6.0 %,12.3 %,26.2 %,0.0 %,-1.7 %,2,3,0.2,0.2,100.0 %,66.7 %,,2.1,136,260,0.3 %,0.5 %,3,4,0,1,2,1,0,1,2,1,0,1,2,1,,2,2,2,,4.2,1.9,1,0,-243,0.0 %,-0.5 %,0,-243,0.0 %,-0.5 %,0,-67,0.0 %,-0.1 %,100.0 %,66.7 %,100.0 %,66.7 %,100.0 %,66.7 %,136,512,0,-243,100.0 %,50.0 %
HYLS,3d RSI HYLS LT10 - L HYLS,1.7 %,3.1 %,827,1554,7.3 %,10.8 %,22.8 %,28.8 %,0.0 %,-0.9 %,3,6,0.2,0.5,100.0 %,83.3 %,,5.3,276,254,0.6 %,0.5 %,3.3,3.5,0,1,3,3,0,1,3,3,0,1,3,3,,5,3,5,,26.5,5.5,3.9,0,-60,0.0 %,-0.1 %,0,-60,0.0 %,-0.1 %,0,-60,0.0 %,-0.1 %,100.0 %,83.3 %,100.0 %,83.3 %,100.0 %,83.3 %,276,317,0,-60,100.0 %,80.0 %
HYMB,15d RSI HYMB LT32 - L HYMB,0.6 %,1.4 %,312,725,100.0 %,11.6 %,0.6 %,12.5 %,0.0 %,-2.7 %,1,6,0.1,0.5,100.0 %,83.3 %,,0.4,312,121,0.6 %,0.2 %,4,3.8,0,1,1,3,0,1,1,2,0,0,1,3,,5,1,5,,1.8,0,0.6,0,-880,0.0 %,-1.8 %,0,-880,0.0 %,-1.8 %,0,0,0.0 %,0.0 %,100.0 %,83.3 %,100.0 %,83.3 %,100.0 %,80.0 %,312,322,0,-880,100.0 %,100.0 %
HYS,6d RSI HYS LT22 - L HYS,1.0 %,3.1 %,475,1559,3.9 %,5.6 %,24.3 %,55.7 %,0.0 %,-0.5 %,2,4,0.2,0.3,100.0 %,100.0 %,,,238,383,0.5 %,0.8 %,2.5,2.5,0,0,2,4,0,0,2,4,0,0,2,3,,,2,4,,,5.5,3.6,0,0,0.0 %,0.0 %,0,0,0.0 %,0.0 %,0,0,0.0 %,0.0 %,100.0 %,100.0 %,100.0 %,100.0 %,100.0 %,100.0 %,238,383,0,0,100.0 %,100.0 %
IAGG,3d RSI IAGG LT11 - L IAGG,0.9 %,1.6 %,438,818,5.0 %,5.2 %,17.7 %,31.4 %,0.0 %,-0.3 %,3,4,0.2,0.3,100.0 %,100.0 %,,,146,202,0.3 %,0.4 %,2.3,2.2,0,0,3,4,0,0,3,4,0,0,3,4,,,3,4,,,7,3.4,0,0,0.0 %,0.0 %,0,0,0.0 %,0.0 %,0,0,0.0 %,0.0 %,100.0 %,100.0 %,100.0 %,100.0 %,100.0 %,100.0 %,146,202,0,0,100.0 %,100.0 %
IAU,20d RSI IAU LT46 - L IAU,4.1 %,0.8 %,2043,399,9.1 %,33.2 %,44.9 %,2.4 %,-0.4 %,-5.8 %,6,15,0.5,1.3,83.3 %,73.3 %,2,0.4,340,32,0.7 %,0.1 %,2.3,4.5,1,1,3,4,1,1,3,3,1,1,2,4,5,2.8,5,11,10.2,1.1,3,0.2,-444,-1862,-0.4 %,-3.7 %,-444,-1862,-0.4 %,-3.7 %,-444,-744,-0.4 %,-1.5 %,83.3 %,73.3 %,83.3 %,73.3 %,83.3 %,69.2 %,453,396,-222,-970,75.0 %,75.0 %
IBB,4d RSI IBB LT11 - L IBB,7.9 %,6.2 %,3949,3099,11.3 %,6.0 %,69.9 %,103.3 %,0.0 %,-0.8 %,5,5,0.4,0.4,100.0 %,100.0 %,,,790,601,1.6 %,1.2 %,3,2,0,0,5,5,0,0,5,5,0,0,5,4,,,5,5,,,6.4,4.9,0,0,0.0 %,0.0 %,0,0,0.0 %,0.0 %,0,0,0.0 %,0.0 %,100.0 %,100.0 %,100.0 %,100.0 %,100.0 %,100.0 %,790,601,0,0,100.0 %,100.0 %
IBND,9d RSI IBND LT24 - L IBND,1.4 %,0.8 %,715,410,2.2 %,8.0 %,64.0 %,10.2 %,0.0 %,-2.5 %,2,4,0.2,0.3,100.0 %,75.0 %,,0.6,358,103,0.7 %,0.2 %,1,4,0,1,2,3,0,1,2,3,0,1,2,3,,3,2,3,,1.9,96.6,0.6,0,-447,0.0 %,-0.9 %,0,-447,0.0 %,-0.9 %,0,-447,0.0 %,-0.9 %,100.0 %,75.0 %,100.0 %,75.0 %,100.0 %,75.0 %,358,286,0,-447,100.0 %,75.0 %
ICF,21d RSI ICF LT34 - L ICF,1.3 %,2.7 %,666,1365,100.0 %,5.6 %,1.3 %,48.7 %,0.0 %,-4.1 %,1,3,0.1,0.2,100.0 %,66.7 %,,1.4,666,455,1.3 %,0.9 %,4,3.7,0,1,1,1,0,1,1,1,0,1,1,1,,2,1,2,,2.8,0,0.9,0,-739,0.0 %,-1.5 %,0,-739,0.0 %,-1.5 %,0,-24,0.0 %,-0.1 %,100.0 %,66.7 %,100.0 %,66.7 %,100.0 %,66.7 %,666,1052,0,-739,100.0 %,50.0 %
ICOW,3d RSI ICOW LT10 - L ICOW,1.5 %,8.8 %,762,4408,6.9 %,8.4 %,22.0 %,105.0 %,-1.6 %,-0.9 %,4,7,0.3,0.6,75.0 %,100.0 %,0.6,,191,603,0.4 %,1.2 %,3.2,2,1,0,3,7,1,0,3,7,1,0,3,7,3,,3,7,1.9,,0.6,7.4,-1651,0,-1.7 %,0.0 %,-1651,0,-1.7 %,0.0 %,-1651,0,-1.7 %,0.0 %,75.0 %,100.0 %,75.0 %,100.0 %,75.0 %,100.0 %,529,603,-826,0,75.0 %,100.0 %
ICVT,14d RSI ICVT LT29 - L ICVT,1.5 %,1.6 %,772,790,100.0 %,6.4 %,1.5 %,24.7 %,0.0 %,-1.0 %,1,4,0.1,0.3,100.0 %,75.0 %,,1.6,772,196,1.5 %,0.4 %,2,3,0,1,1,3,0,1,1,3,0,1,1,3,,3,1,3,,4.7,0,1.3,0,-214,0.0 %,-0.4 %,0,-214,0.0 %,-0.4 %,0,-214,0.0 %,-0.4 %,100.0 %,75.0 %,100.0 %,75.0 %,100.0 %,75.0 %,772,333,0,-214,100.0 %,75.0 %
IDEV,13d RSI IDEV LT34 - L IDEV,5.2 %,5.5 %,2593,2786,9.4 %,10.8 %,55.2 %,51.6 %,0.0 %,-2.1 %,4,8,0.3,0.7,100.0 %,62.5 %,,4.8,648,339,1.3 %,0.7 %,3.2,2.4,0,2,4,3,0,2,4,5,0,1,4,4,,1.7,4,5,,8,2.8,2.4,0,-161,0.0 %,-0.3 %,0,-161,0.0 %,-0.3 %,0,-161,0.0 %,-0.3 %,100.0 %,62.5 %,100.0 %,62.5 %,100.0 %,71.4 %,648,620,0,-130,100.0 %,80.0 %
IDMO,4d RSI IDMO LT14 - L IDMO,0.3 %,5.6 %,152,2811,4.5 %,5.2 %,6.8 %,108.1 %,-0.2 %,-1.1 %,2,5,0.2,0.4,50.0 %,100.0 %,2.5,,76,546,0.2 %,1.1 %,3,1.6,1,0,1,5,1,0,1,5,1,0,1,5,1,,1,5,2.5,,0.6,5.6,-204,0,-0.2 %,0.0 %,-204,0,-0.2 %,0.0 %,-204,0,-0.2 %,0.0 %,50.0 %,100.0 %,50.0 %,100.0 %,50.0 %,100.0 %,254,546,-102,0,50.0 %,100.0 %
IDU,16d RSI IDU LT30 - L IDU,1.9 %,0.6 %,935,294,100.0 %,5.2 %,1.9 %,11.3 %,0.0 %,-6.4 %,1,3,0.1,0.2,100.0 %,66.7 %,,0.6,935,106,1.9 %,0.2 %,2,3.3,0,1,1,2,0,1,1,2,0,1,1,2,,2,1,2,,1.3,0,0.2,0,-1214,0.0 %,-2.4 %,0,-1214,0.0 %,-2.4 %,0,-1214,0.0 %,-2.4 %,100.0 %,66.7 %,100.0 %,66.7 %,100.0 %,66.7 %,935,765,0,-1214,100.0 %,66.7 %
IDV,14d RSI IDV LT30 - L IDV,1.4 %,5.2 %,687,2605,100.0 %,5.6 %,1.4 %,93.0 %,0.0 %,-0.8 %,1,5,0.1,0.4,100.0 %,100.0 %,,,687,507,1.4 %,1.0 %,4,1.8,0,0,1,5,0,0,1,5,0,0,1,5,,,1,5,,,0,10.7,0,0,0.0 %,0.0 %,0,0,0.0 %,0.0 %,0,0,0.0 %,0.0 %,100.0 %,100.0 %,100.0 %,100.0 %,100.0 %,100.0 %,687,507,0,0,100.0 %,100.0 %
IDX,8d RSI IDX LT18 - L IDX,5.1 %,2.7 %,2555,1373,21.4 %,5.2 %,23.8 %,52.8 %,0.0 %,-2.5 %,2,3,0.2,0.2,100.0 %,66.7 %,,2.8,1277,453,2.6 %,0.9 %,2,3.3,0,1,2,1,0,1,2,1,0,1,2,1,,2,2,2,,5.5,1.7,1.4,0,-300,0.0 %,-0.6 %,0,-300,0.0 %,-0.6 %,0,-300,0.0 %,-0.6 %,100.0 %,66.7 %,100.0 %,66.7 %,100.0 %,66.7 %,1277,829,0,-300,100.0 %,66.7 %
IEF,3d RSI IEF LT10 - L IEF,-0.8 %,3.0 %,-388,1488,11.4 %,8.0 %,-6.8 %,37.2 %,-0.8 %,-1.3 %,4,6,0.3,0.5,25.0 %,100.0 %,0.9,,-97,243,-0.2 %,0.5 %,4.8,2.3,2,0,1,6,2,0,1,6,2,0,1,5,0.3,,1,6,0.3,,-0.9,3.4,-306,0,-0.3 %,0.0 %,-306,0,-0.3 %,0.0 %,-306,0,-0.3 %,0.0 %,25.0 %,100.0 %,25.0 %,100.0 %,25.0 %,100.0 %,174,243,-187,0,25.0 %,100.0 %
IEFA,9d RSI IEFA LT27 - L IEFA,1.5 %,2.4 %,750,1217,5.5 %,6.0 %,27.1 %,40.6 %,0.0 %,-2.0 %,2,5,0.2,0.4,100.0 %,60.0 %,,3.2,375,240,0.7 %,0.5 %,4,2,0,1,2,2,0,1,2,2,0,0,2,3,,1.5,2,3,,4.8,6.1,1.6,0,-215,0.0 %,-0.4 %,0,-103,0.0 %,-0.2 %,0,0,0.0 %,0.0 %,100.0 %,60.0 %,100.0 %,60.0 %,100.0 %,75.0 %,375,507,0,-159,100.0 %,100.0 %
IEI,20d RSI IEI LT38 - L IEI,1.1 %,2.3 %,537,1179,13.1 %,7.2 %,8.2 %,32.8 %,-0.2 %,-0.3 %,6,7,0.5,0.6,83.3 %,100.0 %,1.3,,89,166,0.2 %,0.3 %,3,1.6,1,0,3,7,1,0,3,6,0,0,4,5,5,,5,7,6.4,,2.3,4.4,-198,0,-0.2 %,0.0 %,-198,0,-0.2 %,0.0 %,0,0,0.0 %,0.0 %,83.3 %,100.0 %,83.3 %,100.0 %,83.3 %,100.0 %,127,166,-99,0,100.0 %,100.0 %
IEMG,16d RSI IEMG LT35 - L IEMG,1.2 %,5.8 %,602,2927,100.0 %,5.6 %,1.2 %,104.5 %,0.0 %,-1.1 %,1,6,0.1,0.5,100.0 %,100.0 %,,,602,474,1.2 %,0.9 %,2,1.3,0,0,1,6,0,0,1,5,0,0,1,4,,,1,6,,,0,3.2,0,0,0.0 %,0.0 %,0,0,0.0 %,0.0 %,0,0,0.0 %,0.0 %,100.0 %,100.0 %,100.0 %,100.0 %,100.0 %,100.0 %,602,474,0,0,100.0 %,100.0 %
IEUR,7d RSI IEUR LT23 - L IEUR,1.2 %,4.7 %,582,2375,6.0 %,5.2 %,19.3 %,91.3 %,0.0 %,-1.2 %,2,5,0.2,0.4,100.0 %,100.0 %,,,291,463,0.6 %,0.9 %,4.5,1.6,0,0,2,5,0,0,2,5,0,0,2,4,,,2,5,,,5.7,4.9,0,0,0.0 %,0.0 %,0,0,0.0 %,0.0 %,0,0,0.0 %,0.0 %,100.0 %,100.0 %,100.0 %,100.0 %,100.0 %,100.0 %,291,463,0,0,100.0 %,100.0 %
IEV,11d RSI IEV LT31 - L IEV,2.4 %,4.0 %,1187,1999,9.9 %,5.6 %,23.9 %,71.4 %,-0.1 %,-1.4 %,5,5,0.4,0.4,80.0 %,100.0 %,7.9,,237,391,0.5 %,0.8 %,2.6,1.8,1,0,3,5,1,0,2,5,0,0,3,4,4,,4,5,31.4,,1.9,3.5,-78,0,-0.1 %,0.0 %,-78,0,-0.1 %,0.0 %,0,0,0.0 %,0.0 %,80.0 %,100.0 %,80.0 %,100.0 %,75.0 %,100.0 %,306,391,-39,0,100.0 %,100.0 %
IEZ,21d RSI IEZ LT38 - L IEZ,3.0 %,18.5 %,1514,9322,9.2 %,11.2 %,32.9 %,166.5 %,-3.7 %,-4.5 %,6,8,0.5,0.7,83.3 %,100.0 %,0.4,,252,1075,0.5 %,2.1 %,2.8,2.5,1,0,3,8,1,0,3,8,1,0,2,4,5,,5,8,1.8,,0.6,5.5,-3812,0,-3.8 %,0.0 %,-3812,0,-3.8 %,0.0 %,-1786,0,-1.8 %,0.0 %,83.3 %,100.0 %,83.3 %,100.0 %,83.3 %,100.0 %,684,1075,-1906,0,75.0 %,100.0 %
IGE,5d RSI IGE LT17 - L IGE,-5.8 %,8.3 %,-2882,4166,100.0 %,5.6 %,-5.8 %,148.8 %,0.0 %,-2.1 %,1,4,0.1,0.3,0.0 %,100.0 %,0,,-2882,1005,-5.8 %,2.0 %,9,2.5,1,0,0,4,1,0,0,4,1,0,0,4,0,,0,4,0,,0,4.3,-5765,0,-5.8 %,0.0 %,-5765,0,-5.8 %,0.0 %,-5765,0,-5.8 %,0.0 %,0.0 %,100.0 %,0.0 %,100.0 %,0.0 %,100.0 %,0,1005,-2882,0,0.0 %,100.0 %
IGEB,3d RSI IGEB LT10 - L IGEB,1.8 %,1.7 %,892,874,8.0 %,8.8 %,22.4 %,19.9 %,-0.9 %,-1.1 %,7,6,0.6,0.5,85.7 %,83.3 %,0.5,2.1,127,144,0.3 %,0.3 %,1.9,2.7,1,1,6,5,1,1,6,5,1,1,5,4,6,5,6,5,3,10.3,1.3,2.4,-899,-93,-0.9 %,-0.2 %,-899,-93,-0.9 %,-0.2 %,-899,-93,-0.9 %,-0.2 %,85.7 %,83.3 %,85.7 %,83.3 %,85.7 %,83.3 %,224,191,-449,-93,83.3 %,80.0 %
IGF,18d RSI IGF LT33 - L IGF,1.7 %,0.1 %,872,57,100.0 %,6.8 %,1.7 %,1.7 %,0.0 %,-6.1 %,1,5,0.1,0.4,100.0 %,80.0 %,,0.3,872,24,1.7 %,0.1 %,2,2.4,0,1,1,2,0,1,1,2,0,1,1,2,,4,1,4,,1.1,0,0,0,-2139,0.0 %,-4.3 %,0,-1438,0.0 %,-2.9 %,0,-596,0.0 %,-1.2 %,100.0 %,80.0 %,100.0 %,80.0 %,100.0 %,75.0 %,872,564,0,-2139,100.0 %,66.7 %
IGIB,4d RSI IGIB LT13 - L IGIB,0.9 %,3.1 %,451,1589,18.6 %,5.2 %,4.8 %,61.1 %,0.0 %,-0.1 %,3,5,0.2,0.4,100.0 %,100.0 %,,,150,312,0.3 %,0.6 %,1.7,1.6,0,0,3,5,0,0,3,5,0,0,3,5,,,3,5,,,1.7,6.5,0,0,0.0 %,0.0 %,0,0,0.0 %,0.0 %,0,0,0.0 %,0.0 %,100.0 %,100.0 %,100.0 %,100.0 %,100.0 %,100.0 %,150,312,0,0,100.0 %,100.0 %
IGLB,11d RSI IGLB LT29 - L IGLB,2.9 %,2.2 %,1436,1105,6.7 %,5.2 %,43.1 %,42.5 %,0.0 %,-3.7 %,4,3,0.3,0.2,100.0 %,66.7 %,,1.7,359,366,0.7 %,0.7 %,2,3.3,0,1,4,1,0,1,4,1,0,0,4,2,,2,4,2,,3.5,2.1,1.1,0,-445,0.0 %,-0.9 %,0,-445,0.0 %,-0.9 %,0,0,0.0 %,0.0 %,100.0 %,66.7 %,100.0 %,66.7 %,100.0 %,66.7 %,359,772,0,-445,100.0 %,100.0 %
IGLD,6d RSI IGLD LT16 - L IGLD,2.3 %,0.8 %,1141,378,100.0 %,5.2 %,2.3 %,14.5 %,0.0 %,-1.7 %,1,3,0.1,0.2,100.0 %,33.3 %,,3.7,1141,127,2.3 %,0.2 %,1,3.3,0,1,1,1,0,1,1,1,0,1,1,1,,0.5,1,1,,1.9,0,0.5,0,-240,0.0 %,-0.5 %,0,-240,0.0 %,-0.5 %,0,-240,0.0 %,-0.5 %,100.0 %,33.3 %,100.0 %,33.3 %,100.0 %,33.3 %,1141,819,0,-219,100.0 %,33.3 %
IGM,7d RSI IGM LT28 - L IGM,10.3 %,10.0 %,5174,5036,19.2 %,6.8 %,53.8 %,148.1 %,0.0 %,-2.2 %,5,5,0.4,0.4,100.0 %,100.0 %,,,1035,963,2.1 %,1.9 %,3,2.4,0,0,5,5,0,0,5,5,0,0,4,4,,,5,5,,,3.2,5.1,0,0,0.0 %,0.0 %,0,0,0.0 %,0.0 %,0,0,0.0 %,0.0 %,100.0 %,100.0 %,100.0 %,100.0 %,100.0 %,100.0 %,1035,963,0,0,100.0 %,100.0 %
IGOV,7d RSI IGOV LT19 - L IGOV,2.3 %,1.0 %,1134,495,3.4 %,5.2 %,67.7 %,19.1 %,0.0 %,-1.4 %,3,4,0.2,0.3,100.0 %,75.0 %,,0.9,378,123,0.8 %,0.2 %,1,2.2,0,1,3,2,0,1,3,2,0,1,3,2,,3,3,3,,2.6,10.4,0.8,0,-300,0.0 %,-0.6 %,0,-300,0.0 %,-0.6 %,0,-300,0.0 %,-0.6 %,100.0 %,75.0 %,100.0 %,75.0 %,100.0 %,75.0 %,378,265,0,-300,100.0 %,75.0 %
IGSB,17d RSI IGSB LT40 - L IGSB,0.4 %,2.2 %,175,1113,6.0 %,7.2 %,5.8 %,30.9 %,0.0 %,-0.1 %,2,6,0.2,0.5,100.0 %,100.0 %,,,88,182,0.2 %,0.4 %,3.5,2,0,0,2,6,0,0,2,5,0,0,2,4,,,2,6,,,2.2,6,0,0,0.0 %,0.0 %,0,0,0.0 %,0.0 %,0,0,0.0 %,0.0 %,100.0 %,100.0 %,100.0 %,100.0 %,100.0 %,100.0 %,88,182,0,0,100.0 %,100.0 %
IGV,8d RSI IGV LT32 - L IGV,8.9 %,16.2 %,4470,8171,21.7 %,11.6 %,41.3 %,140.9 %,-1.5 %,-2.2 %,6,8,0.5,0.7,83.3 %,87.5 %,1.3,148.1,745,952,1.5 %,1.9 %,4.7,2.6,1,1,5,5,1,1,5,5,1,1,4,4,5,7,5,7,6.6,1036.6,2.2,4.3,-1605,-7,-1.6 %,-0.0 %,-1605,-7,-1.6 %,-0.0 %,-1605,-7,-1.6 %,-0.0 %,83.3 %,87.5 %,83.3 %,87.5 %,83.3 %,87.5 %,1054,1089,-802,-7,80.0 %,83.3 %
IHDG,8d RSI IHDG LT29 - L IHDG,4.6 %,4.5 %,2279,2295,9.5 %,8.4 %,48.0 %,54.6 %,0.0 %,-1.8 %,5,6,0.4,0.5,100.0 %,83.3 %,,6.8,456,373,0.9 %,0.8 %,2.4,2.5,0,1,5,3,0,1,5,3,0,0,5,4,,5,5,5,,33.9,3.7,3.2,0,-68,0.0 %,-0.1 %,0,-68,0.0 %,-0.1 %,0,0,0.0 %,0.0 %,100.0 %,83.3 %,100.0 %,83.3 %,100.0 %,83.3 %,456,461,0,-68,100.0 %,100.0 %
IHF,3d RSI IHF LT12 - L IHF,-2.1 %,12.0 %,-1030,6039,23.5 %,12.8 %,-8.8 %,94.4 %,-7.7 %,-2.2 %,10,9,0.8,0.8,80.0 %,100.0 %,0.2,,-103,634,-0.2 %,1.3 %,4.5,2.6,1,0,7,9,1,0,7,9,1,0,6,8,4,,8,9,0.8,,-0.2,6,-8223,0,-8.2 %,0.0 %,-8223,0,-8.2 %,0.0 %,-8223,0,-8.2 %,0.0 %,80.0 %,100.0 %,80.0 %,100.0 %,80.0 %,100.0 %,410,634,-2157,0,77.8 %,100.0 %
IHI,7d RSI IHI LT15 - L IHI,1.5 %,2.8 %,772,1404,100.0 %,5.2 %,1.5 %,54.0 %,0.0 %,-1.8 %,1,3,0.1,0.2,100.0 %,100.0 %,,,772,461,1.5 %,0.9 %,2,3.3,0,0,1,3,0,0,1,3,0,0,1,3,,,1,3,,,0,3,0,0,0.0 %,0.0 %,0,0,0.0 %,0.0 %,0,0,0.0 %,0.0 %,100.0 %,100.0 %,100.0 %,100.0 %,100.0 %,100.0 %,772,461,0,0,100.0 %,100.0 %
IJH,17d RSI IJH LT33 - L IJH,1.4 %,8.1 %,712,4057,100.0 %,5.6 %,1.4 %,144.9 %,0.0 %,-1.4 %,1,5,0.1,0.4,100.0 %,100.0 %,,,712,780,1.4 %,1.6 %,4,1.8,0,0,1,5,0,0,1,4,0,0,1,3,,,1,5,,,0,12.8,0,0,0.0 %,0.0 %,0,0,0.0 %,0.0 %,0,0,0.0 %,0.0 %,100.0 %,100.0 %,100.0 %,100.0 %,100.0 %,100.0 %,712,780,0,0,100.0 %,100.0 %
IJK,18d RSI IJK LT35 - L IJK,1.2 %,5.8 %,591,2897,100.0 %,5.6 %,1.2 %,103.5 %,0.0 %,-1.2 %,1,4,0.1,0.3,100.0 %,100.0 %,,,591,704,1.2 %,1.4 %,3,2.5,0,0,1,4,0,0,1,4,0,0,1,3,,,1,4,,,0,5.8,0,0,0.0 %,0.0 %,0,0,0.0 %,0.0 %,0,0,0.0 %,0.0 %,100.0 %,100.0 %,100.0 %,100.0 %,100.0 %,100.0 %,591,704,0,0,100.0 %,100.0 %
IJT,17d RSI IJT LT34 - L IJT,1.1 %,5.0 %,571,2544,100.0 %,7.6 %,1.1 %,66.9 %,0.0 %,-2.0 %,1,4,0.1,0.3,100.0 %,100.0 %,,,571,621,1.1 %,1.2 %,3,3.8,0,0,1,4,0,0,1,4,0,0,1,3,,,1,4,,,0,3.3,0,0,0.0 %,0.0 %,0,0,0.0 %,0.0 %,0,0,0.0 %,0.0 %,100.0 %,100.0 %,100.0 %,100.0 %,100.0 %,100.0 %,571,621,0,0,100.0 %,100.0 %
ILF,20d RSI ILF LT40 - L ILF,-3.9 %,14.4 %,-1954,7264,36.6 %,9.6 %,-10.7 %,151.3 %,-9.6 %,-2.8 %,13,8,1.1,0.7,53.8 %,100.0 %,0.6,,-150,850,-0.3 %,1.7 %,3.8,2,2,0,2,8,2,0,3,8,1,0,2,4,1.2,,7,8,0.7,,-0.5,5.5,-8088,0,-8.1 %,0.0 %,-8088,0,-8.1 %,0.0 %,-7024,0,-7.0 %,0.0 %,53.8 %,100.0 %,53.8 %,100.0 %,54.5 %,100.0 %,735,850,-1183,0,66.7 %,100.0 %
IMCG,8d RSI IMCG LT23 - L IMCG,2.9 %,6.3 %,1473,3155,4.5 %,7.2 %,65.5 %,87.6 %,0.0 %,-1.4 %,2,5,0.2,0.4,100.0 %,100.0 %,,,736,612,1.5 %,1.2 %,3,2.6,0,0,2,5,0,0,2,5,0,0,2,4,,,2,5,,,11.4,3.9,0,0,0.0 %,0.0 %,0,0,0.0 %,0.0 %,0,0,0.0 %,0.0 %,100.0 %,100.0 %,100.0 %,100.0 %,100.0 %,100.0 %,736,612,0,0,100.0 %,100.0 %
IMTM,8d RSI IMTM LT24 - L IMTM,5.6 %,4.8 %,2776,2442,6.2 %,5.2 %,89.8 %,93.9 %,0.0 %,-0.9 %,3,5,0.2,0.4,100.0 %,100.0 %,,,925,476,1.9 %,0.9 %,2.7,1.6,0,0,3,5,0,0,3,5,0,0,3,5,,,3,5,,,2.6,5,0,0,0.0 %,0.0 %,0,0,0.0 %,0.0 %,0,0,0.0 %,0.0 %,100.0 %,100.0 %,100.0 %,100.0 %,100.0 %,100.0 %,925,476,0,0,100.0 %,100.0 %
INDA,17d RSI INDA LT34 - L INDA,1.9 %,2.9 %,970,1467,55.6 %,6.4 %,3.5 %,45.8 %,-0.8 %,-1.6 %,4,4,0.3,0.3,75.0 %,75.0 %,1.2,3.5,243,361,0.5 %,0.7 %,1.5,3,1,1,2,2,1,1,2,2,0,0,2,3,3,3,3,3,3.5,10.4,1.3,2,-768,-154,-0.8 %,-0.3 %,-768,-154,-0.8 %,-0.3 %,0,0,0.0 %,0.0 %,75.0 %,75.0 %,75.0 %,75.0 %,75.0 %,75.0 %,451,533,-384,-154,100.0 %,100.0 %
INDY,5d RSI INDY LT20 - L INDY,5.5 %,4.5 %,2766,2267,12.3 %,5.2 %,45.1 %,87.2 %,-0.0 %,-0.3 %,6,5,0.5,0.4,83.3 %,100.0 %,52.9,,461,442,0.9 %,0.9 %,2.2,1.6,1,0,5,5,1,0,5,5,0,0,4,4,5,,5,5,264.7,,4.2,6.9,-21,0,-0.0 %,0.0 %,-21,0,-0.0 %,0.0 %,0,0,0.0 %,0.0 %,83.3 %,100.0 %,83.3 %,100.0 %,83.3 %,100.0 %,555,442,-10,0,100.0 %,100.0 %
INTF,4d RSI INTF LT13 - L INTF,0.9 %,2.1 %,441,1061,3.9 %,5.2 %,22.8 %,40.8 %,0.0 %,-1.3 %,2,4,0.2,0.3,100.0 %,75.0 %,,2.7,221,262,0.4 %,0.5 %,2.5,2.2,0,1,2,2,0,1,2,2,0,1,2,2,,3,2,3,,8.2,7.6,2.1,0,-144,0.0 %,-0.3 %,0,-144,0.0 %,-0.3 %,0,-144,0.0 %,-0.3 %,100.0 %,75.0 %,100.0 %,75.0 %,100.0 %,75.0 %,221,397,0,-144,100.0 %,75.0 %
IOO,13d RSI IOO LT35 - L IOO,7.6 %,2.5 %,3825,1283,16.0 %,5.6 %,47.7 %,45.8 %,0.0 %,-1.6 %,3,4,0.2,0.3,100.0 %,75.0 %,,6.3,1275,316,2.5 %,0.6 %,3.3,2.5,0,1,3,2,0,1,3,2,0,0,3,3,,3,3,3,,19,9.1,2.4,0,-70,0.0 %,-0.1 %,0,-70,0.0 %,-0.1 %,0,0,0.0 %,0.0 %,100.0 %,75.0 %,100.0 %,75.0 %,100.0 %,75.0 %,1275,445,0,-70,100.0 %,100.0 %
IPAC,21d RSI IPAC LT37 - L IPAC,0.8 %,3.5 %,405,1737,100.0 %,5.2 %,0.8 %,66.8 %,0.0 %,-1.3 %,1,4,0.1,0.3,100.0 %,100.0 %,,,405,426,0.8 %,0.8 %,2,2.2,0,0,1,4,0,0,1,4,0,0,1,2,,,1,4,,,0,4.6,0,0,0.0 %,0.0 %,0,0,0.0 %,0.0 %,0,0,0.0 %,0.0 %,100.0 %,100.0 %,100.0 %,100.0 %,100.0 %,100.0 %,405,426,0,0,100.0 %,100.0 %
IQDF,20d RSI IQDF LT39 - L IQDF,3.1 %,5.9 %,1536,2995,15.7 %,7.6 %,19.6 %,78.8 %,0.0 %,-0.9 %,5,7,0.4,0.6,100.0 %,85.7 %,,6.2,307,415,0.6 %,0.8 %,2.2,1.7,0,1,5,4,0,0,4,6,0,0,3,4,,6,5,6,,37.2,3.1,4.4,0,-80,0.0 %,-0.2 %,0,0,0.0 %,0.0 %,0,0,0.0 %,0.0 %,100.0 %,85.7 %,100.0 %,85.7 %,100.0 %,100.0 %,307,497,0,-80,100.0 %,100.0 %
IQLT,12d RSI IQLT LT31 - L IQLT,1.1 %,3.9 %,548,1938,7.7 %,5.6 %,14.2 %,69.2 %,0.0 %,-1.5 %,4,5,0.3,0.4,100.0 %,100.0 %,,,137,379,0.3 %,0.8 %,2.5,1.8,0,0,4,5,0,0,4,4,0,0,3,3,,,4,5,,,2.6,3.2,0,0,0.0 %,0.0 %,0,0,0.0 %,0.0 %,0,0,0.0 %,0.0 %,100.0 %,100.0 %,100.0 %,100.0 %,100.0 %,100.0 %,137,379,0,0,100.0 %,100.0 %
ISTB,11d RSI ISTB LT33 - L ISTB,0.4 %,1.3 %,225,670,4.7 %,6.0 %,9.5 %,22.3 %,0.0 %,-0.2 %,2,6,0.2,0.5,100.0 %,100.0 %,,,112,110,0.2 %,0.2 %,2.5,1.5,0,0,2,6,0,0,2,6,0,0,2,5,,,2,6,,,7.9,7,0,0,0.0 %,0.0 %,0,0,0.0 %,0.0 %,0,0,0.0 %,0.0 %,100.0 %,100.0 %,100.0 %,100.0 %,100.0 %,100.0 %,112,110,0,0,100.0 %,100.0 %
ITA,4d RSI ITA LT13 - L ITA,4.1 %,0.3 %,2044,134,8.8 %,8.0 %,46.7 %,3.4 %,0.0 %,-4.6 %,4,4,0.3,0.3,75.0 %,75.0 %,10,0.4,511,44,1.0 %,0.1 %,3.8,4,1,1,3,2,1,1,3,2,1,1,3,2,3,3,3,3,30,1.1,2.6,0.1,-141,-1761,-0.1 %,-3.5 %,-141,-1761,-0.1 %,-3.5 %,-141,-1761,-0.1 %,-3.5 %,75.0 %,75.0 %,75.0 %,75.0 %,75.0 %,75.0 %,705,646,-71,-1761,75.0 %,75.0 %
ITB,3d RSI ITB LT10 - L ITB,0.1 %,4.7 %,50,2391,11.4 %,5.6 %,0.9 %,85.4 %,-7.8 %,-2.0 %,5,3,0.4,0.2,80.0 %,100.0 %,0.3,,10,779,0.0 %,1.6 %,4.6,3.7,1,0,4,3,1,0,4,3,1,0,4,3,4,,4,3,1,,0,4.7,-8428,0,-8.4 %,0.0 %,-8428,0,-8.4 %,0.0 %,-8428,0,-8.4 %,0.0 %,80.0 %,100.0 %,80.0 %,100.0 %,80.0 %,100.0 %,1066,779,-4214,0,80.0 %,100.0 %
ITOT,5d RSI ITOT LT19 - L ITOT,6.8 %,6.7 %,3396,3358,8.3 %,8.0 %,81.5 %,83.9 %,0.0 %,-2.1 %,3,6,0.2,0.5,100.0 %,83.3 %,,3.1,1132,542,2.3 %,1.1 %,4,2.3,0,1,3,3,0,1,3,3,0,1,3,3,,5,3,5,,15.6,4.9,3.3,0,-223,0.0 %,-0.5 %,0,-223,0.0 %,-0.5 %,0,-223,0.0 %,-0.5 %,100.0 %,83.3 %,100.0 %,83.3 %,100.0 %,83.3 %,1132,695,0,-223,100.0 %,80.0 %
IUSB,3d RSI IUSB LT11 - L IUSB,2.2 %,2.4 %,1076,1202,12.5 %,8.8 %,17.2 %,27.3 %,-0.7 %,-0.8 %,7,6,0.6,0.5,85.7 %,100.0 %,0.7,,154,197,0.3 %,0.4 %,3,2.7,1,0,6,6,1,0,6,6,1,0,5,5,6,,6,6,4.2,,1.7,4,-669,0,-0.7 %,0.0 %,-669,0,-0.7 %,0.0 %,-669,0,-0.7 %,0.0 %,85.7 %,100.0 %,85.7 %,100.0 %,85.7 %,100.0 %,235,197,-335,0,83.3 %,100.0 %
IUSG,19d RSI IUSG LT39 - L IUSG,6.5 %,2.4 %,3232,1214,9.9 %,6.0 %,65.4 %,40.5 %,0.0 %,-2.2 %,2,4,0.2,0.3,100.0 %,50.0 %,,3.8,1616,302,3.2 %,0.6 %,3,2.8,0,1,2,1,0,1,2,2,0,1,2,2,,1,2,2,,3.8,7.4,1.1,0,-438,0.0 %,-0.9 %,0,0,0.0 %,0.0 %,0,0,0.0 %,0.0 %,100.0 %,50.0 %,100.0 %,50.0 %,100.0 %,66.7 %,1616,822,0,-219,100.0 %,66.7 %
IUSV,6d RSI IUSV LT17 - L IUSV,-0.8 %,4.4 %,-412,2227,6.6 %,5.6 %,-12.4 %,79.5 %,-1.7 %,-1.2 %,2,4,0.2,0.3,50.0 %,100.0 %,0.5,,-206,544,-0.4 %,1.1 %,5,2.5,1,0,1,4,1,0,1,4,1,0,1,4,1,,1,4,0.5,,-0.4,4.5,-1711,0,-1.7 %,0.0 %,-1711,0,-1.7 %,0.0 %,-1711,0,-1.7 %,0.0 %,50.0 %,100.0 %,50.0 %,100.0 %,50.0 %,100.0 %,444,544,-856,0,50.0 %,100.0 %
IVE,6d RSI IVE LT17 - L IVE,-0.6 %,4.4 %,-320,2225,6.6 %,5.6 %,-9.7 %,79.5 %,-1.6 %,-1.3 %,2,4,0.2,0.3,50.0 %,100.0 %,0.6,,-160,544,-0.3 %,1.1 %,5,2.5,1,0,1,4,1,0,1,4,1,0,1,4,1,,1,4,0.6,,-0.4,4.1,-1597,0,-1.6 %,0.0 %,-1597,0,-1.6 %,0.0 %,-1597,0,-1.6 %,0.0 %,50.0 %,100.0 %,50.0 %,100.0 %,50.0 %,100.0 %,478,544,-799,0,50.0 %,100.0 %
IVLU,10d RSI IVLU LT30 - L IVLU,3.6 %,5.8 %,1785,2932,7.2 %,6.4 %,49.7 %,91.6 %,0.0 %,-1.4 %,3,6,0.2,0.5,100.0 %,100.0 %,,,595,474,1.2 %,0.9 %,3.3,1.7,0,0,3,6,0,0,3,6,0,0,3,4,,,3,6,,,3.6,3.9,0,0,0.0 %,0.0 %,0,0,0.0 %,0.0 %,0,0,0.0 %,0.0 %,100.0 %,100.0 %,100.0 %,100.0 %,100.0 %,100.0 %,595,474,0,0,100.0 %,100.0 %
IVV,5d RSI IVV LT20 - L IVV,9.9 %,6.4 %,4942,3217,12.2 %,8.0 %,80.9 %,80.4 %,0.0 %,-2.3 %,5,6,0.4,0.5,100.0 %,83.3 %,,2,988,520,2.0 %,1.0 %,3.4,2.3,0,1,5,3,0,1,5,3,0,1,5,3,,5,5,5,,10.2,5.4,2.8,0,-341,0.0 %,-0.7 %,0,-341,0.0 %,-0.7 %,0,-341,0.0 %,-0.7 %,100.0 %,83.3 %,100.0 %,83.3 %,100.0 %,83.3 %,988,693,0,-341,100.0 %,80.0 %
IVW,21d RSI IVW LT40 - L IVW,6.5 %,3.3 %,3261,1651,9.9 %,5.2 %,66.0 %,63.5 %,0.0 %,-2.3 %,2,4,0.2,0.3,100.0 %,75.0 %,,1.5,1631,408,3.3 %,0.8 %,3,2.2,0,1,2,2,0,0,2,3,0,0,2,3,,3,2,3,,4.5,7.3,1.5,0,-461,0.0 %,-0.9 %,0,0,0.0 %,0.0 %,0,0,0.0 %,0.0 %,100.0 %,75.0 %,100.0 %,75.0 %,100.0 %,100.0 %,1631,697,0,-461,100.0 %,100.0 %
IWB,4d RSI IWB LT15 - L IWB,9.8 %,6.7 %,4894,3352,12.2 %,8.0 %,80.1 %,83.8 %,0.0 %,-2.2 %,5,6,0.4,0.5,100.0 %,83.3 %,,2.6,979,541,2.0 %,1.1 %,3.4,2.3,0,1,5,3,0,1,5,3,0,1,5,3,,5,5,5,,12.9,5.4,3.1,0,-274,0.0 %,-0.6 %,0,-274,0.0 %,-0.6 %,0,-274,0.0 %,-0.6 %,100.0 %,83.3 %,100.0 %,83.3 %,100.0 %,83.3 %,979,704,0,-274,100.0 %,80.0 %
IWD,6d RSI IWD LT18 - L IWD,-1.4 %,2.2 %,-701,1132,8.2 %,7.2 %,-17.0 %,31.4 %,-2.2 %,-1.9 %,2,4,0.2,0.3,50.0 %,100.0 %,0.4,,-350,278,-0.7 %,0.6 %,6.5,3.5,1,0,1,4,1,0,1,4,1,0,1,4,1,,1,4,0.4,,-0.7,10.3,-2198,0,-2.2 %,0.0 %,-2198,0,-2.2 %,0.0 %,-2198,0,-2.2 %,0.0 %,50.0 %,100.0 %,50.0 %,100.0 %,50.0 %,100.0 %,398,278,-1099,0,50.0 %,100.0 %
IWF,10d RSI IWF LT35 - L IWF,3.8 %,7.8 %,1890,3911,19.0 %,9.6 %,19.8 %,81.5 %,0.0 %,-2.4 %,4,6,0.3,0.5,75.0 %,66.7 %,19.6,6.5,473,630,0.9 %,1.3 %,4,3,1,1,3,3,1,1,3,3,1,1,3,3,3,2,3,4,58.9,13,2.2,2.6,-65,-180,-0.1 %,-0.4 %,-65,-180,-0.1 %,-0.4 %,-65,-136,-0.1 %,-0.3 %,75.0 %,66.7 %,75.0 %,66.7 %,75.0 %,66.7 %,641,1024,-33,-158,75.0 %,80.0 %
IWN,20d RSI IWN LT38 - L IWN,0.9 %,10.5 %,464,5299,100.0 %,16.0 %,0.9 %,66.2 %,0.0 %,-4.2 %,1,10,0.1,0.8,100.0 %,70.0 %,,2.3,464,507,0.9 %,1.0 %,4,3,0,1,1,5,0,1,1,5,0,1,1,5,,2.3,1,7,,5.3,0,2.2,0,-668,0.0 %,-1.3 %,0,-668,0.0 %,-1.3 %,0,-45,0.0 %,-0.1 %,100.0 %,70.0 %,100.0 %,70.0 %,100.0 %,70.0 %,464,893,0,-393,100.0 %,83.3 %
IWO,11d RSI IWO LT27 - L IWO,2.9 %,8.0 %,1444,4050,100.0 %,8.0 %,2.9 %,101.3 %,0.0 %,-1.2 %,1,5,0.1,0.4,100.0 %,100.0 %,,,1444,779,2.9 %,1.6 %,2,3,0,0,1,5,0,0,1,5,0,0,1,4,,,1,5,,,0,8,0,0,0.0 %,0.0 %,0,0,0.0 %,0.0 %,0,0,0.0 %,0.0 %,100.0 %,100.0 %,100.0 %,100.0 %,100.0 %,100.0 %,1444,779,0,0,100.0 %,100.0 %
IWP,4d RSI IWP LT14 - L IWP,4.9 %,5.8 %,2460,2912,5.6 %,6.4 %,87.6 %,91.0 %,0.0 %,-1.3 %,3,5,0.2,0.4,100.0 %,100.0 %,,,820,565,1.6 %,1.1 %,2.3,2.2,0,0,3,5,0,0,3,5,0,0,3,5,,,3,5,,,11.8,7.5,0,0,0.0 %,0.0 %,0,0,0.0 %,0.0 %,0,0,0.0 %,0.0 %,100.0 %,100.0 %,100.0 %,100.0 %,100.0 %,100.0 %,820,565,0,0,100.0 %,100.0 %
IWR,10d RSI IWR LT24 - L IWR,2.2 %,5.6 %,1102,2824,100.0 %,5.6 %,2.2 %,100.8 %,0.0 %,-1.1 %,1,4,0.1,0.3,100.0 %,100.0 %,,,1102,686,2.2 %,1.4 %,4,2.5,0,0,1,4,0,0,1,4,0,0,1,4,,,1,4,,,0,12.3,0,0,0.0 %,0.0 %,0,0,0.0 %,0.0 %,0,0,0.0 %,0.0 %,100.0 %,100.0 %,100.0 %,100.0 %,100.0 %,100.0 %,1102,686,0,0,100.0 %,100.0 %
IWS,20d RSI IWS LT33 - L IWS,1.8 %,6.9 %,920,3486,100.0 %,5.6 %,1.8 %,124.5 %,0.0 %,-1.3 %,1,5,0.1,0.4,100.0 %,100.0 %,,,920,673,1.8 %,1.4 %,4,1.8,0,0,1,5,0,0,1,4,0,0,1,3,,,1,5,,,0,19.8,0,0,0.0 %,0.0 %,0,0,0.0 %,0.0 %,0,0,0.0 %,0.0 %,100.0 %,100.0 %,100.0 %,100.0 %,100.0 %,100.0 %,920,673,0,0,100.0 %,100.0 %
IWV,5d RSI IWV LT19 - L IWV,7.0 %,6.1 %,3494,3069,8.3 %,8.4 %,83.9 %,73.1 %,0.0 %,-2.2 %,3,6,0.2,0.5,100.0 %,83.3 %,,2.7,1165,497,2.3 %,1.0 %,4,2.5,0,1,3,3,0,1,3,3,0,1,3,3,,5,3,5,,13.6,5.4,2.9,0,-237,0.0 %,-0.5 %,0,-237,0.0 %,-0.5 %,0,-237,0.0 %,-0.5 %,100.0 %,83.3 %,100.0 %,83.3 %,100.0 %,83.3 %,1165,644,0,-237,100.0 %,80.0 %
IWX,7d RSI IWX LT21 - L IWX,-1.4 %,3.2 %,-723,1600,7.7 %,5.2 %,-18.8 %,61.5 %,-1.8 %,-2.2 %,2,4,0.2,0.3,50.0 %,75.0 %,0.2,2.2,-361,394,-0.7 %,0.8 %,6,2.2,1,1,1,2,1,1,1,2,1,0,1,2,1,3,1,3,0.2,6.7,-1,1.7,-1758,-275,-1.8 %,-0.6 %,-1758,-275,-1.8 %,-0.6 %,-1758,0,-1.8 %,0.0 %,50.0 %,75.0 %,50.0 %,75.0 %,50.0 %,75.0 %,156,618,-879,-275,50.0 %,100.0 %
IWY,14d RSI IWY LT37 - L IWY,5.1 %,8.8 %,2548,4450,17.3 %,6.8 %,29.5 %,130.9 %,0.0 %,-2.6 %,3,5,0.2,0.4,100.0 %,80.0 %,,4.6,849,857,1.7 %,1.7 %,3.7,2.4,0,1,3,2,0,1,3,2,0,1,3,2,,4,3,4,,18.2,2.8,3.1,0,-249,0.0 %,-0.5 %,0,-249,0.0 %,-0.5 %,0,-249,0.0 %,-0.5 %,100.0 %,80.0 %,100.0 %,80.0 %,100.0 %,80.0 %,849,1134,0,-249,100.0 %,75.0 %
IXC,6d RSI IXC LT27 - L IXC,4.0 %,13.3 %,2007,6724,19.7 %,15.2 %,20.4 %,88.5 %,-5.8 %,-8.2 %,10,10,0.8,0.8,80.0 %,90.0 %,0.4,0.5,201,639,0.4 %,1.3 %,3.8,2.8,1,1,7,7,1,1,7,7,1,1,5,5,4,9,8,9,1.5,4.5,0.5,2.2,-5924,-1823,-5.9 %,-3.6 %,-5924,-1823,-5.9 %,-3.6 %,-5924,-1823,-5.9 %,-3.6 %,80.0 %,90.0 %,80.0 %,90.0 %,80.0 %,90.0 %,762,912,-2043,-1823,75.0 %,85.7 %
IXJ,4d RSI IXJ LT12 - L IXJ,3.7 %,3.5 %,1868,1750,16.5 %,5.2 %,22.7 %,67.3 %,-1.9 %,-1.4 %,7,4,0.6,0.3,85.7 %,100.0 %,0.5,,267,429,0.5 %,0.9 %,3.1,2.2,1,0,6,4,1,0,6,4,1,0,5,3,6,,6,4,2.9,,1.3,4.4,-1973,0,-2.0 %,0.0 %,-1973,0,-2.0 %,0.0 %,-1973,0,-2.0 %,0.0 %,85.7 %,100.0 %,85.7 %,100.0 %,85.7 %,100.0 %,476,429,-987,0,83.3 %,100.0 %
IXN,6d RSI IXN LT22 - L IXN,12.7 %,7.4 %,6370,3717,8.9 %,7.6 %,142.5 %,97.8 %,0.0 %,-2.6 %,5,5,0.4,0.4,100.0 %,80.0 %,,4.3,1274,721,2.5 %,1.4 %,2.2,2.8,0,1,5,3,0,1,5,3,0,1,4,2,,4,5,4,,17.4,16.2,2.5,0,-220,0.0 %,-0.4 %,0,-220,0.0 %,-0.4 %,0,-220,0.0 %,-0.4 %,100.0 %,80.0 %,100.0 %,80.0 %,100.0 %,80.0 %,1274,956,0,-220,100.0 %,75.0 %
IXUS,6d RSI IXUS LT21 - L IXUS,2.0 %,3.1 %,1003,1550,5.5 %,6.8 %,36.3 %,45.6 %,0.0 %,-2.0 %,2,6,0.2,0.5,100.0 %,83.3 %,,0.8,502,254,1.0 %,0.5 %,4,1.8,0,1,2,3,0,0,2,5,0,0,2,4,,5,2,5,,3.9,46.3,1.7,0,-529,0.0 %,-1.1 %,0,0,0.0 %,0.0 %,0,0,0.0 %,0.0 %,100.0 %,83.3 %,100.0 %,83.3 %,100.0 %,100.0 %,502,411,0,-529,100.0 %,100.0 %
IYC,20d RSI IYC LT36 - L IYC,4.1 %,3.8 %,2054,1924,100.0 %,5.6 %,4.1 %,68.7 %,0.0 %,-2.1 %,2,4,0.2,0.3,100.0 %,100.0 %,,,1027,471,2.1 %,0.9 %,1.5,2.5,0,0,2,4,0,0,1,4,0,0,1,2,,,2,4,,,4.8,5.2,0,0,0.0 %,0.0 %,0,0,0.0 %,0.0 %,0,0,0.0 %,0.0 %,100.0 %,100.0 %,100.0 %,100.0 %,100.0 %,100.0 %,1027,471,0,0,100.0 %,100.0 %
IYE,7d RSI IYE LT23 - L IYE,-5.0 %,12.1 %,-2503,6103,16.2 %,8.0 %,-30.9 %,152.6 %,-5.8 %,-2.5 %,2,5,0.2,0.4,50.0 %,100.0 %,0.1,,-1252,1160,-2.5 %,2.3 %,5,3,1,0,1,5,1,0,1,5,1,0,1,5,1,,1,5,0.1,,-1,4.3,-5880,0,-5.9 %,0.0 %,-5880,0,-5.9 %,0.0 %,-5880,0,-5.9 %,0.0 %,50.0 %,100.0 %,50.0 %,100.0 %,50.0 %,100.0 %,437,1160,-2940,0,50.0 %,100.0 %
IYF,19d RSI IYF LT41 - L IYF,6.8 %,8.2 %,3390,4155,6.1 %,17.6 %,111.6 %,47.2 %,0.0 %,-8.1 %,3,10,0.2,0.8,100.0 %,80.0 %,,0.7,1130,411,2.3 %,0.8 %,2.7,3.4,0,1,3,7,0,1,3,6,0,0,3,6,,4,3,8,,2.6,5.5,1.1,0,-2372,0.0 %,-4.7 %,0,-2372,0.0 %,-4.7 %,0,0,0.0 %,0.0 %,100.0 %,80.0 %,100.0 %,80.0 %,100.0 %,77.8 %,1130,833,0,-1277,100.0 %,100.0 %
IYH,12d RSI IYH LT27 - L IYH,0.2 %,6.9 %,97,3464,7.8 %,5.6 %,2.5 %,123.7 %,-1.0 %,-1.2 %,3,4,0.2,0.3,66.7 %,100.0 %,0.6,,32,839,0.1 %,1.7 %,3.7,2.5,1,0,2,4,1,0,2,4,1,0,2,3,2,,2,4,1.2,,0.1,4.3,-1018,0,-1.0 %,0.0 %,-1018,0,-1.0 %,0.0 %,-1018,0,-1.0 %,0.0 %,66.7 %,100.0 %,66.7 %,100.0 %,66.7 %,100.0 %,303,839,-509,0,66.7 %,100.0 %
IYJ,6d RSI IYJ LT21 - L IYJ,-0.8 %,6.8 %,-394,3414,7.2 %,8.4 %,-11.0 %,81.3 %,-1.2 %,-1.6 %,3,6,0.2,0.5,33.3 %,83.3 %,0.8,4.9,-131,550,-0.3 %,1.1 %,3.3,2.5,1,1,1,3,1,1,1,3,1,1,1,3,0.5,5,1,5,0.4,24.4,-0.6,4,-1204,-141,-1.2 %,-0.3 %,-1204,-141,-1.2 %,-0.3 %,-1204,-141,-1.2 %,-0.3 %,33.3 %,83.3 %,33.3 %,83.3 %,33.3 %,83.3 %,267,689,-331,-141,33.3 %,80.0 %
IYK,18d RSI IYK LT37 - L IYK,0.4 %,0.3 %,186,153,4.9 %,16.0 %,7.6 %,1.9 %,-0.2 %,-6.6 %,2,9,0.2,0.8,50.0 %,55.6 %,3,0.9,93,24,0.2 %,0.1 %,3.5,3.4,1,2,1,2,1,2,1,2,1,1,1,2,1,1.2,1,5,3,1.1,0.7,0.1,-187,-2384,-0.2 %,-4.8 %,-187,-2384,-0.2 %,-4.8 %,-187,-1415,-0.2 %,-2.8 %,50.0 %,55.6 %,50.0 %,55.6 %,50.0 %,55.6 %,279,585,-93,-676,50.0 %,60.0 %
IYM,19d RSI IYM LT35 - L IYM,-6.8 %,9.0 %,-3418,4539,92.9 %,6.0 %,-7.4 %,151.3 %,-1.5 %,-0.7 %,2,5,0.2,0.4,0.0 %,100.0 %,0,,-1709,871,-3.4 %,1.7 %,5.5,2,2,0,0,5,2,0,0,5,1,0,0,3,0,,0,5,0,,-2.4,6.5,-6837,0,-6.8 %,0.0 %,-6837,0,-6.8 %,0.0 %,-6837,0,-6.8 %,0.0 %,0.0 %,100.0 %,0.0 %,100.0 %,0.0 %,100.0 %,0,871,-1709,0,0.0 %,100.0 %
IYR,20d RSI IYR LT33 - L IYR,1.4 %,0.2 %,686,88,100.0 %,6.0 %,1.4 %,2.9 %,0.0 %,-5.6 %,1,3,0.1,0.2,100.0 %,66.7 %,,0.5,686,43,1.4 %,0.1 %,4,4,0,1,1,1,0,1,1,1,0,1,1,1,,2,1,2,,1.1,0,0.1,0,-1585,0.0 %,-3.2 %,0,-1585,0.0 %,-3.2 %,0,-1119,0.0 %,-2.2 %,100.0 %,66.7 %,100.0 %,66.7 %,100.0 %,66.7 %,686,858,0,-1585,100.0 %,50.0 %
IYT,4d RSI IYT LT11 - L IYT,-0.8 %,7.0 %,-404,3553,8.4 %,8.0 %,-9.6 %,88.8 %,-3.2 %,-2.5 %,3,4,0.2,0.3,33.3 %,100.0 %,1.5,,-135,863,-0.3 %,1.7 %,4.3,4,2,0,1,4,2,0,1,4,2,0,1,4,0.5,,1,4,0.8,,-0.2,2.5,-3257,0,-3.3 %,0.0 %,-3257,0,-3.3 %,0.0 %,-3257,0,-3.3 %,0.0 %,33.3 %,100.0 %,33.3 %,100.0 %,33.3 %,100.0 %,1225,863,-814,0,33.3 %,100.0 %
IYW,8d RSI IYW LT28 - L IYW,9.0 %,9.9 %,4490,4988,16.3 %,6.8 %,54.9 %,146.7 %,0.0 %,-2.5 %,4,5,0.3,0.4,100.0 %,100.0 %,,,1122,957,2.2 %,1.9 %,3.2,2.4,0,0,4,5,0,0,4,5,0,0,4,4,,,4,5,,,3.1,3.4,0,0,0.0 %,0.0 %,0,0,0.0 %,0.0 %,0,0,0.0 %,0.0 %,100.0 %,100.0 %,100.0 %,100.0 %,100.0 %,100.0 %,1122,957,0,0,100.0 %,100.0 %
JDST,6d RSI JDST LT21 - L JDST,-5.1 %,6.0 %,-2551,3033,21.1 %,6.8 %,-24.2 %,89.2 %,-10.1 %,-13.2 %,6,3,0.5,0.2,33.3 %,66.7 %,1.3,1.2,-425,1045,-0.9 %,2.1 %,4.8,4.7,2,1,1,2,2,1,1,2,2,1,1,2,0.5,2,2,2,0.6,2.3,-0.4,0.7,-10443,-2323,-10.4 %,-4.7 %,-10443,-2323,-10.4 %,-4.7 %,-10443,-2323,-10.4 %,-4.7 %,33.3 %,66.7 %,33.3 %,66.7 %,33.3 %,66.7 %,2278,2729,-1777,-2323,33.3 %,66.7 %
JHMD,4d RSI JHMD LT17 - L JHMD,2.3 %,2.0 %,1159,1004,11.5 %,9.2 %,20.2 %,21.8 %,-1.7 %,-2.0 %,4,6,0.3,0.5,75.0 %,83.3 %,0.8,0.6,290,166,0.6 %,0.3 %,4.2,2.8,1,1,3,3,1,1,3,3,1,1,3,2,3,5,3,5,2.3,2.9,0.7,1.3,-1740,-513,-1.7 %,-1.0 %,-1740,-513,-1.7 %,-1.0 %,-1740,-251,-1.7 %,-0.5 %,75.0 %,83.3 %,75.0 %,83.3 %,75.0 %,83.3 %,676,301,-870,-513,75.0 %,75.0 %
JHMM,11d RSI JHMM LT25 - L JHMM,1.9 %,4.9 %,967,2490,100.0 %,5.6 %,1.9 %,88.9 %,0.0 %,-1.2 %,1,4,0.1,0.3,100.0 %,100.0 %,,,967,607,1.9 %,1.2 %,4,2.5,0,0,1,4,0,0,1,4,0,0,1,4,,,1,4,,,0,10.1,0,0,0.0 %,0.0 %,0,0,0.0 %,0.0 %,0,0,0.0 %,0.0 %,100.0 %,100.0 %,100.0 %,100.0 %,100.0 %,100.0 %,967,607,0,0,100.0 %,100.0 %
JIVE,12d RSI JIVE LT65 - L JIVE,22.6 %,904.8 %,11316,456020,78.5 %,76.0 %,28.8 %,1200.0 %,-2.8 %,-0.0 %,66,7,5.5,0.6,77.3 %,100.0 %,0.8,,171,59557,0.3 %,119.1 %,2,26.1,2,0,7,7,2,0,5,6,1,0,8,4,3.4,,51,7,2.8,,3.1,1.1,-1067,0,-1.1 %,0.0 %,-56,0,-0.1 %,0.0 %,-978,0,-1.0 %,0.0 %,77.3 %,100.0 %,77.3 %,100.0 %,69.0 %,100.0 %,348,59557,-429,0,91.7 %,100.0 %
JPIB,20d RSI JPIB LT38 - L JPIB,-0.1 %,1.2 %,-35,627,100.0 %,6.0 %,-0.1 %,20.9 %,0.0 %,-0.4 %,1,5,0.1,0.4,0.0 %,100.0 %,0,,-35,124,-0.1 %,0.2 %,2,2,1,0,0,5,1,0,0,5,1,0,0,3,0,,0,5,0,,0,3.5,-70,0,-0.1 %,0.0 %,-70,0,-0.1 %,0.0 %,-70,0,-0.1 %,0.0 %,0.0 %,100.0 %,0.0 %,100.0 %,0.0 %,100.0 %,0,124,-35,0,0.0 %,100.0 %
JPST,11d RSI JPST LT62 - L JPST,0.1 %,0.7 %,63,347,100.0 %,14.8 %,0.1 %,4.7 %,0.0 %,-0.1 %,1,9,0.1,0.8,100.0 %,100.0 %,,,63,38,0.1 %,0.1 %,6,3.1,0,0,1,9,0,0,1,8,0,0,1,4,,,1,9,,,0,4.7,0,0,0.0 %,0.0 %,0,0,0.0 %,0.0 %,0,0,0.0 %,0.0 %,100.0 %,100.0 %,100.0 %,100.0 %,100.0 %,100.0 %,63,38,0,0,100.0 %,100.0 %
JQUA,5d RSI JQUA LT20 - L JQUA,7.5 %,6.7 %,3738,3397,12.1 %,8.4 %,61.8 %,80.9 %,0.0 %,-1.7 %,5,6,0.4,0.5,80.0 %,83.3 %,3.5,14,748,548,1.5 %,1.1 %,3.4,2.5,1,1,4,3,1,1,4,3,1,1,4,3,4,5,4,5,14.1,70.2,2.8,3.8,-570,-48,-0.6 %,-0.1 %,-570,-48,-0.6 %,-0.1 %,-570,-48,-0.6 %,-0.1 %,80.0 %,83.3 %,80.0 %,83.3 %,80.0 %,83.3 %,1006,667,-285,-48,80.0 %,80.0 %
KBA,16d RSI KBA LT31 - L KBA,1.7 %,5.0 %,849,2538,100.0 %,6.0 %,1.7 %,84.6 %,0.0 %,-1.7 %,1,5,0.1,0.4,100.0 %,100.0 %,,,849,495,1.7 %,1.0 %,1,2,0,0,1,5,0,0,1,4,0,0,1,3,,,1,5,,,0,2.7,0,0,0.0 %,0.0 %,0,0,0.0 %,0.0 %,0,0,0.0 %,0.0 %,100.0 %,100.0 %,100.0 %,100.0 %,100.0 %,100.0 %,849,495,0,0,100.0 %,100.0 %
KBWD,12d RSI KBWD LT24 - L KBWD,2.1 %,6.2 %,1058,3123,100.0 %,7.2 %,2.1 %,86.8 %,0.0 %,-4.9 %,1,5,0.1,0.4,100.0 %,80.0 %,,,1058,610,2.1 %,1.2 %,4,2.6,0,1,1,4,0,0,1,4,0,0,1,2,,4,1,4,,,0,2,0,0,0.0 %,0.0 %,0,0,0.0 %,0.0 %,0,0,0.0 %,0.0 %,100.0 %,80.0 %,100.0 %,80.0 %,100.0 %,100.0 %,1058,762,0,0,100.0 %,100.0 %
KIE,12d RSI KIE LT35 - L KIE,-0.1 %,11.5 %,-72,5791,10.3 %,6.8 %,-1.4 %,170.3 %,-2.2 %,-6.4 %,4,6,0.3,0.5,50.0 %,83.3 %,0.9,0.8,-18,935,-0.0 %,1.9 %,3.8,1.8,1,1,1,5,1,1,1,4,1,0,1,3,1,5,2,5,0.9,3.9,-0.1,1.6,-2226,-1923,-2.2 %,-3.9 %,-2226,-494,-2.2 %,-1.0 %,-1322,0,-1.3 %,0.0 %,50.0 %,83.3 %,50.0 %,83.3 %,50.0 %,80.0 %,595,1506,-631,-1923,33.3 %,100.0 %
KOLD,6d RSI KOLD LT21 - L KOLD,32.5 %,44.0 %,16270,22174,6.6 %,6.0 %,490.0 %,739.1 %,-2.2 %,-6.1 %,5,5,0.4,0.4,80.0 %,100.0 %,3.6,,3254,3822,6.5 %,7.6 %,2.2,2,1,0,3,5,1,0,3,5,1,0,2,4,4,,4,5,14.4,,3,4.2,-2432,0,-2.4 %,0.0 %,-2432,0,-2.4 %,0.0 %,-2432,0,-2.4 %,0.0 %,80.0 %,100.0 %,80.0 %,100.0 %,80.0 %,100.0 %,4372,3822,-1216,0,75.0 %,100.0 %
KORU,19d RSI KORU LT33 - L KORU,21.1 %,21.3 %,10546,10730,17.8 %,5.6 %,118.3 %,383.2 %,0.0 %,-3.6 %,4,5,0.3,0.4,100.0 %,100.0 %,,,2637,1980,5.3 %,4.0 %,3.5,1.8,0,0,4,5,0,0,4,4,0,0,3,3,,,4,5,,,3.6,4,0,0,0.0 %,0.0 %,0,0,0.0 %,0.0 %,0,0,0.0 %,0.0 %,100.0 %,100.0 %,100.0 %,100.0 %,100.0 %,100.0 %,2637,1980,0,0,100.0 %,100.0 %
KSA,11d RSI KSA LT27 - L KSA,0.7 %,6.7 %,372,3388,7.8 %,6.0 %,9.5 %,112.9 %,0.0 %,-0.6 %,2,5,0.2,0.4,50.0 %,100.0 %,1.7,,186,656,0.4 %,1.3 %,3.5,2,1,0,1,5,1,0,1,5,1,0,1,3,1,,1,5,1.7,,0.4,4.1,-1033,0,-1.0 %,0.0 %,-1033,0,-1.0 %,0.0 %,-1033,0,-1.0 %,0.0 %,50.0 %,100.0 %,50.0 %,100.0 %,50.0 %,100.0 %,888,656,-517,0,50.0 %,100.0 %
KWEB,14d RSI KWEB LT36 - L KWEB,9.2 %,30.4 %,4624,15307,11.7 %,7.2 %,78.9 %,425.2 %,0.0 %,-1.4 %,5,8,0.4,0.7,100.0 %,100.0 %,,,925,1690,1.8 %,3.4 %,2.8,1.2,0,0,5,8,0,0,5,7,0,0,3,7,,,5,8,,,3.6,7.2,0,0,0.0 %,0.0 %,0,0,0.0 %,0.0 %,0,0,0.0 %,0.0 %,100.0 %,100.0 %,100.0 %,100.0 %,100.0 %,100.0 %,925,1690,0,0,100.0 %,100.0 %
LABD,9d RSI LABD LT24 - L LABD,13.7 %,15.9 %,6866,8023,5.9 %,5.6 %,233.5 %,286.5 %,0.0 %,-11.6 %,2,4,0.2,0.3,100.0 %,50.0 %,,7,3433,1963,6.9 %,3.9 %,2,2.5,0,2,2,2,0,1,2,2,0,0,2,1,,1,2,2,,7,1.5,1.3,0,-1302,0.0 %,-2.6 %,0,-311,0.0 %,-0.6 %,0,0,0.0 %,0.0 %,100.0 %,50.0 %,100.0 %,50.0 %,100.0 %,66.7 %,3433,4578,0,-651,100.0 %,100.0 %
LEMB,9d RSI LEMB LT19 - L LEMB,1.0 %,1.7 %,517,848,90.0 %,5.6 %,1.1 %,30.3 %,0.0 %,-1.2 %,2,3,0.2,0.2,100.0 %,66.7 %,,14.6,258,280,0.5 %,0.6 %,3.5,3.7,0,1,2,1,0,1,2,1,0,0,2,2,,2,2,2,,29.1,1.5,2.1,0,-30,0.0 %,-0.1 %,0,-30,0.0 %,-0.1 %,0,0,0.0 %,0.0 %,100.0 %,66.7 %,100.0 %,66.7 %,100.0 %,66.7 %,258,434,0,-30,100.0 %,100.0 %
LIT,17d RSI LIT LT29 - L LIT,2.1 %,10.5 %,1070,5270,6.6 %,6.8 %,32.4 %,155.0 %,0.0 %,-3.0 %,2,4,0.2,0.3,50.0 %,100.0 %,3.4,,535,1266,1.1 %,2.5 %,2.5,3.2,1,0,1,4,1,0,1,4,1,0,1,2,1,,1,4,3.4,,0.8,2.9,-882,0,-0.9 %,0.0 %,-882,0,-0.9 %,0.0 %,-882,0,-0.9 %,0.0 %,50.0 %,100.0 %,50.0 %,100.0 %,50.0 %,100.0 %,1512,1266,-441,0,50.0 %,100.0 %
LMBS,10d RSI LMBS LT30 - L LMBS,1.0 %,1.4 %,479,721,25.4 %,6.8 %,3.8 %,21.2 %,0.0 %,-0.3 %,3,5,0.2,0.4,100.0 %,100.0 %,,,160,142,0.3 %,0.3 %,3.7,2.4,0,0,3,5,0,0,3,5,0,0,3,4,,,3,5,,,6.1,6.2,0,0,0.0 %,0.0 %,0,0,0.0 %,0.0 %,0,0,0.0 %,0.0 %,100.0 %,100.0 %,100.0 %,100.0 %,100.0 %,100.0 %,160,142,0,0,100.0 %,100.0 %
LQD,4d RSI LQD LT13 - L LQD,1.5 %,1.5 %,745,773,25.5 %,6.0 %,5.8 %,25.8 %,-0.0 %,-1.5 %,3,4,0.2,0.3,66.7 %,100.0 %,25.8,,248,191,0.5 %,0.4 %,2.7,2.8,1,0,2,4,1,0,2,4,1,0,2,4,2,,2,4,51.5,,1.6,3.4,-30,0,-0.0 %,0.0 %,-30,0,-0.0 %,0.0 %,-30,0,-0.0 %,0.0 %,66.7 %,100.0 %,66.7 %,100.0 %,66.7 %,100.0 %,380,191,-15,0,66.7 %,100.0 %
LRGF,9d RSI LRGF LT27 - L LRGF,4.5 %,5.4 %,2226,2734,6.2 %,6.4 %,72.1 %,85.4 %,0.0 %,-1.4 %,3,5,0.2,0.4,100.0 %,100.0 %,,,742,531,1.5 %,1.1 %,2.7,2.2,0,0,3,5,0,0,3,5,0,0,3,4,,,3,5,,,2,5.5,0,0,0.0 %,0.0 %,0,0,0.0 %,0.0 %,0,0,0.0 %,0.0 %,100.0 %,100.0 %,100.0 %,100.0 %,100.0 %,100.0 %,742,531,0,0,100.0 %,100.0 %
LVHI,14d RSI LVHI LT38 - L LVHI,2.5 %,8.1 %,1272,4088,7.8 %,9.2 %,32.4 %,88.9 %,0.0 %,-1.1 %,2,8,0.2,0.7,100.0 %,100.0 %,,,636,491,1.3 %,1.0 %,3,1.9,0,0,2,8,0,0,2,7,0,0,2,4,,,2,8,,,10.3,4.4,0,0,0.0 %,0.0 %,0,0,0.0 %,0.0 %,0,0,0.0 %,0.0 %,100.0 %,100.0 %,100.0 %,100.0 %,100.0 %,100.0 %,636,491,0,0,100.0 %,100.0 %
MBB,4d RSI MBB LT14 - L MBB,1.0 %,4.0 %,515,2036,7.6 %,6.0 %,13.6 %,67.9 %,0.0 %,-0.8 %,4,5,0.3,0.4,75.0 %,100.0 %,,,129,398,0.3 %,0.8 %,3.2,2,1,0,2,5,1,0,2,5,1,0,2,5,3,,3,5,,,2.3,5.3,0,0,0.0 %,0.0 %,0,0,0.0 %,0.0 %,0,0,0.0 %,0.0 %,75.0 %,100.0 %,75.0 %,100.0 %,75.0 %,100.0 %,172,398,0,0,75.0 %,100.0 %
MCHI,11d RSI MCHI LT31 - L MCHI,1.4 %,17.4 %,707,8786,100.0 %,7.2 %,1.4 %,244.1 %,0.0 %,-0.9 %,2,8,0.2,0.7,100.0 %,100.0 %,,,354,1017,0.7 %,2.0 %,1.5,1.2,0,0,2,8,0,0,2,7,0,0,1,7,,,2,8,,,2.7,5.3,0,0,0.0 %,0.0 %,0,0,0.0 %,0.0 %,0,0,0.0 %,0.0 %,100.0 %,100.0 %,100.0 %,100.0 %,100.0 %,100.0 %,354,1017,0,0,100.0 %,100.0 %
MDY,17d RSI MDY LT33 - L MDY,1.5 %,8.1 %,743,4100,100.0 %,5.6 %,1.5 %,146.4 %,0.0 %,-1.4 %,1,5,0.1,0.4,100.0 %,100.0 %,,,743,788,1.5 %,1.6 %,4,1.8,0,0,1,5,0,0,1,4,0,0,1,3,,,1,5,,,0,13.3,0,0,0.0 %,0.0 %,0,0,0.0 %,0.0 %,0,0,0.0 %,0.0 %,100.0 %,100.0 %,100.0 %,100.0 %,100.0 %,100.0 %,743,788,0,0,100.0 %,100.0 %
MEAR,16d RSI MEAR LT50 - L MEAR,0.9 %,0.4 %,437,201,70.8 %,7.6 %,1.2 %,5.3 %,0.0 %,-0.2 %,4,2,0.3,0.2,100.0 %,100.0 %,,,109,100,0.2 %,0.2 %,7,8.5,0,0,4,2,0,0,4,2,0,0,3,2,,,4,2,,,2.3,12.5,0,0,0.0 %,0.0 %,0,0,0.0 %,0.0 %,0,0,0.0 %,0.0 %,100.0 %,100.0 %,100.0 %,100.0 %,100.0 %,100.0 %,109,100,0,0,100.0 %,100.0 %
MGC,21d RSI MGC LT40 - L MGC,5.5 %,1.7 %,2732,841,9.9 %,6.4 %,55.3 %,26.3 %,0.0 %,-2.1 %,2,4,0.2,0.3,100.0 %,75.0 %,,1.6,1366,208,2.7 %,0.4 %,3,3,0,1,2,3,0,1,2,3,0,0,2,2,,3,2,3,,4.9,8.2,1.7,0,-211,0.0 %,-0.4 %,0,-211,0.0 %,-0.4 %,0,0,0.0 %,0.0 %,100.0 %,75.0 %,100.0 %,75.0 %,100.0 %,75.0 %,1366,347,0,-211,100.0 %,100.0 %
MGK,5d RSI MGK LT22 - L MGK,12.9 %,6.3 %,6473,3168,16.7 %,6.0 %,77.7 %,105.6 %,0.0 %,-2.6 %,7,4,0.6,0.3,100.0 %,75.0 %,,3.9,925,773,1.8 %,1.6 %,3.3,2.8,0,1,7,2,0,1,7,2,0,1,5,2,,3,7,3,,11.8,4.3,2.2,0,-286,0.0 %,-0.6 %,0,-286,0.0 %,-0.6 %,0,-286,0.0 %,-0.6 %,100.0 %,75.0 %,100.0 %,75.0 %,100.0 %,75.0 %,925,1126,0,-286,100.0 %,75.0 %
MGV,4d RSI MGV LT14 - L MGV,1.4 %,3.4 %,719,1721,18.6 %,6.0 %,7.7 %,57.4 %,-2.3 %,-2.3 %,5,4,0.4,0.3,40.0 %,75.0 %,2.4,2.8,144,424,0.3 %,0.8 %,5.8,2.8,2,1,2,2,2,1,2,2,2,0,2,3,0.7,3,2,3,1.6,8.5,0.4,1.8,-2401,-227,-2.4 %,-0.5 %,-2401,-227,-2.4 %,-0.5 %,-2401,0,-2.4 %,0.0 %,40.0 %,75.0 %,40.0 %,75.0 %,40.0 %,75.0 %,989,640,-420,-227,40.0 %,100.0 %
MINT,12d RSI MINT LT70 - L MINT,0.2 %,0.4 %,96,218,100.0 %,10.0 %,0.2 %,4.4 %,0.0 %,-0.1 %,1,7,0.1,0.6,100.0 %,100.0 %,,,96,31,0.2 %,0.1 %,1,2.6,0,0,1,7,0,0,1,5,0,0,1,2,,,1,7,,,0,5.8,0,0,0.0 %,0.0 %,0,0,0.0 %,0.0 %,0,0,0.0 %,0.0 %,100.0 %,100.0 %,100.0 %,100.0 %,100.0 %,100.0 %,96,31,0,0,100.0 %,100.0 %
MLPA,12d RSI MLPA LT36 - L MLPA,1.9 %,7.9 %,969,3969,8.8 %,6.4 %,21.9 %,124.0 %,-0.9 %,-2.3 %,4,5,0.3,0.4,75.0 %,100.0 %,1,,242,765,0.5 %,1.5 %,3,2.2,1,0,2,5,1,0,2,5,1,0,1,4,3,,3,5,3.1,,0.8,5.9,-907,0,-0.9 %,0.0 %,-907,0,-0.9 %,0.0 %,-592,0,-0.6 %,0.0 %,75.0 %,100.0 %,75.0 %,100.0 %,75.0 %,100.0 %,474,765,-453,0,66.7 %,100.0 %
MLPX,9d RSI MLPX LT32 - L MLPX,5.3 %,2.4 %,2670,1199,5.0 %,6.0 %,106.8 %,40.0 %,0.0 %,-5.7 %,3,4,0.2,0.3,100.0 %,75.0 %,,0.6,890,306,1.8 %,0.6 %,2,2.8,0,1,3,2,0,1,3,2,0,1,3,1,,3,3,3,,1.9,3.1,0.6,0,-1362,0.0 %,-2.7 %,0,-1362,0.0 %,-2.7 %,0,-77,0.0 %,-0.1 %,100.0 %,75.0 %,100.0 %,75.0 %,100.0 %,75.0 %,890,862,0,-1362,100.0 %,66.7 %
MMIT,18d RSI MMIT LT37 - L MMIT,2.6 %,0.3 %,1300,158,14.3 %,18.8 %,18.2 %,1.7 %,0.0 %,-2.0 %,5,7,0.4,0.6,100.0 %,85.7 %,,0.2,260,24,0.5 %,0.1 %,4.2,5.7,0,1,5,4,0,1,4,4,0,1,4,4,,6,5,6,,1.2,8.5,0.2,0,-806,0.0 %,-1.6 %,0,-479,0.0 %,-1.0 %,0,-479,0.0 %,-1.0 %,100.0 %,85.7 %,100.0 %,85.7 %,100.0 %,83.3 %,260,162,0,-806,100.0 %,83.3 %
MOO,19d RSI MOO LT28 - L MOO,1.3 %,3.5 %,632,1744,100.0 %,5.2 %,1.3 %,67.1 %,0.0 %,-1.6 %,1,3,0.1,0.2,100.0 %,100.0 %,,,632,572,1.3 %,1.1 %,3,3.3,0,0,1,3,0,0,1,3,0,0,1,3,,,1,3,,,0,2.9,0,0,0.0 %,0.0 %,0,0,0.0 %,0.0 %,0,0,0.0 %,0.0 %,100.0 %,100.0 %,100.0 %,100.0 %,100.0 %,100.0 %,632,572,0,0,100.0 %,100.0 %
MTUM,13d RSI MTUM LT32 - L MTUM,4.8 %,5.5 %,2414,2761,6.4 %,6.4 %,75.3 %,86.3 %,0.0 %,-2.8 %,2,5,0.2,0.4,100.0 %,80.0 %,,2.8,1207,538,2.4 %,1.1 %,1.5,2.2,0,1,2,4,0,1,2,4,0,0,2,4,,4,2,4,,11.3,4.6,2.6,0,-262,0.0 %,-0.5 %,0,-262,0.0 %,-0.5 %,0,0,0.0 %,0.0 %,100.0 %,80.0 %,100.0 %,80.0 %,100.0 %,80.0 %,1207,738,0,-262,100.0 %,100.0 %
MUNI,15d RSI MUNI LT32 - L MUNI,0.4 %,0.6 %,183,315,92.3 %,13.2 %,0.4 %,4.8 %,0.0 %,-1.7 %,4,8,0.3,0.7,75.0 %,87.5 %,0.7,0.2,46,40,0.1 %,0.1 %,2,3.1,1,1,3,4,1,1,2,4,1,1,1,3,3,7,3,7,2.1,1.4,0.7,0.4,-341,-709,-0.3 %,-1.4 %,-341,-709,-0.3 %,-1.4 %,-281,-218,-0.3 %,-0.4 %,75.0 %,87.5 %,75.0 %,87.5 %,66.7 %,85.7 %,118,147,-170,-709,50.0 %,75.0 %
NAIL,7d RSI NAIL LT23 - L NAIL,-11.9 %,28.5 %,-5934,14378,7.2 %,7.2 %,-164.3 %,399.4 %,-19.0 %,-6.5 %,2,4,0.2,0.3,50.0 %,100.0 %,0.4,,-2967,3244,-5.9 %,6.5 %,5.5,3.5,1,0,1,4,1,0,1,4,1,0,1,3,1,,1,4,0.4,,-0.6,7.6,-20716,0,-20.7 %,0.0 %,-20716,0,-20.7 %,0.0 %,-20716,0,-20.7 %,0.0 %,50.0 %,100.0 %,50.0 %,100.0 %,50.0 %,100.0 %,4424,3244,-10358,0,50.0 %,100.0 %
NEAR,3d RSI NEAR LT42 - L NEAR,2.2 %,1.2 %,1103,616,43.1 %,8.8 %,5.1 %,14.0 %,-0.3 %,-0.1 %,26,6,2.2,0.5,80.8 %,100.0 %,1.2,,42,101,0.1 %,0.2 %,3.2,2.7,1,0,10,6,1,0,9,6,1,0,6,4,4.2,,21,6,5.2,,3.5,2.9,-272,0,-0.3 %,0.0 %,-146,0,-0.1 %,0.0 %,-131,0,-0.1 %,0.0 %,80.8 %,100.0 %,80.8 %,100.0 %,78.3 %,100.0 %,65,101,-53,0,75.0 %,100.0 %
NLR,3d RSI NLR LT15 - L NLR,-0.7 %,6.9 %,-362,3496,21.2 %,7.6 %,-3.4 %,92.0 %,-5.1 %,-2.7 %,9,6,0.8,0.5,44.4 %,83.3 %,1.1,4.3,-40,564,-0.1 %,1.1 %,4.2,2.2,2,1,3,5,2,1,3,5,2,1,4,4,0.8,5,4,5,0.9,21.6,-0.1,2.9,-1907,-164,-1.9 %,-0.3 %,-1907,-164,-1.9 %,-0.3 %,-1907,-164,-1.9 %,-0.3 %,44.4 %,83.3 %,44.4 %,83.3 %,50.0 %,83.3 %,961,710,-841,-164,57.1 %,80.0 %
NOBL,13d RSI NOBL LT27 - L NOBL,0.9 %,0.3 %,426,152,100.0 %,5.2 %,0.9 %,5.8 %,0.0 %,-3.8 %,1,2,0.1,0.2,100.0 %,50.0 %,,1.3,426,81,0.9 %,0.2 %,4,5.5,0,1,1,1,0,1,1,1,0,0,1,1,,1,1,1,,1.3,0,0.2,0,-636,0.0 %,-1.3 %,0,-636,0.0 %,-1.3 %,0,0,0.0 %,0.0 %,100.0 %,50.0 %,100.0 %,50.0 %,100.0 %,50.0 %,426,797,0,-636,100.0 %,100.0 %
NUGT,17d RSI NUGT LT32 - L NUGT,8.0 %,6.9 %,3985,3492,100.0 %,5.2 %,8.0 %,134.3 %,0.0 %,-5.0 %,1,4,0.1,0.3,100.0 %,75.0 %,,2.6,3985,852,8.0 %,1.7 %,3,2.2,0,1,1,3,0,1,1,3,0,1,1,3,,3,1,3,,7.7,0,1.9,0,-512,0.0 %,-1.0 %,0,-512,0.0 %,-1.0 %,0,-512,0.0 %,-1.0 %,100.0 %,75.0 %,100.0 %,75.0 %,100.0 %,75.0 %,3985,1307,0,-512,100.0 %,75.0 %
NULG,11d RSI NULG LT32 - L NULG,7.0 %,5.3 %,3494,2651,18.1 %,6.0 %,38.7 %,88.3 %,0.0 %,-1.9 %,3,4,0.2,0.3,100.0 %,100.0 %,,,1165,647,2.3 %,1.3 %,4,2.8,0,0,3,4,0,0,3,4,0,0,3,3,,,3,4,,,3.3,2.6,0,0,0.0 %,0.0 %,0,0,0.0 %,0.0 %,0,0,0.0 %,0.0 %,100.0 %,100.0 %,100.0 %,100.0 %,100.0 %,100.0 %,1165,647,0,0,100.0 %,100.0 %
NULV,19d RSI NULV LT32 - L NULV,1.8 %,1.7 %,883,846,100.0 %,6.4 %,1.8 %,26.4 %,0.0 %,-2.8 %,1,3,0.1,0.2,100.0 %,66.7 %,,9.2,883,279,1.8 %,0.6 %,4,4.3,0,1,1,1,0,1,1,1,0,0,1,2,,2,1,2,,18.4,0,2.1,0,-48,0.0 %,-0.1 %,0,-48,0.0 %,-0.1 %,0,0,0.0 %,0.0 %,100.0 %,66.7 %,100.0 %,66.7 %,100.0 %,66.7 %,883,442,0,-48,100.0 %,100.0 %
NVDQ,12d RSI NVDQ LT43 - L NVDQ,-119.8 %,3.1 %,-59876,1559,74.9 %,5.2 %,-159.9 %,60.0 %,-193.3 %,-6.0 %,29,3,2.4,0.2,44.8 %,66.7 %,0.6,1.1,-2065,528,-4.1 %,1.1 %,5.3,2.3,5,1,4,2,5,1,5,2,3,1,5,1,0.8,2,13,2,0.5,2.2,-1.4,0.7,-115218,-1357,-115.2 %,-2.7 %,-115218,-1357,-115.2 %,-2.7 %,-115218,-1357,-115.2 %,-2.7 %,44.8 %,66.7 %,44.8 %,66.7 %,48.1 %,66.7 %,4574,1471,-7459,-1357,50.0 %,50.0 %
NYF,6d RSI NYF LT10 - L NYF,0.5 %,0.1 %,225,56,100.0 %,8.0 %,0.5 %,1.4 %,0.0 %,-0.9 %,1,4,0.1,0.3,100.0 %,50.0 %,,1.2,225,14,0.5 %,0.0 %,4,4,0,1,1,2,0,1,1,2,0,1,1,2,,1,1,2,,1.2,0,0.2,0,-197,0.0 %,-0.4 %,0,-197,0.0 %,-0.4 %,0,-197,0.0 %,-0.4 %,100.0 %,50.0 %,100.0 %,50.0 %,100.0 %,50.0 %,225,190,0,-162,100.0 %,50.0 %
OEF,19d RSI OEF LT39 - L OEF,5.2 %,1.0 %,2592,501,9.9 %,5.2 %,52.5 %,19.3 %,0.0 %,-2.3 %,2,3,0.2,0.2,100.0 %,66.7 %,,1.6,1296,166,2.6 %,0.3 %,3,3.3,0,1,2,2,0,1,2,2,0,0,2,2,,2,2,2,,3.2,10.6,1,0,-231,0.0 %,-0.5 %,0,-231,0.0 %,-0.5 %,0,0,0.0 %,0.0 %,100.0 %,66.7 %,100.0 %,66.7 %,100.0 %,66.7 %,1296,365,0,-231,100.0 %,100.0 %
OIH,21d RSI OIH LT38 - L OIH,5.7 %,15.6 %,2842,7875,11.2 %,8.8 %,50.8 %,179.0 %,-3.5 %,-4.3 %,7,6,0.6,0.5,85.7 %,100.0 %,0.4,,406,1227,0.8 %,2.5 %,3,2.7,1,0,4,6,1,0,4,6,1,0,3,4,6,,6,6,2.5,,1.1,6.5,-3675,0,-3.7 %,0.0 %,-3675,0,-3.7 %,0.0 %,-1504,0,-1.5 %,0.0 %,85.7 %,100.0 %,85.7 %,100.0 %,85.7 %,100.0 %,780,1227,-1837,0,80.0 %,100.0 %
OILK,20d RSI OILK LT40 - L OILK,5.2 %,27.4 %,2598,13796,28.4 %,9.2 %,18.3 %,299.9 %,-1.7 %,-2.9 %,5,8,0.4,0.7,60.0 %,100.0 %,2,,520,1538,1.0 %,3.1 %,3.2,1.9,1,0,3,8,1,0,3,8,1,0,2,5,1.5,,3,8,3,,1.1,7.9,-1790,0,-1.8 %,0.0 %,-1790,0,-1.8 %,0.0 %,-1790,0,-1.8 %,0.0 %,60.0 %,100.0 %,60.0 %,100.0 %,60.0 %,100.0 %,1292,1538,-639,0,50.0 %,100.0 %
ONEQ,3d RSI ONEQ LT13 - L ONEQ,12.9 %,9.9 %,6454,4974,11.3 %,9.2 %,114.2 %,108.1 %,0.0 %,-2.4 %,7,7,0.6,0.6,100.0 %,85.7 %,,4.9,922,679,1.8 %,1.4 %,2.7,2.3,0,1,7,4,0,1,7,4,0,1,6,3,,6,7,6,,29.6,5.9,4,0,-166,0.0 %,-0.3 %,0,-166,0.0 %,-0.3 %,0,-166,0.0 %,-0.3 %,100.0 %,85.7 %,100.0 %,85.7 %,100.0 %,85.7 %,922,820,0,-166,100.0 %,80.0 %
OUNZ,3d RSI OUNZ LT13 - L OUNZ,7.7 %,1.0 %,3870,489,8.4 %,15.6 %,92.1 %,6.3 %,0.0 %,-4.4 %,7,8,0.6,0.7,100.0 %,62.5 %,,0.8,553,65,1.1 %,0.1 %,2,3.9,0,2,7,2,0,2,7,2,0,2,6,3,,1.7,7,5,,1.3,8.7,0.3,0,-1698,0.0 %,-3.4 %,0,-1698,0.0 %,-3.4 %,0,-1698,0.0 %,-3.4 %,100.0 %,62.5 %,100.0 %,62.5 %,100.0 %,62.5 %,553,477,0,-622,100.0 %,71.4 %
PALL,10d RSI PALL LT30 - L PALL,8.4 %,18.4 %,4215,9299,7.2 %,17.6 %,116.6 %,105.7 %,-0.1 %,-9.8 %,6,11,0.5,0.9,83.3 %,81.8 %,12.8,1.1,703,791,1.4 %,1.6 %,2,3,1,1,3,6,1,1,3,6,1,1,3,3,5,4.5,5,9,64.2,5.1,3.1,2.1,-133,-1732,-0.1 %,-3.5 %,-133,-1732,-0.1 %,-3.5 %,-133,-1732,-0.1 %,-3.5 %,83.3 %,81.8 %,83.3 %,81.8 %,83.3 %,81.8 %,856,1205,-67,-1072,80.0 %,71.4 %
PAVE,16d RSI PAVE LT35 - L PAVE,1.2 %,8.3 %,607,4192,100.0 %,8.0 %,1.2 %,104.8 %,0.0 %,-2.0 %,1,5,0.1,0.4,100.0 %,80.0 %,,3,607,811,1.2 %,1.6 %,4,3,0,1,1,4,0,1,1,3,0,0,1,3,,4,1,4,,11.9,0,2.4,0,-372,0.0 %,-0.7 %,0,-372,0.0 %,-0.7 %,0,0,0.0 %,0.0 %,100.0 %,80.0 %,100.0 %,80.0 %,100.0 %,75.0 %,607,1106,0,-372,100.0 %,100.0 %
PBUS,19d RSI PBUS LT38 - L PBUS,5.9 %,1.4 %,2926,709,9.9 %,6.0 %,59.2 %,23.6 %,0.0 %,-1.9 %,3,4,0.2,0.3,100.0 %,75.0 %,,1.3,975,175,2.0 %,0.3 %,1.7,2.8,0,1,3,3,0,1,2,3,0,0,2,2,,3,3,3,,3.8,4.2,1.4,0,-248,0.0 %,-0.5 %,0,-248,0.0 %,-0.5 %,0,0,0.0 %,0.0 %,100.0 %,75.0 %,100.0 %,75.0 %,100.0 %,75.0 %,975,316,0,-248,100.0 %,100.0 %
PCY,4d RSI PCY LT14 - L PCY,1.0 %,5.6 %,521,2811,7.9 %,10.0 %,13.2 %,56.2 %,-0.2 %,-4.3 %,5,5,0.4,0.4,60.0 %,80.0 %,1.9,1.4,104,549,0.2 %,1.1 %,3,4,1,1,2,3,1,1,2,3,1,0,3,4,1.5,4,3,4,2.9,5.7,1.2,2,-344,-585,-0.3 %,-1.2 %,-344,-585,-0.3 %,-1.2 %,-344,0,-0.3 %,0.0 %,60.0 %,80.0 %,60.0 %,80.0 %,60.0 %,80.0 %,266,833,-138,-585,75.0 %,100.0 %
PDBC,12d RSI PDBC LT31 - L PDBC,2.2 %,7.6 %,1091,3837,40.0 %,6.8 %,5.5 %,112.8 %,-0.1 %,-1.4 %,3,5,0.2,0.4,33.3 %,100.0 %,9.8,,364,740,0.7 %,1.5 %,4.3,2.4,2,0,1,5,2,0,1,5,2,0,1,4,0.5,,1,5,4.9,,0.9,4.5,-559,0,-0.6 %,0.0 %,-559,0,-0.6 %,0.0 %,-559,0,-0.6 %,0.0 %,33.3 %,100.0 %,33.3 %,100.0 %,33.3 %,100.0 %,1370,740,-140,0,33.3 %,100.0 %
PFF,6d RSI PFF LT15 - L PFF,-1.0 %,6.2 %,-523,3149,5.0 %,7.2 %,-21.0 %,87.5 %,0.0 %,-1.4 %,2,5,0.2,0.4,50.0 %,80.0 %,0.1,,-262,612,-0.5 %,1.2 %,3.5,2.6,1,1,1,3,1,1,1,3,1,0,1,4,1,4,1,4,0.1,,-1.3,3.2,-1114,0,-1.1 %,0.0 %,-1114,0,-1.1 %,0.0 %,-1114,0,-1.1 %,0.0 %,50.0 %,80.0 %,50.0 %,80.0 %,50.0 %,80.0 %,34,765,-557,0,50.0 %,100.0 %
PFFD,7d RSI PFFD LT18 - L PFFD,1.7 %,8.8 %,834,4458,4.4 %,8.0 %,37.5 %,111.5 %,0.0 %,-2.4 %,2,5,0.2,0.4,100.0 %,80.0 %,,16.9,417,860,0.8 %,1.7 %,3,3,0,1,2,3,0,1,2,3,0,0,2,4,,4,2,4,,67.6,4.2,2.6,0,-65,0.0 %,-0.1 %,0,-65,0.0 %,-0.1 %,0,0,0.0 %,0.0 %,100.0 %,80.0 %,100.0 %,80.0 %,100.0 %,80.0 %,417,1091,0,-65,100.0 %,100.0 %
PFXF,4d RSI PFXF LT13 - L PFXF,-0.4 %,4.6 %,-192,2299,4.4 %,8.8 %,-8.7 %,52.2 %,0.0 %,-2.1 %,2,6,0.2,0.5,50.0 %,66.7 %,0.7,10.7,-96,374,-0.2 %,0.8 %,3,2.7,1,1,1,2,1,1,1,2,1,1,1,2,1,2,1,4,0.7,21.4,-0.3,2.6,-1136,-74,-1.1 %,-0.1 %,-1136,-74,-1.1 %,-0.1 %,-1136,-36,-1.1 %,-0.1 %,50.0 %,66.7 %,50.0 %,66.7 %,50.0 %,66.7 %,376,589,-568,-55,50.0 %,80.0 %
PGF,19d RSI PGF LT31 - L PGF,2.1 %,7.2 %,1039,3641,4.3 %,8.0 %,48.3 %,91.0 %,0.0 %,-2.9 %,2,4,0.2,0.3,100.0 %,75.0 %,,5.8,519,891,1.0 %,1.8 %,3,4,0,1,2,3,0,1,2,3,0,1,2,2,,3,2,3,,17.3,6.9,1.7,0,-219,0.0 %,-0.4 %,0,-219,0.0 %,-0.4 %,0,-133,0.0 %,-0.3 %,100.0 %,75.0 %,100.0 %,75.0 %,100.0 %,75.0 %,519,1261,0,-219,100.0 %,66.7 %
PGX,7d RSI PGX LT16 - L PGX,1.0 %,7.8 %,479,3933,2.8 %,6.4 %,34.5 %,122.9 %,0.0 %,-1.7 %,2,4,0.2,0.3,100.0 %,75.0 %,,,240,951,0.5 %,1.9 %,1.5,3,0,1,2,2,0,1,2,2,0,0,2,3,,3,2,3,,,8.3,3.5,0,0,0.0 %,0.0 %,0,0,0.0 %,0.0 %,0,0,0.0 %,0.0 %,100.0 %,75.0 %,100.0 %,75.0 %,100.0 %,75.0 %,240,1268,0,0,100.0 %,100.0 %
PICB,15d RSI PICB LT34 - L PICB,2.5 %,4.7 %,1232,2371,9.4 %,6.8 %,26.1 %,69.7 %,0.0 %,-1.8 %,5,5,0.4,0.4,80.0 %,80.0 %,12.9,3.4,246,463,0.5 %,0.9 %,2.4,2.4,1,1,4,3,1,1,4,3,1,0,2,4,4,4,4,4,51.6,13.7,3.3,3,-49,-182,-0.0 %,-0.4 %,-49,-182,-0.0 %,-0.4 %,-49,0,-0.0 %,0.0 %,80.0 %,80.0 %,80.0 %,80.0 %,80.0 %,80.0 %,314,624,-24,-182,66.7 %,100.0 %
PICK,17d RSI PICK LT36 - L PICK,-1.4 %,9.9 %,-706,5013,19.5 %,7.2 %,-7.3 %,139.2 %,-2.9 %,-1.9 %,4,6,0.3,0.5,50.0 %,100.0 %,0.6,,-176,798,-0.4 %,1.6 %,4.2,2,1,0,1,6,1,0,1,6,1,0,1,6,1,,2,6,0.6,,-0.4,5.6,-2912,0,-2.9 %,0.0 %,-2912,0,-2.9 %,0.0 %,-2912,0,-2.9 %,0.0 %,50.0 %,100.0 %,50.0 %,100.0 %,50.0 %,100.0 %,643,798,-996,0,50.0 %,100.0 %
PPA,5d RSI PPA LT18 - L PPA,2.3 %,6.8 %,1129,3432,100.0 %,6.8 %,2.3 %,100.9 %,0.0 %,-1.1 %,1,6,0.1,0.5,100.0 %,100.0 %,,,1129,553,2.3 %,1.1 %,3,1.8,0,0,1,6,0,0,1,6,0,0,1,5,,,1,6,,,0,5,0,0,0.0 %,0.0 %,0,0,0.0 %,0.0 %,0,0,0.0 %,0.0 %,100.0 %,100.0 %,100.0 %,100.0 %,100.0 %,100.0 %,1129,553,0,0,100.0 %,100.0 %
PPH,10d RSI PPH LT23 - L PPH,2.2 %,3.7 %,1098,1843,12.0 %,5.2 %,18.3 %,70.9 %,0.0 %,-1.5 %,4,3,0.3,0.2,100.0 %,66.7 %,,8.2,275,605,0.5 %,1.2 %,3.8,3.3,0,1,4,1,0,1,4,1,0,1,3,1,,2,4,2,,16.4,3.1,1.9,0,-118,0.0 %,-0.2 %,0,-118,0.0 %,-0.2 %,0,-118,0.0 %,-0.2 %,100.0 %,66.7 %,100.0 %,66.7 %,100.0 %,66.7 %,275,967,0,-118,100.0 %,66.7 %
PPLT,4d RSI PPLT LT10 - L PPLT,1.2 %,3.5 %,609,1783,9.3 %,5.2 %,13.1 %,68.6 %,0.0 %,-3.7 %,2,3,0.2,0.2,100.0 %,66.7 %,,1.4,305,595,0.6 %,1.2 %,2,3.3,0,1,2,1,0,1,2,1,0,0,2,2,,2,2,2,,2.8,1.7,0.9,0,-984,0.0 %,-2.0 %,0,-984,0.0 %,-2.0 %,0,0,0.0 %,0.0 %,100.0 %,66.7 %,100.0 %,66.7 %,100.0 %,66.7 %,305,1385,0,-984,100.0 %,100.0 %
PRF,11d RSI PRF LT29 - L PRF,3.7 %,6.1 %,1838,3096,5.0 %,8.0 %,73.5 %,77.4 %,0.0 %,-1.8 %,2,6,0.2,0.5,100.0 %,100.0 %,,,919,500,1.8 %,1.0 %,3.5,2.3,0,0,2,6,0,0,2,5,0,0,2,4,,,2,6,,,7.8,4.5,0,0,0.0 %,0.0 %,0,0,0.0 %,0.0 %,0,0,0.0 %,0.0 %,100.0 %,100.0 %,100.0 %,100.0 %,100.0 %,100.0 %,919,500,0,0,100.0 %,100.0 %
PSC,12d RSI PSC LT31 - L PSC,2.6 %,9.3 %,1285,4708,4.5 %,10.0 %,57.5 %,94.2 %,0.0 %,-1.8 %,2,8,0.2,0.7,100.0 %,100.0 %,,,643,562,1.3 %,1.1 %,3,2.1,0,0,2,8,0,0,2,6,0,0,2,4,,,2,8,,,35.9,5.6,0,0,0.0 %,0.0 %,0,0,0.0 %,0.0 %,0,0,0.0 %,0.0 %,100.0 %,100.0 %,100.0 %,100.0 %,100.0 %,100.0 %,643,562,0,0,100.0 %,100.0 %
PSI,9d RSI PSI LT30 - L PSI,15.5 %,2.5 %,7729,1255,18.8 %,9.6 %,82.4 %,26.1 %,0.0 %,-7.1 %,4,5,0.3,0.4,100.0 %,60.0 %,,1.1,1932,261,3.9 %,0.5 %,2.8,3.8,0,2,4,3,0,2,4,3,0,2,3,3,,1.5,4,3,,1.7,10.5,0.5,0,-1850,0.0 %,-3.7 %,0,-1850,0.0 %,-3.7 %,0,-1850,0.0 %,-3.7 %,100.0 %,60.0 %,100.0 %,60.0 %,100.0 %,60.0 %,1932,1051,0,-925,100.0 %,60.0 %
PSK,7d RSI PSK LT17 - L PSK,1.3 %,8.0 %,636,4013,100.0 %,6.8 %,1.3 %,118.0 %,0.0 %,-2.6 %,1,4,0.1,0.3,100.0 %,75.0 %,,69.5,636,973,1.3 %,1.9 %,5,3.2,0,1,1,2,0,1,1,2,0,0,1,3,,3,1,3,,208.4,0,2.4,0,-19,0.0 %,-0.0 %,0,-19,0.0 %,-0.0 %,0,0,0.0 %,0.0 %,100.0 %,75.0 %,100.0 %,75.0 %,100.0 %,75.0 %,636,1304,0,-19,100.0 %,100.0 %
PSLV,7d RSI PSLV LT22 - L PSLV,1.7 %,14.3 %,843,7196,6.1 %,10.4 %,27.8 %,138.4 %,0.0 %,-2.6 %,3,8,0.2,0.7,66.7 %,100.0 %,1.1,,281,844,0.6 %,1.7 %,3.7,2.2,1,0,2,8,1,0,2,8,1,0,2,6,2,,2,8,2.2,,0.7,4.8,-1429,0,-1.4 %,0.0 %,-1429,0,-1.4 %,0.0 %,-1429,0,-1.4 %,0.0 %,66.7 %,100.0 %,66.7 %,100.0 %,66.7 %,100.0 %,778,844,-714,0,66.7 %,100.0 %
PSQ,4d RSI PSQ LT10 - L PSQ,1.9 %,7.3 %,946,3674,12.3 %,5.6 %,15.4 %,131.2 %,-1.3 %,-0.8 %,4,4,0.3,0.3,75.0 %,100.0 %,0.8,,237,888,0.5 %,1.8 %,2.5,2.5,1,0,2,4,1,0,2,4,1,0,2,4,3,,3,4,2.4,,0.7,6.4,-1334,0,-1.3 %,0.0 %,-1334,0,-1.3 %,0.0 %,-1334,0,-1.3 %,0.0 %,75.0 %,100.0 %,75.0 %,100.0 %,75.0 %,100.0 %,538,888,-667,0,75.0 %,100.0 %
PTLC,14d RSI PTLC LT32 - L PTLC,5.0 %,6.3 %,2485,3198,9.9 %,6.0 %,50.3 %,106.6 %,0.0 %,-1.4 %,2,5,0.2,0.4,100.0 %,100.0 %,,,1243,619,2.5 %,1.2 %,3,2,0,0,2,5,0,0,2,5,0,0,2,4,,,2,5,,,7,6,0,0,0.0 %,0.0 %,0,0,0.0 %,0.0 %,0,0,0.0 %,0.0 %,100.0 %,100.0 %,100.0 %,100.0 %,100.0 %,100.0 %,1243,619,0,0,100.0 %,100.0 %
PWZ,20d RSI PWZ LT54 - L PWZ,5.3 %,1.0 %,2667,500,62.4 %,61.2 %,8.5 %,1.6 %,-1.3 %,-7.9 %,28,33,2.3,2.8,82.1 %,66.7 %,0.6,0.5,95,18,0.2 %,0.0 %,4.1,3.6,1,3,8,9,1,6,7,5,1,3,5,3,4.6,2,23,22,2.6,1.1,2,0.2,-1380,-958,-1.4 %,-1.9 %,-1380,-3624,-1.4 %,-7.2 %,-912,-3624,-0.9 %,-7.2 %,82.1 %,66.7 %,82.1 %,66.7 %,82.6 %,60.9 %,188,301,-331,-549,72.7 %,50.0 %
PXF,3d RSI PXF LT12 - L PXF,5.3 %,3.7 %,2658,1868,9.4 %,8.4 %,56.6 %,44.5 %,-1.5 %,-1.8 %,5,7,0.4,0.6,80.0 %,85.7 %,1.1,1,532,262,1.1 %,0.5 %,3.6,2,1,1,4,3,1,1,4,3,1,1,4,2,4,6,4,6,4.2,5.9,1.2,2.3,-1639,-372,-1.6 %,-0.7 %,-1639,-372,-1.6 %,-0.7 %,-1639,-263,-1.6 %,-0.5 %,80.0 %,85.7 %,80.0 %,85.7 %,80.0 %,85.7 %,869,367,-819,-372,80.0 %,80.0 %
PXH,19d RSI PXH LT40 - L PXH,2.5 %,5.9 %,1271,2952,100.0 %,9.2 %,2.5 %,64.2 %,0.0 %,-1.4 %,2,7,0.2,0.6,100.0 %,85.7 %,,2.4,635,410,1.3 %,0.8 %,1,2.3,0,1,2,3,0,1,1,3,0,1,1,2,,6,2,6,,14.2,2,2.7,0,-217,0.0 %,-0.4 %,0,-217,0.0 %,-0.4 %,0,-217,0.0 %,-0.4 %,100.0 %,85.7 %,100.0 %,85.7 %,100.0 %,83.3 %,635,514,0,-217,100.0 %,80.0 %
PZA,6d RSI PZA LT11 - L PZA,0.5 %,0.1 %,246,66,100.0 %,6.8 %,0.5 %,1.9 %,0.0 %,-1.5 %,1,3,0.1,0.2,100.0 %,66.7 %,,0.6,246,22,0.5 %,0.0 %,1,4.7,0,1,1,2,0,1,1,2,0,1,1,2,,2,1,2,,1.3,0,0.2,0,-245,0.0 %,-0.5 %,0,-245,0.0 %,-0.5 %,0,-245,0.0 %,-0.5 %,100.0 %,66.7 %,100.0 %,66.7 %,100.0 %,66.7 %,246,156,0,-245,100.0 %,66.7 %
QAI,7d RSI QAI LT25 - L QAI,0.5 %,2.0 %,238,1015,100.0 %,5.2 %,0.5 %,39.0 %,0.0 %,-0.2 %,1,4,0.1,0.3,100.0 %,100.0 %,,,238,250,0.5 %,0.5 %,1,2.2,0,0,1,4,0,0,1,4,0,0,1,2,,,1,4,,,0,5,0,0,0.0 %,0.0 %,0,0,0.0 %,0.0 %,0,0,0.0 %,0.0 %,100.0 %,100.0 %,100.0 %,100.0 %,100.0 %,100.0 %,238,250,0,0,100.0 %,100.0 %
QID,6d RSI QID LT15 - L QID,2.8 %,10.4 %,1401,5263,9.8 %,6.8 %,28.5 %,154.8 %,-2.7 %,-2.7 %,3,4,0.2,0.3,66.7 %,100.0 %,1,,467,1261,0.9 %,2.5 %,2.7,3.2,1,0,1,4,1,0,1,4,1,0,1,4,2,,2,4,2,,0.6,3.7,-2743,0,-2.7 %,0.0 %,-2743,0,-2.7 %,0.0 %,-2743,0,-2.7 %,0.0 %,66.7 %,100.0 %,66.7 %,100.0 %,66.7 %,100.0 %,1386,1261,-1371,0,66.7 %,100.0 %
QLD,5d RSI QLD LT19 - L QLD,14.8 %,13.6 %,7387,6839,10.7 %,5.6 %,138.3 %,244.2 %,0.0 %,-4.6 %,3,4,0.2,0.3,100.0 %,75.0 %,,128.4,2462,1630,4.9 %,3.3 %,2.7,2.5,0,1,3,2,0,1,3,2,0,1,3,2,,3,3,3,,385.1,20,2.8,0,-17,0.0 %,-0.0 %,0,-17,0.0 %,-0.0 %,0,-17,0.0 %,-0.0 %,100.0 %,75.0 %,100.0 %,75.0 %,100.0 %,75.0 %,2462,2178,0,-17,100.0 %,75.0 %
QLTA,3d RSI QLTA LT10 - L QLTA,1.2 %,2.7 %,601,1354,6.4 %,8.4 %,18.9 %,32.2 %,-1.0 %,-1.1 %,4,5,0.3,0.4,75.0 %,80.0 %,0.7,7.1,150,266,0.3 %,0.5 %,3,3.2,1,1,3,4,1,1,3,4,1,1,3,4,3,4,3,4,2.2,28.5,0.7,2.4,-979,-48,-1.0 %,-0.1 %,-979,-48,-1.0 %,-0.1 %,-979,-48,-1.0 %,-0.1 %,75.0 %,80.0 %,75.0 %,80.0 %,75.0 %,80.0 %,364,345,-490,-48,75.0 %,80.0 %
QQQ,7d RSI QQQ LT29 - L QQQ,8.6 %,7.8 %,4322,3934,20.0 %,6.8 %,43.2 %,115.7 %,0.0 %,-2.3 %,5,5,0.4,0.4,80.0 %,100.0 %,12.1,,864,760,1.7 %,1.5 %,3.2,2.4,1,0,4,5,1,0,4,5,1,0,3,4,4,,4,5,48.3,,3.3,3.2,-183,0,-0.2 %,0.0 %,-183,0,-0.2 %,0.0 %,-183,0,-0.2 %,0.0 %,80.0 %,100.0 %,80.0 %,100.0 %,80.0 %,100.0 %,1103,760,-91,0,75.0 %,100.0 %
QQQE,5d RSI QQQE LT17 - L QQQE,3.9 %,4.7 %,1956,2351,4.5 %,5.6 %,87.1 %,84.0 %,0.0 %,-1.6 %,2,4,0.2,0.3,100.0 %,100.0 %,,,978,574,2.0 %,1.1 %,3,2.5,0,0,2,4,0,0,2,4,0,0,2,4,,,2,4,,,7.5,5.6,0,0,0.0 %,0.0 %,0,0,0.0 %,0.0 %,0,0,0.0 %,0.0 %,100.0 %,100.0 %,100.0 %,100.0 %,100.0 %,100.0 %,978,574,0,0,100.0 %,100.0 %
QQXT,7d RSI QQXT LT22 - L QQXT,1.0 %,1.9 %,511,942,5.5 %,5.2 %,18.5 %,36.2 %,0.0 %,-1.2 %,2,4,0.2,0.3,100.0 %,75.0 %,,2.1,256,233,0.5 %,0.5 %,4,2.2,0,1,2,2,0,1,2,2,0,1,2,1,,3,2,3,,6.4,1.6,1.6,0,-171,0.0 %,-0.3 %,0,-171,0.0 %,-0.3 %,0,-171,0.0 %,-0.3 %,100.0 %,75.0 %,100.0 %,75.0 %,100.0 %,75.0 %,256,368,0,-171,100.0 %,66.7 %
QTEC,18d RSI QTEC LT40 - L QTEC,1.7 %,8.9 %,844,4506,19.0 %,6.0 %,8.9 %,150.2 %,-1.8 %,-1.6 %,4,4,0.3,0.3,75.0 %,100.0 %,0.6,,211,1083,0.4 %,2.2 %,4,2.8,1,0,2,4,1,0,2,4,1,0,2,4,3,,3,4,1.9,,0.6,7.9,-1883,0,-1.9 %,0.0 %,-1883,0,-1.9 %,0.0 %,-1883,0,-1.9 %,0.0 %,75.0 %,100.0 %,75.0 %,100.0 %,75.0 %,100.0 %,595,1083,-941,0,75.0 %,100.0 %
QUAL,7d RSI QUAL LT29 - L QUAL,11.3 %,8.6 %,5663,4327,15.9 %,8.0 %,71.1 %,108.2 %,0.0 %,-1.9 %,6,6,0.5,0.5,83.3 %,100.0 %,7.4,,944,693,1.9 %,1.4 %,3.8,2.3,1,0,5,6,1,0,5,6,1,0,5,5,5,,5,6,36.8,,4.2,4.2,-316,0,-0.3 %,0.0 %,-316,0,-0.3 %,0.0 %,-316,0,-0.3 %,0.0 %,83.3 %,100.0 %,83.3 %,100.0 %,83.3 %,100.0 %,1164,693,-158,0,83.3 %,100.0 %
QYLD,16d RSI QYLD LT36 - L QYLD,4.1 %,3.7 %,2032,1869,17.3 %,6.4 %,23.5 %,58.4 %,0.0 %,-2.6 %,3,4,0.2,0.3,100.0 %,75.0 %,,1.5,677,461,1.4 %,0.9 %,3.7,3,0,1,3,2,0,1,3,2,0,1,3,1,,3,3,3,,4.5,3.3,1.5,0,-521,0.0 %,-1.0 %,0,-521,0.0 %,-1.0 %,0,-521,0.0 %,-1.0 %,100.0 %,75.0 %,100.0 %,75.0 %,100.0 %,75.0 %,677,789,0,-521,100.0 %,66.7 %
RDVY,16d RSI RDVY LT33 - L RDVY,2.0 %,5.0 %,993,2542,100.0 %,5.2 %,2.0 %,97.8 %,0.0 %,-3.7 %,1,5,0.1,0.4,100.0 %,80.0 %,,1.7,993,498,2.0 %,1.0 %,4,1.6,0,1,1,4,0,0,1,4,0,0,1,2,,4,1,4,,6.9,0,1.9,0,-421,0.0 %,-0.8 %,0,0,0.0 %,0.0 %,0,0,0.0 %,0.0 %,100.0 %,80.0 %,100.0 %,80.0 %,100.0 %,100.0 %,993,728,0,-421,100.0 %,100.0 %
REET,8d RSI REET LT21 - L REET,1.7 %,5.9 %,858,2965,100.0 %,6.0 %,1.7 %,98.8 %,0.0 %,-1.4 %,1,4,0.1,0.3,100.0 %,100.0 %,,,858,721,1.7 %,1.4 %,4,2.8,0,0,1,4,0,0,1,4,0,0,1,4,,,1,4,,,0,4.6,0,0,0.0 %,0.0 %,0,0,0.0 %,0.0 %,0,0,0.0 %,0.0 %,100.0 %,100.0 %,100.0 %,100.0 %,100.0 %,100.0 %,858,721,0,0,100.0 %,100.0 %
REM,5d RSI REM LT12 - L REM,1.8 %,12.7 %,884,6387,100.0 %,7.2 %,1.8 %,177.4 %,0.0 %,-4.5 %,1,5,0.1,0.4,100.0 %,100.0 %,,,884,1211,1.8 %,2.4 %,4,2.6,0,0,1,5,0,0,1,5,0,0,1,3,,,1,5,,,0,4.6,0,0,0.0 %,0.0 %,0,0,0.0 %,0.0 %,0,0,0.0 %,0.0 %,100.0 %,100.0 %,100.0 %,100.0 %,100.0 %,100.0 %,884,1211,0,0,100.0 %,100.0 %
REMX,7d RSI REMX LT16 - L REMX,-9.2 %,11.3 %,-4595,5689,18.8 %,5.2 %,-48.9 %,218.8 %,-5.9 %,-2.5 %,4,4,0.3,0.3,50.0 %,75.0 %,0.1,6.6,-1149,1364,-2.3 %,2.7 %,4.2,2.2,1,1,2,2,1,1,2,2,1,0,1,3,1,3,2,3,0.1,19.7,-1.6,2.8,-5740,-292,-5.7 %,-0.6 %,-5740,-292,-5.7 %,-0.6 %,-5304,0,-5.3 %,0.0 %,50.0 %,75.0 %,50.0 %,75.0 %,50.0 %,75.0 %,228,1916,-2526,-292,33.3 %,100.0 %
RETL,18d RSI RETL LT35 - L RETL,2.1 %,35.0 %,1048,17661,100.0 %,10.8 %,2.1 %,327.1 %,0.0 %,-12.7 %,1,6,0.1,0.5,100.0 %,83.3 %,,26.2,1048,2615,2.1 %,5.2 %,5,3.5,0,1,1,4,0,1,1,4,0,0,1,5,,5,1,5,,131,0,2.8,0,-121,0.0 %,-0.2 %,0,-121,0.0 %,-0.2 %,0,0,0.0 %,0.0 %,100.0 %,83.3 %,100.0 %,83.3 %,100.0 %,83.3 %,1048,3162,0,-121,100.0 %,100.0 %
RING,18d RSI RING LT33 - L RING,3.8 %,6.2 %,1904,3151,100.0 %,5.2 %,3.8 %,121.2 %,0.0 %,-1.8 %,1,4,0.1,0.3,100.0 %,100.0 %,,,1904,764,3.8 %,1.5 %,3,2.2,0,0,1,4,0,0,1,4,0,0,1,4,,,1,4,,,0,7.1,0,0,0.0 %,0.0 %,0,0,0.0 %,0.0 %,0,0,0.0 %,0.0 %,100.0 %,100.0 %,100.0 %,100.0 %,100.0 %,100.0 %,1904,764,0,0,100.0 %,100.0 %
RLY,4d RSI RLY LT12 - L RLY,-0.8 %,0.8 %,-384,423,4.8 %,10.0 %,-16.0 %,8.4 %,-1.8 %,-2.0 %,3,5,0.2,0.4,66.7 %,80.0 %,0.3,0.6,-128,84,-0.3 %,0.2 %,3,4,1,1,2,4,1,1,2,4,1,1,1,4,2,4,2,4,0.6,2.4,-0.4,0.9,-1778,-290,-1.8 %,-0.6 %,-1778,-290,-1.8 %,-0.6 %,-1778,-290,-1.8 %,-0.6 %,66.7 %,80.0 %,66.7 %,80.0 %,66.7 %,80.0 %,252,178,-889,-290,50.0 %,80.0 %
RPG,7d RSI RPG LT31 - L RPG,15.7 %,10.3 %,7870,5174,13.1 %,14.4 %,120.2 %,71.9 %,-1.0 %,-4.4 %,8,12,0.7,1,75.0 %,83.3 %,5,1.1,984,411,2.0 %,0.8 %,3.1,2,1,1,4,9,1,1,5,8,1,0,5,8,3,5,6,10,15,5.3,3.3,2.9,-1037,-827,-1.0 %,-1.6 %,-1037,-827,-1.0 %,-1.6 %,-1037,0,-1.0 %,0.0 %,75.0 %,83.3 %,75.0 %,83.3 %,85.7 %,81.8 %,1405,607,-281,-568,85.7 %,100.0 %
RSP,21d RSI RSP LT34 - L RSP,1.1 %,0.4 %,534,218,100.0 %,6.0 %,1.1 %,7.3 %,0.0 %,-2.7 %,1,3,0.1,0.2,100.0 %,33.3 %,,5,534,72,1.1 %,0.1 %,2,4,0,2,1,1,0,2,1,1,0,1,1,1,,0.5,1,1,,2.5,0,0.6,0,-144,0.0 %,-0.3 %,0,-144,0.0 %,-0.3 %,0,-144,0.0 %,-0.3 %,100.0 %,33.3 %,100.0 %,33.3 %,100.0 %,33.3 %,534,362,0,-72,100.0 %,50.0 %
RSPG,4d RSI RSPG LT17 - L RSPG,-0.6 %,13.2 %,-299,6634,17.3 %,12.8 %,-3.5 %,103.7 %,-7.6 %,-7.9 %,8,9,0.7,0.8,75.0 %,88.9 %,0.3,0.7,-37,699,-0.1 %,1.4 %,4.2,2.6,1,1,5,6,1,1,5,6,1,1,4,5,3,8,6,8,0.9,5.4,-0.1,2.5,-8188,-1437,-8.2 %,-2.9 %,-8188,-1437,-8.2 %,-2.9 %,-8188,-1437,-8.2 %,-2.9 %,75.0 %,88.9 %,75.0 %,88.9 %,75.0 %,88.9 %,703,966,-2258,-1437,71.4 %,85.7 %
RSPN,6d RSI RSPN LT23 - L RSPN,-2.9 %,7.2 %,-1459,3640,9.3 %,11.2 %,-31.2 %,65.0 %,-3.4 %,-1.7 %,3,8,0.2,0.7,33.3 %,87.5 %,0.3,6.7,-486,439,-1.0 %,0.9 %,4.7,2.5,1,1,1,4,1,1,1,4,1,1,1,2,0.5,7,1,7,0.2,47,-1,3.4,-3434,-76,-3.4 %,-0.1 %,-3434,-76,-3.4 %,-0.1 %,-3434,-76,-3.4 %,-0.1 %,33.3 %,87.5 %,33.3 %,87.5 %,33.3 %,85.7 %,303,513,-881,-76,33.3 %,80.0 %
RSPT,16d RSI RSPT LT40 - L RSPT,3.5 %,7.8 %,1759,3934,16.9 %,12.8 %,20.9 %,61.5 %,0.0 %,-3.8 %,3,8,0.2,0.7,66.7 %,87.5 %,4.3,0.9,586,475,1.2 %,0.9 %,3.7,3,1,1,2,6,1,0,2,7,1,0,2,7,2,7,2,7,8.7,6.1,1.7,2.4,-457,-747,-0.5 %,-1.5 %,-457,0,-0.5 %,0.0 %,-457,0,-0.5 %,0.0 %,66.7 %,87.5 %,66.7 %,87.5 %,66.7 %,100.0 %,994,650,-229,-747,66.7 %,100.0 %
RWM,3d RSI RWM LT15 - L RWM,4.1 %,10.5 %,2066,5279,21.2 %,15.2 %,19.5 %,69.5 %,-6.0 %,-4.6 %,10,12,0.8,1,60.0 %,75.0 %,1,1.2,207,421,0.4 %,0.8 %,3.6,2.2,3,1,4,7,3,1,4,7,3,2,3,5,1.5,3,6,9,1.6,3.7,0.6,2.2,-6595,-856,-6.6 %,-1.7 %,-6595,-856,-6.6 %,-1.7 %,-6595,-599,-6.6 %,-1.2 %,60.0 %,75.0 %,60.0 %,75.0 %,60.0 %,75.0 %,954,768,-915,-619,50.0 %,62.5 %
RWR,19d RSI RWR LT32 - L RWR,1.4 %,3.5 %,700,1744,100.0 %,6.4 %,1.4 %,54.5 %,0.0 %,-4.2 %,1,3,0.1,0.2,100.0 %,66.7 %,,2,700,577,1.4 %,1.1 %,4,4.3,0,1,1,1,0,1,1,1,0,0,1,2,,2,1,2,,4.1,0,1.2,0,-560,0.0 %,-1.1 %,0,-560,0.0 %,-1.1 %,0,0,0.0 %,0.0 %,100.0 %,66.7 %,100.0 %,66.7 %,100.0 %,66.7 %,700,1146,0,-560,100.0 %,100.0 %
SCHB,4d RSI SCHB LT15 - L SCHB,9.9 %,6.6 %,4930,3314,12.2 %,8.0 %,80.7 %,82.8 %,0.0 %,-2.2 %,5,6,0.4,0.5,100.0 %,83.3 %,,2.8,986,535,2.0 %,1.1 %,3.4,2.3,0,1,5,3,0,1,5,3,0,1,5,3,,5,5,5,,14,6.2,3.2,0,-247,0.0 %,-0.5 %,0,-247,0.0 %,-0.5 %,0,-247,0.0 %,-0.5 %,100.0 %,83.3 %,100.0 %,83.3 %,100.0 %,83.3 %,986,692,0,-247,100.0 %,80.0 %
SCHC,5d RSI SCHC LT16 - L SCHC,2.2 %,0.9 %,1083,438,5.5 %,5.2 %,39.2 %,16.8 %,0.0 %,-2.4 %,2,4,0.2,0.3,100.0 %,75.0 %,,0.5,541,111,1.1 %,0.2 %,4,2.2,0,1,2,3,0,1,2,2,0,1,2,2,,3,2,3,,1.6,7.6,0.4,0,-739,0.0 %,-1.5 %,0,-205,0.0 %,-0.4 %,0,-205,0.0 %,-0.4 %,100.0 %,75.0 %,100.0 %,75.0 %,100.0 %,66.7 %,541,394,0,-739,100.0 %,66.7 %
SCHD,6d RSI SCHD LT18 - L SCHD,-0.1 %,4.3 %,-53,2177,7.7 %,7.2 %,-1.4 %,60.5 %,-1.9 %,-2.7 %,3,5,0.2,0.4,66.7 %,80.0 %,0.5,2.8,-18,427,-0.0 %,0.8 %,3.7,2.6,1,1,2,4,1,1,2,4,1,1,2,3,2,4,2,4,0.9,11.1,0,2.1,-1974,-212,-2.0 %,-0.4 %,-1974,-212,-2.0 %,-0.4 %,-1974,-212,-2.0 %,-0.4 %,66.7 %,80.0 %,66.7 %,80.0 %,66.7 %,80.0 %,467,586,-987,-212,66.7 %,75.0 %
SCHE,13d RSI SCHE LT33 - L SCHE,0.8 %,5.1 %,395,2586,100.0 %,5.2 %,0.8 %,99.5 %,0.0 %,-0.7 %,1,5,0.1,0.4,100.0 %,80.0 %,,27.3,395,505,0.8 %,1.0 %,1,1.6,0,1,1,3,0,1,1,3,0,0,1,3,,4,1,4,,109.4,0,2.7,0,-23,0.0 %,-0.1 %,0,-23,0.0 %,-0.1 %,0,0,0.0 %,0.0 %,100.0 %,80.0 %,100.0 %,80.0 %,100.0 %,80.0 %,395,637,0,-23,100.0 %,100.0 %
SCHF,13d RSI SCHF LT30 - L SCHF,0.6 %,2.6 %,308,1329,100.0 %,5.6 %,0.6 %,47.5 %,0.0 %,-1.9 %,1,5,0.1,0.4,100.0 %,60.0 %,,3.7,308,262,0.6 %,0.5 %,4,1.8,0,1,1,2,0,1,1,2,0,0,1,3,,1.5,1,3,,5.6,0,1.7,0,-157,0.0 %,-0.3 %,0,-130,0.0 %,-0.3 %,0,0,0.0 %,0.0 %,100.0 %,60.0 %,100.0 %,60.0 %,100.0 %,75.0 %,308,533,0,-144,100.0 %,100.0 %
SCHG,17d RSI SCHG LT39 - L SCHG,6.4 %,8.9 %,3192,4472,9.9 %,6.8 %,64.6 %,131.5 %,0.0 %,-2.4 %,2,5,0.2,0.4,100.0 %,80.0 %,,38.9,1596,860,3.2 %,1.7 %,3,2.4,0,1,2,2,0,1,2,2,0,1,2,2,,4,2,4,,155.8,8.9,3.5,0,-28,0.0 %,-0.1 %,0,-28,0.0 %,-0.1 %,0,-28,0.0 %,-0.1 %,100.0 %,80.0 %,100.0 %,80.0 %,100.0 %,80.0 %,1596,1082,0,-28,100.0 %,75.0 %
SCHH,11d RSI SCHH LT26 - L SCHH,1.1 %,2.4 %,571,1183,100.0 %,6.0 %,1.1 %,39.4 %,0.0 %,-4.3 %,1,3,0.1,0.2,100.0 %,66.7 %,,1.3,571,396,1.1 %,0.8 %,4,4,0,1,1,2,0,1,1,2,0,1,1,2,,2,1,2,,2.5,0,0.8,0,-767,0.0 %,-1.5 %,0,-767,0.0 %,-1.5 %,0,-767,0.0 %,-1.5 %,100.0 %,66.7 %,100.0 %,66.7 %,100.0 %,66.7 %,571,977,0,-767,100.0 %,66.7 %
SCHK,5d RSI SCHK LT19 - L SCHK,6.9 %,6.0 %,3429,3012,8.3 %,8.4 %,82.3 %,71.7 %,0.0 %,-2.1 %,3,6,0.2,0.5,100.0 %,83.3 %,,2.3,1143,488,2.3 %,1.0 %,4,2.5,0,1,3,3,0,1,3,3,0,1,3,3,,5,3,5,,11.7,4.7,2.8,0,-273,0.0 %,-0.6 %,0,-273,0.0 %,-0.6 %,0,-273,0.0 %,-0.6 %,100.0 %,83.3 %,100.0 %,83.3 %,100.0 %,83.3 %,1143,640,0,-273,100.0 %,80.0 %
SCHO,8d RSI SCHO LT28 - L SCHO,0.3 %,0.8 %,153,380,21.4 %,6.0 %,1.4 %,12.7 %,0.0 %,-0.2 %,3,5,0.2,0.4,100.0 %,100.0 %,,,51,75,0.1 %,0.1 %,1,2,0,0,3,5,0,0,2,5,0,0,2,4,,,3,5,,,3.2,4.8,0,0,0.0 %,0.0 %,0,0,0.0 %,0.0 %,0,0,0.0 %,0.0 %,100.0 %,100.0 %,100.0 %,100.0 %,100.0 %,100.0 %,51,75,0,0,100.0 %,100.0 %
SCHP,8d RSI SCHP LT26 - L SCHP,-0.2 %,1.6 %,-101,827,100.0 %,6.4 %,-0.2 %,25.9 %,0.0 %,-0.9 %,1,4,0.1,0.3,0.0 %,75.0 %,0,13.1,-101,204,-0.2 %,0.4 %,4,3,1,1,0,2,1,1,0,2,1,1,0,2,0,3,0,3,0,39.4,0,2.5,-201,-21,-0.2 %,-0.0 %,-201,-21,-0.2 %,-0.0 %,-201,-21,-0.2 %,-0.0 %,0.0 %,75.0 %,0.0 %,75.0 %,0.0 %,75.0 %,0,279,-101,-21,0.0 %,75.0 %
SCHR,10d RSI SCHR LT28 - L SCHR,0.5 %,2.2 %,257,1098,36.4 %,6.0 %,1.4 %,36.6 %,-0.2 %,-0.2 %,5,6,0.4,0.5,60.0 %,100.0 %,2,,51,180,0.1 %,0.4 %,3,1.5,1,0,2,6,1,0,2,6,1,0,1,5,1.5,,3,6,3,,1.1,4.9,-214,0,-0.2 %,0.0 %,-214,0,-0.2 %,0.0 %,-214,0,-0.2 %,0.0 %,60.0 %,100.0 %,60.0 %,100.0 %,60.0 %,100.0 %,129,180,-64,0,66.7 %,100.0 %
SCHV,4d RSI SCHV LT14 - L SCHV,-2.4 %,3.4 %,-1199,1732,10.4 %,12.0 %,-23.1 %,28.9 %,-2.7 %,-2.6 %,3,7,0.2,0.6,33.3 %,57.1 %,0.5,3.8,-400,244,-0.8 %,0.5 %,5.3,3.3,1,2,1,2,1,2,1,2,1,2,1,2,0.5,1.3,1,4,0.3,5.1,-0.9,1.6,-2729,0,-2.7 %,0.0 %,-2729,0,-2.7 %,0.0 %,-2729,0,-2.7 %,0.0 %,33.3 %,57.1 %,33.3 %,57.1 %,33.3 %,57.1 %,403,530,-801,-138,33.3 %,60.0 %
SCHX,4d RSI SCHX LT15 - L SCHX,10.0 %,6.8 %,5011,3438,12.2 %,8.0 %,82.0 %,85.9 %,0.0 %,-2.2 %,5,6,0.4,0.5,100.0 %,83.3 %,,2.6,1002,555,2.0 %,1.1 %,3.4,2.3,0,1,5,3,0,1,5,3,0,1,5,3,,5,5,5,,13.2,5.8,3.2,0,-273,0.0 %,-0.6 %,0,-273,0.0 %,-0.6 %,0,-273,0.0 %,-0.6 %,100.0 %,83.3 %,100.0 %,83.3 %,100.0 %,83.3 %,1002,720,0,-273,100.0 %,80.0 %
SCHZ,4d RSI SCHZ LT14 - L SCHZ,0.9 %,2.0 %,459,1035,27.3 %,5.6 %,3.4 %,37.0 %,0.0 %,-0.9 %,4,4,0.3,0.3,75.0 %,100.0 %,,,115,255,0.2 %,0.5 %,2.8,2.5,1,0,3,4,1,0,3,4,1,0,2,4,3,,3,4,,,1.9,4.5,0,0,0.0 %,0.0 %,0,0,0.0 %,0.0 %,0,0,0.0 %,0.0 %,75.0 %,100.0 %,75.0 %,100.0 %,75.0 %,100.0 %,153,255,0,0,66.7 %,100.0 %
SCO,14d RSI SCO LT29 - L SCO,-1.6 %,4.9 %,-787,2464,100.0 %,7.6 %,-1.6 %,64.8 %,0.0 %,-7.8 %,1,4,0.1,0.3,0.0 %,75.0 %,0,0.8,-787,625,-1.6 %,1.2 %,3,3.8,1,1,0,2,1,1,0,2,1,1,0,1,0,3,0,3,0,2.3,0,0.8,-1575,-1982,-1.6 %,-4.0 %,-1575,-1982,-1.6 %,-4.0 %,-1575,-964,-1.6 %,-1.9 %,0.0 %,75.0 %,0.0 %,75.0 %,0.0 %,75.0 %,0,1494,-787,-1982,0.0 %,50.0 %
SCZ,5d RSI SCZ LT13 - L SCZ,1.9 %,2.3 %,934,1179,20.0 %,5.2 %,9.3 %,45.4 %,0.0 %,-1.4 %,2,3,0.2,0.2,100.0 %,100.0 %,,,467,387,0.9 %,0.8 %,3.5,3.3,0,0,2,3,0,0,2,3,0,0,2,3,,,2,3,,,5.6,9.7,0,0,0.0 %,0.0 %,0,0,0.0 %,0.0 %,0,0,0.0 %,0.0 %,100.0 %,100.0 %,100.0 %,100.0 %,100.0 %,100.0 %,467,387,0,0,100.0 %,100.0 %
SDIV,21d RSI SDIV LT36 - L SDIV,1.9 %,7.5 %,945,3781,100.0 %,10.4 %,1.9 %,72.7 %,0.0 %,-2.1 %,1,7,0.1,0.6,100.0 %,100.0 %,,,945,521,1.9 %,1.0 %,4,2.7,0,0,1,7,0,0,1,7,0,0,1,4,,,1,7,,,0,3.5,0,0,0.0 %,0.0 %,0,0,0.0 %,0.0 %,0,0,0.0 %,0.0 %,100.0 %,100.0 %,100.0 %,100.0 %,100.0 %,100.0 %,945,521,0,0,100.0 %,100.0 %
SDS,6d RSI SDS LT16 - L SDS,4.9 %,6.0 %,2457,3010,35.7 %,8.0 %,13.8 %,75.2 %,0.0 %,-2.9 %,3,5,0.2,0.4,100.0 %,100.0 %,,,819,585,1.6 %,1.2 %,3.7,3,0,0,3,5,0,0,3,5,0,0,3,4,,,3,5,,,10,3.5,0,0,0.0 %,0.0 %,0,0,0.0 %,0.0 %,0,0,0.0 %,0.0 %,100.0 %,100.0 %,100.0 %,100.0 %,100.0 %,100.0 %,819,585,0,0,100.0 %,100.0 %
SDVY,14d RSI SDVY LT36 - L SDVY,-0.7 %,12.0 %,-345,6026,5.6 %,12.0 %,-12.4 %,100.4 %,-2.6 %,-5.5 %,2,8,0.2,0.7,50.0 %,87.5 %,0.7,1,-172,719,-0.3 %,1.4 %,4,2.8,1,1,1,7,1,1,1,7,1,0,1,4,1,7,1,7,0.7,7.2,-0.2,2.3,-2601,-927,-2.6 %,-1.9 %,-2601,-927,-2.6 %,-1.9 %,-2601,0,-2.6 %,0.0 %,50.0 %,87.5 %,50.0 %,87.5 %,50.0 %,87.5 %,956,954,-1301,-927,50.0 %,100.0 %
SDY,7d RSI SDY LT19 - L SDY,-2.6 %,0.6 %,-1322,320,100.0 %,8.0 %,-2.6 %,8.0 %,0.0 %,-3.8 %,1,3,0.1,0.2,0.0 %,66.7 %,0,0.8,-1322,108,-2.6 %,0.2 %,7,5.7,1,1,0,2,1,1,0,2,1,1,0,2,0,2,0,2,0,1.6,0,0.4,-2644,-564,-2.6 %,-1.1 %,-2644,-564,-2.6 %,-1.1 %,-2644,-564,-2.6 %,-1.1 %,0.0 %,66.7 %,0.0 %,66.7 %,0.0 %,66.7 %,0,444,-1322,-564,0.0 %,66.7 %
SECT,9d RSI SECT LT29 - L SECT,3.0 %,4.0 %,1480,2042,10.8 %,7.2 %,27.3 %,56.7 %,0.0 %,-1.8 %,2,5,0.2,0.4,50.0 %,80.0 %,16.6,10.6,740,400,1.5 %,0.8 %,3.5,2.6,1,1,1,2,1,1,1,2,1,1,1,2,1,4,1,4,16.6,42.4,1.3,2.6,-190,-48,-0.2 %,-0.1 %,-190,-48,-0.2 %,-0.1 %,-190,-48,-0.2 %,-0.1 %,50.0 %,80.0 %,50.0 %,80.0 %,50.0 %,80.0 %,1575,512,-95,-48,50.0 %,75.0 %
SGOL,21d RSI SGOL LT46 - L SGOL,2.6 %,1.0 %,1276,521,6.7 %,31.6 %,38.1 %,3.3 %,-0.4 %,-5.7 %,4,15,0.3,1.3,75.0 %,73.3 %,2.3,0.4,319,40,0.6 %,0.1 %,2.8,4.3,1,1,2,4,1,1,2,3,1,1,2,4,3,2.8,3,11,6.8,1.2,2,0.2,-439,-1844,-0.4 %,-3.7 %,-439,-1844,-0.4 %,-3.7 %,-439,-777,-0.4 %,-1.6 %,75.0 %,73.3 %,75.0 %,73.3 %,75.0 %,69.2 %,499,411,-220,-980,75.0 %,75.0 %
SH,13d RSI SH LT28 - L SH,3.7 %,3.1 %,1837,1585,13.0 %,7.6 %,28.2 %,41.7 %,-0.2 %,-1.4 %,4,5,0.3,0.4,75.0 %,100.0 %,6.7,,459,311,0.9 %,0.6 %,2.8,2.8,1,0,2,5,1,0,2,5,0,0,3,3,3,,3,5,20.1,,2.5,4.8,-192,0,-0.2 %,0.0 %,-192,0,-0.2 %,0.0 %,0,0,0.0 %,0.0 %,75.0 %,100.0 %,75.0 %,100.0 %,75.0 %,100.0 %,645,311,-96,0,100.0 %,100.0 %
SHLD,3d RSI SHLD LT19 - L SHLD,17.2 %,1.0 %,8612,508,20.2 %,7.6 %,85.2 %,13.4 %,-0.8 %,-3.8 %,10,5,0.8,0.4,90.0 %,80.0 %,2.5,0.3,861,107,1.7 %,0.2 %,2.7,2.8,1,1,6,3,1,1,5,3,1,1,4,1,9,4,9,4,22.1,1.4,4.7,0.3,-815,-1445,-0.8 %,-2.9 %,-815,-1445,-0.8 %,-2.9 %,-815,-1099,-0.8 %,-2.2 %,90.0 %,80.0 %,90.0 %,80.0 %,88.9 %,80.0 %,1002,495,-407,-1445,85.7 %,50.0 %
SHYG,20d RSI SHYG LT45 - L SHYG,0.6 %,4.0 %,298,2005,4.4 %,14.8 %,13.4 %,27.1 %,0.0 %,-1.3 %,2,8,0.2,0.7,100.0 %,87.5 %,,1.3,149,245,0.3 %,0.5 %,3,3.6,0,1,2,6,0,1,2,6,0,0,2,4,,7,2,7,,9.4,2.2,3,0,-233,0.0 %,-0.5 %,0,-233,0.0 %,-0.5 %,0,0,0.0 %,0.0 %,100.0 %,87.5 %,100.0 %,87.5 %,100.0 %,87.5 %,149,313,0,-233,100.0 %,100.0 %
SIVR,4d RSI SIVR LT11 - L SIVR,3.2 %,12.0 %,1586,6066,5.6 %,6.8 %,56.6 %,178.4 %,0.0 %,-2.4 %,2,5,0.2,0.4,100.0 %,100.0 %,,,793,1154,1.6 %,2.3 %,2,2.4,0,0,2,5,0,0,2,5,0,0,2,5,,,2,5,,,12.3,3.9,0,0,0.0 %,0.0 %,0,0,0.0 %,0.0 %,0,0,0.0 %,0.0 %,100.0 %,100.0 %,100.0 %,100.0 %,100.0 %,100.0 %,793,1154,0,0,100.0 %,100.0 %
SJNK,7d RSI SJNK LT27 - L SJNK,0.5 %,2.3 %,261,1156,4.4 %,5.2 %,11.8 %,44.5 %,0.0 %,-0.3 %,2,4,0.2,0.3,100.0 %,100.0 %,,,131,285,0.3 %,0.6 %,3,2.2,0,0,2,4,0,0,2,4,0,0,2,3,,,2,4,,,1.7,2.7,0,0,0.0 %,0.0 %,0,0,0.0 %,0.0 %,0,0,0.0 %,0.0 %,100.0 %,100.0 %,100.0 %,100.0 %,100.0 %,100.0 %,131,285,0,0,100.0 %,100.0 %
SKYY,18d RSI SKYY LT40 - L SKYY,1.3 %,13.6 %,662,6855,15.0 %,9.2 %,8.8 %,149.0 %,-1.3 %,-2.2 %,3,6,0.2,0.5,66.7 %,100.0 %,1,,221,1076,0.4 %,2.1 %,3,2.8,1,0,2,6,1,0,2,6,1,0,2,4,2,,2,6,2,,0.6,5.8,-1353,0,-1.4 %,0.0 %,-1353,0,-1.4 %,0.0 %,-1353,0,-1.4 %,0.0 %,66.7 %,100.0 %,66.7 %,100.0 %,66.7 %,100.0 %,669,1076,-676,0,66.7 %,100.0 %
SLQD,19d RSI SLQD LT42 - L SLQD,0.4 %,1.2 %,181,600,100.0 %,5.6 %,0.4 %,21.4 %,0.0 %,-0.2 %,1,5,0.1,0.4,100.0 %,100.0 %,,,181,119,0.4 %,0.2 %,4,1.8,0,0,1,5,0,0,1,4,0,0,1,3,,,1,5,,,0,6.5,0,0,0.0 %,0.0 %,0,0,0.0 %,0.0 %,0,0,0.0 %,0.0 %,100.0 %,100.0 %,100.0 %,100.0 %,100.0 %,100.0 %,181,119,0,0,100.0 %,100.0 %
SLV,4d RSI SLV LT11 - L SLV,3.9 %,13.9 %,1937,6985,3.6 %,7.6 %,108.9 %,183.8 %,0.0 %,-2.4 %,3,6,0.2,0.5,100.0 %,100.0 %,,,646,1098,1.3 %,2.2 %,2,2.2,0,0,3,6,0,0,3,6,0,0,3,5,,,3,6,,,5.4,3.8,0,0,0.0 %,0.0 %,0,0,0.0 %,0.0 %,0,0,0.0 %,0.0 %,100.0 %,100.0 %,100.0 %,100.0 %,100.0 %,100.0 %,646,1098,0,0,100.0 %,100.0 %
SMH,9d RSI SMH LT33 - L SMH,13.1 %,14.1 %,6548,7097,21.2 %,8.8 %,61.9 %,161.3 %,0.0 %,-2.7 %,5,5,0.4,0.4,80.0 %,100.0 %,8.5,,1310,1338,2.6 %,2.7 %,3.4,3.4,1,0,4,5,1,0,4,5,1,0,3,4,4,,4,5,34.1,,3.7,5.2,-396,0,-0.4 %,0.0 %,-396,0,-0.4 %,0.0 %,-396,0,-0.4 %,0.0 %,80.0 %,100.0 %,80.0 %,100.0 %,80.0 %,100.0 %,1686,1338,-198,0,75.0 %,100.0 %
SMIN,15d RSI SMIN LT38 - L SMIN,2.5 %,5.7 %,1271,2871,11.0 %,5.2 %,23.0 %,110.4 %,-0.4 %,-1.1 %,7,5,0.6,0.4,71.4 %,100.0 %,0.8,,182,558,0.4 %,1.1 %,1.9,1.6,1,0,3,5,1,0,3,5,1,0,2,4,2.5,,5,5,1.9,,0.7,3.6,-2407,0,-2.4 %,0.0 %,-2407,0,-2.4 %,0.0 %,-1978,0,-2.0 %,0.0 %,71.4 %,100.0 %,71.4 %,100.0 %,71.4 %,100.0 %,534,558,-699,0,66.7 %,100.0 %
SOXL,10d RSI SOXL LT28 - L SOXL,37.3 %,24.9 %,18641,12553,12.0 %,6.0 %,309.4 %,418.4 %,0.0 %,-7.3 %,2,3,0.2,0.2,100.0 %,100.0 %,,,9321,3848,18.6 %,7.7 %,4,4,0,0,2,3,0,0,2,3,0,0,2,3,,,2,3,,,3.4,25.3,0,0,0.0 %,0.0 %,0,0,0.0 %,0.0 %,0,0,0.0 %,0.0 %,100.0 %,100.0 %,100.0 %,100.0 %,100.0 %,100.0 %,9321,3848,0,0,100.0 %,100.0 %
SOXX,8d RSI SOXX LT25 - L SOXX,3.8 %,8.5 %,1887,4278,100.0 %,6.0 %,3.8 %,142.6 %,0.0 %,-2.5 %,1,3,0.1,0.2,100.0 %,100.0 %,,,1887,1376,3.8 %,2.8 %,2,4,0,0,1,3,0,0,1,3,0,0,1,3,,,1,3,,,0,22.2,0,0,0.0 %,0.0 %,0,0,0.0 %,0.0 %,0,0,0.0 %,0.0 %,100.0 %,100.0 %,100.0 %,100.0 %,100.0 %,100.0 %,1887,1376,0,0,100.0 %,100.0 %
SOYB,18d RSI SOYB LT28 - L SOYB,5.2 %,4.0 %,2583,1989,8.2 %,5.2 %,62.9 %,76.5 %,0.0 %,-2.1 %,2,3,0.2,0.2,100.0 %,100.0 %,,,1291,651,2.6 %,1.3 %,4.5,3.3,0,0,2,3,0,0,2,3,0,0,2,3,,,2,3,,,16.6,3,0,0,0.0 %,0.0 %,0,0,0.0 %,0.0 %,0,0,0.0 %,0.0 %,100.0 %,100.0 %,100.0 %,100.0 %,100.0 %,100.0 %,1291,651,0,0,100.0 %,100.0 %
SPAB,3d RSI SPAB LT13 - L SPAB,2.8 %,2.7 %,1408,1346,16.1 %,17.2 %,17.5 %,15.7 %,-0.8 %,-1.6 %,8,10,0.7,0.8,75.0 %,70.0 %,1.4,1.7,176,132,0.4 %,0.3 %,4,3.3,1,1,5,4,1,1,5,4,1,1,5,4,3,2.3,6,7,4.2,4,1.9,2,-790,-295,-0.8 %,-0.6 %,-790,-295,-0.8 %,-0.6 %,-790,-88,-0.8 %,-0.2 %,75.0 %,70.0 %,75.0 %,70.0 %,75.0 %,70.0 %,307,253,-218,-150,75.0 %,75.0 %
SPBO,4d RSI SPBO LT12 - L SPBO,-0.0 %,2.4 %,-19,1201,100.0 %,5.6 %,-0.0 %,42.9 %,0.0 %,-1.2 %,1,4,0.1,0.3,0.0 %,100.0 %,0,,-19,296,-0.0 %,0.6 %,2,2.5,1,0,0,4,1,0,0,4,1,0,0,4,0,,0,4,0,,0,2.2,-37,0,-0.0 %,0.0 %,-37,0,-0.0 %,0.0 %,-37,0,-0.0 %,0.0 %,0.0 %,100.0 %,0.0 %,100.0 %,0.0 %,100.0 %,0,296,-19,0,0.0 %,100.0 %
SPDN,7d RSI SPDN LT19 - L SPDN,0.5 %,2.8 %,274,1427,47.4 %,8.0 %,1.2 %,35.7 %,0.0 %,-1.5 %,2,5,0.2,0.4,50.0 %,80.0 %,,,137,280,0.3 %,0.6 %,3,3,1,1,1,2,1,1,1,2,1,1,1,2,1,4,1,4,,,1.4,3.4,0,0,0.0 %,0.0 %,0,0,0.0 %,0.0 %,0,0,0.0 %,0.0 %,50.0 %,80.0 %,50.0 %,80.0 %,50.0 %,80.0 %,274,350,0,0,50.0 %,75.0 %
SPDW,7d RSI SPDW LT22 - L SPDW,1.8 %,2.3 %,896,1153,5.5 %,6.0 %,32.4 %,38.5 %,0.0 %,-2.0 %,2,5,0.2,0.4,100.0 %,60.0 %,,2.9,448,228,0.9 %,0.5 %,4,2,0,1,2,2,0,1,2,2,0,0,2,3,,1.5,2,3,,4.3,6.4,1.5,0,-204,0.0 %,-0.4 %,0,-141,0.0 %,-0.3 %,0,0,0.0 %,0.0 %,100.0 %,60.0 %,100.0 %,60.0 %,100.0 %,75.0 %,448,495,0,-173,100.0 %,100.0 %
SPEM,13d RSI SPEM LT33 - L SPEM,0.6 %,5.1 %,290,2572,100.0 %,5.2 %,0.6 %,98.9 %,0.0 %,-0.6 %,1,6,0.1,0.5,100.0 %,100.0 %,,,290,418,0.6 %,0.8 %,1,1.2,0,0,1,6,0,0,1,5,0,0,1,4,,,1,6,,,0,3,0,0,0.0 %,0.0 %,0,0,0.0 %,0.0 %,0,0,0.0 %,0.0 %,100.0 %,100.0 %,100.0 %,100.0 %,100.0 %,100.0 %,290,418,0,0,100.0 %,100.0 %
SPGM,14d RSI SPGM LT34 - L SPGM,5.7 %,2.4 %,2836,1225,6.7 %,8.8 %,84.6 %,27.8 %,0.0 %,-2.7 %,3,6,0.2,0.5,100.0 %,66.7 %,,1.7,945,202,1.9 %,0.4 %,3,2.7,0,1,3,3,0,1,3,2,0,1,3,2,,2,3,4,,3.4,3.2,1.3,0,-441,0.0 %,-0.9 %,0,-441,0.0 %,-0.9 %,0,-216,0.0 %,-0.4 %,100.0 %,66.7 %,100.0 %,66.7 %,100.0 %,60.0 %,945,427,0,-247,100.0 %,66.7 %
SPHD,17d RSI SPHD LT31 - L SPHD,1.3 %,4.8 %,663,2403,100.0 %,6.4 %,1.3 %,75.1 %,0.0 %,-2.5 %,1,4,0.1,0.3,100.0 %,75.0 %,,5.5,663,588,1.3 %,1.2 %,2,3,0,1,1,3,0,1,1,3,0,0,1,2,,3,1,3,,16.5,0,2.2,0,-152,0.0 %,-0.3 %,0,-152,0.0 %,-0.3 %,0,0,0.0 %,0.0 %,100.0 %,75.0 %,100.0 %,75.0 %,100.0 %,75.0 %,663,835,0,-152,100.0 %,100.0 %
SPHQ,4d RSI SPHQ LT15 - L SPHQ,3.7 %,2.8 %,1856,1405,4.9 %,6.4 %,75.8 %,43.9 %,0.0 %,-1.8 %,2,4,0.2,0.3,100.0 %,100.0 %,,,928,346,1.9 %,0.7 %,2.5,3,0,0,2,4,0,0,2,4,0,0,2,4,,,2,4,,,6.1,2.1,0,0,0.0 %,0.0 %,0,0,0.0 %,0.0 %,0,0,0.0 %,0.0 %,100.0 %,100.0 %,100.0 %,100.0 %,100.0 %,100.0 %,928,346,0,0,100.0 %,100.0 %
SPHY,17d RSI SPHY LT42 - L SPHY,0.6 %,2.9 %,284,1458,4.4 %,12.8 %,12.8 %,22.8 %,0.0 %,-1.8 %,2,6,0.2,0.5,100.0 %,66.7 %,,2.4,142,239,0.3 %,0.5 %,3,4.3,0,2,2,3,0,2,2,3,0,1,2,3,,2,2,4,,4.8,2.2,1.7,0,-380,0.0 %,-0.8 %,0,-380,0.0 %,-0.8 %,0,-79,0.0 %,-0.2 %,100.0 %,66.7 %,100.0 %,66.7 %,100.0 %,66.7 %,142,454,0,-190,100.0 %,75.0 %
SPIB,4d RSI SPIB LT14 - L SPIB,0.7 %,1.4 %,355,700,22.2 %,6.8 %,3.2 %,20.6 %,0.0 %,-0.8 %,2,5,0.2,0.4,100.0 %,80.0 %,,1.3,177,138,0.4 %,0.3 %,3,2.4,0,1,2,4,0,1,2,4,0,1,2,4,,4,2,4,,5.3,1.7,1.8,0,-160,0.0 %,-0.3 %,0,-160,0.0 %,-0.3 %,0,-160,0.0 %,-0.3 %,100.0 %,80.0 %,100.0 %,80.0 %,100.0 %,80.0 %,177,213,0,-160,100.0 %,80.0 %
SPIP,5d RSI SPIP LT19 - L SPIP,0.6 %,1.9 %,305,980,5.9 %,8.4 %,10.3 %,23.3 %,-0.8 %,-1.0 %,3,5,0.2,0.4,66.7 %,60.0 %,0.9,30.4,102,193,0.2 %,0.4 %,3,3.2,1,1,2,2,1,1,2,2,1,1,2,3,2,1.5,2,3,1.8,45.6,0.5,2.3,-775,-22,-0.8 %,-0.0 %,-775,-22,-0.8 %,-0.0 %,-775,0,-0.8 %,0.0 %,66.7 %,60.0 %,66.7 %,60.0 %,66.7 %,60.0 %,346,329,-388,-11,66.7 %,75.0 %
SPLB,7d RSI SPLB LT23 - L SPLB,2.0 %,1.3 %,976,641,7.2 %,5.2 %,27.0 %,24.7 %,-0.3 %,-2.4 %,4,3,0.3,0.2,75.0 %,100.0 %,2.3,,244,211,0.5 %,0.4 %,2.2,3.3,1,0,3,3,1,0,3,3,1,0,3,3,3,,3,3,6.9,,1.2,5.6,-332,0,-0.3 %,0.0 %,-332,0,-0.3 %,0.0 %,-332,0,-0.3 %,0.0 %,75.0 %,100.0 %,75.0 %,100.0 %,75.0 %,100.0 %,381,211,-166,0,75.0 %,100.0 %
SPLV,12d RSI SPLV LT26 - L SPLV,1.6 %,2.0 %,818,1030,100.0 %,5.2 %,1.6 %,39.6 %,0.0 %,-2.3 %,1,3,0.1,0.2,100.0 %,66.7 %,,1.7,818,341,1.6 %,0.7 %,4,3.3,0,1,1,1,0,1,1,1,0,0,1,2,,2,1,2,,3.4,0,1.1,0,-421,0.0 %,-0.8 %,0,-421,0.0 %,-0.8 %,0,0,0.0 %,0.0 %,100.0 %,66.7 %,100.0 %,66.7 %,100.0 %,66.7 %,818,722,0,-421,100.0 %,100.0 %
SPMB,4d RSI SPMB LT17 - L SPMB,0.7 %,2.4 %,361,1231,10.7 %,11.6 %,6.7 %,21.2 %,-0.6 %,-2.5 %,5,7,0.4,0.6,60.0 %,71.4 %,1.5,1.8,72,173,0.1 %,0.3 %,3.8,3.1,1,1,2,3,1,1,2,3,1,1,2,3,1.5,2.5,3,5,2.2,4.5,0.7,1.6,-581,-345,-0.6 %,-0.7 %,-581,-345,-0.6 %,-0.7 %,-581,0,-0.6 %,0.0 %,60.0 %,71.4 %,60.0 %,71.4 %,60.0 %,71.4 %,217,312,-145,-172,60.0 %,80.0 %
SPMD,17d RSI SPMD LT33 - L SPMD,1.5 %,8.2 %,766,4128,100.0 %,5.6 %,1.5 %,147.4 %,0.0 %,-1.4 %,1,5,0.1,0.4,100.0 %,100.0 %,,,766,794,1.5 %,1.6 %,4,1.8,0,0,1,5,0,0,1,4,0,0,1,3,,,1,5,,,0,12.4,0,0,0.0 %,0.0 %,0,0,0.0 %,0.0 %,0,0,0.0 %,0.0 %,100.0 %,100.0 %,100.0 %,100.0 %,100.0 %,100.0 %,766,794,0,0,100.0 %,100.0 %
SPMO,3d RSI SPMO LT16 - L SPMO,12.3 %,10.3 %,6133,5213,14.3 %,17.6 %,85.5 %,59.2 %,-0.3 %,-2.8 %,9,11,0.8,0.9,88.9 %,72.7 %,5.7,3.5,681,451,1.4 %,0.9 %,2.7,3,1,2,7,4,1,2,7,4,1,1,5,3,8,2.7,8,8,45.4,9.2,4.5,3.6,-276,-384,-0.3 %,-0.8 %,-276,-384,-0.3 %,-0.8 %,-276,-384,-0.3 %,-0.8 %,88.9 %,72.7 %,88.9 %,72.7 %,88.9 %,72.7 %,784,696,-138,-201,85.7 %,75.0 %
SPSB,16d RSI SPSB LT43 - L SPSB,0.3 %,1.4 %,161,690,7.2 %,6.0 %,4.4 %,23.0 %,0.0 %,-0.2 %,2,5,0.2,0.4,100.0 %,100.0 %,,,80,136,0.2 %,0.3 %,4.5,2,0,0,2,5,0,0,2,4,0,0,2,4,,,2,5,,,1.8,6.4,0,0,0.0 %,0.0 %,0,0,0.0 %,0.0 %,0,0,0.0 %,0.0 %,100.0 %,100.0 %,100.0 %,100.0 %,100.0 %,100.0 %,80,136,0,0,100.0 %,100.0 %
SPTI,19d RSI SPTI LT38 - L SPTI,1.0 %,3.5 %,499,1754,17.5 %,12.0 %,5.7 %,29.2 %,-0.5 %,-1.0 %,8,9,0.7,0.8,75.0 %,88.9 %,1,,62,191,0.1 %,0.4 %,3,2.3,2,1,4,6,2,1,4,5,2,0,1,6,3,8,6,8,3.1,,1.4,4,-483,0,-0.5 %,0.0 %,-483,0,-0.5 %,0.0 %,-108,0,-0.1 %,0.0 %,75.0 %,88.9 %,75.0 %,88.9 %,75.0 %,87.5 %,124,214,-121,0,50.0 %,100.0 %
SPTL,3d RSI SPTL LT11 - L SPTL,6.6 %,5.6 %,3293,2803,14.5 %,12.0 %,45.5 %,46.7 %,-1.0 %,-3.1 %,10,9,0.8,0.8,70.0 %,77.8 %,3.1,3.3,329,302,0.7 %,0.6 %,2.4,2.3,2,1,5,5,1,1,5,4,1,1,3,3,2.3,3.5,7,7,7.2,11.5,2.6,3.1,-1025,-151,-1.0 %,-0.3 %,-560,-151,-0.6 %,-0.3 %,-560,-151,-0.6 %,-0.3 %,70.0 %,77.8 %,70.0 %,77.8 %,77.8 %,75.0 %,547,426,-177,-129,71.4 %,71.4 %
SPTM,4d RSI SPTM LT15 - L SPTM,9.7 %,6.3 %,4854,3187,12.2 %,8.0 %,79.4 %,79.7 %,0.0 %,-2.2 %,5,6,0.4,0.5,100.0 %,83.3 %,,2.1,971,515,1.9 %,1.0 %,3.4,2.3,0,1,5,3,0,1,5,3,0,1,5,3,,5,5,5,,10.3,5.8,2.9,0,-332,0.0 %,-0.7 %,0,-332,0.0 %,-0.7 %,0,-332,0.0 %,-0.7 %,100.0 %,83.3 %,100.0 %,83.3 %,100.0 %,83.3 %,971,685,0,-332,100.0 %,80.0 %
SPTS,11d RSI SPTS LT35 - L SPTS,0.5 %,0.4 %,236,217,42.9 %,5.6 %,1.1 %,7.7 %,0.0 %,-0.2 %,4,4,0.3,0.3,100.0 %,75.0 %,,4,59,54,0.1 %,0.1 %,2,2.5,0,1,4,3,0,1,3,3,0,0,2,3,,3,4,3,,11.9,5,1.9,0,-20,0.0 %,-0.0 %,0,-20,0.0 %,-0.0 %,0,0,0.0 %,0.0 %,100.0 %,75.0 %,100.0 %,75.0 %,100.0 %,75.0 %,59,78,0,-20,100.0 %,100.0 %
SPXL,4d RSI SPXL LT15 - L SPXL,28.5 %,20.8 %,14233,10462,12.2 %,7.6 %,232.9 %,275.3 %,0.0 %,-6.9 %,5,6,0.4,0.5,100.0 %,83.3 %,,1.9,2847,1616,5.7 %,3.2 %,3.4,2.2,0,1,5,3,0,1,5,3,0,1,5,3,,5,5,5,,9.4,5.3,2.9,0,-1159,0.0 %,-2.3 %,0,-1159,0.0 %,-2.3 %,0,-1159,0.0 %,-2.3 %,100.0 %,83.3 %,100.0 %,83.3 %,100.0 %,83.3 %,2847,2171,0,-1159,100.0 %,80.0 %
SPXS,13d RSI SPXS LT27 - L SPXS,6.1 %,8.9 %,3025,4488,14.6 %,7.6 %,41.3 %,118.1 %,-0.9 %,-4.1 %,3,5,0.2,0.4,66.7 %,100.0 %,3.7,,1008,862,2.0 %,1.7 %,4.7,2.8,1,0,2,5,1,0,2,5,1,0,2,3,2,,2,5,7.5,,1.4,4.5,-932,0,-0.9 %,0.0 %,-932,0,-0.9 %,0.0 %,-932,0,-0.9 %,0.0 %,66.7 %,100.0 %,66.7 %,100.0 %,66.7 %,100.0 %,1746,862,-466,0,66.7 %,100.0 %
SPXU,7d RSI SPXU LT18 - L SPXU,7.1 %,8.6 %,3563,4311,35.7 %,8.0 %,20.0 %,107.8 %,0.0 %,-4.2 %,3,5,0.2,0.4,100.0 %,100.0 %,,,1188,831,2.4 %,1.7 %,3.7,3,0,0,3,5,0,0,3,5,0,0,3,4,,,3,5,,,9.8,3.2,0,0,0.0 %,0.0 %,0,0,0.0 %,0.0 %,0,0,0.0 %,0.0 %,100.0 %,100.0 %,100.0 %,100.0 %,100.0 %,100.0 %,1188,831,0,0,100.0 %,100.0 %
SPY,5d RSI SPY LT20 - L SPY,8.2 %,6.3 %,4090,3170,11.2 %,8.4 %,72.8 %,75.5 %,0.0 %,-2.3 %,5,6,0.4,0.5,100.0 %,83.3 %,,2.1,818,513,1.6 %,1.0 %,3,2.5,0,1,5,3,0,1,5,3,0,1,5,3,,5,5,5,,10.3,5.1,2.8,0,-332,0.0 %,-0.7 %,0,-332,0.0 %,-0.7 %,0,-332,0.0 %,-0.7 %,100.0 %,83.3 %,100.0 %,83.3 %,100.0 %,83.3 %,818,682,0,-332,100.0 %,80.0 %
SPYD,21d RSI SPYD LT32 - L SPYD,1.1 %,6.2 %,531,3148,100.0 %,5.6 %,1.1 %,112.4 %,0.0 %,-2.9 %,1,4,0.1,0.3,100.0 %,100.0 %,,,531,765,1.1 %,1.5 %,2,2.5,0,0,1,4,0,0,1,4,0,0,1,2,,,1,4,,,0,3.4,0,0,0.0 %,0.0 %,0,0,0.0 %,0.0 %,0,0,0.0 %,0.0 %,100.0 %,100.0 %,100.0 %,100.0 %,100.0 %,100.0 %,531,765,0,0,100.0 %,100.0 %
SPYG,21d RSI SPYG LT40 - L SPYG,6.5 %,3.2 %,3252,1614,9.9 %,5.2 %,65.9 %,62.1 %,0.0 %,-2.3 %,2,4,0.2,0.3,100.0 %,75.0 %,,1.5,1626,399,3.3 %,0.8 %,3,2.2,0,1,2,2,0,0,2,3,0,0,2,3,,3,2,3,,4.5,7.1,1.5,0,-455,0.0 %,-0.9 %,0,0,0.0 %,0.0 %,0,0,0.0 %,0.0 %,100.0 %,75.0 %,100.0 %,75.0 %,100.0 %,100.0 %,1626,683,0,-455,100.0 %,100.0 %
SPYV,8d RSI SPYV LT22 - L SPYV,-0.2 %,4.5 %,-105,2273,6.1 %,5.6 %,-3.5 %,81.2 %,-1.1 %,-1.3 %,2,4,0.2,0.3,50.0 %,100.0 %,0.8,,-53,555,-0.1 %,1.1 %,4.5,2.5,1,0,1,4,1,0,1,4,1,0,1,4,1,,1,4,0.8,,-0.1,4.4,-1111,0,-1.1 %,0.0 %,-1111,0,-1.1 %,0.0 %,-1111,0,-1.1 %,0.0 %,50.0 %,100.0 %,50.0 %,100.0 %,50.0 %,100.0 %,450,555,-555,0,50.0 %,100.0 %
SPYX,5d RSI SPYX LT19 - L SPYX,5.5 %,7.0 %,2737,3543,9.0 %,7.6 %,60.9 %,93.2 %,0.0 %,-2.4 %,4,6,0.3,0.5,75.0 %,83.3 %,10.8,1.8,684,572,1.4 %,1.1 %,3,2.2,1,1,3,3,1,1,3,3,1,1,3,3,3,5,3,5,32.3,8.8,2.4,2.7,-175,-439,-0.2 %,-0.9 %,-175,-439,-0.2 %,-0.9 %,-175,-439,-0.2 %,-0.9 %,75.0 %,83.3 %,75.0 %,83.3 %,75.0 %,83.3 %,942,774,-87,-439,75.0 %,80.0 %
SQQQ,6d RSI SQQQ LT15 - L SQQQ,3.9 %,15.2 %,1968,7638,9.8 %,6.8 %,40.0 %,224.7 %,-4.1 %,-4.0 %,3,4,0.2,0.3,66.7 %,100.0 %,1,,656,1806,1.3 %,3.6 %,2.7,3.2,1,0,1,4,1,0,1,4,1,0,1,4,2,,2,4,1.9,,0.5,3.5,-4149,0,-4.1 %,0.0 %,-4149,0,-4.1 %,0.0 %,-4149,0,-4.1 %,0.0 %,66.7 %,100.0 %,66.7 %,100.0 %,66.7 %,100.0 %,2021,1806,-2074,0,66.7 %,100.0 %
SRLN,21d RSI SRLN LT48 - L SRLN,0.4 %,1.2 %,179,631,100.0 %,6.4 %,0.4 %,19.7 %,0.0 %,-0.9 %,2,4,0.2,0.3,50.0 %,75.0 %,2.6,13.6,89,156,0.2 %,0.3 %,3.5,3,1,1,1,2,1,0,1,3,0,0,1,2,1,3,1,3,2.6,40.9,0.6,2.8,-219,-16,-0.2 %,-0.0 %,-219,0,-0.2 %,0.0 %,0,0,0.0 %,0.0 %,50.0 %,75.0 %,50.0 %,75.0 %,50.0 %,100.0 %,288,213,-110,-16,100.0 %,100.0 %
SRTY,3d RSI SRTY LT15 - L SRTY,19.5 %,44.0 %,9747,22203,18.9 %,20.0 %,103.2 %,222.0 %,-9.5 %,-13.6 %,10,15,0.8,1.3,60.0 %,80.0 %,1.4,1,975,1270,1.9 %,2.5 %,3.1,2.3,2,1,4,9,2,1,4,9,1,1,3,7,1.5,4,6,12,2.1,4.1,0.9,2.5,-2643,-2907,-2.6 %,-5.8 %,-2643,-2907,-2.6 %,-5.8 %,-10592,-351,-10.6 %,-0.7 %,60.0 %,80.0 %,60.0 %,80.0 %,60.0 %,80.0 %,3152,2101,-2291,-2052,62.5 %,88.9 %
SSO,4d RSI SSO LT15 - L SSO,19.2 %,13.9 %,9592,6989,12.2 %,7.6 %,157.0 %,183.9 %,0.0 %,-4.6 %,5,6,0.4,0.5,100.0 %,83.3 %,,2,1918,1102,3.8 %,2.2 %,3.4,2.2,0,1,5,3,0,1,5,3,0,1,5,3,,5,5,5,,9.8,5.4,2.9,0,-749,0.0 %,-1.5 %,0,-749,0.0 %,-1.5 %,0,-749,0.0 %,-1.5 %,100.0 %,83.3 %,100.0 %,83.3 %,100.0 %,83.3 %,1918,1473,0,-749,100.0 %,80.0 %
STIP,19d RSI STIP LT43 - L STIP,0.1 %,2.6 %,62,1299,100.0 %,8.0 %,0.1 %,32.5 %,0.0 %,-0.1 %,1,8,0.1,0.7,100.0 %,100.0 %,,,62,159,0.1 %,0.3 %,4,1.5,0,0,1,8,0,0,1,8,0,0,1,6,,,1,8,,,0,4.3,0,0,0.0 %,0.0 %,0,0,0.0 %,0.0 %,0,0,0.0 %,0.0 %,100.0 %,100.0 %,100.0 %,100.0 %,100.0 %,100.0 %,62,159,0,0,100.0 %,100.0 %
SUSB,10d RSI SUSB LT31 - L SUSB,0.7 %,1.5 %,343,739,22.2 %,5.2 %,3.1 %,28.4 %,0.0 %,-0.1 %,2,5,0.2,0.4,100.0 %,100.0 %,,,171,146,0.3 %,0.3 %,3,1.6,0,0,2,5,0,0,2,4,0,0,2,4,,,2,5,,,3.8,5.9,0,0,0.0 %,0.0 %,0,0,0.0 %,0.0 %,0,0,0.0 %,0.0 %,100.0 %,100.0 %,100.0 %,100.0 %,100.0 %,100.0 %,171,146,0,0,100.0 %,100.0 %
SUSC,5d RSI SUSC LT19 - L SUSC,2.3 %,1.6 %,1143,824,11.1 %,6.8 %,20.6 %,24.2 %,-0.0 %,-1.2 %,6,4,0.5,0.3,83.3 %,75.0 %,10.1,11.1,190,204,0.4 %,0.4 %,2.3,3.2,1,1,5,3,1,1,5,3,1,1,4,3,5,3,5,3,50.4,33.2,3,2.2,-46,-25,-0.0 %,-0.1 %,-46,-25,-0.0 %,-0.1 %,-46,-25,-0.0 %,-0.1 %,83.3 %,75.0 %,83.3 %,75.0 %,83.3 %,75.0 %,233,280,-23,-25,80.0 %,75.0 %
SVXY,19d RSI SVXY LT40 - L SVXY,9.4 %,30.2 %,4683,15246,20.4 %,7.2 %,45.8 %,423.5 %,-12.9 %,-2.3 %,8,7,0.7,0.6,87.5 %,100.0 %,0.2,,585,1930,1.2 %,3.9 %,3.6,1.6,1,0,5,7,1,0,5,6,1,0,4,3,7,,7,7,1.7,,0.6,6.7,-13905,0,-13.9 %,0.0 %,-13905,0,-13.9 %,0.0 %,-10040,0,-10.0 %,0.0 %,87.5 %,100.0 %,87.5 %,100.0 %,87.5 %,100.0 %,1662,1930,-6952,0,85.7 %,100.0 %
TAIL,7d RSI TAIL LT23 - L TAIL,2.3 %,1.3 %,1129,643,4.8 %,5.6 %,47.4 %,23.0 %,0.0 %,-2.2 %,3,3,0.2,0.2,100.0 %,66.7 %,,1.9,376,213,0.8 %,0.4 %,2.3,3.7,0,1,3,2,0,1,3,2,0,1,3,2,,2,3,2,,3.8,2.4,1.2,0,-228,0.0 %,-0.5 %,0,-228,0.0 %,-0.5 %,0,-228,0.0 %,-0.5 %,100.0 %,66.7 %,100.0 %,66.7 %,100.0 %,66.7 %,376,433,0,-228,100.0 %,66.7 %
TBT,9d RSI TBT LT26 - L TBT,3.1 %,8.8 %,1550,4410,100.0 %,5.2 %,3.1 %,169.6 %,0.0 %,-1.8 %,1,4,0.1,0.3,100.0 %,100.0 %,,,1550,1062,3.1 %,2.1 %,2,2.2,0,0,1,4,0,0,1,3,0,0,1,1,,,1,4,,,0,4.1,0,0,0.0 %,0.0 %,0,0,0.0 %,0.0 %,0,0,0.0 %,0.0 %,100.0 %,100.0 %,100.0 %,100.0 %,100.0 %,100.0 %,1550,1062,0,0,100.0 %,100.0 %
TDIV,9d RSI TDIV LT28 - L TDIV,4.4 %,6.4 %,2205,3219,9.9 %,5.2 %,44.6 %,123.8 %,0.0 %,-1.1 %,2,4,0.2,0.3,100.0 %,100.0 %,,,1102,781,2.2 %,1.6 %,3,2.2,0,0,2,4,0,0,2,4,0,0,2,4,,,2,4,,,2.6,6.8,0,0,0.0 %,0.0 %,0,0,0.0 %,0.0 %,0,0,0.0 %,0.0 %,100.0 %,100.0 %,100.0 %,100.0 %,100.0 %,100.0 %,1102,781,0,0,100.0 %,100.0 %
TDTF,8d RSI TDTF LT27 - L TDTF,0.3 %,3.0 %,135,1516,40.8 %,8.0 %,0.7 %,37.9 %,-0.0 %,-0.7 %,3,5,0.2,0.4,33.3 %,100.0 %,4.4,,45,297,0.1 %,0.6 %,5.3,3,1,0,1,5,1,0,1,5,1,0,1,5,0.5,,1,5,2.2,,0.5,5.7,-178,0,-0.2 %,0.0 %,-178,0,-0.2 %,0.0 %,-178,0,-0.2 %,0.0 %,33.3 %,100.0 %,33.3 %,100.0 %,33.3 %,100.0 %,246,297,-56,0,33.3 %,100.0 %
TDTT,11d RSI TDTT LT34 - L TDTT,0.2 %,1.7 %,111,846,31.0 %,5.2 %,0.7 %,32.5 %,0.0 %,-0.2 %,2,5,0.2,0.4,100.0 %,100.0 %,,,55,167,0.1 %,0.3 %,5.5,1.6,0,0,2,5,0,0,2,5,0,0,2,4,,,2,5,,,7,3.4,0,0,0.0 %,0.0 %,0,0,0.0 %,0.0 %,0,0,0.0 %,0.0 %,100.0 %,100.0 %,100.0 %,100.0 %,100.0 %,100.0 %,55,167,0,0,100.0 %,100.0 %
TECL,10d RSI TECL LT29 - L TECL,17.5 %,16.6 %,8767,8389,17.1 %,5.2 %,102.7 %,322.7 %,0.0 %,-3.5 %,3,4,0.2,0.3,100.0 %,100.0 %,,,2922,1968,5.8 %,3.9 %,3.7,2.2,0,0,3,4,0,0,3,4,0,0,3,3,,,3,4,,,2.3,5,0,0,0.0 %,0.0 %,0,0,0.0 %,0.0 %,0,0,0.0 %,0.0 %,100.0 %,100.0 %,100.0 %,100.0 %,100.0 %,100.0 %,2922,1968,0,0,100.0 %,100.0 %
TECS,6d RSI TECS LT15 - L TECS,4.0 %,11.3 %,2001,5694,13.7 %,5.2 %,29.2 %,219.0 %,-4.7 %,-4.5 %,4,2,0.3,0.2,50.0 %,100.0 %,1.7,,500,2755,1.0 %,5.5 %,3,5.5,1,0,1,2,1,0,1,2,1,0,1,2,1,,2,2,1.7,,0.4,5,-4769,0,-4.8 %,0.0 %,-4769,0,-4.8 %,0.0 %,-4769,0,-4.8 %,0.0 %,50.0 %,100.0 %,50.0 %,100.0 %,50.0 %,100.0 %,2365,2755,-1365,0,50.0 %,100.0 %
TFI,18d RSI TFI LT32 - L TFI,1.1 %,1.7 %,537,862,7.4 %,14.0 %,14.5 %,12.3 %,0.0 %,-2.6 %,2,8,0.2,0.7,100.0 %,87.5 %,,0.3,269,108,0.5 %,0.2 %,3,3.4,0,1,2,4,0,1,2,4,0,1,2,4,,7,2,7,,1.9,2.9,0.8,0,-938,0.0 %,-1.9 %,0,-938,0.0 %,-1.9 %,0,-4,0.0 %,-0.0 %,100.0 %,87.5 %,100.0 %,87.5 %,100.0 %,85.7 %,269,257,0,-938,100.0 %,80.0 %
TFLO,4d RSI TFLO LT63 - L TFLO,0.1 %,0.5 %,64,231,100.0 %,7.2 %,0.1 %,6.4 %,0.0 %,-0.1 %,1,5,0.1,0.4,100.0 %,100.0 %,,,64,46,0.1 %,0.1 %,3,2.6,0,0,1,5,0,0,1,5,0,0,1,3,,,1,5,,,0,8.2,0,0,0.0 %,0.0 %,0,0,0.0 %,0.0 %,0,0,0.0 %,0.0 %,100.0 %,100.0 %,100.0 %,100.0 %,100.0 %,100.0 %,64,46,0,0,100.0 %,100.0 %
THD,6d RSI THD LT12 - L THD,0.7 %,3.6 %,326,1817,100.0 %,5.2 %,0.7 %,69.9 %,0.0 %,-1.6 %,1,5,0.1,0.4,100.0 %,80.0 %,,3.2,326,356,0.7 %,0.7 %,1,1.6,0,1,1,3,0,1,1,3,0,1,1,3,,4,1,4,,12.7,0,2.4,0,-153,0.0 %,-0.3 %,0,-153,0.0 %,-0.3 %,0,-153,0.0 %,-0.3 %,100.0 %,80.0 %,100.0 %,80.0 %,100.0 %,80.0 %,326,484,0,-153,100.0 %,80.0 %
TIP,8d RSI TIP LT26 - L TIP,0.2 %,2.8 %,115,1417,19.0 %,7.2 %,1.2 %,39.4 %,-0.1 %,-0.9 %,2,5,0.2,0.4,50.0 %,100.0 %,3.2,,57,278,0.1 %,0.6 %,3,2.6,1,0,1,5,1,0,1,5,1,0,1,4,1,,1,5,3.2,,0.7,3.6,-107,0,-0.1 %,0.0 %,-107,0,-0.1 %,0.0 %,-107,0,-0.1 %,0.0 %,50.0 %,100.0 %,50.0 %,100.0 %,50.0 %,100.0 %,168,278,-53,0,50.0 %,100.0 %
TIPX,17d RSI TIPX LT40 - L TIPX,0.3 %,4.8 %,169,2412,49.0 %,12.4 %,0.7 %,38.9 %,0.0 %,-0.5 %,4,10,0.3,0.8,75.0 %,90.0 %,1,4.4,42,235,0.1 %,0.5 %,5,2.1,1,1,3,8,1,1,3,8,0,0,2,8,3,9,3,9,3,39.9,1.1,3.8,-168,-60,-0.2 %,-0.1 %,-168,-60,-0.2 %,-0.1 %,0,0,0.0 %,0.0 %,75.0 %,90.0 %,75.0 %,90.0 %,75.0 %,90.0 %,84,267,-84,-60,100.0 %,100.0 %
TLH,3d RSI TLH LT11 - L TLH,3.2 %,4.4 %,1607,2228,14.3 %,10.0 %,22.5 %,44.6 %,-2.2 %,-2.6 %,8,7,0.7,0.6,87.5 %,100.0 %,0.3,,201,311,0.4 %,0.6 %,2.9,2.6,1,0,7,7,1,0,7,7,1,0,6,6,7,,7,7,2.4,,1,3.5,-2276,0,-2.3 %,0.0 %,-2276,0,-2.3 %,0.0 %,-2276,0,-2.3 %,0.0 %,87.5 %,100.0 %,87.5 %,100.0 %,87.5 %,100.0 %,392,311,-1138,0,85.7 %,100.0 %
TLT,3d RSI TLT LT10 - L TLT,7.7 %,3.9 %,3841,1942,16.5 %,9.2 %,46.5 %,42.2 %,-0.5 %,-3.3 %,9,6,0.8,0.5,77.8 %,66.7 %,4.7,11.2,427,317,0.9 %,0.6 %,3.3,2.8,2,1,7,3,2,1,7,2,1,1,5,2,3.5,2,7,4,16.4,22.4,3.2,2.3,-499,-89,-0.5 %,-0.2 %,-499,-89,-0.5 %,-0.2 %,-499,-89,-0.5 %,-0.2 %,77.8 %,66.7 %,77.8 %,66.7 %,77.8 %,60.0 %,584,498,-125,-45,83.3 %,60.0 %
TMF,3d RSI TMF LT10 - L TMF,21.1 %,0.8 %,10539,395,16.5 %,9.6 %,127.5 %,8.2 %,-1.7 %,-11.9 %,9,6,0.8,0.5,66.7 %,50.0 %,5.5,1.2,1171,74,2.3 %,0.1 %,3.3,3,3,1,6,1,3,2,6,1,2,2,4,1,2,1,6,3,11,1.2,2.8,0.2,-2116,-1141,-2.1 %,-2.3 %,-2116,-532,-2.1 %,-1.1 %,-2116,-1673,-2.1 %,-3.4 %,66.7 %,50.0 %,66.7 %,50.0 %,66.7 %,40.0 %,1933,955,-353,-806,66.7 %,40.0 %
TMV,8d RSI TMV LT25 - L TMV,4.8 %,12.9 %,2397,6483,100.0 %,5.2 %,4.8 %,249.3 %,0.0 %,-2.8 %,1,4,0.1,0.3,100.0 %,100.0 %,,,2397,1542,4.8 %,3.1 %,2,2.2,0,0,1,4,0,0,1,3,0,0,1,1,,,1,4,,,0,3.8,0,0,0.0 %,0.0 %,0,0,0.0 %,0.0 %,0,0,0.0 %,0.0 %,100.0 %,100.0 %,100.0 %,100.0 %,100.0 %,100.0 %,2397,1542,0,0,100.0 %,100.0 %
TOTL,4d RSI TOTL LT10 - L TOTL,2.1 %,2.6 %,1060,1332,3.8 %,6.4 %,55.1 %,41.6 %,0.0 %,-0.9 %,2,4,0.2,0.3,100.0 %,100.0 %,,,530,328,1.1 %,0.7 %,2.5,3,0,0,2,4,0,0,2,4,0,0,2,4,,,2,4,,,1.7,3.8,0,0,0.0 %,0.0 %,0,0,0.0 %,0.0 %,0,0,0.0 %,0.0 %,100.0 %,100.0 %,100.0 %,100.0 %,100.0 %,100.0 %,530,328,0,0,100.0 %,100.0 %
TQQQ,7d RSI TQQQ LT28 - L TQQQ,23.9 %,23.9 %,11959,12029,20.0 %,6.8 %,119.6 %,353.8 %,0.0 %,-6.8 %,5,5,0.4,0.4,80.0 %,80.0 %,6.3,32.1,2392,2212,4.8 %,4.4 %,3.2,2.4,1,1,4,3,1,1,4,3,1,1,3,2,4,4,4,4,25.2,128.6,3.1,3.1,-988,-87,-1.0 %,-0.2 %,-988,-87,-1.0 %,-0.2 %,-988,-87,-1.0 %,-0.2 %,80.0 %,80.0 %,80.0 %,80.0 %,80.0 %,80.0 %,3113,2787,-494,-87,75.0 %,75.0 %
TSL,5d RSI TSL LT13 - L TSL,-4.7 %,14.9 %,-2358,7518,23.3 %,5.6 %,-20.3 %,268.5 %,0.0 %,-9.8 %,3,4,0.2,0.3,66.7 %,75.0 %,0.4,2.5,-786,1806,-1.6 %,3.6 %,4.3,2.5,1,1,2,2,1,1,2,2,1,1,2,2,2,3,2,3,0.7,7.5,-0.3,1.8,-16198,-1108,-16.2 %,-2.2 %,-16198,-1108,-16.2 %,-2.2 %,-16198,-1108,-16.2 %,-2.2 %,66.7 %,75.0 %,66.7 %,75.0 %,66.7 %,75.0 %,2870,2777,-8099,-1108,66.7 %,75.0 %
TUR,17d RSI TUR LT38 - L TUR,5.9 %,27.5 %,2957,13859,22.2 %,9.6 %,26.7 %,288.7 %,-5.6 %,-5.6 %,14,7,1.2,0.6,64.3 %,85.7 %,0.9,5.1,211,1792,0.4 %,3.6 %,2.4,2.4,3,1,3,5,3,0,5,6,1,0,4,4,1.8,6,9,6,1.7,30.7,0.9,2.9,-5570,-423,-5.6 %,-0.8 %,-5570,0,-5.6 %,0.0 %,-1191,0,-1.2 %,0.0 %,64.3 %,85.7 %,64.3 %,85.7 %,66.7 %,100.0 %,825,2161,-894,-423,83.3 %,100.0 %
TWM,3d RSI TWM LT15 - L TWM,13.2 %,32.1 %,6598,16190,18.9 %,18.4 %,69.8 %,176.0 %,-6.6 %,-9.2 %,10,15,0.8,1.3,60.0 %,80.0 %,1.4,1.1,660,954,1.3 %,1.9 %,3.1,2.1,2,1,4,9,2,1,4,9,1,1,3,7,1.5,4,6,12,2.1,4.6,1,2.9,-1619,-1920,-1.6 %,-3.8 %,-1619,-1920,-1.6 %,-3.8 %,-6926,-161,-6.9 %,-0.3 %,60.0 %,80.0 %,60.0 %,80.0 %,60.0 %,80.0 %,2079,1525,-1470,-1332,62.5 %,88.9 %
TZA,3d RSI TZA LT15 - L TZA,14.7 %,34.0 %,7371,17110,22.1 %,16.4 %,66.6 %,208.7 %,-16.0 %,-13.5 %,11,13,0.9,1.1,54.5 %,76.9 %,1.4,1.1,670,1176,1.3 %,2.4 %,3.4,2.1,3,1,5,8,3,1,5,8,3,2,4,6,1.2,3.3,6,10,1.6,3.5,0.7,2.2,-21061,-2861,-21.1 %,-5.7 %,-21061,-2861,-21.1 %,-5.7 %,-21061,-2324,-21.1 %,-4.7 %,54.5 %,76.9 %,54.5 %,76.9 %,54.5 %,76.9 %,3190,2133,-2354,-2016,55.6 %,75.0 %
UAE,6d RSI UAE LT18 - L UAE,3.7 %,8.6 %,1830,4322,7.3 %,8.0 %,50.2 %,108.1 %,0.0 %,-2.3 %,2,5,0.2,0.4,100.0 %,100.0 %,,,915,831,1.8 %,1.7 %,2.5,3,0,0,2,5,0,0,2,5,0,0,2,4,,,2,5,,,7.8,4.5,0,0,0.0 %,0.0 %,0,0,0.0 %,0.0 %,0,0,0.0 %,0.0 %,100.0 %,100.0 %,100.0 %,100.0 %,100.0 %,100.0 %,915,831,0,0,100.0 %,100.0 %
UBND,5d RSI UBND LT17 - L UBND,1.0 %,3.7 %,493,1843,28.6 %,11.2 %,3.4 %,32.9 %,0.0 %,-0.7 %,5,9,0.4,0.8,60.0 %,66.7 %,5.2,4.2,99,201,0.2 %,0.4 %,2.2,2.1,1,1,3,4,1,1,3,4,1,1,2,3,1.5,2,3,6,7.8,8.5,1.7,2.3,-146,-241,-0.1 %,-0.5 %,-146,-241,-0.1 %,-0.5 %,0,-241,0.0 %,-0.5 %,60.0 %,66.7 %,60.0 %,66.7 %,60.0 %,66.7 %,189,341,-36,-80,66.7 %,62.5 %
UCO,11d RSI UCO LT33 - L UCO,6.1 %,53.1 %,3049,26741,28.9 %,10.0 %,21.1 %,534.8 %,-1.4 %,-6.3 %,5,8,0.4,0.7,60.0 %,100.0 %,2.9,,610,2745,1.2 %,5.5 %,4.6,2.1,1,0,2,8,1,0,2,8,1,0,2,6,1.5,,3,8,4.4,,1.5,6.7,-1456,0,-1.5 %,0.0 %,-1456,0,-1.5 %,0.0 %,-1456,0,-1.5 %,0.0 %,60.0 %,100.0 %,60.0 %,100.0 %,60.0 %,100.0 %,1319,2745,-453,0,60.0 %,100.0 %
UDN,3d RSI UDN LT12 - L UDN,0.3 %,2.2 %,141,1094,10.2 %,8.4 %,2.8 %,26.1 %,-0.9 %,-0.7 %,5,6,0.4,0.5,80.0 %,66.7 %,0.3,17.8,28,180,0.1 %,0.4 %,4,2.5,1,1,2,3,1,1,2,3,1,1,2,4,4,2,4,4,1.3,35.6,0.2,2.9,-874,-31,-0.9 %,-0.1 %,-874,-31,-0.9 %,-0.1 %,-874,-31,-0.9 %,-0.1 %,80.0 %,66.7 %,80.0 %,66.7 %,80.0 %,66.7 %,145,277,-437,-16,80.0 %,80.0 %
UDOW,6d RSI UDOW LT20 - L UDOW,7.6 %,8.4 %,3799,4235,11.6 %,8.0 %,65.5 %,105.9 %,-3.9 %,-7.4 %,4,4,0.3,0.3,75.0 %,75.0 %,0.9,1.5,950,1037,1.9 %,2.1 %,4.2,4,1,1,3,2,1,1,3,2,1,0,3,3,3,3,3,3,2.7,4.5,0.9,1.5,-4399,-1176,-4.4 %,-2.4 %,-4399,-1176,-4.4 %,-2.4 %,-4399,0,-4.4 %,0.0 %,75.0 %,75.0 %,75.0 %,75.0 %,75.0 %,75.0 %,1999,1775,-2200,-1176,75.0 %,100.0 %
UGL,21d RSI UGL LT42 - L UGL,3.9 %,2.6 %,1933,1325,3.5 %,18.8 %,110.5 %,14.1 %,0.0 %,-9.9 %,2,10,0.2,0.8,100.0 %,70.0 %,,0.6,967,160,1.9 %,0.3 %,2.5,3.7,0,1,2,4,0,1,2,4,0,1,2,4,,2.3,2,7,,1.3,3.2,0.3,0,-3874,0.0 %,-7.8 %,0,-3874,0.0 %,-7.8 %,0,-1081,0.0 %,-2.2 %,100.0 %,70.0 %,100.0 %,70.0 %,100.0 %,66.7 %,967,1010,0,-1822,100.0 %,75.0 %
UITB,5d RSI UITB LT15 - L UITB,0.8 %,3.3 %,396,1681,24.5 %,5.2 %,3.2 %,64.7 %,-0.1 %,-0.1 %,3,5,0.2,0.4,66.7 %,100.0 %,4.8,,132,329,0.3 %,0.7 %,3.3,1.6,1,0,2,5,1,0,2,5,1,0,2,5,2,,2,5,9.7,,1.8,8.8,-91,0,-0.1 %,0.0 %,-91,0,-0.1 %,0.0 %,-91,0,-0.1 %,0.0 %,66.7 %,100.0 %,66.7 %,100.0 %,66.7 %,100.0 %,221,329,-46,0,66.7 %,100.0 %
ULST,4d RSI ULST LT41 - L ULST,1.1 %,0.5 %,550,226,13.0 %,5.6 %,8.4 %,8.1 %,-0.1 %,-0.1 %,8,2,0.7,0.2,87.5 %,100.0 %,2.1,,69,112,0.1 %,0.2 %,2.8,6,1,0,5,2,1,0,5,2,1,0,4,2,7,,7,2,15,,2.7,1.9,-79,0,-0.1 %,0.0 %,-79,0,-0.1 %,0.0 %,-79,0,-0.1 %,0.0 %,87.5 %,100.0 %,87.5 %,100.0 %,87.5 %,100.0 %,84,112,-39,0,85.7 %,100.0 %
UPRO,4d RSI UPRO LT15 - L UPRO,28.8 %,21.0 %,14382,10565,12.2 %,7.6 %,235.3 %,278.0 %,0.0 %,-6.9 %,5,6,0.4,0.5,100.0 %,83.3 %,,1.9,2876,1631,5.8 %,3.3 %,3.4,2.2,0,1,5,3,0,1,5,3,0,1,5,3,,5,5,5,,9.3,5.3,2.8,0,-1181,0.0 %,-2.4 %,0,-1181,0.0 %,-2.4 %,0,-1181,0.0 %,-2.4 %,100.0 %,83.3 %,100.0 %,83.3 %,100.0 %,83.3 %,2876,2194,0,-1181,100.0 %,80.0 %
URA,3d RSI URA LT16 - L URA,-7.4 %,20.4 %,-3718,10275,21.7 %,14.4 %,-34.3 %,142.7 %,-9.7 %,-6.9 %,7,8,0.6,0.7,28.6 %,87.5 %,1,2.6,-531,1180,-1.1 %,2.4 %,5.6,3.5,5,1,2,5,5,1,2,5,5,1,2,5,0.4,7,2,7,0.4,18,-1.1,3.9,-12170,-554,-12.2 %,-1.1 %,-12170,-554,-12.2 %,-1.1 %,-12170,-150,-12.2 %,-0.3 %,28.6 %,87.5 %,28.6 %,87.5 %,28.6 %,87.5 %,1184,1428,-1217,-554,28.6 %,85.7 %
URTH,9d RSI URTH LT27 - L URTH,5.3 %,2.1 %,2633,1082,7.8 %,5.2 %,67.7 %,41.6 %,0.0 %,-1.5 %,3,4,0.2,0.3,66.7 %,75.0 %,354.2,6.8,878,267,1.8 %,0.5 %,3.7,2.2,1,1,2,3,1,1,2,3,1,1,2,2,2,3,2,3,708.5,20.4,2.3,2.9,-7,-55,-0.0 %,-0.1 %,-7,-55,-0.0 %,-0.1 %,-7,-55,-0.0 %,-0.1 %,66.7 %,75.0 %,66.7 %,75.0 %,66.7 %,75.0 %,1318,374,-4,-55,66.7 %,66.7 %
USD,8d RSI USD LT30 - L USD,39.0 %,33.8 %,19515,17048,16.5 %,8.4 %,236.5 %,405.9 %,0.0 %,-4.6 %,4,5,0.3,0.4,100.0 %,100.0 %,,,4879,3016,9.8 %,6.0 %,3.2,3.2,0,0,4,5,0,0,4,5,0,0,4,5,,,4,5,,,10.9,5.3,0,0,0.0 %,0.0 %,0,0,0.0 %,0.0 %,0,0,0.0 %,0.0 %,100.0 %,100.0 %,100.0 %,100.0 %,100.0 %,100.0 %,4879,3016,0,0,100.0 %,100.0 %
USDU,7d RSI USDU LT24 - L USDU,1.3 %,4.8 %,635,2444,10.4 %,6.8 %,12.2 %,71.9 %,0.0 %,-0.2 %,3,5,0.2,0.4,100.0 %,100.0 %,,,212,477,0.4 %,0.9 %,3.3,2.4,0,0,3,5,0,0,3,5,0,0,3,4,,,3,5,,,3.1,3.1,0,0,0.0 %,0.0 %,0,0,0.0 %,0.0 %,0,0,0.0 %,0.0 %,100.0 %,100.0 %,100.0 %,100.0 %,100.0 %,100.0 %,212,477,0,0,100.0 %,100.0 %
USFR,3d RSI USFR LT70 - L USFR,0.4 %,1.0 %,223,508,18.8 %,18.8 %,2.4 %,5.4 %,0.0 %,-0.0 %,8,13,0.7,1.1,100.0 %,100.0 %,,,28,39,0.1 %,0.1 %,1.8,2.6,0,0,8,13,0,0,8,12,0,0,6,9,,,8,13,,,15.3,8,0,0,0.0 %,0.0 %,0,0,0.0 %,0.0 %,0,0,0.0 %,0.0 %,100.0 %,100.0 %,100.0 %,100.0 %,100.0 %,100.0 %,28,39,0,0,100.0 %,100.0 %
USHY,7d RSI USHY LT24 - L USHY,0.7 %,3.7 %,371,1880,6.5 %,6.0 %,11.4 %,62.7 %,0.0 %,-0.6 %,2,4,0.2,0.3,100.0 %,100.0 %,,,186,461,0.4 %,0.9 %,4.5,2.8,0,0,2,4,0,0,2,4,0,0,2,3,,,2,4,,,1.5,3.2,0,0,0.0 %,0.0 %,0,0,0.0 %,0.0 %,0,0,0.0 %,0.0 %,100.0 %,100.0 %,100.0 %,100.0 %,100.0 %,100.0 %,186,461,0,0,100.0 %,100.0 %
USIG,4d RSI USIG LT13 - L USIG,1.0 %,2.3 %,524,1142,18.6 %,5.6 %,5.6 %,40.8 %,0.0 %,-1.1 %,3,4,0.2,0.3,100.0 %,100.0 %,,,175,282,0.3 %,0.6 %,1.7,2.5,0,0,3,4,0,0,3,4,0,0,3,4,,,3,4,,,1.7,2.2,0,0,0.0 %,0.0 %,0,0,0.0 %,0.0 %,0,0,0.0 %,0.0 %,100.0 %,100.0 %,100.0 %,100.0 %,100.0 %,100.0 %,175,282,0,0,100.0 %,100.0 %
USMC,5d RSI USMC LT26 - L USMC,8.2 %,6.3 %,4097,3154,17.5 %,12.8 %,46.7 %,49.3 %,0.0 %,-3.8 %,6,8,0.5,0.7,100.0 %,75.0 %,,1.1,683,385,1.4 %,0.8 %,3.5,3,0,1,6,5,0,1,6,5,0,2,5,4,,3,6,6,,3.3,4.1,1.7,0,-934,0.0 %,-1.9 %,0,-934,0.0 %,-1.9 %,0,-564,0.0 %,-1.1 %,100.0 %,75.0 %,100.0 %,75.0 %,100.0 %,75.0 %,683,738,0,-675,100.0 %,66.7 %
USMV,15d RSI USMV LT33 - L USMV,1.6 %,4.5 %,823,2289,4.4 %,5.2 %,37.1 %,88.0 %,0.0 %,-1.1 %,2,4,0.2,0.3,100.0 %,75.0 %,,,412,560,0.8 %,1.1 %,3,2.2,0,1,2,2,0,0,2,3,0,0,2,2,,3,2,3,,,6.5,2.7,0,0,0.0 %,0.0 %,0,0,0.0 %,0.0 %,0,0,0.0 %,0.0 %,100.0 %,75.0 %,100.0 %,75.0 %,100.0 %,100.0 %,412,747,0,0,100.0 %,100.0 %
USO,3d RSI USO LT11 - L USO,12.0 %,32.1 %,6020,16163,17.8 %,13.6 %,67.8 %,237.7 %,0.0 %,-3.7 %,5,9,0.4,0.8,100.0 %,100.0 %,,,1204,1573,2.4 %,3.1 %,2.8,2.8,0,0,5,9,0,0,5,9,0,0,5,8,,,5,9,,,3.3,8,0,0,0.0 %,0.0 %,0,0,0.0 %,0.0 %,0,0,0.0 %,0.0 %,100.0 %,100.0 %,100.0 %,100.0 %,100.0 %,100.0 %,1204,1573,0,0,100.0 %,100.0 %
USOI,3d RSI USOI LT10 - L USOI,2.4 %,22.4 %,1176,11286,70.6 %,12.8 %,3.3 %,176.3 %,0.0 %,-3.5 %,2,8,0.2,0.7,100.0 %,100.0 %,,,588,1281,1.2 %,2.6 %,5,3,0,0,2,8,0,0,2,8,0,0,2,7,,,2,8,,,3.2,7.3,0,0,0.0 %,0.0 %,0,0,0.0 %,0.0 %,0,0,0.0 %,0.0 %,100.0 %,100.0 %,100.0 %,100.0 %,100.0 %,100.0 %,588,1281,0,0,100.0 %,100.0 %
USRT,11d RSI USRT LT26 - L USRT,1.2 %,2.7 %,602,1349,100.0 %,6.0 %,1.2 %,45.0 %,0.0 %,-4.3 %,1,3,0.1,0.2,100.0 %,66.7 %,,1.4,602,449,1.2 %,0.9 %,4,4,0,1,1,2,0,1,1,2,0,1,1,2,,2,1,2,,2.9,0,0.9,0,-722,0.0 %,-1.4 %,0,-722,0.0 %,-1.4 %,0,-722,0.0 %,-1.4 %,100.0 %,66.7 %,100.0 %,66.7 %,100.0 %,66.7 %,602,1034,0,-722,100.0 %,66.7 %
USTB,10d RSI USTB LT40 - L USTB,0.3 %,1.0 %,170,498,68.0 %,5.2 %,0.5 %,19.1 %,0.0 %,-0.1 %,3,5,0.2,0.4,66.7 %,100.0 %,8.5,,57,98,0.1 %,0.2 %,4.7,1.6,1,0,2,5,0,0,2,5,0,0,2,3,2,,2,5,17,,1.9,6.8,-21,0,-0.0 %,0.0 %,0,0,0.0 %,0.0 %,0,0,0.0 %,0.0 %,66.7 %,100.0 %,66.7 %,100.0 %,100.0 %,100.0 %,90,98,-11,0,100.0 %,100.0 %
UTES,21d RSI UTES LT38 - L UTES,1.8 %,2.1 %,908,1063,100.0 %,6.8 %,1.8 %,31.3 %,0.0 %,-8.5 %,1,5,0.1,0.4,100.0 %,80.0 %,,0.4,908,228,1.8 %,0.5 %,1,2.4,0,1,1,2,0,1,1,2,0,1,1,2,,4,1,4,,1.5,0,0.4,0,-2426,0.0 %,-4.8 %,0,-2426,0.0 %,-4.8 %,0,-408,0.0 %,-0.8 %,100.0 %,80.0 %,100.0 %,80.0 %,100.0 %,80.0 %,908,891,0,-2426,100.0 %,66.7 %
UUP,17d RSI UUP LT36 - L UUP,-0.3 %,4.6 %,-154,2334,55.6 %,7.2 %,-0.6 %,64.8 %,-0.6 %,-0.2 %,2,5,0.2,0.4,50.0 %,100.0 %,0.5,,-77,455,-0.2 %,0.9 %,4,2.6,1,0,1,5,1,0,1,4,1,0,0,5,1,,1,5,0.5,,-0.5,3.7,-612,0,-0.6 %,0.0 %,-612,0,-0.6 %,0.0 %,-308,0,-0.3 %,0.0 %,50.0 %,100.0 %,50.0 %,100.0 %,50.0 %,100.0 %,152,455,-306,0,0.0 %,100.0 %
VBK,11d RSI VBK LT28 - L VBK,0.2 %,6.4 %,84,3210,100.0 %,7.2 %,0.2 %,89.2 %,0.0 %,-1.4 %,1,5,0.1,0.4,100.0 %,100.0 %,,,84,622,0.2 %,1.2 %,3,2.6,0,0,1,5,0,0,1,5,0,0,1,4,,,1,5,,,0,6.8,0,0,0.0 %,0.0 %,0,0,0.0 %,0.0 %,0,0,0.0 %,0.0 %,100.0 %,100.0 %,100.0 %,100.0 %,100.0 %,100.0 %,84,622,0,0,100.0 %,100.0 %
VBR,19d RSI VBR LT35 - L VBR,1.5 %,8.4 %,744,4253,100.0 %,8.4 %,1.5 %,101.3 %,0.0 %,-5.0 %,1,6,0.1,0.5,100.0 %,83.3 %,,1,744,687,1.5 %,1.4 %,4,2.5,0,1,1,5,0,1,1,5,0,0,1,3,,5,1,5,,5,0,2,0,-1032,0.0 %,-2.1 %,0,-1032,0.0 %,-2.1 %,0,0,0.0 %,0.0 %,100.0 %,83.3 %,100.0 %,83.3 %,100.0 %,83.3 %,744,1031,0,-1032,100.0 %,100.0 %
VCIT,3d RSI VCIT LT10 - L VCIT,1.3 %,2.4 %,655,1209,10.6 %,9.2 %,12.4 %,26.3 %,-0.8 %,-1.1 %,5,6,0.4,0.5,80.0 %,83.3 %,0.6,2.1,131,198,0.3 %,0.4 %,4.2,2.8,1,1,4,5,1,1,4,5,1,1,3,4,4,5,4,5,2.5,10.6,0.9,2.4,-847,-124,-0.8 %,-0.2 %,-847,-124,-0.8 %,-0.2 %,-847,-124,-0.8 %,-0.2 %,80.0 %,83.3 %,80.0 %,83.3 %,80.0 %,83.3 %,270,263,-424,-124,75.0 %,80.0 %
VCLT,5d RSI VCLT LT17 - L VCLT,0.5 %,1.3 %,257,636,2.8 %,5.2 %,18.4 %,24.5 %,-0.3 %,-2.5 %,2,3,0.2,0.2,50.0 %,100.0 %,2.7,,128,210,0.3 %,0.4 %,1.5,3.3,1,0,1,3,1,0,1,3,1,0,1,3,1,,1,3,2.7,,0.7,3.9,-297,0,-0.3 %,0.0 %,-297,0,-0.3 %,0.0 %,-297,0,-0.3 %,0.0 %,50.0 %,100.0 %,50.0 %,100.0 %,50.0 %,100.0 %,405,210,-148,0,50.0 %,100.0 %
VCSH,16d RSI VCSH LT38 - L VCSH,0.6 %,1.6 %,302,826,4.7 %,6.0 %,12.8 %,27.5 %,0.0 %,-0.2 %,2,5,0.2,0.4,100.0 %,100.0 %,,,151,163,0.3 %,0.3 %,2.5,2,0,0,2,5,0,0,2,4,0,0,2,3,,,2,5,,,2.9,4.9,0,0,0.0 %,0.0 %,0,0,0.0 %,0.0 %,0,0,0.0 %,0.0 %,100.0 %,100.0 %,100.0 %,100.0 %,100.0 %,100.0 %,151,163,0,0,100.0 %,100.0 %
VDE,15d RSI VDE LT38 - L VDE,0.1 %,14.1 %,73,7086,11.6 %,16.8 %,1.3 %,84.4 %,-5.7 %,-7.8 %,6,10,0.5,0.8,66.7 %,90.0 %,0.5,0.6,12,671,0.0 %,1.3 %,3.7,3.2,2,1,3,8,2,1,3,8,2,1,3,5,2,9,4,9,1,5.2,0,2.3,-5998,-1595,-6.0 %,-3.2 %,-5998,-1595,-6.0 %,-3.2 %,-4373,-316,-4.4 %,-0.6 %,66.7 %,90.0 %,66.7 %,90.0 %,66.7 %,90.0 %,768,922,-1499,-1595,60.0 %,85.7 %
VEA,14d RSI VEA LT32 - L VEA,0.7 %,2.8 %,348,1401,100.0 %,6.0 %,0.7 %,46.7 %,0.0 %,-2.0 %,1,5,0.1,0.4,100.0 %,80.0 %,,2.5,348,276,0.7 %,0.6 %,4,2,0,1,1,3,0,1,1,2,0,0,1,3,,4,1,4,,10.1,0,2.4,0,-151,0.0 %,-0.3 %,0,-151,0.0 %,-0.3 %,0,0,0.0 %,0.0 %,100.0 %,80.0 %,100.0 %,80.0 %,100.0 %,75.0 %,348,382,0,-151,100.0 %,100.0 %
VEU,11d RSI VEU LT31 - L VEU,5.7 %,4.9 %,2840,2481,8.8 %,9.2 %,64.2 %,53.9 %,0.0 %,-1.9 %,4,8,0.3,0.7,100.0 %,75.0 %,,2.1,710,302,1.4 %,0.6 %,3,1.9,0,1,4,2,0,1,4,4,0,0,4,5,,3,4,6,,6.4,3.8,2.5,0,-264,0.0 %,-0.5 %,0,-264,0.0 %,-0.5 %,0,0,0.0 %,0.0 %,100.0 %,75.0 %,100.0 %,75.0 %,100.0 %,85.7 %,710,478,0,-225,100.0 %,100.0 %
VGIT,20d RSI VGIT LT38 - L VGIT,1.2 %,2.2 %,602,1130,15.5 %,8.8 %,7.8 %,25.7 %,-0.4 %,-0.5 %,7,7,0.6,0.6,85.7 %,100.0 %,0.7,,86,159,0.2 %,0.3 %,3,2.1,1,0,3,7,1,0,3,7,1,0,2,5,6,,6,7,4.1,,1.8,4.4,-393,0,-0.4 %,0.0 %,-393,0,-0.4 %,0.0 %,-32,0,-0.0 %,0.0 %,85.7 %,100.0 %,85.7 %,100.0 %,85.7 %,100.0 %,133,159,-197,0,75.0 %,100.0 %
VGK,13d RSI VGK LT33 - L VGK,2.1 %,1.8 %,1046,902,10.5 %,5.2 %,19.9 %,34.7 %,-0.3 %,-1.5 %,5,4,0.4,0.3,60.0 %,75.0 %,5.5,,209,222,0.4 %,0.4 %,2.8,2.2,1,1,1,2,1,1,2,2,0,0,3,3,1.5,3,3,3,8.2,,1.6,2.9,-274,0,-0.3 %,0.0 %,-274,0,-0.3 %,0.0 %,0,0,0.0 %,0.0 %,60.0 %,75.0 %,60.0 %,75.0 %,75.0 %,75.0 %,397,297,-72,0,100.0 %,100.0 %
VGLT,4d RSI VGLT LT14 - L VGLT,2.2 %,3.7 %,1120,1886,12.1 %,8.8 %,18.5 %,42.9 %,-2.0 %,-3.0 %,5,6,0.4,0.5,80.0 %,83.3 %,0.5,7.5,224,308,0.4 %,0.6 %,4.8,2.7,1,1,4,5,1,1,4,5,1,1,4,4,4,5,4,5,2.1,37.4,0.7,2.5,-2042,-51,-2.0 %,-0.1 %,-2042,-51,-2.0 %,-0.1 %,-2042,-51,-2.0 %,-0.1 %,80.0 %,83.3 %,80.0 %,83.3 %,80.0 %,83.3 %,535,380,-1021,-51,80.0 %,80.0 %
VGT,6d RSI VGT LT22 - L VGT,9.2 %,8.4 %,4591,4234,8.4 %,8.0 %,109.6 %,105.9 %,0.0 %,-2.5 %,4,5,0.3,0.4,100.0 %,100.0 %,,,1148,816,2.3 %,1.6 %,2.8,3,0,0,4,5,0,0,4,5,0,0,4,4,,,4,5,,,3.5,3.3,0,0,0.0 %,0.0 %,0,0,0.0 %,0.0 %,0,0,0.0 %,0.0 %,100.0 %,100.0 %,100.0 %,100.0 %,100.0 %,100.0 %,1148,816,0,0,100.0 %,100.0 %
VHT,9d RSI VHT LT23 - L VHT,-0.1 %,6.8 %,-39,3424,8.3 %,5.6 %,-0.9 %,122.3 %,-1.3 %,-1.4 %,3,4,0.2,0.3,66.7 %,100.0 %,0.5,,-13,830,-0.0 %,1.7 %,4,2.5,1,0,2,4,1,0,2,4,1,0,2,3,2,,2,4,0.9,,0,4.3,-1310,0,-1.3 %,0.0 %,-1310,0,-1.3 %,0.0 %,-1310,0,-1.3 %,0.0 %,66.7 %,100.0 %,66.7 %,100.0 %,66.7 %,100.0 %,308,830,-655,0,66.7 %,100.0 %
VIG,5d RSI VIG LT17 - L VIG,3.9 %,4.8 %,1938,2418,8.2 %,7.6 %,47.0 %,63.6 %,0.0 %,-2.0 %,3,5,0.2,0.4,100.0 %,100.0 %,,,646,471,1.3 %,0.9 %,4,2.8,0,0,3,5,0,0,3,5,0,0,3,4,,,3,5,,,3.9,5.3,0,0,0.0 %,0.0 %,0,0,0.0 %,0.0 %,0,0,0.0 %,0.0 %,100.0 %,100.0 %,100.0 %,100.0 %,100.0 %,100.0 %,646,471,0,0,100.0 %,100.0 %
VIGI,9d RSI VIGI LT26 - L VIGI,0.5 %,2.5 %,266,1232,7.1 %,6.4 %,7.5 %,38.5 %,0.0 %,-2.7 %,3,5,0.2,0.4,66.7 %,80.0 %,10.5,0.7,89,245,0.2 %,0.5 %,3.3,2.2,1,1,2,3,1,1,2,2,1,0,2,3,2,4,2,4,21,2.6,1.8,1,-27,-752,-0.0 %,-1.5 %,-27,-752,-0.0 %,-1.5 %,-27,0,-0.0 %,0.0 %,66.7 %,80.0 %,66.7 %,80.0 %,66.7 %,75.0 %,140,494,-13,-752,66.7 %,100.0 %
VLUE,5d RSI VLUE LT12 - L VLUE,0.4 %,3.6 %,196,1814,10.1 %,5.6 %,3.9 %,64.8 %,-3.0 %,-2.9 %,3,3,0.2,0.2,66.7 %,100.0 %,0.6,,65,593,0.1 %,1.2 %,5,3.7,1,0,2,3,1,0,2,3,1,0,2,3,2,,2,3,1.1,,0.1,9.8,-3152,0,-3.2 %,0.0 %,-3152,0,-3.2 %,0.0 %,-3152,0,-3.2 %,0.0 %,66.7 %,100.0 %,66.7 %,100.0 %,66.7 %,100.0 %,886,593,-1576,0,66.7 %,100.0 %
VMBS,4d RSI VMBS LT17 - L VMBS,1.0 %,4.5 %,519,2261,12.5 %,14.4 %,8.3 %,31.4 %,-0.7 %,-2.4 %,6,9,0.5,0.8,66.7 %,77.8 %,1.2,2.8,87,245,0.2 %,0.5 %,3.7,3,2,1,4,4,2,1,4,4,2,1,4,4,2,3.5,4,7,2.5,9.7,0.9,3.1,-714,-254,-0.7 %,-0.5 %,-714,-254,-0.7 %,-0.5 %,-714,0,-0.7 %,0.0 %,66.7 %,77.8 %,66.7 %,77.8 %,66.7 %,77.8 %,219,351,-179,-127,66.7 %,85.7 %
VNLA,3d RSI VNLA LT69 - L VNLA,3.7 %,4.5 %,1864,2288,56.4 %,61.6 %,6.6 %,7.4 %,-0.0 %,-0.4 %,31,36,2.6,3,96.8 %,97.2 %,5.5,,60,62,0.1 %,0.1 %,3.6,3.3,1,1,28,29,1,1,26,27,0,0,12,12,30,35,30,35,163.8,,9.9,11.6,-23,0,-0.0 %,0.0 %,-23,0,-0.0 %,0.0 %,0,0,0.0 %,0.0 %,96.8 %,97.2 %,96.8 %,97.2 %,96.6 %,97.1 %,63,63,-11,0,100.0 %,100.0 %
VNM,7d RSI VNM LT23 - L VNM,-0.7 %,16.4 %,-335,8290,19.0 %,7.2 %,-3.5 %,230.3 %,-0.9 %,-2.0 %,6,7,0.5,0.6,33.3 %,100.0 %,1.7,,-56,1101,-0.1 %,2.2 %,4,1.6,2,0,1,7,2,0,1,7,2,0,1,6,0.5,,2,7,0.9,,-0.2,7.4,-3121,0,-3.1 %,0.0 %,-3121,0,-3.1 %,0.0 %,-3121,0,-3.1 %,0.0 %,33.3 %,100.0 %,33.3 %,100.0 %,33.3 %,100.0 %,974,1101,-571,0,40.0 %,100.0 %
VNQ,14d RSI VNQ LT29 - L VNQ,1.2 %,0.9 %,583,475,100.0 %,6.0 %,1.2 %,15.8 %,0.0 %,-5.7 %,1,3,0.1,0.2,100.0 %,66.7 %,,0.7,583,174,1.2 %,0.3 %,4,4,0,1,1,2,0,1,1,2,0,1,1,2,,2,1,2,,1.3,0,0.2,0,-1679,0.0 %,-3.4 %,0,-1679,0.0 %,-3.4 %,0,-1679,0.0 %,-3.4 %,100.0 %,66.7 %,100.0 %,66.7 %,100.0 %,66.7 %,583,1101,0,-1679,100.0 %,66.7 %
VNQI,20d RSI VNQI LT34 - L VNQI,0.7 %,5.2 %,336,2611,100.0 %,5.6 %,0.7 %,93.2 %,0.0 %,-1.1 %,1,4,0.1,0.3,100.0 %,100.0 %,,,336,636,0.7 %,1.3 %,2,2.5,0,0,1,4,0,0,1,4,0,0,1,2,,,1,4,,,0,4.6,0,0,0.0 %,0.0 %,0,0,0.0 %,0.0 %,0,0,0.0 %,0.0 %,100.0 %,100.0 %,100.0 %,100.0 %,100.0 %,100.0 %,336,636,0,0,100.0 %,100.0 %
VO,13d RSI VO LT28 - L VO,1.4 %,6.8 %,686,3431,100.0 %,6.8 %,1.4 %,100.9 %,0.0 %,-1.1 %,1,5,0.1,0.4,100.0 %,100.0 %,,,686,663,1.4 %,1.3 %,2,2.4,0,0,1,5,0,0,1,5,0,0,1,4,,,1,5,,,0,11.8,0,0,0.0 %,0.0 %,0,0,0.0 %,0.0 %,0,0,0.0 %,0.0 %,100.0 %,100.0 %,100.0 %,100.0 %,100.0 %,100.0 %,686,663,0,0,100.0 %,100.0 %
VOE,6d RSI VOE LT12 - L VOE,-2.5 %,1.8 %,-1244,907,100.0 %,5.2 %,-2.5 %,34.9 %,0.0 %,-3.2 %,1,3,0.1,0.2,0.0 %,100.0 %,0,,-1244,299,-2.5 %,0.6 %,4,3.3,1,0,0,3,1,0,0,3,1,0,0,3,0,,0,3,0,,0,2.8,-2488,0,-2.5 %,0.0 %,-2488,0,-2.5 %,0.0 %,-2488,0,-2.5 %,0.0 %,0.0 %,100.0 %,0.0 %,100.0 %,0.0 %,100.0 %,0,299,-1244,0,0.0 %,100.0 %
VONG,10d RSI VONG LT35 - L VONG,3.6 %,8.6 %,1813,4356,19.0 %,8.8 %,19.0 %,99.0 %,0.0 %,-2.4 %,4,6,0.3,0.5,100.0 %,66.7 %,,6.8,453,700,0.9 %,1.4 %,4,2.7,0,1,4,3,0,1,4,3,0,1,4,3,,2,4,4,,13.5,2.4,2.6,0,-196,0.0 %,-0.4 %,0,-196,0.0 %,-0.4 %,0,-140,0.0 %,-0.3 %,100.0 %,66.7 %,100.0 %,66.7 %,100.0 %,66.7 %,453,1134,0,-168,100.0 %,80.0 %
VONV,4d RSI VONV LT13 - L VONV,0.6 %,5.0 %,308,2535,10.6 %,12.0 %,5.8 %,42.2 %,-2.8 %,-2.6 %,4,7,0.3,0.6,75.0 %,85.7 %,0.4,2.1,77,353,0.2 %,0.7 %,5.5,3.3,1,1,3,4,1,1,3,4,1,1,3,3,3,6,3,6,1.2,12.7,0.2,2.3,-2854,-211,-2.9 %,-0.4 %,-2854,-211,-2.9 %,-0.4 %,-2854,-211,-2.9 %,-0.4 %,75.0 %,85.7 %,75.0 %,85.7 %,75.0 %,85.7 %,578,448,-1427,-211,75.0 %,80.0 %
VOO,5d RSI VOO LT20 - L VOO,10.0 %,6.3 %,4978,3157,12.2 %,8.4 %,81.5 %,75.2 %,0.0 %,-2.3 %,5,6,0.4,0.5,100.0 %,83.3 %,,1.9,996,511,2.0 %,1.0 %,3.4,2.5,0,1,5,3,0,1,5,3,0,1,5,3,,5,5,5,,9.7,5.5,2.8,0,-351,0.0 %,-0.7 %,0,-351,0.0 %,-0.7 %,0,-351,0.0 %,-0.7 %,100.0 %,83.3 %,100.0 %,83.3 %,100.0 %,83.3 %,996,683,0,-351,100.0 %,80.0 %
VOOG,21d RSI VOOG LT40 - L VOOG,6.5 %,3.1 %,3268,1562,9.9 %,5.2 %,66.2 %,60.1 %,0.0 %,-2.3 %,2,4,0.2,0.3,100.0 %,75.0 %,,1.4,1634,386,3.3 %,0.8 %,3,2.2,0,1,2,2,0,0,2,3,0,0,2,3,,3,2,3,,4.1,6.4,1.4,0,-493,0.0 %,-1.0 %,0,0,0.0 %,0.0 %,0,0,0.0 %,0.0 %,100.0 %,75.0 %,100.0 %,75.0 %,100.0 %,100.0 %,1634,679,0,-493,100.0 %,100.0 %
VOT,4d RSI VOT LT11 - L VOT,3.2 %,3.8 %,1609,1926,4.0 %,5.6 %,81.4 %,68.8 %,0.0 %,-1.5 %,2,4,0.2,0.3,100.0 %,100.0 %,,,805,471,1.6 %,0.9 %,2.5,2.5,0,0,2,4,0,0,2,4,0,0,2,4,,,2,4,,,36.6,7.5,0,0,0.0 %,0.0 %,0,0,0.0 %,0.0 %,0,0,0.0 %,0.0 %,100.0 %,100.0 %,100.0 %,100.0 %,100.0 %,100.0 %,805,471,0,0,100.0 %,100.0 %
VOX,6d RSI VOX LT23 - L VOX,1.3 %,11.5 %,639,5775,100.0 %,5.2 %,1.3 %,222.1 %,0.0 %,-1.7 %,1,5,0.1,0.4,100.0 %,100.0 %,,,639,1102,1.3 %,2.2 %,3,1.6,0,0,1,5,0,0,1,5,0,0,1,5,,,1,5,,,0,3.2,0,0,0.0 %,0.0 %,0,0,0.0 %,0.0 %,0,0,0.0 %,0.0 %,100.0 %,100.0 %,100.0 %,100.0 %,100.0 %,100.0 %,639,1102,0,0,100.0 %,100.0 %
VPL,21d RSI VPL LT36 - L VPL,1.0 %,3.5 %,475,1759,100.0 %,5.2 %,1.0 %,67.6 %,0.0 %,-1.3 %,1,4,0.1,0.3,100.0 %,100.0 %,,,475,431,1.0 %,0.9 %,2,2.2,0,0,1,4,0,0,1,4,0,0,1,2,,,1,4,,,0,4.4,0,0,0.0 %,0.0 %,0,0,0.0 %,0.0 %,0,0,0.0 %,0.0 %,100.0 %,100.0 %,100.0 %,100.0 %,100.0 %,100.0 %,475,431,0,0,100.0 %,100.0 %
VPU,17d RSI VPU LT34 - L VPU,1.9 %,1.2 %,958,583,100.0 %,11.2 %,1.9 %,10.4 %,0.0 %,-8.6 %,1,6,0.1,0.5,100.0 %,83.3 %,,0.3,958,108,1.9 %,0.2 %,2,3.7,0,1,1,4,0,1,1,4,0,1,1,4,,5,1,5,,1.3,0,0.2,0,-2340,0.0 %,-4.7 %,0,-2340,0.0 %,-4.7 %,0,-1698,0.0 %,-3.4 %,100.0 %,83.3 %,100.0 %,83.3 %,100.0 %,83.3 %,958,598,0,-2340,100.0 %,80.0 %
VRIG,14d RSI VRIG LT70 - L VRIG,0.7 %,4.2 %,369,2135,24.2 %,36.0 %,3.0 %,11.9 %,0.0 %,-0.8 %,5,15,0.4,1.3,100.0 %,100.0 %,,,74,139,0.1 %,0.3 %,3.6,5,0,0,5,15,0,0,4,13,0,0,3,6,,,5,15,,,7.4,5.4,0,0,0.0 %,0.0 %,0,0,0.0 %,0.0 %,0,0,0.0 %,0.0 %,100.0 %,100.0 %,100.0 %,100.0 %,100.0 %,100.0 %,74,139,0,0,100.0 %,100.0 %
VRP,18d RSI VRP LT41 - L VRP,0.3 %,4.0 %,169,1993,100.0 %,18.4 %,0.3 %,21.7 %,0.0 %,-5.4 %,1,8,0.1,0.7,100.0 %,75.0 %,,1,169,245,0.3 %,0.5 %,3,4.8,0,1,1,5,0,1,1,4,0,1,1,2,,3,1,6,,3.1,0,1.5,0,-822,0.0 %,-1.6 %,0,-822,0.0 %,-1.6 %,0,-132,0.0 %,-0.3 %,100.0 %,75.0 %,100.0 %,75.0 %,100.0 %,71.4 %,169,486,0,-477,100.0 %,75.0 %
VT,9d RSI VT LT27 - L VT,5.5 %,1.9 %,2756,940,7.8 %,5.2 %,70.9 %,36.1 %,0.0 %,-1.5 %,3,4,0.2,0.3,100.0 %,75.0 %,,3,919,232,1.8 %,0.5 %,3.7,2.2,0,1,3,3,0,1,3,3,0,1,3,2,,3,3,3,,9,2.8,2.3,0,-116,0.0 %,-0.2 %,0,-116,0.0 %,-0.2 %,0,-116,0.0 %,-0.2 %,100.0 %,75.0 %,100.0 %,75.0 %,100.0 %,75.0 %,919,348,0,-116,100.0 %,66.7 %
VTC,4d RSI VTC LT11 - L VTC,-0.0 %,0.9 %,-21,447,100.0 %,5.2 %,-0.0 %,17.2 %,0.0 %,-1.1 %,1,3,0.1,0.2,0.0 %,66.7 %,0,4.6,-21,147,-0.0 %,0.3 %,2,3.3,1,1,0,2,1,1,0,2,1,1,0,2,0,2,0,2,0,9.3,0,1.8,-42,-53,-0.0 %,-0.1 %,-42,-53,-0.0 %,-0.1 %,-42,-53,-0.0 %,-0.1 %,0.0 %,66.7 %,0.0 %,66.7 %,0.0 %,66.7 %,0,248,-21,-53,0.0 %,66.7 %
VTEB,19d RSI VTEB LT35 - L VTEB,1.2 %,0.6 %,597,290,16.3 %,13.6 %,7.3 %,4.3 %,0.0 %,-2.5 %,3,7,0.2,0.6,100.0 %,71.4 %,,0.5,199,42,0.4 %,0.1 %,1.3,3.9,0,1,3,3,0,2,3,3,0,1,3,3,,2.5,3,5,,1.3,6.6,0.3,0,-713,0.0 %,-1.4 %,0,-499,0.0 %,-1.0 %,0,-499,0.0 %,-1.0 %,100.0 %,71.4 %,100.0 %,71.4 %,100.0 %,66.7 %,199,231,0,-430,100.0 %,80.0 %
VTI,4d RSI VTI LT15 - L VTI,9.8 %,6.6 %,4918,3335,12.2 %,8.0 %,80.5 %,83.4 %,0.0 %,-2.2 %,5,6,0.4,0.5,100.0 %,83.3 %,,2.8,984,538,2.0 %,1.1 %,3.4,2.3,0,1,5,3,0,1,5,3,0,1,5,3,,5,5,5,,14,6,3.3,0,-249,0.0 %,-0.5 %,0,-249,0.0 %,-0.5 %,0,-249,0.0 %,-0.5 %,100.0 %,83.3 %,100.0 %,83.3 %,100.0 %,83.3 %,984,696,0,-249,100.0 %,80.0 %
VTIP,19d RSI VTIP LT42 - L VTIP,0.2 %,1.3 %,75,669,100.0 %,5.2 %,0.2 %,25.7 %,0.0 %,-0.2 %,1,5,0.1,0.4,100.0 %,100.0 %,,,75,132,0.2 %,0.3 %,3,1.6,0,0,1,5,0,0,1,5,0,0,1,4,,,1,5,,,0,3.9,0,0,0.0 %,0.0 %,0,0,0.0 %,0.0 %,0,0,0.0 %,0.0 %,100.0 %,100.0 %,100.0 %,100.0 %,100.0 %,100.0 %,75,132,0,0,100.0 %,100.0 %
VTV,15d RSI VTV LT32 - L VTV,2.0 %,3.0 %,1000,1506,100.0 %,6.0 %,2.0 %,50.2 %,0.0 %,-2.5 %,1,4,0.1,0.3,100.0 %,75.0 %,,2.8,1000,371,2.0 %,0.7 %,4,2.8,0,1,1,2,0,1,1,2,0,0,1,2,,3,1,3,,8.5,0,1.6,0,-198,0.0 %,-0.4 %,0,-198,0.0 %,-0.4 %,0,0,0.0 %,0.0 %,100.0 %,75.0 %,100.0 %,75.0 %,100.0 %,75.0 %,1000,561,0,-198,100.0 %,100.0 %
VUG,10d RSI VUG LT33 - L VUG,5.0 %,5.9 %,2525,2956,19.3 %,6.4 %,26.2 %,92.4 %,0.0 %,-2.5 %,3,4,0.2,0.3,66.7 %,75.0 %,11,5.9,842,721,1.7 %,1.4 %,4.3,3,1,1,2,2,1,1,2,2,1,1,2,1,2,3,2,3,22,17.6,1.6,2.3,-240,-174,-0.2 %,-0.3 %,-240,-174,-0.2 %,-0.3 %,-240,-174,-0.2 %,-0.3 %,66.7 %,75.0 %,66.7 %,75.0 %,66.7 %,75.0 %,1322,1020,-120,-174,66.7 %,66.7 %
VV,5d RSI VV LT19 - L VV,6.7 %,6.8 %,3369,3405,9.0 %,8.0 %,75.0 %,85.1 %,0.0 %,-2.3 %,4,6,0.3,0.5,100.0 %,83.3 %,,2.1,842,550,1.7 %,1.1 %,3,2.3,0,1,4,3,0,1,4,3,0,1,4,3,,5,4,5,,10.7,4.9,2.8,0,-340,0.0 %,-0.7 %,0,-340,0.0 %,-0.7 %,0,-340,0.0 %,-0.7 %,100.0 %,83.3 %,100.0 %,83.3 %,100.0 %,83.3 %,842,728,0,-340,100.0 %,80.0 %
VWO,14d RSI VWO LT35 - L VWO,0.7 %,6.3 %,340,3199,100.0 %,7.2 %,0.7 %,88.9 %,0.0 %,-1.2 %,1,7,0.1,0.6,100.0 %,71.4 %,,30.6,340,443,0.7 %,0.9 %,1,1.6,0,1,1,3,0,1,1,3,0,0,1,4,,2.5,1,5,,76.5,0,3.3,0,-41,0.0 %,-0.1 %,0,0,0.0 %,0.0 %,0,0,0.0 %,0.0 %,100.0 %,71.4 %,100.0 %,71.4 %,100.0 %,80.0 %,340,628,0,-21,100.0 %,100.0 %
VWOB,6d RSI VWOB LT16 - L VWOB,0.4 %,2.5 %,221,1263,100.0 %,6.0 %,0.4 %,42.1 %,0.0 %,-3.0 %,1,3,0.1,0.2,100.0 %,66.7 %,,1.4,221,420,0.4 %,0.8 %,4,4,0,1,1,2,0,1,1,2,0,1,1,2,,2,1,2,,2.9,0,0.9,0,-667,0.0 %,-1.3 %,0,-667,0.0 %,-1.3 %,0,-667,0.0 %,-1.3 %,100.0 %,66.7 %,100.0 %,66.7 %,100.0 %,66.7 %,221,964,0,-667,100.0 %,66.7 %
VXUS,12d RSI VXUS LT32 - L VXUS,4.9 %,4.0 %,2447,2004,7.7 %,8.4 %,63.3 %,47.7 %,0.0 %,-2.0 %,3,7,0.2,0.6,100.0 %,71.4 %,,2.1,816,280,1.6 %,0.6 %,3.7,2,0,1,3,2,0,1,3,3,0,0,3,4,,2.5,3,5,,5.3,3.5,2.1,0,-298,0.0 %,-0.6 %,0,-298,0.0 %,-0.6 %,0,0,0.0 %,0.0 %,100.0 %,71.4 %,100.0 %,71.4 %,100.0 %,83.3 %,816,484,0,-229,100.0 %,100.0 %
VYM,15d RSI VYM LT31 - L VYM,2.6 %,3.4 %,1297,1703,100.0 %,6.4 %,2.6 %,53.2 %,0.0 %,-2.5 %,1,4,0.1,0.3,100.0 %,50.0 %,,5,1297,421,2.6 %,0.8 %,3,3,0,1,1,1,0,1,1,1,0,0,1,2,,1,1,2,,5,0,1.3,0,-378,0.0 %,-0.8 %,0,-378,0.0 %,-0.8 %,0,0,0.0 %,0.0 %,100.0 %,50.0 %,100.0 %,50.0 %,100.0 %,50.0 %,1297,1056,0,-213,100.0 %,100.0 %
VYMI,14d RSI VYMI LT33 - L VYMI,4.3 %,6.8 %,2156,3418,7.2 %,6.0 %,60.0 %,113.9 %,0.0 %,-1.1 %,3,6,0.2,0.5,100.0 %,100.0 %,,,719,551,1.4 %,1.1 %,3.3,1.5,0,0,3,6,0,0,3,6,0,0,3,5,,,3,6,,,4.9,3.9,0,0,0.0 %,0.0 %,0,0,0.0 %,0.0 %,0,0,0.0 %,0.0 %,100.0 %,100.0 %,100.0 %,100.0 %,100.0 %,100.0 %,719,551,0,0,100.0 %,100.0 %
WEAT,17d RSI WEAT LT32 - L WEAT,7.1 %,4.6 %,3573,2306,7.6 %,5.2 %,93.7 %,88.7 %,-0.5 %,-4.4 %,5,3,0.4,0.2,80.0 %,66.7 %,3.5,2.3,715,765,1.4 %,1.5 %,2.2,3.3,1,1,2,2,1,1,2,2,1,0,2,2,4,2,4,2,13.8,4.6,2.9,1.1,-558,-639,-0.6 %,-1.3 %,-558,-639,-0.6 %,-1.3 %,-558,0,-0.6 %,0.0 %,80.0 %,66.7 %,80.0 %,66.7 %,80.0 %,66.7 %,963,1468,-279,-639,80.0 %,100.0 %
WTPI,19d RSI WTPI LT38 - L WTPI,5.7 %,2.8 %,2844,1430,13.1 %,6.0 %,43.4 %,47.7 %,0.0 %,-1.3 %,2,5,0.2,0.4,100.0 %,80.0 %,,3.5,1422,281,2.8 %,0.6 %,4.5,2,0,1,2,2,0,0,2,4,0,0,2,3,,4,2,4,,13.9,2.6,3.1,0,-109,0.0 %,-0.2 %,0,0,0.0 %,0.0 %,0,0,0.0 %,0.0 %,100.0 %,80.0 %,100.0 %,80.0 %,100.0 %,100.0 %,1422,378,0,-109,100.0 %,100.0 %
WTV,11d RSI WTV LT31 - L WTV,2.0 %,4.1 %,975,2085,4.5 %,6.8 %,43.6 %,61.3 %,0.0 %,-4.9 %,2,5,0.2,0.4,100.0 %,80.0 %,,0.8,488,412,1.0 %,0.8 %,3,2.4,0,1,2,4,0,1,2,4,0,1,2,2,,4,2,4,,3.2,3.3,1.3,0,-953,0.0 %,-1.9 %,0,-953,0.0 %,-1.9 %,0,-37,0.0 %,-0.1 %,100.0 %,80.0 %,100.0 %,80.0 %,100.0 %,80.0 %,488,753,0,-953,100.0 %,66.7 %
XAR,16d RSI XAR LT39 - L XAR,1.1 %,4.2 %,533,2136,100.0 %,13.2 %,1.1 %,32.4 %,0.0 %,-7.2 %,1,6,0.1,0.5,100.0 %,83.3 %,,0.4,533,364,1.1 %,0.7 %,7,4.5,0,1,1,5,0,1,1,4,0,1,1,3,,5,1,5,,1.9,0,0.7,0,-2472,0.0 %,-4.9 %,0,-2472,0.0 %,-4.9 %,0,-2472,0.0 %,-4.9 %,100.0 %,83.3 %,100.0 %,83.3 %,100.0 %,80.0 %,533,932,0,-2472,100.0 %,75.0 %
XCEM,13d RSI XCEM LT31 - L XCEM,7.3 %,5.1 %,3629,2555,7.2 %,5.6 %,100.3 %,91.3 %,0.0 %,-0.8 %,3,4,0.2,0.3,100.0 %,100.0 %,,,1210,623,2.4 %,1.2 %,2.7,2.5,0,0,3,4,0,0,3,4,0,0,3,4,,,3,4,,,2.3,4.1,0,0,0.0 %,0.0 %,0,0,0.0 %,0.0 %,0,0,0.0 %,0.0 %,100.0 %,100.0 %,100.0 %,100.0 %,100.0 %,100.0 %,1210,623,0,0,100.0 %,100.0 %
XES,16d RSI XES LT35 - L XES,0.2 %,19.6 %,86,9904,16.5 %,10.4 %,1.0 %,190.5 %,0.0 %,-4.7 %,3,7,0.2,0.6,66.7 %,100.0 %,0.5,,29,1302,0.1 %,2.6 %,3.3,2.7,1,0,2,7,1,0,2,7,1,0,1,4,2,,2,7,1,,0,5.2,-3522,0,-3.5 %,0.0 %,-3522,0,-3.5 %,0.0 %,-820,0,-0.8 %,0.0 %,66.7 %,100.0 %,66.7 %,100.0 %,66.7 %,100.0 %,923,1302,-1761,0,50.0 %,100.0 %
XHB,3d RSI XHB LT10 - L XHB,-0.8 %,6.6 %,-394,3315,11.0 %,6.0 %,-7.2 %,110.5 %,-6.5 %,-1.7 %,5,4,0.4,0.3,80.0 %,100.0 %,0.2,,-79,803,-0.2 %,1.6 %,4.6,2.8,1,0,4,4,1,0,4,4,1,0,4,4,4,,4,4,0.9,,-0.1,7.5,-6882,0,-6.9 %,0.0 %,-6882,0,-6.9 %,0.0 %,-6882,0,-6.9 %,0.0 %,80.0 %,100.0 %,80.0 %,100.0 %,80.0 %,100.0 %,762,803,-3441,0,80.0 %,100.0 %
XLB,15d RSI XLB LT34 - L XLB,-3.6 %,8.6 %,-1778,4347,9.4 %,10.4 %,-37.6 %,83.6 %,-4.4 %,-2.0 %,2,7,0.2,0.6,50.0 %,100.0 %,0.2,,-889,596,-1.8 %,1.2 %,5,2.7,1,0,1,7,1,0,1,7,1,0,1,4,1,,1,7,0.2,,-0.9,4.5,-4484,0,-4.5 %,0.0 %,-4484,0,-4.5 %,0.0 %,-4484,0,-4.5 %,0.0 %,50.0 %,100.0 %,50.0 %,100.0 %,50.0 %,100.0 %,464,596,-2242,0,50.0 %,100.0 %
XLE,19d RSI XLE LT37 - L XLE,2.2 %,10.2 %,1085,5161,14.0 %,6.8 %,15.5 %,151.8 %,-2.9 %,-2.6 %,4,5,0.3,0.4,75.0 %,100.0 %,0.6,,271,985,0.5 %,2.0 %,3.5,2.4,1,0,2,5,1,0,2,5,1,0,2,4,3,,3,5,1.7,,0.5,7.2,-3005,0,-3.0 %,0.0 %,-3005,0,-3.0 %,0.0 %,-1801,0,-1.8 %,0.0 %,75.0 %,100.0 %,75.0 %,100.0 %,75.0 %,100.0 %,863,985,-1502,0,66.7 %,100.0 %
XLG,18d RSI XLG LT39 - L XLG,5.7 %,1.6 %,2852,813,9.9 %,5.2 %,57.7 %,31.3 %,0.0 %,-2.3 %,2,3,0.2,0.2,100.0 %,66.7 %,,2.2,1426,269,2.9 %,0.5 %,3,3.3,0,1,2,2,0,1,2,2,0,0,2,2,,2,2,2,,4.3,9.3,1.1,0,-243,0.0 %,-0.5 %,0,-243,0.0 %,-0.5 %,0,0,0.0 %,0.0 %,100.0 %,66.7 %,100.0 %,66.7 %,100.0 %,66.7 %,1426,526,0,-243,100.0 %,100.0 %
XLI,5d RSI XLI LT21 - L XLI,0.7 %,6.3 %,351,3167,12.2 %,9.6 %,5.8 %,66.0 %,-2.7 %,-1.6 %,4,7,0.3,0.6,75.0 %,85.7 %,0.4,5,88,438,0.2 %,0.9 %,4.5,2.4,1,1,3,4,1,1,3,4,1,0,3,5,3,6,3,6,1.3,29.8,0.2,3.4,-2770,-107,-2.8 %,-0.2 %,-2770,-107,-2.8 %,-0.2 %,-2770,0,-2.8 %,0.0 %,75.0 %,85.7 %,75.0 %,85.7 %,75.0 %,85.7 %,579,529,-1385,-107,75.0 %,100.0 %
XLK,8d RSI XLK LT26 - L XLK,6.6 %,5.5 %,3316,2797,17.1 %,5.2 %,38.8 %,107.6 %,0.0 %,-1.1 %,3,4,0.2,0.3,100.0 %,100.0 %,,,1105,680,2.2 %,1.4 %,3.7,2.2,0,0,3,4,0,0,3,4,0,0,3,3,,,3,4,,,2.6,5.2,0,0,0.0 %,0.0 %,0,0,0.0 %,0.0 %,0,0,0.0 %,0.0 %,100.0 %,100.0 %,100.0 %,100.0 %,100.0 %,100.0 %,1105,680,0,0,100.0 %,100.0 %
XLRE,7d RSI XLRE LT19 - L XLRE,-1.5 %,1.7 %,-775,856,5.6 %,5.2 %,-27.9 %,32.9 %,-2.7 %,-3.0 %,2,3,0.2,0.2,50.0 %,66.7 %,0.4,1.2,-387,286,-0.8 %,0.6 %,4,3.3,1,1,1,1,1,1,1,1,1,1,1,1,1,2,1,2,0.4,2.4,-0.5,0.8,-2778,-631,-2.8 %,-1.3 %,-2778,-631,-2.8 %,-1.3 %,-2778,-631,-2.8 %,-1.3 %,50.0 %,66.7 %,50.0 %,66.7 %,50.0 %,66.7 %,614,744,-1389,-631,50.0 %,66.7 %
XLU,16d RSI XLU LT30 - L XLU,2.1 %,0.8 %,1032,417,100.0 %,5.6 %,2.1 %,14.9 %,0.0 %,-7.1 %,1,3,0.1,0.2,100.0 %,66.7 %,,0.7,1032,149,2.1 %,0.3 %,2,3.7,0,1,1,2,0,1,1,2,0,1,1,2,,2,1,2,,1.3,0,0.2,0,-1338,0.0 %,-2.7 %,0,-1338,0.0 %,-2.7 %,0,-1338,0.0 %,-2.7 %,100.0 %,66.7 %,100.0 %,66.7 %,100.0 %,66.7 %,1032,892,0,-1338,100.0 %,66.7 %
XLV,14d RSI XLV LT30 - L XLV,1.0 %,6.5 %,501,3266,11.6 %,5.6 %,8.6 %,116.6 %,-0.9 %,-1.2 %,4,4,0.3,0.3,75.0 %,100.0 %,0.7,,125,792,0.3 %,1.6 %,4.2,2.5,1,0,3,4,1,0,3,4,1,0,2,3,3,,3,4,2.1,,0.7,4.7,-936,0,-0.9 %,0.0 %,-936,0,-0.9 %,0.0 %,-936,0,-0.9 %,0.0 %,75.0 %,100.0 %,75.0 %,100.0 %,75.0 %,100.0 %,323,792,-468,0,66.7 %,100.0 %
XLY,9d RSI XLY LT29 - L XLY,3.8 %,4.6 %,1881,2340,12.0 %,8.4 %,31.2 %,55.7 %,0.0 %,-3.7 %,3,5,0.2,0.4,100.0 %,80.0 %,,2.5,627,458,1.3 %,0.9 %,2.3,3.2,0,1,3,2,0,1,2,2,0,1,2,2,,4,3,4,,10,2.2,2.2,0,-254,0.0 %,-0.5 %,0,-254,0.0 %,-0.5 %,0,-254,0.0 %,-0.5 %,100.0 %,80.0 %,100.0 %,80.0 %,100.0 %,80.0 %,627,636,0,-254,100.0 %,75.0 %
XME,5d RSI XME LT19 - L XME,-7.2 %,3.3 %,-3609,1655,15.5 %,6.0 %,-46.7 %,55.2 %,-11.8 %,-4.8 %,6,3,0.5,0.2,83.3 %,66.7 %,0.1,7,-602,544,-1.2 %,1.1 %,3.7,4,1,1,4,1,1,1,4,1,1,1,4,1,5,2,5,2,0.4,13.9,-0.6,2,-12383,-126,-12.4 %,-0.2 %,-12383,-126,-12.4 %,-0.2 %,-12276,-126,-12.3 %,-0.2 %,83.3 %,66.7 %,83.3 %,66.7 %,83.3 %,66.7 %,516,878,-6191,-126,80.0 %,66.7 %
XMHQ,17d RSI XMHQ LT37 - L XMHQ,0.9 %,7.2 %,446,3628,100.0 %,5.2 %,0.9 %,139.5 %,0.0 %,-1.4 %,1,4,0.1,0.3,100.0 %,100.0 %,,,446,877,0.9 %,1.8 %,4,2.2,0,0,1,4,0,0,1,3,0,0,1,3,,,1,4,,,0,7.8,0,0,0.0 %,0.0 %,0,0,0.0 %,0.0 %,0,0,0.0 %,0.0 %,100.0 %,100.0 %,100.0 %,100.0 %,100.0 %,100.0 %,446,877,0,0,100.0 %,100.0 %
XMMO,20d RSI XMMO LT42 - L XMMO,6.6 %,14.9 %,3298,7523,15.7 %,14.4 %,42.1 %,104.5 %,0.0 %,-4.6 %,3,9,0.2,0.8,100.0 %,77.8 %,,1.6,1099,788,2.2 %,1.6 %,4.3,3,0,1,3,7,0,1,3,6,0,0,3,5,,3.5,3,7,,5.7,5.3,2.5,0,-886,0.0 %,-1.8 %,0,-886,0.0 %,-1.8 %,0,0,0.0 %,0.0 %,100.0 %,77.8 %,100.0 %,77.8 %,100.0 %,75.0 %,1099,1229,0,-755,100.0 %,100.0 %
XOP,8d RSI XOP LT25 - L XOP,-1.0 %,14.7 %,-517,7408,16.5 %,6.8 %,-6.3 %,217.9 %,-2.2 %,-3.6 %,3,6,0.2,0.5,33.3 %,100.0 %,1.1,,-172,1157,-0.3 %,2.3 %,4.7,1.8,2,0,1,6,2,0,1,6,2,0,1,5,0.5,,1,6,0.5,,-0.5,7.7,-2249,0,-2.2 %,0.0 %,-2249,0,-2.2 %,0.0 %,-2249,0,-2.2 %,0.0 %,33.3 %,100.0 %,33.3 %,100.0 %,33.3 %,100.0 %,608,1157,-562,0,33.3 %,100.0 %
XOVR,7d RSI XOVR LT25 - L XOVR,10.2 %,3.2 %,5103,1605,9.7 %,5.2 %,105.1 %,61.7 %,0.0 %,-1.0 %,4,5,0.3,0.4,100.0 %,100.0 %,,,1276,315,2.6 %,0.6 %,1.5,1.6,0,0,4,5,0,0,3,4,0,0,3,3,,,4,5,,,4.2,3.4,0,0,0.0 %,0.0 %,0,0,0.0 %,0.0 %,0,0,0.0 %,0.0 %,100.0 %,100.0 %,100.0 %,100.0 %,100.0 %,100.0 %,1276,315,0,0,100.0 %,100.0 %
XRT,21d RSI XRT LT40 - L XRT,0.8 %,19.6 %,383,9873,100.0 %,18.0 %,0.8 %,109.7 %,0.0 %,-4.5 %,1,10,0.1,0.8,100.0 %,90.0 %,,2.8,383,907,0.8 %,1.8 %,5,3.5,0,1,1,6,0,1,1,6,0,0,1,7,,9,1,9,,24.8,0,4.1,0,-381,0.0 %,-0.8 %,0,-381,0.0 %,-0.8 %,0,0,0.0 %,0.0 %,100.0 %,90.0 %,100.0 %,90.0 %,100.0 %,90.0 %,383,1050,0,-381,100.0 %,100.0 %
XSMO,20d RSI XSMO LT39 - L XSMO,1.4 %,11.4 %,712,5768,100.0 %,11.6 %,1.4 %,99.5 %,0.0 %,-5.7 %,1,8,0.1,0.7,100.0 %,87.5 %,,0.9,712,688,1.4 %,1.4 %,4,2.6,0,1,1,7,0,1,1,7,0,0,1,5,,7,1,7,,6.6,0,2.5,0,-977,0.0 %,-1.9 %,0,-977,0.0 %,-1.9 %,0,0,0.0 %,0.0 %,100.0 %,87.5 %,100.0 %,87.5 %,100.0 %,87.5 %,712,925,0,-977,100.0 %,100.0 %
XT,13d RSI XT LT29 - L XT,1.4 %,7.2 %,690,3626,100.0 %,5.2 %,1.4 %,139.5 %,0.0 %,-1.3 %,1,4,0.1,0.3,100.0 %,100.0 %,,,690,878,1.4 %,1.8 %,3,2.2,0,0,1,4,0,0,1,4,0,0,1,3,,,1,4,,,0,4.5,0,0,0.0 %,0.0 %,0,0,0.0 %,0.0 %,0,0,0.0 %,0.0 %,100.0 %,100.0 %,100.0 %,100.0 %,100.0 %,100.0 %,690,878,0,0,100.0 %,100.0 %
XYLD,11d RSI XYLD LT30 - L XYLD,4.2 %,4.8 %,2091,2409,9.9 %,6.8 %,42.3 %,70.9 %,0.0 %,-2.0 %,2,5,0.2,0.4,100.0 %,80.0 %,,2.9,1045,471,2.1 %,0.9 %,3,2.4,0,1,2,2,0,1,2,2,0,1,2,2,,4,2,4,,11.8,3.1,2.4,0,-219,0.0 %,-0.4 %,0,-219,0.0 %,-0.4 %,0,-219,0.0 %,-0.4 %,100.0 %,80.0 %,100.0 %,80.0 %,100.0 %,80.0 %,1045,644,0,-219,100.0 %,75.0 %
YANG,4d RSI YANG LT16 - L YANG,-36.6 %,82.0 %,-18310,41350,18.8 %,8.0 %,-194.9 %,1033.8 %,-52.7 %,-4.6 %,6,7,0.5,0.6,66.7 %,100.0 %,0.2,,-3052,4492,-6.1 %,9.0 %,4.2,1.9,1,0,3,7,1,0,3,7,1,0,1,5,2,,4,7,0.4,,-0.6,7.2,-56598,0,-56.6 %,0.0 %,-56598,0,-56.6 %,0.0 %,-56598,0,-56.6 %,0.0 %,66.7 %,100.0 %,66.7 %,100.0 %,66.7 %,100.0 %,2958,4492,-15070,0,50.0 %,100.0 %
YINN,12d RSI YINN LT31 - L YINN,14.0 %,24.1 %,6985,12173,80.0 %,7.2 %,17.5 %,338.1 %,0.0 %,-7.9 %,2,5,0.2,0.4,100.0 %,80.0 %,,12.2,3493,2253,7.0 %,4.5 %,1,2.6,0,1,2,3,0,0,2,3,0,0,1,3,,4,2,4,,48.7,1.6,2.4,0,-236,0.0 %,-0.5 %,0,0,0.0 %,0.0 %,0,0,0.0 %,0.0 %,100.0 %,80.0 %,100.0 %,80.0 %,100.0 %,100.0 %,3493,2875,0,-236,100.0 %,100.0 %
YYY,16d RSI YYY LT29 - L YYY,1.2 %,4.7 %,586,2359,3.3 %,12.0 %,35.1 %,39.3 %,0.0 %,-1.7 %,2,6,0.2,0.5,100.0 %,100.0 %,,,293,383,0.6 %,0.8 %,2,4,0,0,2,6,0,0,2,6,0,0,2,3,,,2,6,,,57.6,4.1,0,0,0.0 %,0.0 %,0,0,0.0 %,0.0 %,0,0,0.0 %,0.0 %,100.0 %,100.0 %,100.0 %,100.0 %,100.0 %,100.0 %,293,383,0,0,100.0 %,100.0 %
ZROZ,3d RSI ZROZ LT11 - L ZROZ,9.8 %,3.1 %,4877,1582,14.9 %,11.2 %,65.3 %,28.2 %,-0.5 %,-5.7 %,9,8,0.8,0.7,77.8 %,75.0 %,4.1,0.7,542,196,1.1 %,0.4 %,3,2.5,1,1,7,4,1,1,7,3,1,1,6,5,3.5,3,7,6,14.2,2.2,2.9,1,-532,-718,-0.5 %,-1.4 %,-532,-557,-0.5 %,-1.1 %,-532,-557,-0.5 %,-1.1 %,77.8 %,75.0 %,77.8 %,75.0 %,77.8 %,71.4 %,750,475,-185,-638,75.0 %,83.3 %
ZSL,16d RSI ZSL LT30 - L ZSL,8.1 %,10.3 %,4045,5181,13.7 %,6.0 %,59.1 %,172.7 %,0.0 %,-8.6 %,3,3,0.2,0.2,66.7 %,66.7 %,2.5,2.3,1348,1708,2.7 %,3.4 %,5.7,4,1,1,2,2,1,1,2,2,1,1,2,2,2,2,2,2,5,4.5,1.3,1.3,-1999,-1464,-2.0 %,-2.9 %,-1999,-1464,-2.0 %,-2.9 %,-1999,-1464,-2.0 %,-2.9 %,66.7 %,66.7 %,66.7 %,66.7 %,66.7 %,66.7 %,2522,3295,-999,-1464,66.7 %,66.7 %
