,,"Purpose of This Spreadsheet is to Outline the Methodology of System 30
Branches Traded in 2025 OOS",,,,,,,,,,,,,,,,,,,,,,,,,,,,,,,,,,,,,,,,,,,,,,,,,,,,,,,,,,,,,,,,,,,
Ticker (664),Condition (664),Profit %,IS Profit %,Profit $ Per Year,IS Profit $ Per Year,Time in market%,IS Time in market%,TIMAR%,IS TIMAR%,Max DD%,IS Max DD%,Total Trades,IS Total Trades,AVG Trades Per Month,IS AVG Trades Per Month,Win %,IS Win %,Risk to Reward Ratio,IS Risk to Reward Ratio,Avg P&L $,IS Avg P&L $,Avg P&L %,IS Avg P&L %,AVG Hold Period (days),IS AVG Hold Period (days),Max Consec. Losing Days,IS Max Consec. Losing Days,Max Consec. Winning Days,IS Max Consec. Winning Days,Max Consec. Losing Weeks,IS Max Consec. Losing Weeks,Max Consec. Winning Weeks,IS Max Consec. Winning Weeks,Max Consec. Losing Months,IS Max Consec. Losing Months,Max Consec. Winning Months,IS Max Consec. Winning Months,Win to Loss Ratio,IS Win to Loss Ratio,Total Profitable Trades,IS Total Profitable Trades,Profit Factor,IS Profit Factor,Sharpe Ratio,IS Sharpe Ratio,Losing Days Streak $ Loss,IS Losing Days Streak $ Loss,Losing Days Streak % Loss,IS Losing Days Streak % Loss,Losing Weeks Streak $ Loss,IS Losing Weeks Streak $ Loss,Losing Weeks Streak % Loss,IS Losing Weeks Streak % Loss,Losing Months Streak $ Loss,IS Losing Months Streak $ Loss,Losing Months Streak % Loss,IS Losing Months Streak % Loss,Winning Trades%,IS Winning Trades%,Winning Days%,IS Winning Days%,Winning Weeks%,IS Winning Weeks%,Avg Win Trade $,IS Avg Win Trade $,Avg Losing Trade $,IS Avg Losing Trade $,Winning Months%,IS Winning Months%
AAXJ,20d RSI AAXJ LT41 - L AAXJ,5.0 %,8.4 %,2495,4191,13.6 %,6.0 %,36.6 %,140.8 %,0.0 %,-0.8 %,3,5,0.2,0.4,100.0 %,100.0 %,,,832,813,1.7 %,1.6 %,2,2,0,0,3,5,0,0,2,5,0,0,2,5,,,3,5,,,2.1,4.2,0,0,0.0 %,0.0 %,0,0,0.0 %,0.0 %,0,0,0.0 %,0.0 %,100.0 %,100.0 %,100.0 %,100.0 %,100.0 %,100.0 %,832,813,0,0,100.0 %,100.0 %
ACWI,6d RSI ACWI LT21 - L ACWI,8.4 %,5.2 %,4222,2600,4.2 %,5.2 %,201.5 %,100.8 %,0.0 %,-1.0 %,2,3,0.2,0.2,100.0 %,100.0 %,,,2111,855,4.2 %,1.7 %,2.5,3.3,0,0,2,3,0,0,2,3,0,0,2,3,,,2,3,,,2.8,2.8,0,0,0.0 %,0.0 %,0,0,0.0 %,0.0 %,0,0,0.0 %,0.0 %,100.0 %,100.0 %,100.0 %,100.0 %,100.0 %,100.0 %,2111,855,0,0,100.0 %,100.0 %
ACWV,13d RSI ACWV LT34 - L ACWV,1.0 %,2.3 %,491,1140,16.2 %,6.3 %,6.1 %,35.9 %,0.0 %,-0.9 %,2,3,0.2,0.2,50.0 %,66.7 %,3,2.9,245,379,0.5 %,0.8 %,4,3.7,1,1,1,2,1,1,1,2,1,1,1,2,1,2,1,2,3,5.8,0.7,1.5,-489,-236,-0.5 %,-0.5 %,-489,-236,-0.5 %,-0.5 %,-489,-236,-0.5 %,-0.5 %,50.0 %,66.7 %,50.0 %,66.7 %,50.0 %,66.7 %,735,686,-244,-236,50.0 %,66.7 %
ACWX,11d RSI ACWX LT32 - L ACWX,5.1 %,5.7 %,2533,2841,4.4 %,6.3 %,115.0 %,89.5 %,0.0 %,-0.9 %,3,4,0.2,0.3,100.0 %,100.0 %,,,844,697,1.7 %,1.4 %,2.3,3,0,0,3,4,0,0,3,4,0,0,3,4,,,3,4,,,2.2,3.4,0,0,0.0 %,0.0 %,0,0,0.0 %,0.0 %,0,0,0.0 %,0.0 %,100.0 %,100.0 %,100.0 %,100.0 %,100.0 %,100.0 %,844,697,0,0,100.0 %,100.0 %
AGG,5d RSI AGG LT21 - L AGG,1.2 %,2.3 %,586,1152,2.8 %,9.1 %,42.0 %,25.2 %,0.0 %,-1.0 %,2,7,0.2,0.6,100.0 %,85.7 %,,2.4,293,163,0.6 %,0.3 %,2,2.3,0,1,2,4,0,1,2,4,0,0,2,5,,6,2,6,,14.5,3.9,2.6,0,-85,0.0 %,-0.2 %,0,-85,0.0 %,-0.2 %,0,0,0.0 %,0.0 %,100.0 %,85.7 %,100.0 %,85.7 %,100.0 %,85.7 %,293,205,0,-85,100.0 %,100.0 %
AGQ,6d RSI AGQ LT22 - L AGQ,8.2 %,20.2 %,4097,10094,100.0 %,6.3 %,8.2 %,318.0 %,0.0 %,-4.3 %,1,6,0.1,0.5,100.0 %,100.0 %,,,4097,1558,8.2 %,3.1 %,3,1.7,0,0,1,6,0,0,1,6,0,0,1,4,,,1,6,,,0,8.5,0,0,0.0 %,0.0 %,0,0,0.0 %,0.0 %,0,0,0.0 %,0.0 %,100.0 %,100.0 %,100.0 %,100.0 %,100.0 %,100.0 %,4097,1558,0,0,100.0 %,100.0 %
AIA,8d RSI AIA LT30 - L AIA,-4.0 %,10.1 %,-1994,5054,4.4 %,7.9 %,-90.1 %,127.4 %,-7.0 %,-2.5 %,3,6,0.2,0.5,66.7 %,100.0 %,0.2,,-665,810,-1.3 %,1.6 %,2.3,2.3,1,0,1,6,1,0,1,6,1,0,1,6,2,,2,6,0.4,,-0.6,5.9,-7072,0,-7.1 %,0.0 %,-7072,0,-7.1 %,0.0 %,-7072,0,-7.1 %,0.0 %,66.7 %,100.0 %,66.7 %,100.0 %,66.7 %,100.0 %,771,810,-3536,0,66.7 %,100.0 %
AIRR,8d RSI AIRR LT28 - L AIRR,6.6 %,3.6 %,3275,1800,13.6 %,5.2 %,48.0 %,69.8 %,0.0 %,-1.1 %,4,3,0.3,0.2,75.0 %,100.0 %,0.6,,819,593,1.6 %,1.2 %,5.8,2.7,1,0,3,3,1,0,3,3,1,0,2,3,3,,3,3,1.8,,0.5,29.2,-8504,0,-8.5 %,0.0 %,-8504,0,-8.5 %,0.0 %,-8504,0,-8.5 %,0.0 %,75.0 %,100.0 %,75.0 %,100.0 %,75.0 %,100.0 %,2509,593,-4252,0,66.7 %,100.0 %
AMLP,16d RSI AMLP LT39 - L AMLP,2.8 %,9.2 %,1418,4581,16.9 %,5.2 %,16.8 %,177.6 %,-1.6 %,-1.3 %,4,5,0.3,0.4,75.0 %,100.0 %,0.9,,354,885,0.7 %,1.8 %,5,1.6,1,0,2,5,1,0,2,5,0,0,3,4,3,,3,5,2.7,,1,9,-1632,0,-1.6 %,0.0 %,-1632,0,-1.6 %,0.0 %,0,0,0.0 %,0.0 %,75.0 %,100.0 %,75.0 %,100.0 %,75.0 %,100.0 %,745,885,-816,0,100.0 %,100.0 %
ANGL,4d RSI ANGL LT11 - L ANGL,2.1 %,1.9 %,1044,940,5.1 %,5.6 %,41.2 %,33.9 %,0.0 %,-0.4 %,2,3,0.2,0.2,100.0 %,100.0 %,,,522,312,1.0 %,0.6 %,2.5,3.7,0,0,2,3,0,0,2,3,0,0,2,3,,,2,3,,,3.3,10.6,0,0,0.0 %,0.0 %,0,0,0.0 %,0.0 %,0,0,0.0 %,0.0 %,100.0 %,100.0 %,100.0 %,100.0 %,100.0 %,100.0 %,522,312,0,0,100.0 %,100.0 %
AOA,13d RSI AOA LT32 - L AOA,4.0 %,4.5 %,2024,2237,100.0 %,5.2 %,4.0 %,86.7 %,0.0 %,-0.7 %,1,3,0.1,0.2,100.0 %,100.0 %,,,2024,737,4.0 %,1.5 %,3,3.3,0,0,1,3,0,0,1,3,0,0,1,3,,,1,3,,,0,3,0,0,0.0 %,0.0 %,0,0,0.0 %,0.0 %,0,0,0.0 %,0.0 %,100.0 %,100.0 %,100.0 %,100.0 %,100.0 %,100.0 %,2024,737,0,0,100.0 %,100.0 %
AOK,3d RSI AOK LT10 - L AOK,0.6 %,2.4 %,295,1193,100.0 %,7.9 %,0.6 %,30.1 %,0.0 %,-0.5 %,1,5,0.1,0.4,100.0 %,100.0 %,,,295,236,0.6 %,0.5 %,3,3,0,0,1,5,0,0,1,5,0,0,1,5,,,1,5,,,0,6.2,0,0,0.0 %,0.0 %,0,0,0.0 %,0.0 %,0,0,0.0 %,0.0 %,100.0 %,100.0 %,100.0 %,100.0 %,100.0 %,100.0 %,295,236,0,0,100.0 %,100.0 %
AOM,19d RSI AOM LT44 - L AOM,2.8 %,4.3 %,1410,2172,10.9 %,11.5 %,25.9 %,37.7 %,-0.4 %,-0.8 %,6,8,0.5,0.7,66.7 %,87.5 %,1.7,2.8,235,267,0.5 %,0.5 %,3,2.2,1,1,3,7,1,0,3,7,1,0,3,5,2,7,4,7,3.3,19.6,1.4,4,-785,-115,-0.8 %,-0.2 %,-785,0,-0.8 %,0.0 %,-785,0,-0.8 %,0.0 %,66.7 %,87.5 %,66.7 %,87.5 %,66.7 %,100.0 %,504,321,-303,-115,75.0 %,100.0 %
AOR,3d RSI AOR LT10 - L AOR,5.1 %,3.2 %,2540,1618,5.4 %,6.8 %,94.3 %,48.0 %,0.0 %,-0.7 %,3,4,0.2,0.3,100.0 %,100.0 %,,,847,400,1.7 %,0.8 %,2,3.2,0,0,3,4,0,0,3,4,0,0,3,4,,,3,4,,,3.9,3.6,0,0,0.0 %,0.0 %,0,0,0.0 %,0.0 %,0,0,0.0 %,0.0 %,100.0 %,100.0 %,100.0 %,100.0 %,100.0 %,100.0 %,847,400,0,0,100.0 %,100.0 %
ARGT,7d RSI ARGT LT37 - L ARGT,8.2 %,34.3 %,4121,17167,38.5 %,21.8 %,21.4 %,157.3 %,-11.7 %,-3.8 %,15,16,1.2,1.3,60.0 %,87.5 %,1,2.7,275,936,0.5 %,1.9 %,4.9,2.4,3,1,3,8,3,1,3,12,4,0,2,10,1.5,7,9,14,1.5,18.8,0.7,5.1,-12827,-571,-12.8 %,-1.1 %,-12827,-571,-12.8 %,-1.1 %,-11463,0,-11.5 %,0.0 %,60.0 %,87.5 %,60.0 %,87.5 %,60.0 %,92.9 %,1349,1130,-1337,-421,50.0 %,100.0 %
ARKK,5d RSI ARKK LT15 - L ARKK,3.2 %,10.7 %,1613,5349,100.0 %,5.2 %,3.2 %,207.4 %,0.0 %,-3.4 %,1,3,0.1,0.2,100.0 %,100.0 %,,,1613,1726,3.2 %,3.5 %,3,3.3,0,0,1,3,0,0,1,3,0,0,1,3,,,1,3,,,0,5.3,0,0,0.0 %,0.0 %,0,0,0.0 %,0.0 %,0,0,0.0 %,0.0 %,100.0 %,100.0 %,100.0 %,100.0 %,100.0 %,100.0 %,1613,1726,0,0,100.0 %,100.0 %
ARKQ,4d RSI ARKQ LT18 - L ARKQ,10.1 %,12.3 %,5073,6142,13.7 %,8.7 %,74.0 %,140.7 %,-1.9 %,-1.8 %,5,5,0.4,0.4,60.0 %,100.0 %,1.4,,1015,1177,2.0 %,2.4 %,4.4,3.4,1,0,3,5,1,0,3,5,1,0,3,4,1.5,,3,5,2.2,,0.7,3.6,-6557,0,-6.6 %,0.0 %,-6557,0,-6.6 %,0.0 %,-6557,0,-6.6 %,0.0 %,60.0 %,100.0 %,60.0 %,100.0 %,60.0 %,100.0 %,3140,1177,-2174,0,75.0 %,100.0 %
ARKW,3d RSI ARKW LT10 - L ARKW,15.1 %,13.0 %,7545,6503,11.2 %,5.2 %,134.4 %,252.1 %,-1.6 %,-2.6 %,5,4,0.4,0.3,60.0 %,100.0 %,2.2,,1509,1555,3.0 %,3.1 %,3.4,2.2,1,0,3,4,1,0,3,4,1,0,3,3,1.5,,3,4,3.3,,1.1,5.9,-4842,0,-4.8 %,0.0 %,-4842,0,-4.8 %,0.0 %,-1856,0,-1.9 %,0.0 %,60.0 %,100.0 %,60.0 %,100.0 %,60.0 %,100.0 %,3631,1555,-1675,0,75.0 %,100.0 %
ASHR,3d RSI ASHR LT10 - L ASHR,-0.2 %,6.5 %,-94,3239,9.0 %,5.2 %,-2.1 %,125.6 %,-4.9 %,-0.2 %,4,6,0.3,0.5,75.0 %,100.0 %,0.3,,-23,528,-0.0 %,1.1 %,4,1.2,1,0,2,6,1,0,2,6,1,0,2,5,3,,3,6,1,,0,3,-4926,0,-4.9 %,0.0 %,-4926,0,-4.9 %,0.0 %,-4926,0,-4.9 %,0.0 %,75.0 %,100.0 %,75.0 %,100.0 %,75.0 %,100.0 %,790,528,-2463,0,75.0 %,100.0 %
BAB,16d RSI BAB LT38 - L BAB,2.3 %,2.3 %,1168,1131,15.8 %,15.9 %,14.7 %,14.2 %,0.0 %,-1.9 %,3,10,0.2,0.8,100.0 %,70.0 %,,3.9,389,112,0.8 %,0.2 %,3.7,3,0,1,3,4,0,1,3,4,0,1,3,2,,2.3,3,7,,9.1,2.2,2.2,0,-59,0.0 %,-0.1 %,0,-59,0.0 %,-0.1 %,0,0,0.0 %,-0.0 %,100.0 %,70.0 %,100.0 %,70.0 %,100.0 %,70.0 %,389,180,0,-46,100.0 %,75.0 %
BAR,3d RSI BAR LT13 - L BAR,11.2 %,8.0 %,5578,3974,6.9 %,8.3 %,162.7 %,95.4 %,0.0 %,-0.7 %,5,7,0.4,0.6,100.0 %,100.0 %,,,1116,550,2.2 %,1.1 %,1.4,2,0,0,5,7,0,0,5,7,0,0,5,6,,,5,7,,,4.7,8,0,0,0.0 %,0.0 %,0,0,0.0 %,0.0 %,0,0,0.0 %,0.0 %,100.0 %,100.0 %,100.0 %,100.0 %,100.0 %,100.0 %,1116,550,0,0,100.0 %,100.0 %
BBHY,5d RSI BBHY LT27 - L BBHY,-0.0 %,1.9 %,-16,972,9.0 %,7.9 %,-0.4 %,24.5 %,-0.4 %,-0.4 %,3,6,0.2,0.5,66.7 %,100.0 %,0.5,,-5,161,-0.0 %,0.3 %,3.7,2.3,1,0,1,6,1,0,1,6,1,0,1,5,2,,2,6,0.9,,-0.1,4.6,-400,0,-0.4 %,0.0 %,-400,0,-0.4 %,0.0 %,-400,0,-0.4 %,0.0 %,66.7 %,100.0 %,66.7 %,100.0 %,66.7 %,100.0 %,92,161,-200,0,66.7 %,100.0 %
BBLU,5d RSI BBLU LT21 - L BBLU,-1.9 %,6.7 %,-932,3367,10.4 %,7.9 %,-18.0 %,84.9 %,0.0 %,-1.2 %,3,4,0.2,0.3,66.7 %,100.0 %,0.3,,-311,822,-0.6 %,1.6 %,5.7,4,1,0,2,4,1,0,2,4,1,0,2,4,2,,2,4,0.5,,-0.4,4.9,-4132,0,-4.1 %,0.0 %,-4132,0,-4.1 %,0.0 %,-4132,0,-4.1 %,0.0 %,66.7 %,100.0 %,66.7 %,100.0 %,66.7 %,100.0 %,567,822,-2066,0,66.7 %,100.0 %
BCI,8d RSI BCI LT25 - L BCI,0.9 %,0.6 %,461,320,14.6 %,5.2 %,6.3 %,12.4 %,0.0 %,-3.2 %,2,2,0.2,0.2,100.0 %,50.0 %,,2.3,230,161,0.5 %,0.3 %,6,5.5,0,1,2,1,0,1,2,1,0,1,2,1,,1,2,1,,2.3,1.9,0.6,0,-244,0.0 %,-0.5 %,0,-244,0.0 %,-0.5 %,0,-244,0.0 %,-0.5 %,100.0 %,50.0 %,100.0 %,50.0 %,100.0 %,50.0 %,230,567,0,-244,100.0 %,50.0 %
BIV,4d RSI BIV LT15 - L BIV,1.7 %,0.9 %,857,447,3.3 %,6.8 %,51.9 %,13.2 %,0.0 %,-1.0 %,3,4,0.2,0.3,100.0 %,75.0 %,,7.4,286,111,0.6 %,0.2 %,1.3,3.2,0,1,3,3,0,1,3,3,0,1,3,2,,3,3,3,,22.2,2.8,2,0,-21,0.0 %,-0.0 %,0,-21,0.0 %,-0.0 %,0,-21,0.0 %,-0.0 %,100.0 %,75.0 %,100.0 %,75.0 %,100.0 %,75.0 %,286,156,0,-21,100.0 %,66.7 %
BIZD,9d RSI BIZD LT39 - L BIZD,-7.9 %,8.0 %,-3957,3983,37.4 %,14.3 %,-21.2 %,55.8 %,-11.3 %,-5.3 %,12,9,1,0.8,58.3 %,88.9 %,0.3,1.1,-330,429,-0.7 %,0.9 %,5.6,3,3,1,3,5,3,1,3,3,2,1,2,3,1.4,8,7,8,0.5,9.1,-0.8,3.1,-8603,-478,-8.6 %,-1.0 %,-8603,-478,-8.6 %,-1.0 %,-6805,-104,-6.8 %,-0.2 %,58.3 %,88.9 %,58.3 %,88.9 %,58.3 %,85.7 %,528,543,-1530,-478,57.1 %,83.3 %
BKLN,3d RSI BKLN LT11 - L BKLN,1.1 %,1.6 %,539,786,10.4 %,5.2 %,10.4 %,30.5 %,0.0 %,-0.2 %,4,3,0.3,0.2,75.0 %,100.0 %,,,135,261,0.3 %,0.5 %,3.8,3.3,1,0,2,3,1,0,2,3,1,0,2,3,3,,3,3,,,2.9,3.6,0,0,0.0 %,0.0 %,0,0,0.0 %,0.0 %,0,0,0.0 %,0.0 %,75.0 %,100.0 %,75.0 %,100.0 %,75.0 %,100.0 %,180,261,0,0,75.0 %,100.0 %
BLV,10d RSI BLV LT26 - L BLV,0.8 %,4.5 %,384,2229,100.0 %,5.6 %,0.8 %,80.2 %,0.0 %,-0.7 %,1,5,0.1,0.4,100.0 %,100.0 %,,,384,439,0.8 %,0.9 %,5,1.8,0,0,1,5,0,0,1,5,0,0,1,4,,,1,5,,,0,3.3,0,0,0.0 %,0.0 %,0,0,0.0 %,0.0 %,0,0,0.0 %,0.0 %,100.0 %,100.0 %,100.0 %,100.0 %,100.0 %,100.0 %,384,439,0,0,100.0 %,100.0 %
BND,5d RSI BND LT19 - L BND,1.3 %,0.8 %,632,427,2.3 %,5.2 %,54.1 %,16.6 %,0.0 %,-1.1 %,2,4,0.2,0.3,100.0 %,75.0 %,,2.3,316,107,0.6 %,0.2 %,1.5,2.2,0,1,2,3,0,1,2,3,0,0,2,3,,3,2,3,,7,3.8,1.5,0,-71,0.0 %,-0.1 %,0,-71,0.0 %,-0.1 %,0,0,0.0 %,0.0 %,100.0 %,75.0 %,100.0 %,75.0 %,100.0 %,75.0 %,316,166,0,-71,100.0 %,100.0 %
BNDX,4d RSI BNDX LT20 - L BNDX,0.4 %,1.4 %,198,676,11.1 %,5.6 %,3.6 %,24.3 %,-0.3 %,-0.2 %,5,5,0.4,0.4,60.0 %,100.0 %,1.5,,40,134,0.1 %,0.3 %,4.2,1.8,2,0,3,5,2,0,3,5,2,0,3,5,1.5,,3,5,2.3,,0.8,6.7,-301,0,-0.3 %,0.0 %,-301,0,-0.3 %,0.0 %,-301,0,-0.3 %,0.0 %,60.0 %,100.0 %,60.0 %,100.0 %,60.0 %,100.0 %,116,134,-75,0,60.0 %,100.0 %
BNO,4d RSI BNO LT16 - L BNO,9.2 %,12.7 %,4603,6340,8.9 %,8.3 %,103.6 %,152.2 %,-1.0 %,-1.6 %,6,6,0.5,0.5,83.3 %,100.0 %,2,,767,1009,1.5 %,2.0 %,2.3,2.5,1,0,3,6,1,0,3,6,1,0,3,5,5,,5,6,9.8,,3.1,3.9,-1051,0,-1.1 %,0.0 %,-1051,0,-1.1 %,0.0 %,-1051,0,-1.1 %,0.0 %,83.3 %,100.0 %,83.3 %,100.0 %,83.3 %,100.0 %,1026,1009,-525,0,83.3 %,100.0 %
BOND,4d RSI BOND LT14 - L BOND,0.9 %,2.1 %,469,1045,100.0 %,8.3 %,0.9 %,25.1 %,0.0 %,-1.1 %,1,6,0.1,0.5,100.0 %,83.3 %,,,469,173,0.9 %,0.3 %,3,2.5,0,1,1,5,0,1,1,5,0,1,1,4,,5,1,5,,,0,3.6,0,0,0.0 %,0.0 %,0,0,0.0 %,0.0 %,0,0,0.0 %,0.0 %,100.0 %,83.3 %,100.0 %,83.3 %,100.0 %,83.3 %,469,207,0,0,100.0 %,80.0 %
BOTZ,3d RSI BOTZ LT10 - L BOTZ,11.2 %,11.3 %,5602,5633,9.0 %,9.1 %,123.8 %,123.4 %,-1.1 %,-2.3 %,5,5,0.4,0.4,60.0 %,80.0 %,4.7,28,1120,1083,2.2 %,2.2 %,2.8,3.6,1,1,1,3,1,1,1,3,1,0,2,4,1.5,4,3,4,7.1,112.2,1.5,3.9,-1113,-49,-1.1 %,-0.1 %,-1113,-49,-1.1 %,-0.1 %,-732,0,-0.7 %,0.0 %,60.0 %,80.0 %,60.0 %,80.0 %,60.0 %,80.0 %,2175,1366,-461,-49,75.0 %,100.0 %
BSCQ,3d RSI BSCQ LT26 - L BSCQ,0.3 %,2.4 %,134,1200,100.0 %,16.7 %,0.3 %,14.4 %,0.0 %,-0.1 %,1,10,0.1,0.8,100.0 %,100.0 %,,,134,119,0.3 %,0.2 %,2,3.2,0,0,1,10,0,0,1,9,0,0,1,7,,,1,10,,,0,7.6,0,0,0.0 %,0.0 %,0,0,0.0 %,0.0 %,0,0,0.0 %,0.0 %,100.0 %,100.0 %,100.0 %,100.0 %,100.0 %,100.0 %,134,119,0,0,100.0 %,100.0 %
BSV,3d RSI BSV LT11 - L BSV,0.3 %,0.2 %,153,85,100.0 %,5.6 %,0.3 %,3.0 %,0.0 %,-0.3 %,1,3,0.1,0.2,100.0 %,66.7 %,,1.2,153,28,0.3 %,0.1 %,1,3.7,0,1,1,1,0,1,1,1,0,1,1,1,,2,1,2,,2.4,0,0.8,0,-61,0.0 %,-0.1 %,0,-61,0.0 %,-0.1 %,0,-61,0.0 %,-0.1 %,100.0 %,66.7 %,100.0 %,66.7 %,100.0 %,66.7 %,153,73,0,-61,100.0 %,66.7 %
BTAL,12d RSI BTAL LT34 - L BTAL,2.0 %,5.5 %,990,2727,34.2 %,6.3 %,5.8 %,85.9 %,-3.6 %,-1.0 %,9,5,0.8,0.4,55.6 %,100.0 %,1.2,,110,534,0.2 %,1.1 %,4.8,2.2,4,0,3,5,4,0,3,5,1,0,3,4,1.2,,5,5,1.6,,0.5,6.6,-3571,0,-3.6 %,0.0 %,-3571,0,-3.6 %,0.0 %,-3571,0,-3.6 %,0.0 %,55.6 %,100.0 %,55.6 %,100.0 %,55.6 %,100.0 %,555,534,-446,0,83.3 %,100.0 %
BWX,21d RSI BWX LT36 - L BWX,-0.6 %,6.2 %,-313,3125,100.0 %,10.7 %,-0.6 %,58.3 %,0.0 %,-0.8 %,1,9,0.1,0.8,0.0 %,88.9 %,0,16,-313,339,-0.6 %,0.7 %,7,2,1,1,0,8,1,1,0,6,1,0,0,5,0,8,0,8,0,127.7,0,4.1,-626,-24,-0.6 %,-0.1 %,-626,-24,-0.6 %,-0.1 %,-626,0,-0.6 %,0.0 %,0.0 %,88.9 %,0.0 %,88.9 %,0.0 %,85.7 %,0,384,-313,-24,0.0 %,100.0 %
BWZ,20d RSI BWZ LT37 - L BWZ,2.3 %,6.3 %,1169,3139,3.4 %,9.9 %,68.1 %,63.3 %,0.0 %,-0.6 %,3,8,0.2,0.7,100.0 %,100.0 %,,,390,382,0.8 %,0.8 %,1.7,2,0,0,3,8,0,0,3,7,0,0,2,5,,,3,8,,,3.8,5.5,0,0,0.0 %,0.0 %,0,0,0.0 %,0.0 %,0,0,0.0 %,0.0 %,100.0 %,100.0 %,100.0 %,100.0 %,100.0 %,100.0 %,390,382,0,0,100.0 %,100.0 %
CALF,19d RSI CALF LT36 - L CALF,5.5 %,4.2 %,2757,2102,59.7 %,5.6 %,9.2 %,75.7 %,-6.7 %,-1.6 %,10,3,0.8,0.2,90.0 %,100.0 %,0.2,,276,695,0.6 %,1.4 %,3,3,1,0,6,3,1,0,5,3,1,0,2,3,9,,9,3,1.8,,0.7,1.9,-6961,0,-7.0 %,0.0 %,-6961,0,-7.0 %,0.0 %,-2728,0,-2.7 %,0.0 %,90.0 %,100.0 %,90.0 %,100.0 %,87.5 %,100.0 %,693,695,-3480,0,75.0 %,100.0 %
CEF,5d RSI CEF LT20 - L CEF,3.2 %,9.0 %,1603,4496,100.0 %,5.2 %,3.2 %,174.3 %,0.0 %,-0.6 %,1,5,0.1,0.4,100.0 %,100.0 %,,,1603,869,3.2 %,1.7 %,3,1.6,0,0,1,5,0,0,1,5,0,0,1,4,,,1,5,,,0,8.5,0,0,0.0 %,0.0 %,0,0,0.0 %,0.0 %,0,0,0.0 %,0.0 %,100.0 %,100.0 %,100.0 %,100.0 %,100.0 %,100.0 %,1603,869,0,0,100.0 %,100.0 %
CHAU,4d RSI CHAU LT16 - L CHAU,-2.0 %,30.5 %,-1004,15256,9.0 %,9.1 %,-22.3 %,334.3 %,-10.6 %,-1.2 %,4,9,0.3,0.8,75.0 %,100.0 %,0.3,,-251,1507,-0.5 %,3.0 %,4,1.6,1,0,2,9,1,0,2,9,1,0,2,6,3,,3,9,0.8,,-0.2,6,-10775,0,-10.8 %,0.0 %,-10775,0,-10.8 %,0.0 %,-10775,0,-10.8 %,0.0 %,75.0 %,100.0 %,75.0 %,100.0 %,75.0 %,100.0 %,1461,1507,-5387,0,75.0 %,100.0 %
CIBR,3d RSI CIBR LT12 - L CIBR,9.2 %,20.2 %,4587,10122,9.3 %,13.5 %,99.1 %,150.0 %,-1.0 %,-1.7 %,5,9,0.4,0.8,60.0 %,100.0 %,3.7,,917,1041,1.8 %,2.1 %,3,2.8,1,0,2,9,1,0,2,9,1,0,2,8,1.5,,3,9,5.6,,1,4,-1070,0,-1.1 %,0.0 %,-1070,0,-1.1 %,0.0 %,-1070,0,-1.1 %,0.0 %,60.0 %,100.0 %,60.0 %,100.0 %,60.0 %,100.0 %,1863,1041,-502,0,60.0 %,100.0 %
CMDT,7d RSI CMDT LT25 - L CMDT,1.5 %,2.9 %,758,1446,5.2 %,6.0 %,29.1 %,48.6 %,0.0 %,-1.2 %,3,4,0.2,0.3,66.7 %,75.0 %,,23.2,253,358,0.5 %,0.7 %,2.3,2.8,1,1,1,2,1,1,1,2,1,0,1,3,2,3,2,3,,69.7,2.2,3.2,0,-21,0.0 %,-0.0 %,0,-21,0.0 %,-0.0 %,0,0,0.0 %,0.0 %,66.7 %,75.0 %,66.7 %,75.0 %,66.7 %,75.0 %,379,484,0,-21,66.7 %,100.0 %
CMF,18d RSI CMF LT35 - L CMF,0.5 %,2.3 %,237,1159,20.0 %,6.8 %,2.4 %,34.4 %,-0.3 %,-0.1 %,3,6,0.2,0.5,66.7 %,100.0 %,1.3,,79,191,0.2 %,0.4 %,3.3,1.8,1,0,2,6,1,0,2,5,1,0,2,4,2,,2,6,2.6,,0.7,8.9,-297,0,-0.3 %,0.0 %,-297,0,-0.3 %,0.0 %,-297,0,-0.3 %,0.0 %,66.7 %,100.0 %,66.7 %,100.0 %,66.7 %,100.0 %,193,191,-149,0,66.7 %,100.0 %
COLO,6d RSI COLO LT18 - L COLO,7.8 %,0.5 %,3877,269,100.0 %,5.2 %,7.8 %,10.4 %,0.0 %,-4.2 %,1,4,0.1,0.3,100.0 %,75.0 %,,0.4,3877,71,7.8 %,0.1 %,6,2.2,0,1,1,2,0,1,1,2,0,1,1,2,,3,1,3,,1.3,0,0.2,0,-971,0.0 %,-1.9 %,0,-971,0.0 %,-1.9 %,0,-971,0.0 %,-1.9 %,100.0 %,75.0 %,100.0 %,75.0 %,100.0 %,75.0 %,3877,418,0,-971,100.0 %,75.0 %
COMT,3d RSI COMT LT13 - L COMT,5.0 %,8.3 %,2500,4168,12.0 %,7.9 %,41.6 %,105.0 %,-1.1 %,-2.3 %,7,7,0.6,0.6,71.4 %,100.0 %,2.2,,357,576,0.7 %,1.1 %,3,1.9,2,0,4,7,2,0,4,7,2,0,4,6,2.5,,5,7,5.4,,2,4.9,-1138,0,-1.1 %,0.0 %,-1138,0,-1.1 %,0.0 %,-1138,0,-1.1 %,0.0 %,71.4 %,100.0 %,71.4 %,100.0 %,71.4 %,100.0 %,614,576,-285,0,71.4 %,100.0 %
COPX,16d RSI COPX LT35 - L COPX,-4.0 %,11.9 %,-1993,5932,100.0 %,6.8 %,-4.0 %,175.9 %,0.0 %,-2.6 %,1,5,0.1,0.4,0.0 %,100.0 %,0,,-1993,1137,-4.0 %,2.3 %,4,2.4,1,0,0,5,1,0,0,5,1,0,0,4,0,,0,5,0,,0,4.3,-3985,0,-4.0 %,0.0 %,-3985,0,-4.0 %,0.0 %,-3985,0,-4.0 %,0.0 %,0.0 %,100.0 %,0.0 %,100.0 %,0.0 %,100.0 %,0,1137,-1993,0,0.0 %,100.0 %
CORN,8d RSI CORN LT17 - L CORN,0.7 %,4.0 %,351,2009,100.0 %,5.6 %,0.7 %,72.3 %,0.0 %,-1.1 %,1,4,0.1,0.3,100.0 %,100.0 %,,,351,495,0.7 %,1.0 %,1,2.5,0,0,1,4,0,0,1,4,0,0,1,2,,,1,4,,,0,5.6,0,0,0.0 %,0.0 %,0,0,0.0 %,0.0 %,0,0,0.0 %,0.0 %,100.0 %,100.0 %,100.0 %,100.0 %,100.0 %,100.0 %,351,495,0,0,100.0 %,100.0 %
COWZ,19d RSI COWZ LT40 - L COWZ,7.0 %,4.9 %,3509,2448,16.7 %,6.3 %,42.1 %,77.1 %,-1.3 %,-1.7 %,8,4,0.7,0.3,75.0 %,75.0 %,1.8,4,439,604,0.9 %,1.2 %,3,3,1,1,3,3,1,1,3,3,0,0,4,3,3,3,6,3,5.4,12.1,2,2.1,-1320,-217,-1.3 %,-0.4 %,-1320,-217,-1.3 %,-0.4 %,0,0,0.0 %,0.0 %,75.0 %,75.0 %,75.0 %,75.0 %,75.0 %,75.0 %,718,878,-400,-217,100.0 %,100.0 %
CPER,17d RSI CPER LT36 - L CPER,2.3 %,0.9 %,1142,441,24.8 %,5.2 %,9.2 %,17.1 %,-1.8 %,-2.6 %,6,2,0.5,0.2,66.7 %,50.0 %,1,12.1,190,221,0.4 %,0.4 %,3.3,5,1,1,2,1,1,1,3,1,0,1,2,1,2,1,4,1,1.9,12.1,0.7,1.2,-1841,-40,-1.8 %,-0.1 %,-644,-40,-0.6 %,-0.1 %,0,-40,0.0 %,-0.1 %,66.7 %,50.0 %,66.7 %,50.0 %,80.0 %,50.0 %,596,481,-621,-40,100.0 %,50.0 %
CQQQ,3d RSI CQQQ LT12 - L CQQQ,1.8 %,17.8 %,876,8908,12.7 %,9.9 %,13.7 %,179.6 %,-2.5 %,-4.2 %,7,8,0.6,0.7,57.1 %,87.5 %,1,3.9,125,1047,0.3 %,2.1 %,3.4,2.1,1,1,2,7,1,1,2,7,1,0,2,6,1.3,7,4,7,1.4,27.1,0.4,2.7,-2573,-321,-2.6 %,-0.6 %,-2573,-321,-2.6 %,-0.6 %,-2573,0,-2.6 %,0.0 %,57.1 %,87.5 %,57.1 %,87.5 %,57.1 %,87.5 %,822,1243,-804,-321,57.1 %,100.0 %
CWB,18d RSI CWB LT42 - L CWB,5.9 %,5.7 %,2975,2847,15.9 %,9.1 %,37.4 %,62.4 %,-0.6 %,-1.4 %,9,6,0.8,0.5,66.7 %,100.0 %,2.8,,331,464,0.7 %,0.9 %,3.3,2.7,1,0,2,6,1,0,2,4,1,0,1,4,2,,6,6,5.7,,1.8,4.2,-621,0,-0.6 %,0.0 %,-621,0,-0.6 %,0.0 %,-621,0,-0.6 %,0.0 %,66.7 %,100.0 %,66.7 %,100.0 %,66.7 %,100.0 %,602,464,-212,0,60.0 %,100.0 %
CWEB,3d RSI CWEB LT13 - L CWEB,21.0 %,30.6 %,10502,15318,15.9 %,11.9 %,132.5 %,257.3 %,-1.9 %,-9.8 %,8,8,0.7,0.7,75.0 %,87.5 %,2,5,1313,1711,2.6 %,3.4 %,3.9,2.5,1,1,4,4,1,1,4,4,1,1,5,3,3,7,6,7,6.1,35.2,1.9,4.3,-2305,-400,-2.3 %,-0.8 %,-2305,-400,-2.3 %,-0.8 %,-1837,-400,-1.8 %,-0.8 %,75.0 %,87.5 %,75.0 %,87.5 %,75.0 %,87.5 %,2095,2012,-1035,-400,85.7 %,83.3 %
CWI,11d RSI CWI LT30 - L CWI,5.8 %,4.8 %,2886,2407,4.0 %,5.2 %,145.0 %,93.3 %,0.0 %,-1.1 %,3,3,0.2,0.2,100.0 %,100.0 %,,,962,791,1.9 %,1.6 %,2,3.3,0,0,3,3,0,0,3,3,0,0,3,3,,,3,3,,,2.6,3.5,0,0,0.0 %,0.0 %,0,0,0.0 %,0.0 %,0,0,0.0 %,0.0 %,100.0 %,100.0 %,100.0 %,100.0 %,100.0 %,100.0 %,962,791,0,0,100.0 %,100.0 %
CXSE,5d RSI CXSE LT21 - L CXSE,-3.7 %,10.5 %,-1837,5268,8.2 %,6.0 %,-44.7 %,177.0 %,-4.3 %,-0.9 %,4,6,0.3,0.5,25.0 %,100.0 %,1.2,,-459,845,-0.9 %,1.7 %,3.5,1.5,2,0,1,6,2,0,1,6,2,0,1,5,0.3,,1,6,0.4,,-0.8,3.6,-5160,0,-5.2 %,0.0 %,-5160,0,-5.2 %,0.0 %,-5160,0,-5.2 %,0.0 %,25.0 %,100.0 %,25.0 %,100.0 %,25.0 %,100.0 %,1154,845,-997,0,25.0 %,100.0 %
DBA,13d RSI DBA LT36 - L DBA,7.3 %,7.0 %,3654,3511,16.1 %,6.0 %,45.5 %,118.0 %,0.0 %,-2.8 %,10,4,0.8,0.3,90.0 %,100.0 %,2.4,,365,862,0.7 %,1.7 %,2,2.8,1,0,9,4,0,0,9,4,0,0,6,4,9,,9,4,21.8,,3.6,2.1,-352,0,-0.4 %,0.0 %,0,0,0.0 %,0.0 %,0,0,0.0 %,0.0 %,90.0 %,100.0 %,90.0 %,100.0 %,100.0 %,100.0 %,426,862,-176,0,100.0 %,100.0 %
DBB,20d RSI DBB LT42 - L DBB,0.9 %,8.2 %,468,4112,30.2 %,15.5 %,3.1 %,53.1 %,-6.4 %,-5.7 %,7,9,0.6,0.8,71.4 %,77.8 %,0.5,0.9,67,448,0.1 %,0.9 %,2.6,3.3,1,2,2,4,2,2,2,4,1,1,1,4,2.5,3.5,5,7,1.1,3.2,0.1,1.6,-6526,-1828,-6.5 %,-3.7 %,-5132,-1828,-5.1 %,-3.7 %,-3514,-1278,-3.5 %,-2.6 %,71.4 %,77.8 %,71.4 %,77.8 %,66.7 %,75.0 %,797,837,-1760,-914,66.7 %,85.7 %
DBC,14d RSI DBC LT32 - L DBC,-0.3 %,3.6 %,-148,1799,100.0 %,5.2 %,-0.3 %,69.8 %,0.0 %,-2.4 %,1,3,0.1,0.2,0.0 %,100.0 %,0,,-148,596,-0.3 %,1.2 %,3,3.3,1,0,0,3,1,0,0,3,1,0,0,3,0,,0,3,0,,0,1.7,-296,0,-0.3 %,0.0 %,-296,0,-0.3 %,0.0 %,-296,0,-0.3 %,0.0 %,0.0 %,100.0 %,0.0 %,100.0 %,0.0 %,100.0 %,0,596,-148,0,0.0 %,100.0 %
DBEF,3d RSI DBEF LT10 - L DBEF,-4.1 %,4.8 %,-2070,2379,9.6 %,6.0 %,-42.9 %,80.0 %,0.0 %,-1.9 %,2,4,0.2,0.3,50.0 %,100.0 %,0.2,,-1035,585,-2.1 %,1.2 %,4.5,2.8,1,0,1,4,1,0,1,4,1,0,1,4,1,,1,4,0.2,,-1,4,-5092,0,-5.1 %,0.0 %,-5092,0,-5.1 %,0.0 %,-5092,0,-5.1 %,0.0 %,50.0 %,100.0 %,50.0 %,100.0 %,50.0 %,100.0 %,476,585,-2546,0,50.0 %,100.0 %
DBO,11d RSI DBO LT30 - L DBO,5.9 %,9.5 %,2929,4740,6.1 %,6.0 %,96.1 %,159.3 %,0.0 %,-1.1 %,3,4,0.2,0.3,100.0 %,100.0 %,,,976,1150,2.0 %,2.3 %,2.3,2.8,0,0,3,4,0,0,3,4,0,0,3,4,,,3,4,,,2.4,3.4,0,0,0.0 %,0.0 %,0,0,0.0 %,0.0 %,0,0,0.0 %,0.0 %,100.0 %,100.0 %,100.0 %,100.0 %,100.0 %,100.0 %,976,1150,0,0,100.0 %,100.0 %
DDM,15d RSI DDM LT39 - L DDM,2.0 %,18.0 %,1001,8997,16.0 %,9.9 %,12.5 %,181.4 %,-8.2 %,-2.0 %,7,5,0.6,0.4,57.1 %,100.0 %,0.9,,143,1688,0.3 %,3.4 %,4,3.6,2,0,2,5,2,0,2,5,2,0,2,4,1.3,,4,5,1.2,,0.2,5,-8429,0,-8.4 %,0.0 %,-8429,0,-8.4 %,0.0 %,-6518,0,-6.5 %,0.0 %,57.1 %,100.0 %,57.1 %,100.0 %,57.1 %,100.0 %,1387,1688,-1516,0,50.0 %,100.0 %
DDWM,3d RSI DDWM LT12 - L DDWM,-0.8 %,3.3 %,-395,1659,7.2 %,6.0 %,-11.0 %,55.7 %,0.0 %,-1.9 %,3,4,0.2,0.3,66.7 %,75.0 %,0.4,2.2,-132,412,-0.3 %,0.8 %,2.3,2.8,1,1,2,3,1,1,2,3,1,1,2,3,2,3,2,3,0.7,6.5,-0.2,1.9,-2893,-301,-2.9 %,-0.6 %,-2893,-301,-2.9 %,-0.6 %,-2893,-301,-2.9 %,-0.6 %,66.7 %,75.0 %,66.7 %,75.0 %,66.7 %,75.0 %,526,649,-1446,-301,66.7 %,75.0 %
DEM,12d RSI DEM LT32 - L DEM,3.1 %,6.3 %,1551,3129,5.5 %,5.2 %,56.1 %,121.3 %,-0.2 %,-0.7 %,3,4,0.2,0.3,66.7 %,100.0 %,10.3,,517,765,1.0 %,1.5 %,2.7,2.2,1,0,1,4,1,0,1,4,1,0,1,4,2,,2,4,20.6,,1.6,8,-158,0,-0.2 %,0.0 %,-158,0,-0.2 %,0.0 %,-158,0,-0.2 %,0.0 %,66.7 %,100.0 %,66.7 %,100.0 %,66.7 %,100.0 %,815,765,-79,0,66.7 %,100.0 %
DES,9d RSI DES LT29 - L DES,9.1 %,4.9 %,4527,2470,9.3 %,5.2 %,97.4 %,95.8 %,-1.4 %,-1.5 %,6,4,0.5,0.3,83.3 %,100.0 %,1.5,,754,608,1.5 %,1.2 %,2.5,2.2,1,0,3,4,1,0,3,4,1,0,2,3,5,,5,4,7.4,,2.1,3.6,-1421,0,-1.4 %,0.0 %,-1421,0,-1.4 %,0.0 %,-1421,0,-1.4 %,0.0 %,83.3 %,100.0 %,83.3 %,100.0 %,83.3 %,100.0 %,1047,608,-710,0,80.0 %,100.0 %
DFEN,21d RSI DFEN LT44 - L DFEN,34.8 %,260.2 %,17400,130090,18.0 %,7.9 %,193.4 %,3278.3 %,-5.2 %,-2.4 %,11,6,0.9,0.5,81.8 %,100.0 %,1.2,,1582,17582,3.2 %,35.2 %,2.9,2,1,0,5,6,1,0,5,5,1,0,4,4,4.5,,9,6,5.2,,2.5,1.3,-6805,0,-6.8 %,0.0 %,-5016,0,-5.0 %,0.0 %,-5016,0,-5.0 %,0.0 %,81.8 %,100.0 %,81.8 %,100.0 %,80.0 %,100.0 %,2394,17582,-2073,0,83.3 %,100.0 %
DGRO,20d RSI DGRO LT44 - L DGRO,2.1 %,4.5 %,1063,2225,35.9 %,6.8 %,5.9 %,66.0 %,-1.3 %,-0.8 %,6,3,0.5,0.2,50.0 %,100.0 %,2.2,,177,732,0.4 %,1.5 %,3.3,4,2,0,2,3,2,0,3,3,2,0,1,3,1,,3,3,2.2,,0.8,3.2,-484,0,-0.5 %,0.0 %,-484,0,-0.5 %,0.0 %,-484,0,-0.5 %,0.0 %,50.0 %,100.0 %,50.0 %,100.0 %,60.0 %,100.0 %,658,732,-303,0,33.3 %,100.0 %
DGRW,18d RSI DGRW LT37 - L DGRW,0.4 %,5.0 %,189,2503,18.8 %,5.6 %,2.0 %,90.1 %,-0.6 %,-0.8 %,3,3,0.2,0.2,66.7 %,100.0 %,0.8,,63,822,0.1 %,1.6 %,3,3,1,0,2,3,1,0,2,3,1,0,2,3,2,,2,3,1.7,,0.4,4.3,-578,0,-0.6 %,0.0 %,-578,0,-0.6 %,0.0 %,-578,0,-0.6 %,0.0 %,66.7 %,100.0 %,66.7 %,100.0 %,66.7 %,100.0 %,239,822,-289,0,66.7 %,100.0 %
DGS,4d RSI DGS LT13 - L DGS,3.4 %,4.3 %,1717,2160,7.0 %,6.0 %,48.8 %,72.6 %,0.0 %,-0.8 %,4,4,0.3,0.3,100.0 %,100.0 %,,,429,532,0.9 %,1.1 %,2.5,2.8,0,0,4,4,0,0,4,4,0,0,4,4,,,4,4,,,1.7,4.4,0,0,0.0 %,0.0 %,0,0,0.0 %,0.0 %,0,0,0.0 %,0.0 %,100.0 %,100.0 %,100.0 %,100.0 %,100.0 %,100.0 %,429,532,0,0,100.0 %,100.0 %
DIA,16d RSI DIA LT41 - L DIA,2.8 %,8.3 %,1380,4150,17.3 %,9.1 %,15.9 %,90.9 %,-3.9 %,-1.0 %,8,5,0.7,0.4,75.0 %,100.0 %,0.6,,172,805,0.3 %,1.6 %,3.8,3.2,2,0,6,5,2,0,5,5,2,0,2,4,3,,6,5,1.7,,0.5,6.3,-3973,0,-4.0 %,0.0 %,-3973,0,-4.0 %,0.0 %,-3685,0,-3.7 %,0.0 %,75.0 %,100.0 %,75.0 %,100.0 %,71.4 %,100.0 %,561,805,-993,0,50.0 %,100.0 %
DIV,17d RSI DIV LT39 - L DIV,5.1 %,4.5 %,2549,2264,7.1 %,6.3 %,72.1 %,71.3 %,-0.5 %,-3.1 %,4,4,0.3,0.3,75.0 %,75.0 %,3.9,1.7,637,563,1.3 %,1.1 %,2.5,3,1,1,3,2,1,1,3,2,1,1,2,2,3,3,3,3,11.6,5,1.7,1.4,-480,-565,-0.5 %,-1.1 %,-480,-565,-0.5 %,-1.1 %,-480,-384,-0.5 %,-0.8 %,75.0 %,75.0 %,75.0 %,75.0 %,75.0 %,75.0 %,930,939,-240,-565,66.7 %,66.7 %
DIVB,13d RSI DIVB LT33 - L DIVB,0.6 %,0.8 %,308,398,17.2 %,5.2 %,3.6 %,15.4 %,-2.0 %,-3.5 %,3,3,0.2,0.2,66.7 %,66.7 %,0.7,0.9,103,135,0.2 %,0.3 %,2.7,3.3,1,1,2,1,1,1,2,1,1,1,2,1,2,2,2,2,1.3,1.7,0.2,0.4,-2035,-555,-2.0 %,-1.1 %,-2035,-555,-2.0 %,-1.1 %,-2035,-358,-2.0 %,-0.7 %,66.7 %,66.7 %,66.7 %,66.7 %,66.7 %,66.7 %,663,480,-1018,-555,66.7 %,50.0 %
DIVI,17d RSI DIVI LT39 - L DIVI,6.8 %,7.2 %,3407,3578,4.8 %,13.1 %,143.1 %,54.6 %,0.0 %,-1.4 %,2,9,0.2,0.8,100.0 %,100.0 %,,,1704,386,3.4 %,0.8 %,3,2.4,0,0,2,9,0,0,2,8,0,0,2,5,,,2,9,,,7.2,4.1,0,0,0.0 %,0.0 %,0,0,0.0 %,0.0 %,0,0,0.0 %,0.0 %,100.0 %,100.0 %,100.0 %,100.0 %,100.0 %,100.0 %,1704,386,0,0,100.0 %,100.0 %
DIVO,15d RSI DIVO LT39 - L DIVO,2.2 %,5.2 %,1102,2585,26.3 %,5.6 %,8.4 %,93.0 %,-1.3 %,-0.5 %,5,3,0.4,0.2,60.0 %,100.0 %,1.8,,220,847,0.4 %,1.7 %,2.8,3,2,0,2,3,2,0,2,3,0,0,3,3,1.5,,3,3,2.7,,1,7.6,-1270,0,-1.3 %,0.0 %,-1270,0,-1.3 %,0.0 %,0,0,0.0 %,0.0 %,60.0 %,100.0 %,60.0 %,100.0 %,60.0 %,100.0 %,579,847,-317,0,100.0 %,100.0 %
DLN,18d RSI DLN LT40 - L DLN,1.4 %,5.5 %,689,2730,21.2 %,6.8 %,6.5 %,81.0 %,-1.8 %,-0.5 %,4,4,0.3,0.3,75.0 %,100.0 %,0.6,,172,670,0.3 %,1.3 %,2.5,2.8,1,0,2,4,1,0,2,4,1,0,2,3,3,,3,4,1.8,,0.5,4.3,-1795,0,-1.8 %,0.0 %,-112,0,-0.1 %,0.0 %,-112,0,-0.1 %,0.0 %,75.0 %,100.0 %,75.0 %,100.0 %,66.7 %,100.0 %,529,670,-897,0,66.7 %,100.0 %
DOG,20d RSI DOG LT36 - L DOG,0.2 %,6.3 %,122,3160,100.0 %,17.9 %,0.2 %,35.4 %,0.0 %,-1.3 %,1,10,0.1,0.8,100.0 %,100.0 %,,,122,308,0.2 %,0.6 %,3,3.5,0,0,1,10,0,0,1,9,0,0,1,7,,,1,10,,,0,7.5,0,0,0.0 %,0.0 %,0,0,0.0 %,0.0 %,0,0,0.0 %,0.0 %,100.0 %,100.0 %,100.0 %,100.0 %,100.0 %,100.0 %,122,308,0,0,100.0 %,100.0 %
DON,15d RSI DON LT39 - L DON,6.9 %,4.5 %,3451,2235,14.8 %,7.9 %,46.5 %,56.3 %,-2.2 %,-1.4 %,9,4,0.8,0.3,66.7 %,50.0 %,1.7,35.3,383,553,0.8 %,1.1 %,2.7,4,2,1,5,2,2,1,4,2,1,1,4,2,2,1,6,2,3.4,35.3,1.6,1.8,-2243,-34,-2.2 %,-0.1 %,-2243,-34,-2.2 %,-0.1 %,-630,-34,-0.6 %,-0.1 %,66.7 %,50.0 %,66.7 %,50.0 %,62.5 %,50.0 %,815,1139,-479,-32,80.0 %,66.7 %
DPST,19d RSI DPST LT38 - L DPST,59.7 %,31.1 %,29868,15536,16.5 %,6.0 %,361.6 %,522.0 %,-10.7 %,-5.4 %,10,4,0.8,0.3,90.0 %,100.0 %,0.7,,2987,3507,6.0 %,7.0 %,2.7,2.8,1,0,8,4,1,0,7,4,1,0,3,4,9,,9,4,5.9,,2.5,7.7,-12227,0,-12.2 %,0.0 %,-12227,0,-12.2 %,0.0 %,-9252,0,-9.3 %,0.0 %,90.0 %,100.0 %,90.0 %,100.0 %,88.9 %,100.0 %,3998,3507,-6113,0,80.0 %,100.0 %
DRIP,8d RSI DRIP LT16 - L DRIP,2.5 %,4.6 %,1274,2294,100.0 %,5.2 %,2.5 %,89.0 %,0.0 %,-4.2 %,1,2,0.1,0.2,100.0 %,50.0 %,,8.1,1274,1156,2.5 %,2.3 %,3,5.5,0,1,1,1,0,1,1,1,0,1,1,1,,1,1,1,,8.1,0,1.1,0,-324,0.0 %,-0.7 %,0,-324,0.0 %,-0.7 %,0,-324,0.0 %,-0.7 %,100.0 %,50.0 %,100.0 %,50.0 %,100.0 %,50.0 %,1274,2636,0,-324,100.0 %,50.0 %
DRN,20d RSI DRN LT36 - L DRN,-0.0 %,4.9 %,-22,2453,14.9 %,5.2 %,-0.3 %,95.1 %,0.0 %,-5.3 %,2,3,0.2,0.2,50.0 %,100.0 %,0.9,,-11,809,-0.0 %,1.6 %,3.5,3.3,1,0,1,3,1,0,1,3,1,0,1,2,1,,1,3,0.9,,-0.1,2.2,-530,0,-0.5 %,0.0 %,-530,0,-0.5 %,0.0 %,-530,0,-0.5 %,0.0 %,50.0 %,100.0 %,50.0 %,100.0 %,50.0 %,100.0 %,243,809,-265,0,50.0 %,100.0 %
DSI,6d RSI DSI LT23 - L DSI,6.7 %,8.1 %,3373,4042,9.8 %,7.5 %,68.5 %,107.2 %,0.0 %,-1.6 %,3,4,0.2,0.3,66.7 %,100.0 %,1.6,,1124,983,2.2 %,2.0 %,5.3,3.8,1,0,2,4,1,0,2,4,1,0,2,4,2,,2,4,3.2,,0.9,5,-3053,0,-3.1 %,0.0 %,-3053,0,-3.1 %,0.0 %,-3053,0,-3.1 %,0.0 %,66.7 %,100.0 %,66.7 %,100.0 %,66.7 %,100.0 %,2450,983,-1526,0,66.7 %,100.0 %
DULL,19d RSI DULL LT25 - L DULL,-6.9 %,7.8 %,-3429,3894,100.0 %,6.3 %,-6.9 %,122.7 %,-16.2 %,-11.7 %,3,4,0.2,0.3,33.3 %,75.0 %,1.4,0.7,-1143,1018,-2.3 %,2.0 %,4.3,3,2,1,1,2,2,1,1,1,1,0,0,2,0.5,3,1,3,0.7,2.2,-0.3,0.8,-23231,-3343,-23.2 %,-6.7 %,-23231,-1506,-23.2 %,-3.0 %,-6857,0,-6.9 %,0.0 %,33.3 %,75.0 %,33.3 %,75.0 %,33.3 %,66.7 %,8187,2472,-5808,-3343,0.0 %,100.0 %
DUST,5d RSI DUST LT12 - L DUST,-5.0 %,3.7 %,-2481,1863,90.9 %,9.1 %,-5.5 %,40.8 %,-5.4 %,-11.7 %,2,4,0.2,0.3,50.0 %,50.0 %,0.1,2,-1240,493,-2.5 %,1.0 %,4,4.8,1,1,1,1,1,1,1,1,1,1,0,1,1,1,1,2,0.1,2,-1.2,0.5,-5412,-1592,-5.4 %,-3.2 %,-5412,-1592,-5.4 %,-3.2 %,-4962,-1592,-5.0 %,-3.2 %,50.0 %,50.0 %,50.0 %,50.0 %,50.0 %,50.0 %,225,1948,-2706,-961,0.0 %,50.0 %
DVY,20d RSI DVY LT43 - L DVY,6.9 %,1.9 %,3434,934,13.3 %,6.3 %,51.6 %,29.4 %,-2.5 %,-3.4 %,7,4,0.6,0.3,71.4 %,75.0 %,1.3,0.7,491,238,1.0 %,0.5 %,3.1,2,1,1,4,2,1,1,4,2,1,1,3,2,2.5,3,5,3,3.2,2.1,1.3,0.6,-2550,-861,-2.5 %,-1.7 %,-2550,-861,-2.5 %,-1.7 %,-571,-531,-0.6 %,-1.1 %,71.4 %,75.0 %,71.4 %,75.0 %,71.4 %,75.0 %,999,604,-780,-861,75.0 %,66.7 %
DVYE,7d RSI DVYE LT25 - L DVYE,4.1 %,4.9 %,2029,2456,5.5 %,5.6 %,73.4 %,88.4 %,0.0 %,-0.6 %,3,5,0.2,0.4,100.0 %,100.0 %,,,676,482,1.4 %,1.0 %,2.7,1.8,0,0,3,5,0,0,3,5,0,0,3,5,,,3,5,,,2.2,5.2,0,0,0.0 %,0.0 %,0,0,0.0 %,0.0 %,0,0,0.0 %,0.0 %,100.0 %,100.0 %,100.0 %,100.0 %,100.0 %,100.0 %,676,482,0,0,100.0 %,100.0 %
DXD,19d RSI DXD LT34 - L DXD,0.5 %,9.7 %,259,4869,100.0 %,13.9 %,0.5 %,70.1 %,0.0 %,-2.7 %,1,8,0.1,0.7,100.0 %,100.0 %,,,259,585,0.5 %,1.2 %,3,3.4,0,0,1,8,0,0,1,8,0,0,1,6,,,1,8,,,0,8,0,0,0.0 %,0.0 %,0,0,0.0 %,0.0 %,0,0,0.0 %,0.0 %,100.0 %,100.0 %,100.0 %,100.0 %,100.0 %,100.0 %,259,585,0,0,100.0 %,100.0 %
DXJ,3d RSI DXJ LT11 - L DXJ,-3.5 %,5.2 %,-1769,2592,7.9 %,7.9 %,-45.0 %,65.3 %,-6.2 %,-11.9 %,3,5,0.2,0.4,66.7 %,60.0 %,0.2,3,-590,513,-1.2 %,1.0 %,4,3,1,2,1,3,1,2,1,3,1,2,1,3,2,1.5,2,3,0.4,4.5,-0.6,1.6,-6194,-724,-6.2 %,-1.4 %,-6194,-724,-6.2 %,-1.4 %,-6194,-724,-6.2 %,-1.4 %,66.7 %,60.0 %,66.7 %,60.0 %,66.7 %,60.0 %,664,1097,-3097,-362,66.7 %,60.0 %
EAGL,4d RSI EAGL LT20 - L EAGL,4.0 %,8.3 %,2024,4130,17.3 %,6.3 %,23.5 %,130.1 %,-0.6 %,-2.0 %,7,4,0.6,0.3,71.4 %,100.0 %,1.5,,289,1003,0.6 %,2.0 %,3.9,3,1,0,3,4,1,0,3,4,1,0,2,4,2.5,,5,4,3.7,,1.6,6.9,-834,0,-0.8 %,0.0 %,-834,0,-0.8 %,0.0 %,-641,0,-0.6 %,0.0 %,71.4 %,100.0 %,71.4 %,100.0 %,71.4 %,100.0 %,552,1003,-369,0,80.0 %,100.0 %
ECH,20d RSI ECH LT37 - L ECH,5.7 %,8.8 %,2829,4424,7.2 %,5.6 %,78.1 %,159.2 %,0.0 %,-1.1 %,2,6,0.2,0.5,100.0 %,100.0 %,,,1415,713,2.8 %,1.4 %,1.5,1.3,0,0,2,6,0,0,2,5,0,0,2,4,,,2,6,,,2.8,5.4,0,0,0.0 %,0.0 %,0,0,0.0 %,0.0 %,0,0,0.0 %,0.0 %,100.0 %,100.0 %,100.0 %,100.0 %,100.0 %,100.0 %,1415,713,0,0,100.0 %,100.0 %
EDC,21d RSI EDC LT39 - L EDC,12.4 %,20.3 %,6210,10152,13.6 %,5.2 %,91.1 %,393.6 %,0.0 %,-1.4 %,3,5,0.2,0.4,100.0 %,100.0 %,,,2070,1891,4.1 %,3.8 %,2,1.4,0,0,3,5,0,0,2,4,0,0,2,4,,,3,5,,,2.1,4.7,0,0,0.0 %,0.0 %,0,0,0.0 %,0.0 %,0,0,0.0 %,0.0 %,100.0 %,100.0 %,100.0 %,100.0 %,100.0 %,100.0 %,2070,1891,0,0,100.0 %,100.0 %
EDIV,5d RSI EDIV LT17 - L EDIV,1.9 %,7.5 %,957,3727,5.5 %,6.3 %,34.6 %,117.4 %,-0.4 %,-0.1 %,3,6,0.2,0.5,66.7 %,100.0 %,3.1,,319,603,0.6 %,1.2 %,2.7,1.7,1,0,1,6,1,0,1,6,1,0,1,6,2,,2,6,6.2,,1.3,11.7,-368,0,-0.4 %,0.0 %,-368,0,-0.4 %,0.0 %,-368,0,-0.4 %,0.0 %,66.7 %,100.0 %,66.7 %,100.0 %,66.7 %,100.0 %,570,603,-184,0,66.7 %,100.0 %
EDV,21d RSI EDV LT36 - L EDV,-0.5 %,9.2 %,-266,4593,100.0 %,7.5 %,-0.5 %,121.8 %,0.0 %,-1.5 %,1,6,0.1,0.5,0.0 %,100.0 %,0,,-266,740,-0.5 %,1.5 %,6,1.7,1,0,0,6,1,0,0,6,1,0,0,3,0,,0,6,0,,0,4.1,-532,0,-0.5 %,0.0 %,-532,0,-0.5 %,0.0 %,-532,0,-0.5 %,0.0 %,0.0 %,100.0 %,0.0 %,100.0 %,0.0 %,100.0 %,0,740,-266,0,0.0 %,100.0 %
EDZ,19d RSI EDZ LT33 - L EDZ,8.0 %,21.4 %,4006,10720,30.2 %,6.0 %,26.5 %,360.2 %,-6.8 %,-2.1 %,7,5,0.6,0.4,57.1 %,100.0 %,1.5,,572,1995,1.1 %,4.0 %,2.6,2,3,0,3,5,2,0,3,4,1,0,2,4,1.3,,4,5,2.1,,0.9,3.7,-7604,0,-7.6 %,0.0 %,-4415,0,-4.4 %,0.0 %,-4415,0,-4.4 %,0.0 %,57.1 %,100.0 %,57.1 %,100.0 %,66.7 %,100.0 %,1952,1995,-1267,0,75.0 %,100.0 %
EEM,17d RSI EEM LT38 - L EEM,2.0 %,7.0 %,982,3475,10.9 %,5.2 %,17.9 %,134.7 %,0.0 %,-0.5 %,2,4,0.2,0.3,100.0 %,100.0 %,,,491,850,1.0 %,1.7 %,2.5,2.2,0,0,2,4,0,0,2,4,0,0,2,4,,,2,4,,,2.6,3.2,0,0,0.0 %,0.0 %,0,0,0.0 %,0.0 %,0,0,0.0 %,0.0 %,100.0 %,100.0 %,100.0 %,100.0 %,100.0 %,100.0 %,491,850,0,0,100.0 %,100.0 %
EEMA,11d RSI EEMA LT33 - L EEMA,2.9 %,6.3 %,1474,3138,4.4 %,5.2 %,66.9 %,121.7 %,0.0 %,-0.7 %,3,5,0.2,0.4,100.0 %,100.0 %,,,491,613,1.0 %,1.2 %,2.3,1.6,0,0,3,5,0,0,3,5,0,0,3,5,,,3,5,,,5.5,10.3,0,0,0.0 %,0.0 %,0,0,0.0 %,0.0 %,0,0,0.0 %,0.0 %,100.0 %,100.0 %,100.0 %,100.0 %,100.0 %,100.0 %,491,613,0,0,100.0 %,100.0 %
EEMV,10d RSI EEMV LT32 - L EEMV,5.0 %,4.5 %,2489,2265,7.5 %,7.1 %,66.0 %,63.4 %,0.0 %,-0.6 %,4,5,0.3,0.4,100.0 %,100.0 %,,,622,445,1.2 %,0.9 %,2.8,2.6,0,0,4,5,0,0,4,5,0,0,4,4,,,4,5,,,3.7,9,0,0,0.0 %,0.0 %,0,0,0.0 %,0.0 %,0,0,0.0 %,0.0 %,100.0 %,100.0 %,100.0 %,100.0 %,100.0 %,100.0 %,622,445,0,0,100.0 %,100.0 %
EFA,18d RSI EFA LT40 - L EFA,7.7 %,5.6 %,3846,2809,4.8 %,13.1 %,159.4 %,42.9 %,0.0 %,-1.6 %,3,9,0.2,0.8,100.0 %,77.8 %,,3.7,1282,306,2.6 %,0.6 %,2.7,2.4,0,2,3,4,0,1,3,4,0,0,3,5,,3.5,3,7,,13,2.3,2.2,0,-230,0.0 %,-0.5 %,0,-230,0.0 %,-0.5 %,0,0,0.0 %,0.0 %,100.0 %,77.8 %,100.0 %,77.8 %,100.0 %,85.7 %,1282,427,0,-115,100.0 %,100.0 %
EFAV,20d RSI EFAV LT37 - L EFAV,4.2 %,1.2 %,2113,616,9.4 %,6.0 %,45.1 %,20.7 %,0.0 %,-0.9 %,2,4,0.2,0.3,100.0 %,100.0 %,,,1057,154,2.1 %,0.3 %,2,2.8,0,0,2,4,0,0,2,3,0,0,2,3,,,2,4,,,1.6,2.2,0,0,0.0 %,0.0 %,0,0,0.0 %,0.0 %,0,0,0.0 %,0.0 %,100.0 %,100.0 %,100.0 %,100.0 %,100.0 %,100.0 %,1057,154,0,0,100.0 %,100.0 %
EFG,20d RSI EFG LT37 - L EFG,8.2 %,4.8 %,4096,2375,4.8 %,6.3 %,172.0 %,74.8 %,0.0 %,-1.2 %,2,4,0.2,0.3,100.0 %,100.0 %,,,2048,586,4.1 %,1.2 %,3,3,0,0,2,4,0,0,2,4,0,0,2,4,,,2,4,,,3.6,2.3,0,0,0.0 %,0.0 %,0,0,0.0 %,0.0 %,0,0,0.0 %,0.0 %,100.0 %,100.0 %,100.0 %,100.0 %,100.0 %,100.0 %,2048,586,0,0,100.0 %,100.0 %
EFV,12d RSI EFV LT38 - L EFV,7.3 %,8.9 %,3666,4460,4.8 %,14.3 %,152.0 %,62.5 %,0.0 %,-1.4 %,3,12,0.2,1,100.0 %,83.3 %,,22.2,1222,358,2.4 %,0.7 %,2.7,2,0,2,3,6,0,1,3,6,0,0,3,7,,5,3,10,,111.1,3.5,3.9,0,-39,0.0 %,-0.1 %,0,-20,0.0 %,-0.0 %,0,0,0.0 %,0.0 %,100.0 %,83.3 %,100.0 %,83.3 %,100.0 %,90.0 %,1222,434,0,-20,100.0 %,100.0 %
EIDO,6d RSI EIDO LT13 - L EIDO,8.3 %,5.0 %,4153,2486,6.2 %,5.6 %,132.9 %,89.5 %,0.0 %,-1.4 %,3,4,0.2,0.3,100.0 %,100.0 %,,,1384,611,2.8 %,1.2 %,1,2.5,0,0,3,4,0,0,3,4,0,0,3,3,,,3,4,,,3.5,8,0,0,0.0 %,0.0 %,0,0,0.0 %,0.0 %,0,0,0.0 %,0.0 %,100.0 %,100.0 %,100.0 %,100.0 %,100.0 %,100.0 %,1384,611,0,0,100.0 %,100.0 %
EIS,10d RSI EIS LT37 - L EIS,16.7 %,10.0 %,8370,5007,16.6 %,8.7 %,101.0 %,114.7 %,-0.2 %,-5.3 %,8,6,0.7,0.5,87.5 %,66.7 %,13.7,3.3,1046,813,2.1 %,1.6 %,3,2.7,1,1,5,2,1,1,5,2,0,0,5,4,7,2,7,4,96.1,6.5,2.9,1.9,-176,-838,-0.2 %,-1.7 %,-176,-44,-0.2 %,-0.1 %,0,0,0.0 %,0.0 %,87.5 %,66.7 %,87.5 %,66.7 %,87.5 %,80.0 %,1208,1440,-88,-441,100.0 %,100.0 %
EMB,4d RSI EMB LT16 - L EMB,0.2 %,1.8 %,101,882,100.0 %,6.0 %,0.2 %,29.6 %,0.0 %,-0.7 %,1,5,0.1,0.4,100.0 %,100.0 %,,,101,175,0.2 %,0.3 %,3,2,0,0,1,5,0,0,1,5,0,0,1,5,,,1,5,,,0,5.6,0,0,0.0 %,0.0 %,0,0,0.0 %,0.0 %,0,0,0.0 %,0.0 %,100.0 %,100.0 %,100.0 %,100.0 %,100.0 %,100.0 %,101,175,0,0,100.0 %,100.0 %
EMGF,15d RSI EMGF LT38 - L EMGF,1.4 %,4.2 %,677,2113,10.9 %,6.0 %,12.4 %,71.0 %,0.0 %,-0.8 %,2,4,0.2,0.3,100.0 %,100.0 %,,,339,520,0.7 %,1.0 %,2.5,2.5,0,0,2,4,0,0,2,4,0,0,2,4,,,2,4,,,4,6.2,0,0,0.0 %,0.0 %,0,0,0.0 %,0.0 %,0,0,0.0 %,0.0 %,100.0 %,100.0 %,100.0 %,100.0 %,100.0 %,100.0 %,339,520,0,0,100.0 %,100.0 %
EMHY,18d RSI EMHY LT46 - L EMHY,4.2 %,1.6 %,2093,824,12.1 %,5.2 %,34.7 %,32.0 %,-1.0 %,-0.4 %,7,4,0.6,0.3,85.7 %,100.0 %,0.8,,299,205,0.6 %,0.4 %,2.4,1.5,1,0,4,4,1,0,3,4,0,0,3,3,6,,6,4,5,,1.8,8.3,-1043,0,-1.0 %,0.0 %,-1043,0,-1.0 %,0.0 %,0,0,0.0 %,0.0 %,85.7 %,100.0 %,85.7 %,100.0 %,83.3 %,100.0 %,436,205,-521,0,100.0 %,100.0 %
EMLP,17d RSI EMLP LT42 - L EMLP,7.2 %,6.5 %,3619,3259,10.0 %,6.3 %,72.0 %,102.7 %,0.0 %,-0.7 %,5,4,0.4,0.3,100.0 %,100.0 %,,,724,796,1.4 %,1.6 %,3.2,3,0,0,5,4,0,0,5,4,0,0,5,4,,,5,4,,,3.1,8.1,0,0,0.0 %,0.0 %,0,0,0.0 %,0.0 %,0,0,0.0 %,0.0 %,100.0 %,100.0 %,100.0 %,100.0 %,100.0 %,100.0 %,724,796,0,0,100.0 %,100.0 %
EMXC,10d RSI EMXC LT29 - L EMXC,5.9 %,8.4 %,2967,4185,27.6 %,7.1 %,21.5 %,117.2 %,0.0 %,-0.7 %,2,5,0.2,0.4,100.0 %,100.0 %,,,1484,813,3.0 %,1.6 %,3,2.6,0,0,2,5,0,0,2,5,0,0,2,4,,,2,5,,,4.9,3.3,0,0,0.0 %,0.0 %,0,0,0.0 %,0.0 %,0,0,0.0 %,0.0 %,100.0 %,100.0 %,100.0 %,100.0 %,100.0 %,100.0 %,1484,813,0,0,100.0 %,100.0 %
EPHE,6d RSI EPHE LT13 - L EPHE,3.6 %,4.2 %,1815,2076,100.0 %,6.0 %,3.6 %,69.7 %,0.0 %,-1.7 %,1,4,0.1,0.3,100.0 %,75.0 %,,16.6,1815,512,3.6 %,1.0 %,2,2.8,0,1,1,3,0,1,1,3,0,1,1,3,,3,1,3,,49.9,0,3,0,-42,0.0 %,-0.1 %,0,-42,0.0 %,-0.1 %,0,-42,0.0 %,-0.1 %,100.0 %,75.0 %,100.0 %,75.0 %,100.0 %,75.0 %,1815,697,0,-42,100.0 %,75.0 %
EPI,13d RSI EPI LT31 - L EPI,1.5 %,5.2 %,765,2574,14.5 %,6.0 %,10.6 %,86.5 %,-0.5 %,-0.8 %,6,6,0.5,0.5,66.7 %,100.0 %,1.3,,128,421,0.3 %,0.8 %,2.7,1.5,1,0,3,6,1,0,3,6,1,0,2,3,2,,4,6,2.7,,1.1,3.7,-513,0,-0.5 %,0.0 %,-513,0,-0.5 %,0.0 %,-378,0,-0.4 %,0.0 %,66.7 %,100.0 %,66.7 %,100.0 %,66.7 %,100.0 %,307,421,-231,0,66.7 %,100.0 %
EPOL,3d RSI EPOL LT11 - L EPOL,10.8 %,8.6 %,5414,4292,6.1 %,7.1 %,177.6 %,120.2 %,-0.5 %,-2.4 %,3,5,0.2,0.4,66.7 %,80.0 %,9.7,8.1,1805,833,3.6 %,1.7 %,2,2.6,1,1,1,4,1,1,1,4,1,1,1,4,2,4,2,4,19.4,32.2,1.3,3.6,-587,-133,-0.6 %,-0.3 %,-587,-133,-0.6 %,-0.3 %,-587,-133,-0.6 %,-0.3 %,66.7 %,80.0 %,66.7 %,80.0 %,66.7 %,80.0 %,2854,1075,-294,-133,66.7 %,80.0 %
EPP,21d RSI EPP LT40 - L EPP,6.7 %,7.0 %,3368,3496,6.2 %,6.0 %,109.2 %,117.5 %,-0.1 %,-1.1 %,4,5,0.3,0.4,75.0 %,100.0 %,16,,842,681,1.7 %,1.4 %,2.5,1.6,1,0,3,5,1,0,3,4,1,0,3,3,3,,3,5,48.1,,1.8,5.7,-143,0,-0.1 %,0.0 %,-143,0,-0.1 %,0.0 %,-143,0,-0.1 %,0.0 %,75.0 %,100.0 %,75.0 %,100.0 %,75.0 %,100.0 %,1146,681,-72,0,75.0 %,100.0 %
EPU,3d RSI EPU LT11 - L EPU,5.3 %,3.0 %,2662,1506,3.9 %,6.0 %,136.6 %,50.6 %,0.0 %,-2.4 %,2,3,0.2,0.2,100.0 %,100.0 %,,,1331,498,2.7 %,1.0 %,2,3.3,0,0,2,3,0,0,2,3,0,0,2,3,,,2,3,,,4.4,3.5,0,0,0.0 %,0.0 %,0,0,0.0 %,0.0 %,0,0,0.0 %,0.0 %,100.0 %,100.0 %,100.0 %,100.0 %,100.0 %,100.0 %,1331,498,0,0,100.0 %,100.0 %
EQWL,14d RSI EQWL LT35 - L EQWL,1.6 %,5.5 %,790,2737,17.2 %,6.0 %,9.2 %,92.0 %,-0.5 %,-0.6 %,3,3,0.2,0.2,66.7 %,100.0 %,2.1,,263,897,0.5 %,1.8 %,2.7,4,1,0,2,3,1,0,2,3,1,0,2,3,2,,2,3,4.2,,1.2,6.8,-492,0,-0.5 %,0.0 %,-492,0,-0.5 %,0.0 %,-492,0,-0.5 %,0.0 %,66.7 %,100.0 %,66.7 %,100.0 %,66.7 %,100.0 %,518,897,-246,0,66.7 %,100.0 %
ERX,19d RSI ERX LT37 - L ERX,19.3 %,4.1 %,9630,2056,100.0 %,8.7 %,19.3 %,47.1 %,0.0 %,-9.6 %,2,5,0.2,0.4,100.0 %,80.0 %,,0.4,4815,445,9.6 %,0.9 %,4,3.4,0,1,2,3,0,1,2,3,0,1,1,3,,4,2,4,,1.7,6.6,0.5,0,-3113,0.0 %,-6.2 %,0,-3113,0.0 %,-6.2 %,0,-1901,0.0 %,-3.8 %,100.0 %,80.0 %,100.0 %,80.0 %,100.0 %,80.0 %,4815,1334,0,-3113,100.0 %,75.0 %
ERY,6d RSI ERY LT10 - L ERY,3.4 %,2.0 %,1681,1012,100.0 %,5.6 %,3.4 %,36.4 %,0.0 %,-4.1 %,1,2,0.1,0.2,100.0 %,50.0 %,,5.3,1681,509,3.4 %,1.0 %,3,6,0,1,1,1,0,1,1,1,0,1,1,1,,1,1,1,,5.3,0,1,0,-237,0.0 %,-0.5 %,0,-237,0.0 %,-0.5 %,0,-237,0.0 %,-0.5 %,100.0 %,50.0 %,100.0 %,50.0 %,100.0 %,50.0 %,1681,1255,0,-237,100.0 %,50.0 %
ESGD,20d RSI ESGD LT41 - L ESGD,7.6 %,7.8 %,3777,3897,4.8 %,12.7 %,156.6 %,61.4 %,0.0 %,-1.4 %,3,8,0.2,0.7,100.0 %,87.5 %,,6.8,1259,473,2.5 %,0.9 %,2.7,2.8,0,1,3,4,0,1,3,3,0,0,3,4,,7,3,7,,47.8,2.3,3.3,0,-81,0.0 %,-0.2 %,0,-20,0.0 %,-0.0 %,0,0,0.0 %,0.0 %,100.0 %,87.5 %,100.0 %,87.5 %,100.0 %,83.3 %,1259,552,0,-81,100.0 %,100.0 %
ESGE,7d RSI ESGE LT26 - L ESGE,5.8 %,9.7 %,2911,4859,4.9 %,8.7 %,118.9 %,111.3 %,0.0 %,-0.7 %,4,7,0.3,0.6,100.0 %,100.0 %,,,728,667,1.5 %,1.3 %,2,2.1,0,0,4,7,0,0,4,7,0,0,4,7,,,4,7,,,5.4,8.3,0,0,0.0 %,0.0 %,0,0,0.0 %,0.0 %,0,0,0.0 %,0.0 %,100.0 %,100.0 %,100.0 %,100.0 %,100.0 %,100.0 %,728,667,0,0,100.0 %,100.0 %
ESGU,4d RSI ESGU LT13 - L ESGU,5.1 %,5.9 %,2575,2971,15.9 %,5.2 %,32.3 %,115.2 %,0.0 %,-1.1 %,3,3,0.2,0.2,66.7 %,100.0 %,1.1,,858,972,1.7 %,1.9 %,5,3.3,1,0,2,3,1,0,2,3,1,0,2,3,2,,2,3,2.3,,0.6,4.9,-3977,0,-4.0 %,0.0 %,-3977,0,-4.0 %,0.0 %,-3977,0,-4.0 %,0.0 %,66.7 %,100.0 %,66.7 %,100.0 %,66.7 %,100.0 %,2282,972,-1988,0,66.7 %,100.0 %
EUFN,16d RSI EUFN LT42 - L EUFN,10.4 %,7.6 %,5207,3806,7.7 %,9.9 %,134.6 %,76.7 %,0.0 %,-4.5 %,4,9,0.3,0.8,100.0 %,77.8 %,,1.9,1302,411,2.6 %,0.8 %,2.2,1.8,0,1,4,3,0,2,3,3,0,1,3,3,,3.5,4,7,,6.7,2.6,2.6,0,-650,0.0 %,-1.3 %,0,0,0.0 %,0.0 %,0,-289,0.0 %,-0.6 %,100.0 %,77.8 %,100.0 %,77.8 %,100.0 %,71.4 %,1302,622,0,-325,100.0 %,83.3 %
EWA,3d RSI EWA LT11 - L EWA,11.4 %,6.6 %,5680,3302,10.4 %,9.1 %,109.6 %,72.3 %,-0.7 %,-1.8 %,5,9,0.4,0.8,80.0 %,88.9 %,3.8,4.5,1136,357,2.3 %,0.7 %,3,1.6,1,1,4,8,1,1,4,8,1,1,3,6,4,8,4,8,15.3,35.7,1.7,3.8,-793,-93,-0.8 %,-0.2 %,-793,-93,-0.8 %,-0.2 %,-793,-93,-0.8 %,-0.2 %,80.0 %,88.9 %,80.0 %,88.9 %,80.0 %,88.9 %,1519,414,-397,-93,75.0 %,85.7 %
EWC,15d RSI EWC LT38 - L EWC,7.0 %,4.9 %,3511,2444,20.6 %,5.2 %,34.0 %,94.8 %,0.0 %,-1.1 %,4,4,0.3,0.3,100.0 %,100.0 %,,,878,601,1.8 %,1.2 %,2.2,2.2,0,0,4,4,0,0,4,4,0,0,3,3,,,4,4,,,3.7,6.1,0,0,0.0 %,0.0 %,0,0,0.0 %,0.0 %,0,0,0.0 %,0.0 %,100.0 %,100.0 %,100.0 %,100.0 %,100.0 %,100.0 %,878,601,0,0,100.0 %,100.0 %
EWD,9d RSI EWD LT29 - L EWD,8.4 %,4.0 %,4191,1993,7.2 %,7.5 %,116.7 %,52.9 %,0.0 %,-1.8 %,3,5,0.2,0.4,100.0 %,100.0 %,,,1397,393,2.8 %,0.8 %,3,2.6,0,0,3,5,0,0,3,5,0,0,2,5,,,3,5,,,3.8,4.1,0,0,0.0 %,0.0 %,0,0,0.0 %,0.0 %,0,0,0.0 %,0.0 %,100.0 %,100.0 %,100.0 %,100.0 %,100.0 %,100.0 %,1397,393,0,0,100.0 %,100.0 %
EWG,19d RSI EWG LT41 - L EWG,9.9 %,5.1 %,4957,2557,11.9 %,6.3 %,83.3 %,80.6 %,0.0 %,-0.9 %,6,5,0.5,0.4,100.0 %,100.0 %,,,826,502,1.7 %,1.0 %,2.3,2.2,0,0,6,5,0,0,5,5,0,0,3,4,,,6,5,,,2.3,5,0,0,0.0 %,0.0 %,0,0,0.0 %,0.0 %,0,0,0.0 %,0.0 %,100.0 %,100.0 %,100.0 %,100.0 %,100.0 %,100.0 %,826,502,0,0,100.0 %,100.0 %
EWH,15d RSI EWH LT31 - L EWH,1.9 %,9.0 %,941,4518,100.0 %,6.3 %,1.9 %,142.3 %,0.0 %,-0.3 %,1,6,0.1,0.5,100.0 %,100.0 %,,,941,728,1.9 %,1.5 %,4,1.7,0,0,1,6,0,0,1,6,0,0,1,3,,,1,6,,,0,4,0,0,0.0 %,0.0 %,0,0,0.0 %,0.0 %,0,0,0.0 %,0.0 %,100.0 %,100.0 %,100.0 %,100.0 %,100.0 %,100.0 %,941,728,0,0,100.0 %,100.0 %
EWI,9d RSI EWI LT28 - L EWI,4.5 %,4.5 %,2250,2247,100.0 %,6.3 %,4.5 %,70.8 %,0.0 %,-1.4 %,1,5,0.1,0.4,100.0 %,100.0 %,,,2250,442,4.5 %,0.9 %,3,2.2,0,0,1,5,0,0,1,5,0,0,1,4,,,1,5,,,0,5.6,0,0,0.0 %,0.0 %,0,0,0.0 %,0.0 %,0,0,0.0 %,0.0 %,100.0 %,100.0 %,100.0 %,100.0 %,100.0 %,100.0 %,2250,442,0,0,100.0 %,100.0 %
EWJ,3d RSI EWJ LT10 - L EWJ,1.2 %,4.7 %,585,2353,6.6 %,6.3 %,17.7 %,74.1 %,-3.2 %,-1.1 %,3,5,0.2,0.4,66.7 %,100.0 %,0.7,,195,463,0.4 %,0.9 %,4,2.2,1,0,1,5,1,0,1,5,1,0,1,5,2,,2,5,1.4,,0.3,4,-3235,0,-3.2 %,0.0 %,-3235,0,-3.2 %,0.0 %,-3235,0,-3.2 %,0.0 %,66.7 %,100.0 %,66.7 %,100.0 %,66.7 %,100.0 %,1101,463,-1618,0,66.7 %,100.0 %
EWL,4d RSI EWL LT15 - L EWL,-2.6 %,3.8 %,-1281,1876,11.5 %,7.9 %,-22.4 %,47.3 %,-0.5 %,-1.6 %,4,6,0.3,0.5,50.0 %,83.3 %,0.4,2.9,-320,309,-0.6 %,0.6 %,3.5,2.3,1,1,2,4,1,1,2,4,1,1,2,3,1,5,2,5,0.4,14.3,-0.6,3,-3957,-139,-4.0 %,-0.3 %,-3957,-139,-4.0 %,-0.3 %,-3957,-139,-4.0 %,-0.3 %,50.0 %,83.3 %,50.0 %,83.3 %,50.0 %,83.3 %,465,398,-1106,-139,50.0 %,80.0 %
EWM,19d RSI EWM LT37 - L EWM,2.9 %,0.8 %,1460,400,14.8 %,6.3 %,19.8 %,12.6 %,0.0 %,-1.9 %,3,4,0.2,0.3,100.0 %,50.0 %,,2.3,487,101,1.0 %,0.2 %,2,3,0,2,3,2,0,2,3,1,0,1,3,1,,1,3,2,,2.3,2.9,0.7,0,-322,0.0 %,-0.6 %,0,-169,0.0 %,-0.3 %,0,-169,0.0 %,-0.3 %,100.0 %,50.0 %,100.0 %,50.0 %,100.0 %,33.3 %,487,362,0,-161,100.0 %,50.0 %
EWP,14d RSI EWP LT37 - L EWP,7.5 %,5.7 %,3748,2828,100.0 %,7.1 %,7.5 %,79.2 %,0.0 %,-1.4 %,1,6,0.1,0.5,100.0 %,83.3 %,,,3748,461,7.5 %,0.9 %,2,2,0,1,1,4,0,1,1,4,0,0,1,5,,5,1,5,,,0,3.9,0,0,0.0 %,0.0 %,0,0,0.0 %,0.0 %,0,0,0.0 %,0.0 %,100.0 %,83.3 %,100.0 %,83.3 %,100.0 %,83.3 %,3748,554,0,0,100.0 %,100.0 %
EWQ,9d RSI EWQ LT27 - L EWQ,3.8 %,4.6 %,1892,2303,100.0 %,5.2 %,3.8 %,89.3 %,0.0 %,-0.9 %,1,5,0.1,0.4,100.0 %,100.0 %,,,1892,453,3.8 %,0.9 %,3,1.6,0,0,1,5,0,0,1,4,0,0,1,3,,,1,5,,,0,3,0,0,0.0 %,0.0 %,0,0,0.0 %,0.0 %,0,0,0.0 %,0.0 %,100.0 %,100.0 %,100.0 %,100.0 %,100.0 %,100.0 %,1892,453,0,0,100.0 %,100.0 %
EWS,5d RSI EWS LT20 - L EWS,2.9 %,5.0 %,1465,2527,4.2 %,6.8 %,69.9 %,74.9 %,0.0 %,-0.4 %,2,5,0.2,0.4,100.0 %,100.0 %,,,732,496,1.5 %,1.0 %,2.5,2.4,0,0,2,5,0,0,2,5,0,0,2,5,,,2,5,,,5.9,6.3,0,0,0.0 %,0.0 %,0,0,0.0 %,0.0 %,0,0,0.0 %,0.0 %,100.0 %,100.0 %,100.0 %,100.0 %,100.0 %,100.0 %,732,496,0,0,100.0 %,100.0 %
EWT,5d RSI EWT LT18 - L EWT,3.0 %,7.6 %,1515,3812,77.8 %,6.0 %,3.9 %,128.1 %,0.0 %,-2.1 %,2,5,0.2,0.4,100.0 %,100.0 %,,,758,741,1.5 %,1.5 %,2.5,2,0,0,2,5,0,0,2,5,0,0,1,4,,,2,5,,,3,4.7,0,0,0.0 %,0.0 %,0,0,0.0 %,0.0 %,0,0,0.0 %,0.0 %,100.0 %,100.0 %,100.0 %,100.0 %,100.0 %,100.0 %,758,741,0,0,100.0 %,100.0 %
EWU,9d RSI EWU LT30 - L EWU,5.8 %,3.1 %,2900,1546,4.8 %,6.3 %,119.7 %,48.7 %,0.0 %,-1.3 %,3,5,0.2,0.4,100.0 %,100.0 %,,,967,305,1.9 %,0.6 %,2.7,2.2,0,0,3,5,0,0,3,5,0,0,3,4,,,3,5,,,5.1,32.5,0,0,0.0 %,0.0 %,0,0,0.0 %,0.0 %,0,0,0.0 %,0.0 %,100.0 %,100.0 %,100.0 %,100.0 %,100.0 %,100.0 %,967,305,0,0,100.0 %,100.0 %
EWY,10d RSI EWY LT25 - L EWY,4.9 %,18.6 %,2457,9320,100.0 %,6.8 %,4.9 %,276.3 %,0.0 %,-0.3 %,1,6,0.1,0.5,100.0 %,100.0 %,,,2457,1448,4.9 %,2.9 %,2,1.8,0,0,1,6,0,0,1,6,0,0,1,5,,,1,6,,,0,6.6,0,0,0.0 %,0.0 %,0,0,0.0 %,0.0 %,0,0,0.0 %,0.0 %,100.0 %,100.0 %,100.0 %,100.0 %,100.0 %,100.0 %,2457,1448,0,0,100.0 %,100.0 %
EWZS,7d RSI EWZS LT22 - L EWZS,3.0 %,17.4 %,1494,8703,100.0 %,6.3 %,3.0 %,274.1 %,0.0 %,-1.8 %,1,5,0.1,0.4,100.0 %,100.0 %,,,1494,1638,3.0 %,3.3 %,3,2.2,0,0,1,5,0,0,1,5,0,0,1,4,,,1,5,,,0,4.2,0,0,0.0 %,0.0 %,0,0,0.0 %,0.0 %,0,0,0.0 %,0.0 %,100.0 %,100.0 %,100.0 %,100.0 %,100.0 %,100.0 %,1494,1638,0,0,100.0 %,100.0 %
EZA,8d RSI EZA LT38 - L EZA,6.3 %,18.3 %,3151,9162,10.0 %,20.6 %,62.7 %,88.8 %,-1.4 %,-4.6 %,5,13,0.4,1.1,60.0 %,76.9 %,1.5,4.3,630,655,1.3 %,1.3 %,3.2,2.3,1,1,2,6,1,1,2,8,1,0,2,7,1.5,3.3,3,10,2.2,14.4,0.9,3.8,-3743,-421,-3.7 %,-0.8 %,-3743,-165,-3.7 %,-0.3 %,-3743,0,-3.7 %,0.0 %,60.0 %,76.9 %,60.0 %,76.9 %,60.0 %,83.3 %,1904,915,-1280,-211,60.0 %,100.0 %
EZU,6d RSI EZU LT23 - L EZU,7.5 %,5.0 %,3735,2492,4.8 %,7.5 %,156.9 %,66.1 %,0.0 %,-1.0 %,2,4,0.2,0.3,100.0 %,100.0 %,,,1868,613,3.7 %,1.2 %,3,3.8,0,0,2,4,0,0,2,4,0,0,2,4,,,2,4,,,5.6,4,0,0,0.0 %,0.0 %,0,0,0.0 %,0.0 %,0,0,0.0 %,0.0 %,100.0 %,100.0 %,100.0 %,100.0 %,100.0 %,100.0 %,1868,613,0,0,100.0 %,100.0 %
FALN,4d RSI FALN LT10 - L FALN,2.0 %,1.6 %,998,801,5.1 %,5.2 %,39.4 %,31.0 %,0.0 %,-0.4 %,2,3,0.2,0.2,100.0 %,100.0 %,,,499,266,1.0 %,0.5 %,2.5,3.3,0,0,2,3,0,0,2,3,0,0,2,3,,,2,3,,,4.4,3.3,0,0,0.0 %,0.0 %,0,0,0.0 %,0.0 %,0,0,0.0 %,0.0 %,100.0 %,100.0 %,100.0 %,100.0 %,100.0 %,100.0 %,499,266,0,0,100.0 %,100.0 %
FAS,21d RSI FAS LT43 - L FAS,17.3 %,20.9 %,8673,10448,18.4 %,5.6 %,94.2 %,376.1 %,-11.2 %,-2.6 %,9,4,0.8,0.3,66.7 %,100.0 %,1.2,,964,2446,1.9 %,4.9 %,3.6,2.5,2,0,4,4,3,0,4,4,2,0,2,4,2,,6,4,2.4,,1.2,3.7,-11881,0,-11.9 %,0.0 %,-8145,0,-8.1 %,0.0 %,-8145,0,-8.1 %,0.0 %,66.7 %,100.0 %,66.7 %,100.0 %,62.5 %,100.0 %,2506,2446,-2121,0,60.0 %,100.0 %
FBND,5d RSI FBND LT18 - L FBND,1.0 %,0.9 %,475,435,100.0 %,5.6 %,1.0 %,15.7 %,0.0 %,-0.6 %,1,4,0.1,0.3,100.0 %,100.0 %,,,475,109,1.0 %,0.2 %,2,2.5,0,0,1,4,0,0,1,4,0,0,1,3,,,1,4,,,0,2.5,0,0,0.0 %,0.0 %,0,0,0.0 %,0.0 %,0,0,0.0 %,0.0 %,100.0 %,100.0 %,100.0 %,100.0 %,100.0 %,100.0 %,475,109,0,0,100.0 %,100.0 %
FBT,4d RSI FBT LT13 - L FBT,4.4 %,1.9 %,2184,961,100.0 %,6.0 %,4.4 %,32.3 %,0.0 %,-3.0 %,1,4,0.1,0.3,100.0 %,75.0 %,,0.9,2184,242,4.4 %,0.5 %,3,2.8,0,1,1,2,0,1,1,2,0,1,1,2,,3,1,3,,2.6,0,0.8,0,-623,0.0 %,-1.2 %,0,-623,0.0 %,-1.2 %,0,-623,0.0 %,-1.2 %,100.0 %,75.0 %,100.0 %,75.0 %,100.0 %,75.0 %,2184,531,0,-623,100.0 %,75.0 %
FCG,4d RSI FCG LT12 - L FCG,11.7 %,9.4 %,5851,4694,6.1 %,8.3 %,191.4 %,112.7 %,0.0 %,-2.8 %,4,5,0.3,0.4,100.0 %,80.0 %,,8.7,1463,911,2.9 %,1.8 %,2.5,3.2,0,1,4,3,0,1,4,3,0,1,4,3,,4,4,4,,34.8,3.8,2.7,0,-135,0.0 %,-0.3 %,0,-135,0.0 %,-0.3 %,0,-135,0.0 %,-0.3 %,100.0 %,80.0 %,100.0 %,80.0 %,100.0 %,80.0 %,1463,1172,0,-135,100.0 %,80.0 %
FCOM,14d RSI FCOM LT42 - L FCOM,7.6 %,16.8 %,3794,8379,27.2 %,8.7 %,27.9 %,191.9 %,-3.1 %,-1.4 %,12,7,1,0.6,75.0 %,100.0 %,0.7,,316,1121,0.6 %,2.2 %,3.3,2.1,2,0,6,7,2,0,6,5,0,0,4,5,3,,9,7,2.2,,1.2,6.7,-3665,0,-3.7 %,0.0 %,-2354,0,-2.4 %,0.0 %,0,0,0.0 %,0.0 %,75.0 %,100.0 %,75.0 %,100.0 %,72.7 %,100.0 %,761,1121,-1018,0,100.0 %,100.0 %
FDD,5d RSI FDD LT20 - L FDD,8.1 %,9.2 %,4031,4591,4.8 %,9.9 %,169.3 %,92.5 %,0.0 %,-0.8 %,2,10,0.2,0.8,100.0 %,100.0 %,,,2016,442,4.0 %,0.9 %,3,1.5,0,0,2,10,0,0,2,9,0,0,2,7,,,2,10,,,6,7.3,0,0,0.0 %,0.0 %,0,0,0.0 %,0.0 %,0,0,0.0 %,0.0 %,100.0 %,100.0 %,100.0 %,100.0 %,100.0 %,100.0 %,2016,442,0,0,100.0 %,100.0 %
FDIS,3d RSI FDIS LT12 - L FDIS,1.4 %,11.0 %,697,5500,15.7 %,10.3 %,8.9 %,106.6 %,0.0 %,-1.7 %,5,7,0.4,0.6,80.0 %,100.0 %,0.3,,139,752,0.3 %,1.5 %,5.2,2.7,1,0,4,7,1,0,4,7,1,0,4,5,4,,4,7,1.1,,0.1,5.5,-10758,0,-10.8 %,0.0 %,-10758,0,-10.8 %,0.0 %,-10758,0,-10.8 %,0.0 %,80.0 %,100.0 %,80.0 %,100.0 %,80.0 %,100.0 %,1519,752,-5379,0,80.0 %,100.0 %
FDL,13d RSI FDL LT36 - L FDL,7.4 %,1.6 %,3698,802,6.6 %,5.2 %,112.6 %,31.1 %,0.0 %,-3.2 %,4,4,0.3,0.3,100.0 %,75.0 %,,0.6,924,205,1.8 %,0.4 %,2.2,2.2,0,1,4,2,0,1,4,2,0,1,3,1,,3,4,3,,1.9,6.5,0.6,0,-874,0.0 %,-1.8 %,0,-874,0.0 %,-1.8 %,0,-376,0.0 %,-0.8 %,100.0 %,75.0 %,100.0 %,75.0 %,100.0 %,75.0 %,924,564,0,-874,100.0 %,50.0 %
FDN,4d RSI FDN LT18 - L FDN,13.9 %,15.0 %,6962,7502,14.8 %,10.3 %,94.0 %,145.4 %,-0.9 %,-2.1 %,7,7,0.6,0.6,71.4 %,100.0 %,2.8,,995,1010,2.0 %,2.0 %,3.6,2.7,1,0,4,7,1,0,4,7,1,0,4,6,2.5,,5,7,6.9,,1.4,6.8,-1312,0,-1.3 %,0.0 %,-1312,0,-1.3 %,0.0 %,-1312,0,-1.3 %,0.0 %,71.4 %,100.0 %,71.4 %,100.0 %,71.4 %,100.0 %,1628,1010,-588,0,80.0 %,100.0 %
FDT,6d RSI FDT LT20 - L FDT,4.8 %,3.9 %,2381,1936,100.0 %,5.2 %,4.8 %,75.1 %,0.0 %,-0.8 %,1,3,0.1,0.2,100.0 %,100.0 %,,,2381,638,4.8 %,1.3 %,3,3.3,0,0,1,3,0,0,1,3,0,0,1,3,,,1,3,,,0,6.8,0,0,0.0 %,0.0 %,0,0,0.0 %,0.0 %,0,0,0.0 %,0.0 %,100.0 %,100.0 %,100.0 %,100.0 %,100.0 %,100.0 %,2381,638,0,0,100.0 %,100.0 %
FDVV,21d RSI FDVV LT45 - L FDVV,4.5 %,5.3 %,2226,2658,14.5 %,6.8 %,30.6 %,78.8 %,-1.6 %,-0.7 %,8,4,0.7,0.3,62.5 %,100.0 %,1.7,,278,653,0.6 %,1.3 %,3,2.8,1,0,2,4,1,0,2,4,0,0,4,3,1.7,,5,4,2.8,,1.3,3.9,-1688,0,-1.7 %,0.0 %,-541,0,-0.5 %,0.0 %,0,0,0.0 %,0.0 %,62.5 %,100.0 %,62.5 %,100.0 %,71.4 %,100.0 %,699,653,-423,0,100.0 %,100.0 %
FEMB,15d RSI FEMB LT33 - L FEMB,4.1 %,4.6 %,2040,2304,100.0 %,9.1 %,4.1 %,50.5 %,0.0 %,-2.8 %,1,5,0.1,0.4,100.0 %,80.0 %,,4.3,2040,454,4.1 %,0.9 %,4,3.4,0,1,1,2,0,0,1,4,0,0,1,4,,4,1,4,,17.4,0,2.7,0,-139,0.0 %,-0.3 %,0,0,0.0 %,0.0 %,0,0,0.0 %,0.0 %,100.0 %,80.0 %,100.0 %,80.0 %,100.0 %,100.0 %,2040,602,0,-139,100.0 %,100.0 %
FENY,14d RSI FENY LT35 - L FENY,12.4 %,2.6 %,6197,1288,40.6 %,8.3 %,30.5 %,30.9 %,0.0 %,-4.8 %,3,5,0.2,0.4,100.0 %,80.0 %,,0.5,2066,265,4.1 %,0.5 %,3.3,3.2,0,1,3,3,0,1,3,3,0,1,2,3,,4,3,4,,1.9,3.8,0.6,0,-1425,0.0 %,-2.9 %,0,-1425,0.0 %,-2.9 %,0,-764,0.0 %,-1.5 %,100.0 %,80.0 %,100.0 %,80.0 %,100.0 %,80.0 %,2066,687,0,-1425,100.0 %,75.0 %
FEZ,6d RSI FEZ LT23 - L FEZ,8.4 %,4.1 %,4210,2051,6.0 %,5.6 %,141.4 %,73.8 %,0.0 %,-0.8 %,3,3,0.2,0.2,100.0 %,100.0 %,,,1403,676,2.8 %,1.4 %,2.3,3.7,0,0,3,3,0,0,3,3,0,0,3,3,,,3,3,,,3.6,3.3,0,0,0.0 %,0.0 %,0,0,0.0 %,0.0 %,0,0,0.0 %,0.0 %,100.0 %,100.0 %,100.0 %,100.0 %,100.0 %,100.0 %,1403,676,0,0,100.0 %,100.0 %
FFTY,3d RSI FFTY LT11 - L FFTY,10.7 %,20.6 %,5328,10319,10.2 %,11.1 %,104.6 %,185.8 %,0.0 %,-6.6 %,5,7,0.4,0.6,80.0 %,100.0 %,1.6,,1066,1364,2.1 %,2.7 %,3.4,3,1,0,4,7,1,0,4,7,1,0,4,6,4,,4,7,6.3,,1.8,4.6,-2020,0,-2.0 %,0.0 %,-2020,0,-2.0 %,0.0 %,-2020,0,-2.0 %,0.0 %,80.0 %,100.0 %,80.0 %,100.0 %,80.0 %,100.0 %,1585,1364,-1010,0,80.0 %,100.0 %
FGD,20d RSI FGD LT40 - L FGD,2.7 %,2.6 %,1354,1306,10.9 %,8.3 %,24.8 %,31.4 %,0.0 %,-2.9 %,2,6,0.2,0.5,100.0 %,83.3 %,,0.6,677,217,1.4 %,0.4 %,2.5,1.7,0,1,2,5,0,1,2,4,0,1,2,4,,5,2,5,,2.8,13.6,1.3,0,-709,0.0 %,-1.4 %,0,-709,0.0 %,-1.4 %,0,-709,0.0 %,-1.4 %,100.0 %,83.3 %,100.0 %,83.3 %,100.0 %,80.0 %,677,402,0,-709,100.0 %,80.0 %
FHLC,8d RSI FHLC LT22 - L FHLC,2.3 %,0.6 %,1172,320,100.0 %,6.8 %,2.3 %,9.5 %,0.0 %,-2.7 %,1,4,0.1,0.3,100.0 %,75.0 %,,0.5,1172,82,2.3 %,0.2 %,6,3.2,0,1,1,3,0,1,1,3,0,1,1,2,,3,1,3,,1.5,0,0.4,0,-631,0.0 %,-1.3 %,0,-631,0.0 %,-1.3 %,0,-631,0.0 %,-1.3 %,100.0 %,75.0 %,100.0 %,75.0 %,100.0 %,75.0 %,1172,319,0,-631,100.0 %,66.7 %
FIDU,11d RSI FIDU LT33 - L FIDU,1.4 %,0.3 %,693,134,12.7 %,5.2 %,10.9 %,5.2 %,0.0 %,-3.8 %,4,2,0.3,0.2,75.0 %,50.0 %,0.7,1.2,173,77,0.3 %,0.1 %,5.2,4,1,1,3,1,1,1,3,1,1,1,2,1,3,1,3,1,2.2,1.2,0.8,0.1,-1170,-921,-1.2 %,-1.8 %,-1170,-921,-1.2 %,-1.8 %,-278,-921,-0.3 %,-1.8 %,75.0 %,50.0 %,75.0 %,50.0 %,75.0 %,50.0 %,426,1074,-585,-921,66.7 %,50.0 %
FLCH,5d RSI FLCH LT22 - L FLCH,3.5 %,8.2 %,1770,4086,10.4 %,5.2 %,33.9 %,158.4 %,-0.9 %,-0.2 %,6,6,0.5,0.5,50.0 %,100.0 %,2.4,,295,662,0.6 %,1.3 %,3.2,1.2,2,0,2,6,2,0,2,6,2,0,2,5,1,,3,6,2.4,,1,2.9,-1685,0,-1.7 %,0.0 %,-1685,0,-1.7 %,0.0 %,-1685,0,-1.7 %,0.0 %,50.0 %,100.0 %,50.0 %,100.0 %,50.0 %,100.0 %,1015,662,-425,0,50.0 %,100.0 %
FLCO,18d RSI FLCO LT36 - L FLCO,2.0 %,1.5 %,1001,755,13.4 %,5.2 %,14.9 %,29.2 %,0.0 %,-0.6 %,2,4,0.2,0.3,100.0 %,100.0 %,,,501,188,1.0 %,0.4 %,3,2.2,0,0,2,4,0,0,2,4,0,0,2,4,,,2,4,,,2.8,2.7,0,0,0.0 %,0.0 %,0,0,0.0 %,0.0 %,0,0,0.0 %,0.0 %,100.0 %,100.0 %,100.0 %,100.0 %,100.0 %,100.0 %,501,188,0,0,100.0 %,100.0 %
FLGB,10d RSI FLGB LT33 - L FLGB,4.9 %,5.3 %,2466,2635,5.7 %,7.5 %,86.5 %,69.9 %,0.0 %,-1.1 %,3,6,0.2,0.5,100.0 %,100.0 %,,,822,430,1.6 %,0.9 %,3.3,2.2,0,0,3,6,0,0,3,6,0,0,3,5,,,3,6,,,6.3,5.2,0,0,0.0 %,0.0 %,0,0,0.0 %,0.0 %,0,0,0.0 %,0.0 %,100.0 %,100.0 %,100.0 %,100.0 %,100.0 %,100.0 %,822,430,0,0,100.0 %,100.0 %
FLJP,3d RSI FLJP LT10 - L FLJP,1.1 %,4.7 %,541,2345,6.6 %,6.3 %,16.4 %,73.9 %,-3.2 %,-1.1 %,3,5,0.2,0.4,66.7 %,100.0 %,0.7,,180,461,0.4 %,0.9 %,4,2.2,1,0,1,5,1,0,1,5,1,0,1,5,2,,2,5,1.3,,0.2,4.1,-3258,0,-3.3 %,0.0 %,-3258,0,-3.3 %,0.0 %,-3258,0,-3.3 %,0.0 %,66.7 %,100.0 %,66.7 %,100.0 %,66.7 %,100.0 %,1085,461,-1629,0,66.7 %,100.0 %
FLKR,10d RSI FLKR LT25 - L FLKR,4.6 %,14.9 %,2315,7440,100.0 %,6.0 %,4.6 %,250.0 %,0.0 %,-0.2 %,1,6,0.1,0.5,100.0 %,100.0 %,,,2315,1172,4.6 %,2.3 %,2,1.5,0,0,1,6,0,0,1,6,0,0,1,5,,,1,6,,,0,5.6,0,0,0.0 %,0.0 %,0,0,0.0 %,0.0 %,0,0,0.0 %,0.0 %,100.0 %,100.0 %,100.0 %,100.0 %,100.0 %,100.0 %,2315,1172,0,0,100.0 %,100.0 %
FLMI,10d RSI FLMI LT36 - L FLMI,0.9 %,2.1 %,453,1072,10.9 %,7.9 %,8.3 %,27.0 %,-0.0 %,-0.6 %,4,5,0.3,0.4,75.0 %,100.0 %,7.4,,113,213,0.2 %,0.4 %,2.8,1.4,1,0,3,5,1,0,3,4,1,0,3,4,3,,3,5,22.2,,2.8,3.3,-43,0,-0.0 %,0.0 %,-43,0,-0.0 %,0.0 %,-43,0,-0.0 %,0.0 %,75.0 %,100.0 %,75.0 %,100.0 %,75.0 %,100.0 %,158,213,-21,0,75.0 %,100.0 %
FLOT,3d RSI FLOT LT69 - L FLOT,1.3 %,1.7 %,643,848,28.6 %,21.4 %,4.5 %,7.9 %,-0.6 %,-0.9 %,19,15,1.6,1.2,94.7 %,100.0 %,0.2,,34,56,0.1 %,0.1 %,2.6,2.6,1,0,13,15,1,0,12,14,1,0,5,8,18,,18,15,3.2,,1.9,10,-575,0,-0.6 %,0.0 %,-575,0,-0.6 %,0.0 %,-328,0,-0.3 %,0.0 %,94.7 %,100.0 %,94.7 %,100.0 %,94.4 %,100.0 %,52,56,-288,0,88.9 %,100.0 %
FLQM,12d RSI FLQM LT32 - L FLQM,7.9 %,1.3 %,3953,659,9.3 %,5.2 %,84.9 %,25.6 %,-0.2 %,-1.4 %,4,2,0.3,0.2,75.0 %,50.0 %,17.3,9.1,988,330,2.0 %,0.7 %,2.8,4.5,1,1,2,1,1,1,2,1,0,1,3,1,3,1,3,1,51.9,9.1,2.3,1.1,-155,-82,-0.2 %,-0.2 %,-155,-82,-0.2 %,-0.2 %,0,-82,0.0 %,-0.2 %,75.0 %,50.0 %,75.0 %,50.0 %,75.0 %,50.0 %,1344,742,-78,-82,100.0 %,50.0 %
FLRN,21d RSI FLRN LT69 - L FLRN,1.1 %,1.1 %,551,548,38.7 %,7.5 %,2.9 %,14.5 %,0.0 %,-0.1 %,16,6,1.3,0.5,93.8 %,100.0 %,0.2,,34,91,0.1 %,0.2 %,3.1,2.2,1,0,15,6,1,0,10,5,1,0,4,2,15,,15,6,3.3,,1.9,4.4,-476,0,-0.5 %,0.0 %,-374,0,-0.4 %,0.0 %,-102,0,-0.1 %,0.0 %,93.8 %,100.0 %,93.8 %,100.0 %,90.9 %,100.0 %,53,91,-238,0,80.0 %,100.0 %
FLTR,8d RSI FLTR LT70 - L FLTR,1.0 %,1.7 %,507,858,36.5 %,21.0 %,2.8 %,8.2 %,-1.0 %,-1.1 %,17,13,1.4,1.1,94.1 %,92.3 %,0.1,3.4,30,66,0.1 %,0.1 %,3.6,3.1,1,1,9,8,1,1,8,7,1,0,5,7,16,12,16,12,2,40.7,0.9,6.6,-1028,-21,-1.0 %,-0.0 %,-987,-21,-1.0 %,-0.0 %,-863,0,-0.9 %,0.0 %,94.1 %,92.3 %,94.1 %,92.3 %,93.3 %,91.7 %,64,73,-514,-21,88.9 %,100.0 %
FLTW,8d RSI FLTW LT26 - L FLTW,-2.8 %,6.6 %,-1386,3283,88.9 %,6.0 %,-3.1 %,110.3 %,-3.2 %,-2.1 %,2,5,0.2,0.4,50.0 %,100.0 %,0.1,,-693,641,-1.4 %,1.3 %,3,2,1,0,1,5,1,0,1,5,1,0,0,4,1,,1,5,0.1,,-1.1,4.8,-3219,0,-3.2 %,0.0 %,-3219,0,-3.2 %,0.0 %,-2773,0,-2.8 %,0.0 %,50.0 %,100.0 %,50.0 %,100.0 %,50.0 %,100.0 %,223,641,-1609,0,0.0 %,100.0 %
FMB,5d RSI FMB LT10 - L FMB,0.4 %,1.4 %,176,700,6.0 %,5.2 %,5.9 %,27.1 %,0.0 %,-0.2 %,2,3,0.2,0.2,100.0 %,100.0 %,,,88,232,0.2 %,0.5 %,1.5,3.3,0,0,2,3,0,0,2,3,0,0,2,3,,,2,3,,,4.7,3,0,0,0.0 %,0.0 %,0,0,0.0 %,0.0 %,0,0,0.0 %,0.0 %,100.0 %,100.0 %,100.0 %,100.0 %,100.0 %,100.0 %,88,232,0,0,100.0 %,100.0 %
FMHI,14d RSI FMHI LT34 - L FMHI,0.9 %,2.1 %,465,1061,19.9 %,5.2 %,4.7 %,41.1 %,-0.3 %,-0.5 %,5,3,0.4,0.2,80.0 %,100.0 %,1,,93,352,0.2 %,0.7 %,4.4,3.3,1,0,2,3,1,0,2,3,1,0,2,3,4,,4,3,4,,1.4,3.6,-311,0,-0.3 %,0.0 %,-311,0,-0.3 %,0.0 %,-311,0,-0.3 %,0.0 %,80.0 %,100.0 %,80.0 %,100.0 %,80.0 %,100.0 %,155,352,-155,0,75.0 %,100.0 %
FNCL,20d RSI FNCL LT44 - L FNCL,11.2 %,7.0 %,5587,3507,20.2 %,5.6 %,55.4 %,126.3 %,-3.1 %,-0.9 %,10,4,0.8,0.3,80.0 %,100.0 %,1,,559,857,1.1 %,1.7 %,3.5,2.5,1,0,6,4,1,0,6,4,1,0,3,4,4,,8,4,4,,2.1,3.9,-3148,0,-3.1 %,0.0 %,-3148,0,-3.1 %,0.0 %,-2212,0,-2.2 %,0.0 %,80.0 %,100.0 %,80.0 %,100.0 %,80.0 %,100.0 %,928,857,-917,0,80.0 %,100.0 %
FNDA,4d RSI FNDA LT13 - L FNDA,7.4 %,5.3 %,3696,2663,11.4 %,6.3 %,64.8 %,83.9 %,0.0 %,-1.6 %,4,3,0.3,0.2,75.0 %,100.0 %,0.9,,924,873,1.8 %,1.8 %,4.5,4.3,1,0,3,3,1,0,3,3,1,0,3,3,3,,3,3,2.6,,1,6.8,-4677,0,-4.7 %,0.0 %,-4677,0,-4.7 %,0.0 %,-4677,0,-4.7 %,0.0 %,75.0 %,100.0 %,75.0 %,100.0 %,75.0 %,100.0 %,2011,873,-2338,0,75.0 %,100.0 %
FNDB,20d RSI FNDB LT41 - L FNDB,3.4 %,6.1 %,1688,3057,32.9 %,6.3 %,10.3 %,96.3 %,-1.7 %,-0.9 %,6,4,0.5,0.3,66.7 %,100.0 %,1.5,,281,748,0.6 %,1.5 %,2.8,2.5,2,0,2,4,2,0,2,3,0,0,3,3,2,,4,4,3,,1.2,7.6,-1676,0,-1.7 %,0.0 %,-1676,0,-1.7 %,0.0 %,0,0,0.0 %,0.0 %,66.7 %,100.0 %,66.7 %,100.0 %,66.7 %,100.0 %,631,748,-419,0,100.0 %,100.0 %
FNDC,18d RSI FNDC LT37 - L FNDC,6.5 %,3.4 %,3229,1714,4.4 %,5.2 %,146.6 %,66.5 %,0.0 %,-0.7 %,3,3,0.2,0.2,100.0 %,100.0 %,,,1076,566,2.2 %,1.1 %,2.3,3.3,0,0,3,3,0,0,3,3,0,0,3,3,,,3,3,,,2.4,2.6,0,0,0.0 %,0.0 %,0,0,0.0 %,0.0 %,0,0,0.0 %,0.0 %,100.0 %,100.0 %,100.0 %,100.0 %,100.0 %,100.0 %,1076,566,0,0,100.0 %,100.0 %
FNDE,8d RSI FNDE LT30 - L FNDE,-0.6 %,5.4 %,-292,2686,6.1 %,7.5 %,-9.6 %,71.2 %,-6.2 %,-1.1 %,4,6,0.3,0.5,75.0 %,100.0 %,0.3,,-73,439,-0.1 %,0.9 %,2.8,2.2,1,0,2,6,1,0,2,6,1,0,2,6,3,,3,6,0.9,,-0.1,4.6,-6269,0,-6.3 %,0.0 %,-6269,0,-6.3 %,0.0 %,-6269,0,-6.3 %,0.0 %,75.0 %,100.0 %,75.0 %,100.0 %,75.0 %,100.0 %,948,439,-3135,0,75.0 %,100.0 %
FNDF,6d RSI FNDF LT25 - L FNDF,0.9 %,5.6 %,434,2808,6.5 %,8.3 %,13.3 %,67.4 %,0.0 %,-1.4 %,3,6,0.2,0.5,66.7 %,100.0 %,0.7,,145,458,0.3 %,0.9 %,2.7,2.5,1,0,2,6,1,0,2,6,1,0,2,6,2,,2,6,1.3,,0.3,5.6,-2509,0,-2.5 %,0.0 %,-2509,0,-2.5 %,0.0 %,-2509,0,-2.5 %,0.0 %,66.7 %,100.0 %,66.7 %,100.0 %,66.7 %,100.0 %,844,458,-1255,0,66.7 %,100.0 %
FNDX,9d RSI FNDX LT25 - L FNDX,7.1 %,6.3 %,3530,3137,30.0 %,5.6 %,23.5 %,112.9 %,0.0 %,-0.7 %,2,3,0.2,0.2,100.0 %,100.0 %,,,1765,1025,3.5 %,2.0 %,2,3.7,0,0,2,3,0,0,2,3,0,0,2,3,,,2,3,,,2.9,6.1,0,0,0.0 %,0.0 %,0,0,0.0 %,0.0 %,0,0,0.0 %,0.0 %,100.0 %,100.0 %,100.0 %,100.0 %,100.0 %,100.0 %,1765,1025,0,0,100.0 %,100.0 %
FPE,21d RSI FPE LT48 - L FPE,1.0 %,1.9 %,518,956,15.6 %,10.3 %,6.6 %,18.5 %,-1.8 %,-0.5 %,8,5,0.7,0.4,87.5 %,100.0 %,0.2,,65,190,0.1 %,0.4 %,3.4,3,1,0,5,5,1,0,4,5,1,0,2,4,7,,7,5,1.6,,0.5,4.1,-1808,0,-1.8 %,0.0 %,-1808,0,-1.8 %,0.0 %,-198,0,-0.2 %,0.0 %,87.5 %,100.0 %,87.5 %,100.0 %,85.7 %,100.0 %,203,190,-904,0,80.0 %,100.0 %
FPEI,5d RSI FPEI LT13 - L FPEI,0.1 %,2.2 %,29,1108,100.0 %,6.8 %,0.1 %,32.8 %,0.0 %,-0.1 %,1,3,0.1,0.2,100.0 %,100.0 %,,,29,367,0.1 %,0.7 %,3,4.7,0,0,1,3,0,0,1,3,0,0,1,3,,,1,3,,,0,11.5,0,0,0.0 %,0.0 %,0,0,0.0 %,0.0 %,0,0,0.0 %,0.0 %,100.0 %,100.0 %,100.0 %,100.0 %,100.0 %,100.0 %,29,367,0,0,100.0 %,100.0 %
FREL,15d RSI FREL LT35 - L FREL,4.0 %,2.4 %,1989,1197,5.1 %,5.2 %,78.8 %,46.4 %,0.0 %,-1.6 %,3,3,0.2,0.2,100.0 %,100.0 %,,,663,396,1.3 %,0.8 %,2.3,3.3,0,0,3,3,0,0,3,3,0,0,3,2,,,3,3,,,3.5,3.1,0,0,0.0 %,0.0 %,0,0,0.0 %,0.0 %,0,0,0.0 %,0.0 %,100.0 %,100.0 %,100.0 %,100.0 %,100.0 %,100.0 %,663,396,0,0,100.0 %,100.0 %
FSTA,15d RSI FSTA LT39 - L FSTA,5.7 %,1.8 %,2854,922,17.4 %,6.3 %,32.8 %,29.1 %,-0.6 %,-1.5 %,10,4,0.8,0.3,80.0 %,75.0 %,1.3,4.8,285,230,0.6 %,0.5 %,2.9,2.5,1,1,5,3,1,1,5,3,1,1,5,3,4,3,8,3,5.3,14.3,1.9,1.8,-710,-69,-0.7 %,-0.1 %,-710,-69,-0.7 %,-0.1 %,-710,-69,-0.7 %,-0.1 %,80.0 %,75.0 %,80.0 %,75.0 %,77.8 %,75.0 %,440,329,-333,-69,83.3 %,75.0 %
FTCS,21d RSI FTCS LT40 - L FTCS,6.2 %,3.1 %,3081,1565,7.8 %,6.3 %,79.1 %,49.3 %,0.0 %,-0.8 %,5,3,0.4,0.2,80.0 %,100.0 %,6,,616,517,1.2 %,1.0 %,2.4,3.7,1,0,4,3,1,0,4,3,1,0,3,3,4,,4,3,24.2,,2.7,4.8,-266,0,-0.3 %,0.0 %,-266,0,-0.3 %,0.0 %,-266,0,-0.3 %,0.0 %,80.0 %,100.0 %,80.0 %,100.0 %,80.0 %,100.0 %,803,517,-133,0,75.0 %,100.0 %
FTEC,6d RSI FTEC LT22 - L FTEC,6.8 %,12.3 %,3408,6137,10.8 %,5.6 %,62.8 %,220.9 %,0.0 %,-1.4 %,4,4,0.3,0.3,75.0 %,100.0 %,0.9,,852,1469,1.7 %,2.9 %,4.8,2.5,1,0,3,4,1,0,3,4,1,0,3,4,3,,3,4,2.6,,1,11.3,-4287,0,-4.3 %,0.0 %,-4287,0,-4.3 %,0.0 %,-4287,0,-4.3 %,0.0 %,75.0 %,100.0 %,75.0 %,100.0 %,75.0 %,100.0 %,1850,1469,-2143,0,75.0 %,100.0 %
FTGC,8d RSI FTGC LT25 - L FTGC,-0.0 %,1.3 %,-25,645,100.0 %,6.0 %,-0.0 %,21.7 %,0.0 %,-2.9 %,1,3,0.1,0.2,0.0 %,66.7 %,0,3,-25,215,-0.0 %,0.4 %,3,4,1,1,0,1,1,1,0,1,1,1,0,1,0,2,0,2,0,5.9,0,1.3,-50,-131,-0.0 %,-0.3 %,-50,-131,-0.0 %,-0.3 %,-50,-131,-0.0 %,-0.3 %,0.0 %,66.7 %,0.0 %,66.7 %,0.0 %,66.7 %,0,388,-25,-131,0.0 %,66.7 %
FTHI,3d RSI FTHI LT10 - L FTHI,3.7 %,6.4 %,1860,3183,13.0 %,6.0 %,28.7 %,106.9 %,0.0 %,-0.7 %,4,4,0.3,0.3,75.0 %,100.0 %,0.6,,465,779,0.9 %,1.6 %,6,2.8,1,0,3,4,1,0,3,4,1,0,3,4,3,,3,4,1.7,,0.5,3.5,-5076,0,-5.1 %,0.0 %,-5076,0,-5.1 %,0.0 %,-5076,0,-5.1 %,0.0 %,75.0 %,100.0 %,75.0 %,100.0 %,75.0 %,100.0 %,1466,779,-2538,0,75.0 %,100.0 %
FTLS,3d RSI FTLS LT17 - L FTLS,-2.2 %,5.6 %,-1092,2805,24.1 %,9.1 %,-9.1 %,61.5 %,-1.3 %,-1.3 %,6,6,0.5,0.5,66.7 %,100.0 %,0.3,,-182,457,-0.4 %,0.9 %,7.5,2.8,2,0,4,6,2,0,4,6,2,0,4,5,2,,4,6,0.6,,-0.5,5.3,-4932,0,-4.9 %,0.0 %,-4932,0,-4.9 %,0.0 %,-4932,0,-4.9 %,0.0 %,66.7 %,100.0 %,66.7 %,100.0 %,66.7 %,100.0 %,343,457,-1233,0,66.7 %,100.0 %
FTQI,11d RSI FTQI LT32 - L FTQI,-0.5 %,6.5 %,-225,3258,10.4 %,5.6 %,-4.4 %,117.3 %,0.0 %,-1.7 %,3,3,0.2,0.2,66.7 %,100.0 %,0.4,,-75,1067,-0.2 %,2.1 %,5.7,3.7,1,0,2,3,1,0,2,3,1,0,2,3,2,,2,3,0.9,,-0.1,2.9,-4432,0,-4.4 %,0.0 %,-4432,0,-4.4 %,0.0 %,-4432,0,-4.4 %,0.0 %,66.7 %,100.0 %,66.7 %,100.0 %,66.7 %,100.0 %,995,1067,-2216,0,66.7 %,100.0 %
FTSL,21d RSI FTSL LT53 - L FTSL,1.0 %,1.4 %,522,678,24.8 %,7.1 %,4.2 %,19.0 %,-0.9 %,-0.2 %,7,4,0.6,0.3,85.7 %,100.0 %,0.4,,75,169,0.1 %,0.3 %,4.7,3.5,1,0,5,4,1,0,4,3,0,0,3,2,6,,6,4,2.1,,0.8,12.5,-911,0,-0.9 %,0.0 %,-911,0,-0.9 %,0.0 %,0,0,0.0 %,0.0 %,85.7 %,100.0 %,85.7 %,100.0 %,83.3 %,100.0 %,163,169,-455,0,100.0 %,100.0 %
FTSM,3d RSI FTSM LT54 - L FTSM,0.5 %,1.1 %,268,543,14.0 %,17.1 %,3.8 %,6.4 %,0.0 %,-0.0 %,8,13,0.7,1.1,100.0 %,100.0 %,,,33,42,0.1 %,0.1 %,2.9,2.3,0,0,8,13,0,0,8,12,0,0,7,8,,,8,13,,,5.2,12,0,0,0.0 %,0.0 %,0,0,0.0 %,0.0 %,0,0,0.0 %,0.0 %,100.0 %,100.0 %,100.0 %,100.0 %,100.0 %,100.0 %,33,42,0,0,100.0 %,100.0 %
FTXL,3d RSI FTXL LT12 - L FTXL,19.9 %,14.1 %,9935,7059,7.7 %,7.5 %,259.4 %,187.2 %,-0.1 %,-1.9 %,5,5,0.4,0.4,80.0 %,100.0 %,42.1,,1987,1339,4.0 %,2.7 %,2.4,2.8,1,0,3,5,1,0,3,5,0,0,4,4,4,,4,5,168.2,,3,16.1,-119,0,-0.1 %,0.0 %,-119,0,-0.1 %,0.0 %,0,0,0.0 %,0.0 %,80.0 %,100.0 %,80.0 %,100.0 %,80.0 %,100.0 %,2499,1339,-59,0,100.0 %,100.0 %
FTXO,11d RSI FTXO LT36 - L FTXO,15.2 %,13.6 %,7606,6798,18.3 %,8.3 %,83.1 %,163.2 %,-8.5 %,-0.8 %,11,6,0.9,0.5,81.8 %,100.0 %,0.6,,691,1076,1.4 %,2.1 %,2.7,2.5,2,0,7,6,1,0,7,6,1,0,4,4,4.5,,9,6,2.7,,1.4,5.5,-8845,0,-8.8 %,0.0 %,-4388,0,-4.4 %,0.0 %,-4388,0,-4.4 %,0.0 %,81.8 %,100.0 %,81.8 %,100.0 %,90.0 %,100.0 %,1336,1076,-2211,0,85.7 %,100.0 %
FTXR,4d RSI FTXR LT10 - L FTXR,12.4 %,4.3 %,6214,2164,18.8 %,5.6 %,66.3 %,77.9 %,0.0 %,-3.2 %,2,3,0.2,0.2,100.0 %,66.7 %,,2.2,3107,720,6.2 %,1.4 %,2,3.7,0,1,2,2,0,1,2,2,0,1,2,2,,2,2,2,,4.4,1.4,1.3,0,-632,0.0 %,-1.3 %,0,-632,0.0 %,-1.3 %,0,-632,0.0 %,-1.3 %,100.0 %,66.7 %,100.0 %,66.7 %,100.0 %,66.7 %,3107,1396,0,-632,100.0 %,66.7 %
FUTY,21d RSI FUTY LT42 - L FUTY,4.9 %,0.9 %,2449,449,8.9 %,8.3 %,55.2 %,10.8 %,-0.4 %,-3.7 %,6,4,0.5,0.3,83.3 %,75.0 %,2.4,0.5,408,116,0.8 %,0.2 %,2.7,3.8,1,1,3,2,1,1,3,2,0,1,4,2,5,3,5,3,11.8,1.5,2.5,0.4,-452,-855,-0.5 %,-1.7 %,-452,-855,-0.5 %,-1.7 %,0,-569,0.0 %,-1.1 %,83.3 %,75.0 %,83.3 %,75.0 %,83.3 %,75.0 %,535,439,-226,-855,100.0 %,66.7 %
FV,4d RSI FV LT15 - L FV,2.0 %,9.6 %,1000,4776,11.7 %,6.3 %,17.1 %,150.4 %,0.0 %,-2.0 %,3,4,0.2,0.3,66.7 %,100.0 %,0.6,,333,1155,0.7 %,2.3 %,6.7,3,1,0,2,4,1,0,2,4,1,0,2,4,2,,2,4,1.3,,0.2,5.7,-7941,0,-7.9 %,0.0 %,-7941,0,-7.9 %,0.0 %,-7941,0,-7.9 %,0.0 %,66.7 %,100.0 %,66.7 %,100.0 %,66.7 %,100.0 %,2485,1155,-3971,0,66.7 %,100.0 %
FVD,17d RSI FVD LT37 - L FVD,1.5 %,2.3 %,726,1128,16.2 %,5.2 %,9.0 %,43.7 %,0.0 %,-1.4 %,2,2,0.2,0.2,50.0 %,100.0 %,5.4,,363,561,0.7 %,1.1 %,4,4,1,0,1,2,1,0,1,2,1,0,1,2,1,,1,2,5.4,,1,8.7,-333,0,-0.3 %,0.0 %,-333,0,-0.3 %,0.0 %,-333,0,-0.3 %,0.0 %,50.0 %,100.0 %,50.0 %,100.0 %,50.0 %,100.0 %,892,561,-166,0,50.0 %,100.0 %
FXF,21d RSI FXF LT36 - L FXF,0.3 %,5.3 %,153,2632,87.5 %,15.1 %,0.3 %,34.9 %,-0.1 %,-1.0 %,2,12,0.2,1,50.0 %,91.7 %,3,1.2,76,215,0.2 %,0.4 %,2,2,1,1,1,10,1,1,1,8,0,1,1,4,1,11,1,11,3,13.1,0.7,3.9,-150,-212,-0.2 %,-0.4 %,-150,-212,-0.2 %,-0.4 %,0,-212,0.0 %,-0.4 %,50.0 %,91.7 %,50.0 %,91.7 %,50.0 %,90.0 %,228,253,-75,-212,100.0 %,83.3 %
FXI,4d RSI FXI LT20 - L FXI,-1.7 %,7.4 %,-827,3721,9.3 %,6.0 %,-17.7 %,125.0 %,-10.6 %,-2.7 %,6,5,0.5,0.4,83.3 %,80.0 %,0.2,1.7,-138,733,-0.3 %,1.5 %,2.8,2,1,1,4,2,1,1,4,2,1,1,4,2,5,4,5,4,0.8,6.6,-0.1,1.6,-10845,-654,-10.8 %,-1.3 %,-10845,-654,-10.8 %,-1.3 %,-10845,-654,-10.8 %,-1.3 %,83.3 %,80.0 %,83.3 %,80.0 %,83.3 %,80.0 %,919,1080,-5423,-654,83.3 %,75.0 %
FXN,4d RSI FXN LT10 - L FXN,7.3 %,3.2 %,3629,1612,100.0 %,5.6 %,7.3 %,58.0 %,0.0 %,-3.3 %,1,3,0.1,0.2,100.0 %,66.7 %,,2.6,3629,536,7.3 %,1.1 %,3,3.7,0,1,1,1,0,1,1,1,0,1,1,1,,2,1,2,,5.1,0,1.4,0,-390,0.0 %,-0.8 %,0,-390,0.0 %,-0.8 %,0,-390,0.0 %,-0.8 %,100.0 %,66.7 %,100.0 %,66.7 %,100.0 %,66.7 %,3629,999,0,-390,100.0 %,66.7 %
FXO,16d RSI FXO LT41 - L FXO,13.5 %,8.4 %,6766,4185,16.8 %,6.3 %,80.4 %,131.8 %,-3.0 %,-1.1 %,8,5,0.7,0.4,75.0 %,100.0 %,1.8,,846,812,1.7 %,1.6 %,3.2,2.2,2,0,4,5,2,0,4,5,1,0,2,4,3,,6,5,5.3,,2.5,4.4,-3171,0,-3.2 %,0.0 %,-3171,0,-3.2 %,0.0 %,-1832,0,-1.8 %,0.0 %,75.0 %,100.0 %,75.0 %,100.0 %,75.0 %,100.0 %,1392,812,-793,0,80.0 %,100.0 %
FXR,21d RSI FXR LT41 - L FXR,3.7 %,2.9 %,1825,1441,21.6 %,5.2 %,16.9 %,55.9 %,-3.3 %,-1.8 %,10,3,0.8,0.2,70.0 %,100.0 %,0.8,,183,476,0.4 %,0.9 %,3.8,2.3,3,0,7,3,3,0,6,3,1,0,3,2,2.3,,7,3,1.9,,0.8,13.2,-4292,0,-4.3 %,0.0 %,-4292,0,-4.3 %,0.0 %,-976,0,-1.0 %,0.0 %,70.0 %,100.0 %,70.0 %,100.0 %,66.7 %,100.0 %,567,476,-715,0,75.0 %,100.0 %
FXU,20d RSI FXU LT42 - L FXU,3.8 %,4.1 %,1895,2052,8.1 %,5.6 %,47.0 %,73.9 %,-0.6 %,-1.6 %,5,3,0.4,0.2,80.0 %,100.0 %,1.7,,379,675,0.8 %,1.4 %,3,3.7,1,0,2,3,1,0,2,3,0,0,3,3,4,,4,3,6.9,,2.2,4.7,-648,0,-0.6 %,0.0 %,-648,0,-0.6 %,0.0 %,0,0,0.0 %,0.0 %,80.0 %,100.0 %,80.0 %,100.0 %,80.0 %,100.0 %,555,675,-324,0,100.0 %,100.0 %
FXY,21d RSI FXY LT30 - L FXY,0.8 %,2.5 %,386,1233,100.0 %,6.8 %,0.8 %,36.6 %,0.0 %,-2.2 %,1,3,0.1,0.2,100.0 %,66.7 %,,1.9,386,414,0.8 %,0.8 %,1,4.7,0,1,1,2,0,0,1,2,0,1,1,2,,2,1,2,,3.9,0,0.9,0,-434,0.0 %,-0.9 %,0,0,0.0 %,0.0 %,0,-434,0.0 %,-0.9 %,100.0 %,66.7 %,100.0 %,66.7 %,100.0 %,100.0 %,386,838,0,-434,100.0 %,66.7 %
GCOW,8d RSI GCOW LT25 - L GCOW,0.6 %,4.1 %,275,2033,100.0 %,6.3 %,0.6 %,64.0 %,0.0 %,-0.8 %,1,4,0.1,0.3,100.0 %,100.0 %,,,275,501,0.6 %,1.0 %,3,3,0,0,1,4,0,0,1,4,0,0,1,4,,,1,4,,,0,5.8,0,0,0.0 %,0.0 %,0,0,0.0 %,0.0 %,0,0,0.0 %,0.0 %,100.0 %,100.0 %,100.0 %,100.0 %,100.0 %,100.0 %,275,501,0,0,100.0 %,100.0 %
GDX,4d RSI GDX LT15 - L GDX,7.9 %,6.9 %,3974,3453,100.0 %,7.9 %,7.9 %,87.0 %,0.0 %,-3.0 %,1,3,0.1,0.2,100.0 %,100.0 %,,,3974,1126,7.9 %,2.2 %,3,2.7,0,0,1,3,0,0,1,3,0,0,1,2,,,1,3,,,0,12.5,0,0,0.0 %,0.0 %,0,0,0.0 %,0.0 %,0,0,0.0 %,0.0 %,100.0 %,100.0 %,100.0 %,100.0 %,100.0 %,100.0 %,3974,1126,0,0,100.0 %,100.0 %
GEM,19d RSI GEM LT40 - L GEM,1.9 %,4.8 %,971,2410,10.9 %,5.2 %,17.8 %,93.4 %,0.0 %,-0.6 %,2,4,0.2,0.3,100.0 %,100.0 %,,,485,592,1.0 %,1.2 %,2.5,2.2,0,0,2,4,0,0,2,4,0,0,2,4,,,2,4,,,2.9,5.5,0,0,0.0 %,0.0 %,0,0,0.0 %,0.0 %,0,0,0.0 %,0.0 %,100.0 %,100.0 %,100.0 %,100.0 %,100.0 %,100.0 %,485,592,0,0,100.0 %,100.0 %
GIGB,5d RSI GIGB LT21 - L GIGB,1.7 %,2.6 %,838,1326,5.6 %,9.9 %,30.0 %,26.7 %,-0.2 %,-0.7 %,4,8,0.3,0.7,75.0 %,75.0 %,4,4.5,209,164,0.4 %,0.3 %,2,2.1,1,1,2,5,0,1,3,5,0,1,3,6,3,3,3,6,12,13.5,2.3,2.9,-153,-82,-0.2 %,-0.2 %,0,-82,0.0 %,-0.2 %,0,-82,0.0 %,-0.2 %,75.0 %,75.0 %,75.0 %,75.0 %,100.0 %,75.0 %,305,236,-76,-52,100.0 %,85.7 %
GLD,3d RSI GLD LT13 - L GLD,10.5 %,7.9 %,5250,3940,9.7 %,8.3 %,108.5 %,94.6 %,0.0 %,-0.7 %,5,7,0.4,0.6,100.0 %,100.0 %,,,1050,545,2.1 %,1.1 %,1.4,2,0,0,5,7,0,0,5,7,0,0,4,6,,,5,7,,,3.8,8.6,0,0,0.0 %,0.0 %,0,0,0.0 %,0.0 %,0,0,0.0 %,0.0 %,100.0 %,100.0 %,100.0 %,100.0 %,100.0 %,100.0 %,1050,545,0,0,100.0 %,100.0 %
GLL,16d RSI GLL LT22 - L GLL,6.2 %,1.2 %,3089,583,91.7 %,5.6 %,6.7 %,21.0 %,-5.7 %,-8.5 %,3,2,0.2,0.2,33.3 %,50.0 %,4,1.5,1030,317,2.1 %,0.6 %,2.7,6,2,1,1,1,2,1,1,1,0,0,1,1,0.5,1,1,1,2,1.5,0.5,0.3,-6302,-1316,-6.3 %,-2.6 %,-6302,-1316,-6.3 %,-2.6 %,0,0,0.0 %,0.0 %,33.3 %,50.0 %,33.3 %,50.0 %,33.3 %,50.0 %,6240,1950,-1575,-1316,100.0 %,100.0 %
GNR,16d RSI GNR LT32 - L GNR,3.7 %,1.8 %,1853,875,100.0 %,6.0 %,3.7 %,29.4 %,0.0 %,-4.1 %,1,4,0.1,0.3,100.0 %,75.0 %,,0.6,1853,223,3.7 %,0.5 %,3,2.8,0,1,1,2,0,1,1,2,0,1,1,2,,3,1,3,,1.9,0,0.6,0,-1018,0.0 %,-2.0 %,0,-1018,0.0 %,-2.0 %,0,-621,0.0 %,-1.2 %,100.0 %,75.0 %,100.0 %,75.0 %,100.0 %,75.0 %,1853,637,0,-1018,100.0 %,66.7 %
GOVI,3d RSI GOVI LT10 - L GOVI,2.0 %,0.4 %,998,199,5.6 %,7.9 %,35.5 %,5.0 %,0.0 %,-1.9 %,2,4,0.2,0.3,100.0 %,50.0 %,,1.4,499,52,1.0 %,0.1 %,1.5,4,0,1,2,2,0,1,2,2,0,1,2,2,,1,2,2,,1.4,6.3,0.2,0,-573,0.0 %,-1.1 %,0,-573,0.0 %,-1.1 %,0,-573,0.0 %,-1.1 %,100.0 %,50.0 %,100.0 %,50.0 %,100.0 %,50.0 %,499,400,0,-296,100.0 %,50.0 %
GOVT,5d RSI GOVT LT21 - L GOVT,0.9 %,0.8 %,427,426,3.1 %,9.9 %,27.1 %,8.6 %,0.0 %,-1.0 %,2,7,0.2,0.6,100.0 %,71.4 %,,1.9,213,61,0.4 %,0.1 %,1,2.6,0,1,2,2,0,1,2,2,0,0,2,5,,2.5,2,5,,4.7,8,2,0,-68,0.0 %,-0.1 %,0,-68,0.0 %,-0.1 %,0,0,0.0 %,0.0 %,100.0 %,71.4 %,100.0 %,71.4 %,100.0 %,71.4 %,213,108,0,-57,100.0 %,100.0 %
GREK,8d RSI GREK LT27 - L GREK,0.0 %,7.6 %,19,3817,4.9 %,5.2 %,0.8 %,148.0 %,0.0 %,-1.3 %,3,4,0.2,0.3,66.7 %,100.0 %,0.5,,6,929,0.0 %,1.9 %,1.3,2.2,1,0,2,4,1,0,2,4,1,0,2,3,2,,2,4,1,,0,5.3,-2140,0,-2.1 %,0.0 %,-2140,0,-2.1 %,0.0 %,-2140,0,-2.1 %,0.0 %,66.7 %,100.0 %,66.7 %,100.0 %,66.7 %,100.0 %,544,929,-1070,0,66.7 %,100.0 %
GRID,7d RSI GRID LT29 - L GRID,-0.9 %,9.2 %,-427,4573,9.3 %,8.3 %,-9.1 %,109.7 %,-1.8 %,-0.9 %,4,5,0.3,0.4,50.0 %,100.0 %,0.5,,-107,884,-0.2 %,1.8 %,3.5,3.2,1,0,2,5,1,0,2,5,1,0,1,5,1,,2,5,0.5,,-0.4,5.3,-1804,0,-1.8 %,0.0 %,-1804,0,-1.8 %,0.0 %,-1804,0,-1.8 %,0.0 %,50.0 %,100.0 %,50.0 %,100.0 %,50.0 %,100.0 %,238,884,-451,0,33.3 %,100.0 %
GSG,9d RSI GSG LT28 - L GSG,0.9 %,6.7 %,466,3359,32.1 %,5.2 %,2.9 %,130.2 %,0.0 %,-1.7 %,2,4,0.2,0.3,100.0 %,100.0 %,,,233,821,0.5 %,1.6 %,3.5,2.2,0,0,2,4,0,0,2,4,0,0,2,4,,,2,4,,,11.6,4.2,0,0,0.0 %,0.0 %,0,0,0.0 %,0.0 %,0,0,0.0 %,0.0 %,100.0 %,100.0 %,100.0 %,100.0 %,100.0 %,100.0 %,233,821,0,0,100.0 %,100.0 %
GSIE,17d RSI GSIE LT39 - L GSIE,8.9 %,6.7 %,4468,3334,4.8 %,10.3 %,185.2 %,64.6 %,0.0 %,-1.2 %,3,6,0.2,0.5,66.7 %,100.0 %,143.7,,1489,542,3.0 %,1.1 %,2.7,3,1,0,2,6,1,0,2,5,1,0,2,4,2,,2,6,287.4,,2.1,3.9,-31,0,-0.0 %,0.0 %,-31,0,-0.0 %,0.0 %,-31,0,-0.0 %,0.0 %,66.7 %,100.0 %,66.7 %,100.0 %,66.7 %,100.0 %,2242,542,-16,0,66.7 %,100.0 %
GSLC,3d RSI GSLC LT11 - L GSLC,6.8 %,10.4 %,3384,5181,16.8 %,9.1 %,40.2 %,113.5 %,0.0 %,-1.1 %,5,6,0.4,0.5,80.0 %,100.0 %,0.5,,677,830,1.4 %,1.7 %,5.6,2.8,1,0,4,6,1,0,4,6,1,0,4,6,4,,4,6,2.1,,0.7,6,-5926,0,-5.9 %,0.0 %,-5926,0,-5.9 %,0.0 %,-5926,0,-5.9 %,0.0 %,80.0 %,100.0 %,80.0 %,100.0 %,80.0 %,100.0 %,1587,830,-2963,0,80.0 %,100.0 %
GSY,5d RSI GSY LT64 - L GSY,0.2 %,0.6 %,113,306,9.9 %,11.1 %,2.3 %,5.5 %,0.0 %,-0.0 %,4,7,0.3,0.6,75.0 %,100.0 %,,,28,44,0.1 %,0.1 %,2.8,3,1,0,3,7,0,0,3,7,0,0,3,4,3,,3,7,,,3,8,0,0,0.0 %,0.0 %,0,0,0.0 %,0.0 %,0,0,0.0 %,0.0 %,75.0 %,100.0 %,75.0 %,100.0 %,100.0 %,100.0 %,38,44,0,0,100.0 %,100.0 %
GTO,6d RSI GTO LT16 - L GTO,0.7 %,1.3 %,346,629,100.0 %,5.6 %,0.7 %,22.6 %,0.0 %,-0.5 %,1,4,0.1,0.3,100.0 %,100.0 %,,,346,157,0.7 %,0.3 %,3,2.5,0,0,1,4,0,0,1,4,0,0,1,3,,,1,4,,,0,2.9,0,0,0.0 %,0.0 %,0,0,0.0 %,0.0 %,0,0,0.0 %,0.0 %,100.0 %,100.0 %,100.0 %,100.0 %,100.0 %,100.0 %,346,157,0,0,100.0 %,100.0 %
GUNR,6d RSI GUNR LT19 - L GUNR,4.9 %,1.9 %,2468,937,22.2 %,5.6 %,22.2 %,33.7 %,0.0 %,-1.9 %,2,4,0.2,0.3,100.0 %,75.0 %,,1,1234,234,2.5 %,0.5 %,2,2.5,0,1,2,3,0,1,2,3,0,1,2,2,,3,2,3,,3.1,4.6,1.2,0,-457,0.0 %,-0.9 %,0,-457,0.0 %,-0.9 %,0,-31,0.0 %,-0.1 %,100.0 %,75.0 %,100.0 %,75.0 %,100.0 %,75.0 %,1234,464,0,-457,100.0 %,66.7 %
GUSH,6d RSI GUSH LT16 - L GUSH,13.3 %,14.6 %,6649,7283,26.9 %,5.2 %,49.4 %,282.4 %,0.0 %,-4.4 %,2,3,0.2,0.2,100.0 %,100.0 %,,,3325,2335,6.6 %,4.7 %,2.5,3.3,0,0,2,3,0,0,2,3,0,0,2,3,,,2,3,,,1.7,3.1,0,0,0.0 %,0.0 %,0,0,0.0 %,0.0 %,0,0,0.0 %,0.0 %,100.0 %,100.0 %,100.0 %,100.0 %,100.0 %,100.0 %,3325,2335,0,0,100.0 %,100.0 %
GVAL,6d RSI GVAL LT21 - L GVAL,3.6 %,2.0 %,1811,1006,5.8 %,6.0 %,62.9 %,33.8 %,0.0 %,-2.1 %,2,5,0.2,0.4,100.0 %,80.0 %,,0.8,905,201,1.8 %,0.4 %,3,2,0,1,2,2,0,1,2,2,0,1,2,2,,4,2,4,,3,4,1.2,0,-494,0.0 %,-1.0 %,0,-494,0.0 %,-1.0 %,0,-494,0.0 %,-1.0 %,100.0 %,80.0 %,100.0 %,80.0 %,100.0 %,80.0 %,905,375,0,-494,100.0 %,80.0 %
GVI,3d RSI GVI LT11 - L GVI,0.9 %,0.9 %,428,459,16.0 %,6.0 %,5.3 %,15.4 %,0.0 %,-0.5 %,2,5,0.2,0.4,100.0 %,100.0 %,,,214,91,0.4 %,0.2 %,1,2,0,0,2,5,0,0,2,5,0,0,2,5,,,2,5,,,6.4,4.3,0,0,0.0 %,0.0 %,0,0,0.0 %,0.0 %,0,0,0.0 %,0.0 %,100.0 %,100.0 %,100.0 %,100.0 %,100.0 %,100.0 %,214,91,0,0,100.0 %,100.0 %
HACK,10d RSI HACK LT28 - L HACK,13.5 %,10.0 %,6750,4997,4.2 %,5.2 %,322.1 %,193.7 %,0.0 %,-1.3 %,2,3,0.2,0.2,100.0 %,100.0 %,,,3375,1619,6.8 %,3.2 %,2.5,3.3,0,0,2,3,0,0,2,3,0,0,2,3,,,2,3,,,1.9,3.5,0,0,0.0 %,0.0 %,0,0,0.0 %,0.0 %,0,0,0.0 %,0.0 %,100.0 %,100.0 %,100.0 %,100.0 %,100.0 %,100.0 %,3375,1619,0,0,100.0 %,100.0 %
HDEF,7d RSI HDEF LT26 - L HDEF,3.2 %,5.2 %,1613,2607,5.8 %,7.5 %,55.2 %,69.2 %,0.0 %,-0.8 %,3,7,0.2,0.6,100.0 %,100.0 %,,,538,365,1.1 %,0.7 %,2,1.7,0,0,3,7,0,0,3,7,0,0,3,6,,,3,7,,,3.3,7.2,0,0,0.0 %,0.0 %,0,0,0.0 %,0.0 %,0,0,0.0 %,0.0 %,100.0 %,100.0 %,100.0 %,100.0 %,100.0 %,100.0 %,538,365,0,0,100.0 %,100.0 %
HDV,10d RSI HDV LT34 - L HDV,5.7 %,0.0 %,2835,22,8.3 %,7.9 %,68.0 %,0.6 %,-0.1 %,-4.2 %,4,5,0.3,0.4,75.0 %,80.0 %,28.2,0.3,709,8,1.4 %,0.0 %,3.5,3,1,1,3,3,1,1,3,3,1,1,2,3,3,4,3,4,84.5,1,2.8,0,-68,-1171,-0.1 %,-2.3 %,-68,-1171,-0.1 %,-2.3 %,-68,-887,-0.1 %,-1.8 %,75.0 %,80.0 %,75.0 %,80.0 %,75.0 %,80.0 %,956,303,-34,-1171,66.7 %,75.0 %
HEFA,3d RSI HEFA LT10 - L HEFA,-5.0 %,4.9 %,-2497,2468,100.0 %,6.0 %,-5.0 %,82.9 %,0.0 %,-1.6 %,1,4,0.1,0.3,0.0 %,100.0 %,0,,-2497,606,-5.0 %,1.2 %,7,2.8,1,0,0,4,1,0,0,4,1,0,0,4,0,,0,4,0,,0,5.2,-4994,0,-5.0 %,0.0 %,-4994,0,-5.0 %,0.0 %,-4994,0,-5.0 %,0.0 %,0.0 %,100.0 %,0.0 %,100.0 %,0.0 %,100.0 %,0,606,-2497,0,0.0 %,100.0 %
HEWJ,3d RSI HEWJ LT12 - L HEWJ,5.3 %,5.6 %,2657,2782,7.3 %,7.9 %,72.5 %,70.1 %,-0.4 %,-10.4 %,4,6,0.3,0.5,75.0 %,66.7 %,5.4,2.8,664,458,1.3 %,0.9 %,2.5,2.3,1,2,2,3,1,2,2,3,0,2,3,3,3,2,3,4,16.1,5.5,1.8,1.7,-352,-607,-0.4 %,-1.2 %,-352,-607,-0.4 %,-1.2 %,0,-607,0.0 %,-1.2 %,75.0 %,66.7 %,75.0 %,66.7 %,75.0 %,66.7 %,944,839,-176,-304,100.0 %,66.7 %
HFXI,3d RSI HFXI LT13 - L HFXI,2.0 %,4.3 %,1020,2175,9.8 %,7.9 %,20.8 %,54.8 %,-1.9 %,-1.5 %,5,5,0.4,0.4,80.0 %,100.0 %,0.5,,204,428,0.4 %,0.9 %,2.4,3,1,0,3,5,1,0,3,5,1,0,3,5,4,,4,5,2.1,,0.7,8.3,-1882,0,-1.9 %,0.0 %,-1882,0,-1.9 %,0.0 %,-1653,0,-1.7 %,0.0 %,80.0 %,100.0 %,80.0 %,100.0 %,80.0 %,100.0 %,490,428,-941,0,75.0 %,100.0 %
HYD,5d RSI HYD LT16 - L HYD,1.2 %,3.1 %,599,1548,15.5 %,5.6 %,7.7 %,55.7 %,-0.4 %,-0.6 %,3,4,0.2,0.3,66.7 %,100.0 %,2.2,,200,383,0.4 %,0.8 %,3.3,2.5,1,0,2,4,1,0,2,4,1,0,1,4,2,,2,4,4.4,,1.3,3.1,-355,0,-0.4 %,0.0 %,-355,0,-0.4 %,0.0 %,-355,0,-0.4 %,0.0 %,66.7 %,100.0 %,66.7 %,100.0 %,66.7 %,100.0 %,388,383,-178,0,50.0 %,100.0 %
HYDB,6d RSI HYDB LT30 - L HYDB,-0.7 %,2.6 %,-326,1294,9.0 %,8.7 %,-7.3 %,29.6 %,-1.0 %,-0.4 %,3,5,0.2,0.4,66.7 %,100.0 %,0.2,,-109,257,-0.2 %,0.5 %,3.7,3.4,1,0,1,5,1,0,1,5,1,0,1,4,2,,2,5,0.3,,-0.7,2.9,-969,0,-1.0 %,0.0 %,-969,0,-1.0 %,0.0 %,-969,0,-1.0 %,0.0 %,66.7 %,100.0 %,66.7 %,100.0 %,66.7 %,100.0 %,79,257,-485,0,66.7 %,100.0 %
HYEM,3d RSI HYEM LT10 - L HYEM,0.8 %,3.9 %,421,1968,100.0 %,6.8 %,0.8 %,58.3 %,0.0 %,-0.5 %,1,4,0.1,0.3,100.0 %,100.0 %,,,421,485,0.8 %,1.0 %,3,3.2,0,0,1,4,0,0,1,4,0,0,1,3,,,1,4,,,0,9.4,0,0,0.0 %,0.0 %,0,0,0.0 %,0.0 %,0,0,0.0 %,0.0 %,100.0 %,100.0 %,100.0 %,100.0 %,100.0 %,100.0 %,421,485,0,0,100.0 %,100.0 %
HYG,3d RSI HYG LT11 - L HYG,1.5 %,1.6 %,743,811,5.8 %,6.3 %,25.6 %,25.6 %,0.0 %,-0.4 %,2,4,0.2,0.3,100.0 %,100.0 %,,,371,202,0.7 %,0.4 %,3,3,0,0,2,4,0,0,2,4,0,0,2,4,,,2,4,,,1.8,3.7,0,0,0.0 %,0.0 %,0,0,0.0 %,0.0 %,0,0,0.0 %,0.0 %,100.0 %,100.0 %,100.0 %,100.0 %,100.0 %,100.0 %,371,202,0,0,100.0 %,100.0 %
HYLB,5d RSI HYLB LT25 - L HYLB,0.0 %,1.6 %,11,796,8.3 %,6.8 %,0.3 %,23.6 %,-0.1 %,-0.4 %,3,5,0.2,0.4,66.7 %,100.0 %,0.6,,4,158,0.0 %,0.3 %,3.3,2.4,1,0,1,5,1,0,1,5,1,0,1,4,2,,2,5,1.1,,0.1,4.7,-149,0,-0.1 %,0.0 %,-149,0,-0.1 %,0.0 %,-149,0,-0.1 %,0.0 %,66.7 %,100.0 %,66.7 %,100.0 %,66.7 %,100.0 %,43,158,-74,0,66.7 %,100.0 %
HYLS,3d RSI HYLS LT10 - L HYLS,1.4 %,1.7 %,677,832,40.9 %,5.2 %,3.3 %,32.2 %,0.0 %,-0.2 %,2,3,0.2,0.2,100.0 %,100.0 %,,,339,276,0.7 %,0.6 %,3.5,3.3,0,0,2,3,0,0,2,3,0,0,2,3,,,2,3,,,1.5,5.5,0,0,0.0 %,0.0 %,0,0,0.0 %,0.0 %,0,0,0.0 %,0.0 %,100.0 %,100.0 %,100.0 %,100.0 %,100.0 %,100.0 %,339,276,0,0,100.0 %,100.0 %
HYMB,18d RSI HYMB LT39 - L HYMB,2.0 %,3.5 %,1015,1744,25.2 %,7.9 %,8.1 %,44.0 %,-0.6 %,-0.8 %,6,4,0.5,0.3,66.7 %,100.0 %,1.7,,169,431,0.3 %,0.9 %,4.8,4,1,0,2,4,1,0,2,3,0,0,3,2,2,,4,4,3.4,,1.1,5.7,-640,0,-0.6 %,0.0 %,-640,0,-0.6 %,0.0 %,0,0,0.0 %,0.0 %,66.7 %,100.0 %,66.7 %,100.0 %,66.7 %,100.0 %,360,431,-213,0,100.0 %,100.0 %
HYS,3d RSI HYS LT10 - L HYS,2.1 %,1.4 %,1050,726,6.5 %,5.2 %,32.4 %,28.1 %,0.0 %,-0.2 %,2,3,0.2,0.2,100.0 %,100.0 %,,,525,241,1.1 %,0.5 %,3.5,3.3,0,0,2,3,0,0,2,3,0,0,2,3,,,2,3,,,2.1,8.3,0,0,0.0 %,0.0 %,0,0,0.0 %,0.0 %,0,0,0.0 %,0.0 %,100.0 %,100.0 %,100.0 %,100.0 %,100.0 %,100.0 %,525,241,0,0,100.0 %,100.0 %
IAGG,12d RSI IAGG LT42 - L IAGG,0.2 %,2.1 %,97,1053,12.0 %,6.3 %,1.6 %,33.2 %,-0.3 %,-0.2 %,8,7,0.7,0.6,62.5 %,100.0 %,0.8,,12,149,0.0 %,0.3 %,2.6,1.3,2,0,3,7,2,0,3,6,2,0,3,5,1.7,,5,7,1.3,,0.3,5.3,-601,0,-0.6 %,0.0 %,-601,0,-0.6 %,0.0 %,-497,0,-0.5 %,0.0 %,62.5 %,100.0 %,62.5 %,100.0 %,62.5 %,100.0 %,85,149,-110,0,60.0 %,100.0 %
IAI,17d RSI IAI LT44 - L IAI,4.6 %,10.4 %,2300,5195,22.9 %,6.0 %,20.1 %,174.5 %,-7.8 %,-0.8 %,10,4,0.8,0.3,80.0 %,100.0 %,0.4,,230,1252,0.5 %,2.5 %,4.1,2.8,1,0,5,4,1,0,6,3,1,0,3,3,4,,8,4,1.6,,0.5,8.1,-7871,0,-7.9 %,0.0 %,-7871,0,-7.9 %,0.0 %,-6842,0,-6.8 %,0.0 %,80.0 %,100.0 %,80.0 %,100.0 %,87.5 %,100.0 %,790,1252,-2011,0,80.0 %,100.0 %
IAT,14d RSI IAT LT38 - L IAT,16.6 %,8.8 %,8283,4391,21.4 %,7.5 %,77.3 %,116.5 %,-4.7 %,-2.1 %,12,5,1,0.4,83.3 %,100.0 %,0.9,,690,850,1.4 %,1.7 %,3,2.2,1,0,6,5,1,0,6,5,1,0,4,4,5,,10,5,4.4,,2.3,5.6,-4879,0,-4.9 %,0.0 %,-4879,0,-4.9 %,0.0 %,-3829,0,-3.8 %,0.0 %,83.3 %,100.0 %,83.3 %,100.0 %,83.3 %,100.0 %,1073,850,-1225,0,85.7 %,100.0 %
IAU,3d RSI IAU LT13 - L IAU,12.2 %,7.9 %,6121,3971,8.0 %,8.3 %,153.0 %,95.3 %,0.0 %,-0.7 %,6,7,0.5,0.6,100.0 %,100.0 %,,,1020,549,2.0 %,1.1 %,1.3,2,0,0,6,7,0,0,6,7,0,0,5,6,,,6,7,,,4.7,8.8,0,0,0.0 %,0.0 %,0,0,0.0 %,0.0 %,0,0,0.0 %,0.0 %,100.0 %,100.0 %,100.0 %,100.0 %,100.0 %,100.0 %,1020,549,0,0,100.0 %,100.0 %
IBB,4d RSI IBB LT12 - L IBB,-6.0 %,9.2 %,-3005,4612,100.0 %,9.9 %,-6.0 %,93.0 %,0.0 %,-2.0 %,1,6,0.1,0.5,0.0 %,100.0 %,0,,-3005,742,-6.0 %,1.5 %,8,3.2,1,0,0,6,1,0,0,6,1,0,0,5,0,,0,6,0,,0,4.8,-6009,0,-6.0 %,0.0 %,-6009,0,-6.0 %,0.0 %,-6009,0,-6.0 %,0.0 %,0.0 %,100.0 %,0.0 %,100.0 %,0.0 %,100.0 %,0,742,-3005,0,0.0 %,100.0 %
IBDR,13d RSI IBDR LT50 - L IBDR,0.1 %,2.1 %,43,1072,100.0 %,21.0 %,0.1 %,10.2 %,0.0 %,-0.3 %,1,12,0.1,1,100.0 %,91.7 %,,4.3,43,89,0.1 %,0.2 %,4,3.4,0,1,1,9,0,0,1,10,0,0,1,6,,11,1,11,,47.3,0,6,0,-23,0.0 %,-0.1 %,0,0,0.0 %,0.0 %,0,0,0.0 %,0.0 %,100.0 %,91.7 %,100.0 %,91.7 %,100.0 %,100.0 %,43,99,0,-23,100.0 %,100.0 %
IBND,4d RSI IBND LT15 - L IBND,4.0 %,2.0 %,1982,984,9.3 %,5.2 %,42.4 %,38.1 %,-0.0 %,-1.6 %,5,5,0.4,0.4,80.0 %,80.0 %,31.4,7.3,396,195,0.8 %,0.4 %,3,1.6,1,1,4,2,1,1,4,2,1,0,4,4,4,4,4,4,125.6,29.3,3.5,3,-32,-34,-0.0 %,-0.1 %,-32,-34,-0.0 %,-0.1 %,-32,0,-0.0 %,0.0 %,80.0 %,80.0 %,80.0 %,80.0 %,80.0 %,80.0 %,500,253,-16,-34,80.0 %,100.0 %
ICF,19d RSI ICF LT39 - L ICF,2.4 %,0.5 %,1219,254,18.3 %,6.3 %,13.3 %,8.0 %,0.0 %,-2.4 %,3,4,0.2,0.3,66.7 %,50.0 %,1.5,1.3,406,66,0.8 %,0.1 %,3,3,1,1,2,2,1,1,2,2,1,1,1,1,2,1,2,2,2.9,1.3,0.7,0.3,-1283,-561,-1.3 %,-1.1 %,-1283,-561,-1.3 %,-1.1 %,-1283,-156,-1.3 %,-0.3 %,66.7 %,50.0 %,66.7 %,50.0 %,66.7 %,50.0 %,930,536,-642,-404,50.0 %,50.0 %
ICLN,14d RSI ICLN LT30 - L ICLN,5.0 %,2.9 %,2507,1449,100.0 %,5.2 %,5.0 %,56.2 %,0.0 %,-3.3 %,1,4,0.1,0.3,100.0 %,75.0 %,,1.3,2507,361,5.0 %,0.7 %,1,2.2,0,1,1,2,0,1,1,2,0,0,1,3,,3,1,3,,3.9,0,1.4,0,-500,0.0 %,-1.0 %,0,-500,0.0 %,-1.0 %,0,0,0.0 %,0.0 %,100.0 %,75.0 %,100.0 %,75.0 %,100.0 %,75.0 %,2507,648,0,-500,100.0 %,100.0 %
ICOW,8d RSI ICOW LT29 - L ICOW,-1.7 %,7.1 %,-845,3545,5.8 %,10.7 %,-29.4 %,66.2 %,0.0 %,-1.1 %,2,8,0.2,0.7,50.0 %,100.0 %,0.5,,-422,431,-0.8 %,0.9 %,3,2.4,1,0,1,8,1,0,1,8,1,0,1,7,1,,1,8,0.5,,-0.5,4.4,-3333,0,-3.3 %,0.0 %,-3333,0,-3.3 %,0.0 %,-3333,0,-3.3 %,0.0 %,50.0 %,100.0 %,50.0 %,100.0 %,50.0 %,100.0 %,822,431,-1667,0,50.0 %,100.0 %
ICSH,3d RSI ICSH LT57 - L ICSH,0.8 %,0.9 %,399,470,19.3 %,15.5 %,4.1 %,6.1 %,0.0 %,-0.0 %,9,9,0.8,0.8,100.0 %,100.0 %,,,44,52,0.1 %,0.1 %,3.2,3.3,0,0,9,9,0,0,9,8,0,0,6,6,,,9,9,,,6.8,7.9,0,0,0.0 %,0.0 %,0,0,0.0 %,0.0 %,0,0,0.0 %,0.0 %,100.0 %,100.0 %,100.0 %,100.0 %,100.0 %,100.0 %,44,52,0,0,100.0 %,100.0 %
ICVT,3d RSI ICVT LT10 - L ICVT,4.0 %,3.0 %,1993,1503,10.2 %,6.3 %,39.0 %,47.4 %,-0.2 %,-0.9 %,4,4,0.3,0.3,50.0 %,100.0 %,6.4,,498,372,1.0 %,0.7 %,4.5,3,1,0,1,4,1,0,1,4,1,0,1,4,1,,2,4,6.4,,1.5,7.5,-517,0,-0.5 %,0.0 %,-517,0,-0.5 %,0.0 %,-517,0,-0.5 %,0.0 %,50.0 %,100.0 %,50.0 %,100.0 %,50.0 %,100.0 %,1180,372,-183,0,50.0 %,100.0 %
IDEV,16d RSI IDEV LT38 - L IDEV,6.4 %,6.8 %,3221,3376,4.4 %,9.9 %,146.2 %,68.1 %,0.0 %,-1.3 %,3,6,0.2,0.5,100.0 %,100.0 %,,,1074,549,2.1 %,1.1 %,2.3,3.2,0,0,3,6,0,0,3,5,0,0,3,4,,,3,6,,,2,3.1,0,0,0.0 %,0.0 %,0,0,0.0 %,0.0 %,0,0,0.0 %,0.0 %,100.0 %,100.0 %,100.0 %,100.0 %,100.0 %,100.0 %,1074,549,0,0,100.0 %,100.0 %
IDMO,3d RSI IDMO LT17 - L IDMO,10.1 %,13.1 %,5029,6528,10.7 %,13.1 %,93.9 %,99.7 %,0.0 %,-2.8 %,5,9,0.4,0.8,100.0 %,77.8 %,,9.4,1006,692,2.0 %,1.4 %,2.6,2.7,0,1,5,5,0,1,5,5,0,1,4,6,,3.5,5,7,,33,2.1,2.7,0,-102,0.0 %,-0.2 %,0,-102,0.0 %,-0.2 %,0,-102,0.0 %,-0.2 %,100.0 %,77.8 %,100.0 %,77.8 %,100.0 %,77.8 %,1006,918,0,-97,100.0 %,85.7 %
IDU,18d RSI IDU LT40 - L IDU,7.8 %,0.8 %,3905,376,9.7 %,5.6 %,80.4 %,13.5 %,-0.5 %,-3.7 %,7,3,0.6,0.2,85.7 %,66.7 %,2.6,0.7,558,131,1.1 %,0.3 %,2.4,3,1,1,4,1,1,1,4,1,0,1,5,1,6,2,6,2,15.3,1.4,3.5,0.3,-545,-906,-0.5 %,-1.8 %,-545,-906,-0.5 %,-1.8 %,0,-630,0.0 %,-1.3 %,85.7 %,66.7 %,85.7 %,66.7 %,85.7 %,66.7 %,696,650,-272,-906,100.0 %,50.0 %
IDV,15d RSI IDV LT38 - L IDV,2.4 %,8.3 %,1222,4169,10.9 %,8.3 %,22.3 %,100.1 %,0.0 %,-1.0 %,2,7,0.2,0.6,100.0 %,100.0 %,,,611,576,1.2 %,1.1 %,2.5,2,0,0,2,7,0,0,2,7,0,0,2,5,,,2,7,,,10.7,5.1,0,0,0.0 %,0.0 %,0,0,0.0 %,0.0 %,0,0,0.0 %,0.0 %,100.0 %,100.0 %,100.0 %,100.0 %,100.0 %,100.0 %,611,576,0,0,100.0 %,100.0 %
IDX,6d RSI IDX LT16 - L IDX,10.9 %,4.7 %,5446,2345,11.2 %,6.0 %,97.0 %,78.8 %,0.0 %,-3.2 %,4,4,0.3,0.3,100.0 %,75.0 %,,1.1,1362,590,2.7 %,1.2 %,1.8,2.8,0,1,4,2,0,1,4,2,0,1,4,1,,3,4,3,,3.4,1.8,1,0,-970,0.0 %,-1.9 %,0,-970,0.0 %,-1.9 %,0,-465,0.0 %,-0.9 %,100.0 %,75.0 %,100.0 %,75.0 %,100.0 %,75.0 %,1362,1109,0,-970,100.0 %,66.7 %
IEF,8d RSI IEF LT23 - L IEF,1.1 %,1.0 %,539,507,100.0 %,6.3 %,1.1 %,16.0 %,0.0 %,-1.3 %,1,4,0.1,0.3,100.0 %,100.0 %,,,539,126,1.1 %,0.2 %,2,3,0,0,1,4,0,0,1,4,0,0,1,3,,,1,4,,,0,4.1,0,0,0.0 %,0.0 %,0,0,0.0 %,0.0 %,0,0,0.0 %,0.0 %,100.0 %,100.0 %,100.0 %,100.0 %,100.0 %,100.0 %,539,126,0,0,100.0 %,100.0 %
IEFA,17d RSI IEFA LT40 - L IEFA,8.1 %,7.8 %,4035,3899,4.8 %,14.3 %,167.3 %,54.6 %,0.0 %,-1.4 %,3,11,0.2,0.9,100.0 %,81.8 %,,3,1345,344,2.7 %,0.7 %,2.7,2.1,0,2,3,6,0,1,3,5,0,0,3,5,,4.5,3,9,,13.4,2.2,3.1,0,-306,0.0 %,-0.6 %,0,-306,0.0 %,-0.6 %,0,0,0.0 %,0.0 %,100.0 %,81.8 %,100.0 %,81.8 %,100.0 %,87.5 %,1345,454,0,-153,100.0 %,100.0 %
IEI,4d RSI IEI LT16 - L IEI,1.1 %,0.6 %,566,303,5.6 %,7.1 %,20.1 %,8.5 %,0.0 %,-0.7 %,2,5,0.2,0.4,100.0 %,80.0 %,,0.9,283,61,0.6 %,0.1 %,1.5,2.6,0,1,2,2,0,1,2,2,0,1,2,2,,4,2,4,,3.6,6,1.5,0,-116,0.0 %,-0.2 %,0,-116,0.0 %,-0.2 %,0,-116,0.0 %,-0.2 %,100.0 %,80.0 %,100.0 %,80.0 %,100.0 %,80.0 %,283,105,0,-116,100.0 %,80.0 %
IEMG,7d RSI IEMG LT26 - L IEMG,4.9 %,7.5 %,2473,3761,5.3 %,8.3 %,93.6 %,90.3 %,0.0 %,-0.7 %,4,7,0.3,0.6,100.0 %,100.0 %,,,618,521,1.2 %,1.0 %,2.2,2,0,0,4,7,0,0,4,7,0,0,4,7,,,4,7,,,3.8,13.6,0,0,0.0 %,0.0 %,0,0,0.0 %,0.0 %,0,0,0.0 %,0.0 %,100.0 %,100.0 %,100.0 %,100.0 %,100.0 %,100.0 %,618,521,0,0,100.0 %,100.0 %
IEUR,11d RSI IEUR LT29 - L IEUR,4.1 %,3.0 %,2028,1517,100.0 %,5.2 %,4.1 %,58.8 %,0.0 %,-1.3 %,1,4,0.1,0.3,100.0 %,100.0 %,,,2028,376,4.1 %,0.8 %,3,2.2,0,0,1,4,0,0,1,4,0,0,1,3,,,1,4,,,0,3.3,0,0,0.0 %,0.0 %,0,0,0.0 %,0.0 %,0,0,0.0 %,0.0 %,100.0 %,100.0 %,100.0 %,100.0 %,100.0 %,100.0 %,2028,376,0,0,100.0 %,100.0 %
IEV,12d RSI IEV LT31 - L IEV,3.3 %,3.0 %,1636,1527,100.0 %,6.3 %,3.3 %,48.1 %,0.0 %,-1.4 %,1,5,0.1,0.4,100.0 %,80.0 %,,9.9,1636,303,3.3 %,0.6 %,3,2.2,0,1,1,3,0,1,1,2,0,0,1,3,,4,1,4,,39.8,0,2.6,0,-39,0.0 %,-0.1 %,0,-39,0.0 %,-0.1 %,0,0,0.0 %,0.0 %,100.0 %,80.0 %,100.0 %,80.0 %,100.0 %,75.0 %,1636,388,0,-39,100.0 %,100.0 %
IEZ,6d RSI IEZ LT20 - L IEZ,-2.7 %,12.5 %,-1333,6230,8.6 %,12.7 %,-31.0 %,98.1 %,-5.9 %,-4.6 %,3,7,0.2,0.6,66.7 %,85.7 %,0.3,1.6,-444,850,-0.9 %,1.7 %,3.7,3.6,1,1,1,4,1,1,1,4,1,1,1,4,2,6,2,6,0.6,9.7,-0.4,3.4,-5970,-687,-6.0 %,-1.4 %,-5970,-687,-6.0 %,-1.4 %,-5970,-687,-6.0 %,-1.4 %,66.7 %,85.7 %,66.7 %,85.7 %,66.7 %,85.7 %,826,1106,-2985,-687,66.7 %,83.3 %
IGE,19d RSI IGE LT39 - L IGE,8.5 %,1.4 %,4259,715,34.5 %,7.1 %,24.7 %,20.0 %,0.0 %,-4.6 %,3,5,0.2,0.4,100.0 %,80.0 %,,0.4,1420,150,2.8 %,0.3 %,2.3,2.6,0,1,3,3,0,1,2,2,0,1,2,2,,4,3,4,,1.5,3.6,0.4,0,-1478,0.0 %,-3.0 %,0,-1478,0.0 %,-3.0 %,0,-1212,0.0 %,-2.4 %,100.0 %,80.0 %,100.0 %,80.0 %,100.0 %,75.0 %,1420,557,0,-1478,100.0 %,66.7 %
IGEB,4d RSI IGEB LT16 - L IGEB,-0.2 %,2.5 %,-100,1258,7.4 %,6.3 %,-2.7 %,39.6 %,-0.5 %,-0.5 %,3,7,0.2,0.6,33.3 %,85.7 %,1.3,,-33,178,-0.1 %,0.4 %,4,1.3,2,1,1,6,2,1,1,6,2,1,1,5,0.5,6,1,6,0.6,,-0.4,4.2,-537,0,-0.5 %,0.0 %,-537,0,-0.5 %,0.0 %,-537,0,-0.5 %,0.0 %,33.3 %,85.7 %,33.3 %,85.7 %,33.3 %,85.7 %,168,208,-134,0,33.3 %,83.3 %
IGF,12d RSI IGF LT33 - L IGF,1.7 %,3.4 %,845,1677,100.0 %,5.6 %,1.7 %,60.4 %,0.0 %,-2.4 %,1,4,0.1,0.3,100.0 %,75.0 %,,2.2,845,417,1.7 %,0.8 %,3,2.5,0,1,1,3,0,1,1,3,0,1,1,3,,3,1,3,,6.6,0,1.7,0,-297,0.0 %,-0.6 %,0,-297,0.0 %,-0.6 %,0,-297,0.0 %,-0.6 %,100.0 %,75.0 %,100.0 %,75.0 %,100.0 %,75.0 %,845,655,0,-297,100.0 %,75.0 %
IGIB,4d RSI IGIB LT15 - L IGIB,1.3 %,1.4 %,647,724,4.7 %,6.0 %,27.4 %,24.3 %,0.0 %,-0.5 %,3,5,0.2,0.4,100.0 %,100.0 %,,,216,144,0.4 %,0.3 %,2.3,2,0,0,3,5,0,0,3,5,0,0,3,4,,,3,5,,,1.7,2.4,0,0,0.0 %,0.0 %,0,0,0.0 %,0.0 %,0,0,0.0 %,0.0 %,100.0 %,100.0 %,100.0 %,100.0 %,100.0 %,100.0 %,216,144,0,0,100.0 %,100.0 %
IGLB,17d RSI IGLB LT35 - L IGLB,3.6 %,3.4 %,1818,1715,13.4 %,5.6 %,27.1 %,61.8 %,0.0 %,-1.0 %,2,5,0.2,0.4,100.0 %,100.0 %,,,909,339,1.8 %,0.7 %,3,1.8,0,0,2,5,0,0,2,5,0,0,2,4,,,2,5,,,2.9,2.4,0,0,0.0 %,0.0 %,0,0,0.0 %,0.0 %,0,0,0.0 %,0.0 %,100.0 %,100.0 %,100.0 %,100.0 %,100.0 %,100.0 %,909,339,0,0,100.0 %,100.0 %
IGLD,3d RSI IGLD LT13 - L IGLD,4.1 %,7.0 %,2039,3500,10.5 %,6.8 %,39.0 %,103.8 %,0.0 %,-0.8 %,3,6,0.2,0.5,100.0 %,100.0 %,,,680,567,1.4 %,1.1 %,2,1.8,0,0,3,6,0,0,3,6,0,0,3,5,,,3,6,,,5.6,7,0,0,0.0 %,0.0 %,0,0,0.0 %,0.0 %,0,0,0.0 %,0.0 %,100.0 %,100.0 %,100.0 %,100.0 %,100.0 %,100.0 %,680,567,0,0,100.0 %,100.0 %
IGM,5d RSI IGM LT20 - L IGM,3.9 %,18.5 %,1974,9233,11.2 %,8.3 %,35.4 %,221.6 %,0.0 %,-2.7 %,4,6,0.3,0.5,75.0 %,100.0 %,0.5,,493,1434,1.0 %,2.9 %,5,2.5,1,0,3,6,1,0,3,6,1,0,3,5,3,,3,6,1.4,,0.3,7.9,-8793,0,-8.8 %,0.0 %,-8793,0,-8.8 %,0.0 %,-8793,0,-8.8 %,0.0 %,75.0 %,100.0 %,75.0 %,100.0 %,75.0 %,100.0 %,2124,1434,-4397,0,75.0 %,100.0 %
IGOV,18d RSI IGOV LT35 - L IGOV,-1.4 %,4.8 %,-719,2390,100.0 %,7.5 %,-1.4 %,63.4 %,0.0 %,-1.1 %,1,7,0.1,0.6,0.0 %,85.7 %,0,5.1,-719,335,-1.4 %,0.7 %,6,1.7,1,1,0,6,1,1,0,6,1,0,0,4,0,6,0,6,0,30.6,0,4.6,-1438,-79,-1.4 %,-0.2 %,-1438,-79,-1.4 %,-0.2 %,-1438,0,-1.4 %,0.0 %,0.0 %,85.7 %,0.0 %,85.7 %,0.0 %,85.7 %,0,404,-719,-79,0.0 %,100.0 %
IGV,3d RSI IGV LT10 - L IGV,18.3 %,14.8 %,9152,7415,8.4 %,9.1 %,217.7 %,162.5 %,-1.3 %,-1.6 %,7,6,0.6,0.5,71.4 %,100.0 %,4.4,,1307,1171,2.6 %,2.3 %,1.7,2.8,1,0,4,6,1,0,4,6,1,0,4,4,2.5,,5,6,10.9,,1.7,4,-1598,0,-1.6 %,0.0 %,-1598,0,-1.6 %,0.0 %,-252,0,-0.3 %,0.0 %,71.4 %,100.0 %,71.4 %,100.0 %,71.4 %,100.0 %,2015,1171,-462,0,83.3 %,100.0 %
IHDG,5d RSI IHDG LT16 - L IHDG,-2.9 %,7.3 %,-1451,3656,11.0 %,5.2 %,-26.4 %,141.7 %,0.0 %,-1.0 %,2,4,0.2,0.3,50.0 %,100.0 %,0.3,,-725,892,-1.5 %,1.8 %,4,2.2,1,0,1,4,1,0,1,4,1,0,1,4,1,,1,4,0.3,,-0.7,3.7,-4187,0,-4.2 %,0.0 %,-4187,0,-4.2 %,0.0 %,-4187,0,-4.2 %,0.0 %,50.0 %,100.0 %,50.0 %,100.0 %,50.0 %,100.0 %,643,892,-2094,0,50.0 %,100.0 %
IHE,21d RSI IHE LT35 - L IHE,-0.4 %,3.1 %,-201,1573,100.0 %,6.3 %,-0.4 %,49.6 %,0.0 %,-1.2 %,1,4,0.1,0.3,0.0 %,75.0 %,0,2.5,-201,390,-0.4 %,0.8 %,6,3,1,1,0,3,1,0,0,3,1,0,0,3,0,3,0,3,0,7.4,0,2.1,-402,-245,-0.4 %,-0.5 %,-402,0,-0.4 %,0.0 %,-402,0,-0.4 %,0.0 %,0.0 %,75.0 %,0.0 %,75.0 %,0.0 %,100.0 %,0,602,-201,-245,0.0 %,100.0 %
IHF,12d RSI IHF LT27 - L IHF,2.7 %,2.1 %,1364,1029,100.0 %,5.2 %,2.7 %,39.9 %,0.0 %,-3.3 %,1,3,0.1,0.2,100.0 %,66.7 %,,1.8,1364,344,2.7 %,0.7 %,3,3.3,0,1,1,2,0,1,1,2,0,1,1,2,,2,1,2,,3.5,0,1.1,0,-405,0.0 %,-0.8 %,0,-405,0.0 %,-0.8 %,0,-405,0.0 %,-0.8 %,100.0 %,66.7 %,100.0 %,66.7 %,100.0 %,66.7 %,1364,718,0,-405,100.0 %,66.7 %
IHI,20d RSI IHI LT42 - L IHI,6.6 %,5.2 %,3319,2617,24.2 %,5.2 %,27.4 %,101.5 %,-1.0 %,-1.2 %,11,3,0.9,0.2,81.8 %,100.0 %,1,,302,858,0.6 %,1.7 %,2.4,3.3,1,0,6,3,1,0,6,3,0,0,5,3,4.5,,9,3,4.5,,2.4,7.6,-1025,0,-1.0 %,0.0 %,-1025,0,-1.0 %,0.0 %,0,0,0.0 %,0.0 %,81.8 %,100.0 %,81.8 %,100.0 %,80.0 %,100.0 %,476,858,-481,0,100.0 %,100.0 %
IJH,17d RSI IJH LT39 - L IJH,4.8 %,5.8 %,2387,2897,14.1 %,7.1 %,33.9 %,81.1 %,-5.4 %,-0.9 %,6,3,0.5,0.2,83.3 %,100.0 %,0.4,,398,950,0.8 %,1.9 %,4.3,4.3,1,0,4,3,1,0,4,3,1,0,3,3,5,,5,3,1.9,,0.6,3.8,-5476,0,-5.5 %,0.0 %,-5476,0,-5.5 %,0.0 %,-5476,0,-5.5 %,0.0 %,83.3 %,100.0 %,83.3 %,100.0 %,83.3 %,100.0 %,1025,950,-2738,0,80.0 %,100.0 %
IJJ,12d RSI IJJ LT37 - L IJJ,6.5 %,5.8 %,3236,2897,15.9 %,7.5 %,40.8 %,76.8 %,-4.4 %,-1.3 %,7,4,0.6,0.3,71.4 %,75.0 %,1,67.8,462,712,0.9 %,1.4 %,4.1,3.8,2,1,4,3,2,1,4,3,1,1,4,2,2.5,3,5,3,2.4,203.4,1,2.4,-4467,-14,-4.5 %,-0.0 %,-4467,-14,-4.5 %,-0.0 %,-4296,-14,-4.3 %,-0.0 %,71.4 %,75.0 %,71.4 %,75.0 %,71.4 %,75.0 %,1094,955,-1117,-14,83.3 %,66.7 %
IJK,16d RSI IJK LT37 - L IJK,-1.6 %,5.0 %,-815,2525,12.2 %,6.8 %,-13.4 %,74.8 %,0.0 %,-1.1 %,3,3,0.2,0.2,66.7 %,100.0 %,0.4,,-272,831,-0.5 %,1.7 %,7,4,1,0,2,3,1,0,2,3,1,0,2,3,2,,2,3,0.7,,-0.2,2.5,-6429,0,-6.4 %,0.0 %,-6429,0,-6.4 %,0.0 %,-6429,0,-6.4 %,0.0 %,66.7 %,100.0 %,66.7 %,100.0 %,66.7 %,100.0 %,1200,831,-3215,0,66.7 %,100.0 %
IJR,8d RSI IJR LT30 - L IJR,2.1 %,4.3 %,1047,2128,15.4 %,7.9 %,13.6 %,53.6 %,-7.3 %,-1.7 %,6,3,0.5,0.2,66.7 %,100.0 %,0.6,,174,702,0.3 %,1.4 %,4.8,5,2,0,3,3,2,0,3,3,2,0,3,3,2,,4,3,1.3,,0.2,2.6,-7387,0,-7.4 %,0.0 %,-7387,0,-7.4 %,0.0 %,-7387,0,-7.4 %,0.0 %,66.7 %,100.0 %,66.7 %,100.0 %,66.7 %,100.0 %,1185,702,-1847,0,66.7 %,100.0 %
IJS,6d RSI IJS LT24 - L IJS,6.5 %,7.8 %,3244,3927,13.7 %,7.1 %,47.5 %,110.0 %,-5.6 %,-1.1 %,7,6,0.6,0.5,57.1 %,100.0 %,1.6,,463,634,0.9 %,1.3 %,3.4,2,3,0,3,6,3,0,3,6,2,0,3,6,1.3,,4,6,2.1,,0.9,9,-5729,0,-5.7 %,0.0 %,-5729,0,-5.7 %,0.0 %,-5729,0,-5.7 %,0.0 %,57.1 %,100.0 %,57.1 %,100.0 %,57.1 %,100.0 %,1527,634,-955,0,66.7 %,100.0 %
IJT,11d RSI IJT LT35 - L IJT,1.7 %,3.9 %,854,1961,14.5 %,7.9 %,11.8 %,49.4 %,-6.7 %,-1.8 %,5,3,0.4,0.2,80.0 %,100.0 %,0.3,,171,649,0.3 %,1.3 %,5.6,4.7,1,0,3,3,1,0,3,3,1,0,3,3,4,,4,3,1.2,,0.2,1.9,-6845,0,-6.8 %,0.0 %,-6845,0,-6.8 %,0.0 %,-6845,0,-6.8 %,0.0 %,80.0 %,100.0 %,80.0 %,100.0 %,80.0 %,100.0 %,1069,649,-3422,0,80.0 %,100.0 %
IMCG,4d RSI IMCG LT13 - L IMCG,0.1 %,6.2 %,67,3094,13.2 %,5.2 %,1.0 %,120.0 %,0.0 %,-1.5 %,3,3,0.2,0.2,66.7 %,100.0 %,0.5,,22,1012,0.0 %,2.0 %,7.7,3.3,1,0,2,3,1,0,2,3,1,0,2,3,2,,2,3,1,,0,4.4,-6954,0,-7.0 %,0.0 %,-6954,0,-7.0 %,0.0 %,-6954,0,-7.0 %,0.0 %,66.7 %,100.0 %,66.7 %,100.0 %,66.7 %,100.0 %,1772,1012,-3477,0,66.7 %,100.0 %
IMTM,6d RSI IMTM LT21 - L IMTM,7.4 %,5.0 %,3708,2511,4.8 %,5.6 %,155.7 %,90.4 %,0.0 %,-1.0 %,2,3,0.2,0.2,100.0 %,100.0 %,,,1854,828,3.7 %,1.7 %,3,3.7,0,0,2,3,0,0,2,3,0,0,2,3,,,2,3,,,3.7,2,0,0,0.0 %,0.0 %,0,0,0.0 %,0.0 %,0,0,0.0 %,0.0 %,100.0 %,100.0 %,100.0 %,100.0 %,100.0 %,100.0 %,1854,828,0,0,100.0 %,100.0 %
INDA,8d RSI INDA LT24 - L INDA,1.3 %,4.8 %,672,2427,10.7 %,5.2 %,12.6 %,94.1 %,-0.3 %,-0.1 %,4,5,0.3,0.4,50.0 %,100.0 %,2.5,,168,477,0.3 %,0.9 %,3,1.2,1,0,2,5,1,0,2,5,1,0,2,2,1,,2,5,2.5,,0.8,4.2,-547,0,-0.5 %,0.0 %,-547,0,-0.5 %,0.0 %,-547,0,-0.5 %,0.0 %,50.0 %,100.0 %,50.0 %,100.0 %,50.0 %,100.0 %,554,477,-217,0,50.0 %,100.0 %
INDY,7d RSI INDY LT23 - L INDY,0.2 %,3.0 %,111,1489,11.6 %,5.2 %,1.9 %,57.7 %,-1.1 %,-1.0 %,5,4,0.4,0.3,60.0 %,75.0 %,0.8,47.2,22,369,0.0 %,0.7 %,3.2,1.8,1,1,2,3,1,1,2,3,1,0,2,2,1.5,3,3,3,1.2,141.6,0.2,3.2,-1060,-10,-1.1 %,-0.0 %,-1060,-10,-1.1 %,-0.0 %,-1060,0,-1.1 %,0.0 %,60.0 %,75.0 %,60.0 %,75.0 %,60.0 %,75.0 %,264,495,-341,-10,60.0 %,100.0 %
INTF,13d RSI INTF LT36 - L INTF,8.2 %,4.8 %,4098,2401,4.8 %,8.3 %,169.1 %,57.6 %,0.0 %,-1.5 %,3,7,0.2,0.6,100.0 %,100.0 %,,,1366,336,2.7 %,0.7 %,2.7,2,0,0,3,7,0,0,3,7,0,0,3,5,,,3,7,,,2.4,5.6,0,0,0.0 %,0.0 %,0,0,0.0 %,0.0 %,0,0,0.0 %,0.0 %,100.0 %,100.0 %,100.0 %,100.0 %,100.0 %,100.0 %,1366,336,0,0,100.0 %,100.0 %
IOO,4d RSI IOO LT15 - L IOO,5.1 %,9.9 %,2540,4956,7.1 %,6.8 %,71.8 %,146.9 %,0.0 %,-0.8 %,4,5,0.3,0.4,100.0 %,100.0 %,,,635,956,1.3 %,1.9 %,2.8,2.4,0,0,4,5,0,0,4,5,0,0,4,5,,,4,5,,,4.2,5.4,0,0,0.0 %,0.0 %,0,0,0.0 %,0.0 %,0,0,0.0 %,0.0 %,100.0 %,100.0 %,100.0 %,100.0 %,100.0 %,100.0 %,635,956,0,0,100.0 %,100.0 %
IPAC,3d RSI IPAC LT10 - L IPAC,6.0 %,3.4 %,3001,1687,6.6 %,5.2 %,90.8 %,65.4 %,0.0 %,-0.9 %,4,4,0.3,0.3,100.0 %,100.0 %,,,750,417,1.5 %,0.8 %,2.8,2.2,0,0,4,4,0,0,4,4,0,0,4,4,,,4,4,,,3.6,5.7,0,0,0.0 %,0.0 %,0,0,0.0 %,0.0 %,0,0,0.0 %,0.0 %,100.0 %,100.0 %,100.0 %,100.0 %,100.0 %,100.0 %,750,417,0,0,100.0 %,100.0 %
IQDF,8d RSI IQDF LT32 - L IQDF,0.7 %,6.4 %,349,3191,7.7 %,10.7 %,9.1 %,59.6 %,0.0 %,-0.9 %,3,9,0.2,0.8,66.7 %,100.0 %,0.6,,116,345,0.2 %,0.7 %,3.3,2,1,0,2,9,1,0,2,8,1,0,2,6,2,,2,9,1.2,,0.2,4.9,-3511,0,-3.5 %,0.0 %,-3511,0,-3.5 %,0.0 %,-3511,0,-3.5 %,0.0 %,66.7 %,100.0 %,66.7 %,100.0 %,66.7 %,100.0 %,1052,345,-1755,0,66.7 %,100.0 %
IQLT,15d RSI IQLT LT33 - L IQLT,4.6 %,2.6 %,2288,1280,100.0 %,5.2 %,4.6 %,49.6 %,0.0 %,-1.5 %,1,5,0.1,0.4,100.0 %,100.0 %,,,2288,254,4.6 %,0.5 %,3,1.6,0,0,1,5,0,0,1,4,0,0,1,3,,,1,5,,,0,4.7,0,0,0.0 %,0.0 %,0,0,0.0 %,0.0 %,0,0,0.0 %,0.0 %,100.0 %,100.0 %,100.0 %,100.0 %,100.0 %,100.0 %,2288,254,0,0,100.0 %,100.0 %
ISTB,4d RSI ISTB LT19 - L ISTB,0.8 %,0.7 %,390,353,4.2 %,5.2 %,18.4 %,13.7 %,0.0 %,-0.2 %,4,5,0.3,0.4,100.0 %,80.0 %,,2.9,97,70,0.2 %,0.1 %,1.2,1.6,0,1,4,2,0,0,4,4,0,0,4,4,,4,4,4,,11.7,2.8,2.8,0,-33,0.0 %,-0.1 %,0,0,0.0 %,0.0 %,0,0,0.0 %,0.0 %,100.0 %,80.0 %,100.0 %,80.0 %,100.0 %,100.0 %,97,96,0,-33,100.0 %,100.0 %
ITA,20d RSI ITA LT45 - L ITA,8.6 %,9.2 %,4305,4586,15.5 %,7.9 %,55.6 %,115.6 %,-2.0 %,-0.7 %,9,6,0.8,0.5,88.9 %,100.0 %,0.6,,478,737,1.0 %,1.5 %,3.1,2,1,0,6,6,1,0,6,5,1,0,4,4,8,,8,6,5.1,,2.3,8.5,-2123,0,-2.1 %,0.0 %,-1480,0,-1.5 %,0.0 %,-1480,0,-1.5 %,0.0 %,88.9 %,100.0 %,88.9 %,100.0 %,87.5 %,100.0 %,671,737,-1061,0,83.3 %,100.0 %
ITB,3d RSI ITB LT11 - L ITB,11.1 %,0.6 %,5551,296,14.7 %,13.1 %,75.6 %,4.5 %,-1.8 %,-10.1 %,7,6,0.6,0.5,71.4 %,83.3 %,2.5,0.2,793,90,1.6 %,0.2 %,3.6,4.5,1,1,4,5,1,1,4,5,1,1,5,5,2.5,5,5,5,6.3,1.1,2.1,0.1,-1974,-4214,-2.0 %,-8.4 %,-1974,-4214,-2.0 %,-8.4 %,-122,-4214,-0.1 %,-8.4 %,71.4 %,83.3 %,71.4 %,83.3 %,71.4 %,83.3 %,1320,950,-524,-4214,83.3 %,83.3 %
ITM,13d RSI ITM LT27 - L ITM,0.9 %,1.7 %,475,840,57.1 %,6.3 %,1.7 %,26.4 %,0.0 %,-0.4 %,2,3,0.2,0.2,100.0 %,100.0 %,,,237,278,0.5 %,0.6 %,3,4.3,0,0,2,3,0,0,2,2,0,0,2,2,,,2,3,,,1.7,11.9,0,0,0.0 %,0.0 %,0,0,0.0 %,0.0 %,0,0,0.0 %,0.0 %,100.0 %,100.0 %,100.0 %,100.0 %,100.0 %,100.0 %,237,278,0,0,100.0 %,100.0 %
ITOT,8d RSI ITOT LT25 - L ITOT,3.5 %,7.2 %,1753,3604,53.3 %,5.2 %,6.6 %,139.7 %,0.0 %,-1.1 %,2,3,0.2,0.2,50.0 %,100.0 %,1.9,,876,1175,1.8 %,2.4 %,7,3.3,1,0,1,3,1,0,1,3,1,0,1,3,1,,1,3,1.9,,0.4,5.7,-4009,0,-4.0 %,0.0 %,-4009,0,-4.0 %,0.0 %,-4009,0,-4.0 %,0.0 %,50.0 %,100.0 %,50.0 %,100.0 %,50.0 %,100.0 %,3757,1175,-2004,0,50.0 %,100.0 %
IUSB,4d RSI IUSB LT15 - L IUSB,0.8 %,2.6 %,375,1315,100.0 %,9.1 %,0.8 %,28.8 %,0.0 %,-1.0 %,1,6,0.1,0.5,100.0 %,100.0 %,,,375,217,0.8 %,0.4 %,3,2.8,0,0,1,6,0,0,1,6,0,0,1,5,,,1,6,,,0,3.3,0,0,0.0 %,0.0 %,0,0,0.0 %,0.0 %,0,0,0.0 %,0.0 %,100.0 %,100.0 %,100.0 %,100.0 %,100.0 %,100.0 %,375,217,0,0,100.0 %,100.0 %
IUSG,5d RSI IUSG LT19 - L IUSG,4.4 %,9.6 %,2195,4773,9.3 %,5.6 %,47.2 %,171.8 %,0.0 %,-2.1 %,3,4,0.2,0.3,66.7 %,100.0 %,0.8,,732,1153,1.5 %,2.3 %,5.7,2.5,1,0,2,4,1,0,2,4,1,0,2,4,2,,2,4,1.6,,0.3,18,-7976,0,-8.0 %,0.0 %,-7976,0,-8.0 %,0.0 %,-7976,0,-8.0 %,0.0 %,66.7 %,100.0 %,66.7 %,100.0 %,66.7 %,100.0 %,3091,1153,-3988,0,66.7 %,100.0 %
IUSV,20d RSI IUSV LT41 - L IUSV,0.7 %,0.3 %,344,133,30.8 %,5.2 %,2.2 %,5.2 %,-1.3 %,-3.1 %,5,2,0.4,0.2,60.0 %,50.0 %,0.9,1.4,69,68,0.1 %,0.1 %,3.4,4,1,1,2,1,1,1,3,1,1,1,2,1,1.5,1,3,1,1.4,1.4,0.3,0.3,-1320,-308,-1.3 %,-0.6 %,-452,-308,-0.5 %,-0.6 %,-452,-308,-0.5 %,-0.6 %,60.0 %,50.0 %,60.0 %,50.0 %,75.0 %,50.0 %,410,444,-443,-308,66.7 %,50.0 %
IVE,20d RSI IVE LT41 - L IVE,2.5 %,0.4 %,1226,217,26.9 %,5.2 %,9.1 %,8.4 %,-1.3 %,-2.9 %,5,2,0.4,0.2,60.0 %,50.0 %,1.5,1.8,245,110,0.5 %,0.2 %,3,4,1,1,2,1,1,1,3,1,1,1,2,1,1.5,1,3,1,2.3,1.8,0.8,0.4,-1304,-259,-1.3 %,-0.5 %,-597,-259,-0.6 %,-0.5 %,-597,-259,-0.6 %,-0.5 %,60.0 %,50.0 %,60.0 %,50.0 %,75.0 %,50.0 %,726,478,-475,-259,66.7 %,50.0 %
IVLU,11d RSI IVLU LT32 - L IVLU,-3.0 %,4.3 %,-1499,2146,100.0 %,6.8 %,-3.0 %,63.6 %,0.0 %,-1.6 %,1,5,0.1,0.4,0.0 %,100.0 %,0,,-1499,423,-3.0 %,0.8 %,4,2.4,1,0,0,5,1,0,0,5,1,0,0,5,0,,0,5,0,,0,3.1,-2997,0,-3.0 %,0.0 %,-2997,0,-3.0 %,0.0 %,-2997,0,-3.0 %,0.0 %,0.0 %,100.0 %,0.0 %,100.0 %,0.0 %,100.0 %,0,423,-1499,0,0.0 %,100.0 %
IVV,6d RSI IVV LT20 - L IVV,3.8 %,7.3 %,1916,3671,53.3 %,5.6 %,7.2 %,132.2 %,0.0 %,-1.1 %,2,3,0.2,0.2,50.0 %,100.0 %,2,,958,1196,1.9 %,2.4 %,7,3.7,1,0,1,3,1,0,1,3,1,0,1,3,1,,1,3,2,,0.5,5.1,-3780,0,-3.8 %,0.0 %,-3780,0,-3.8 %,0.0 %,-3780,0,-3.8 %,0.0 %,50.0 %,100.0 %,50.0 %,100.0 %,50.0 %,100.0 %,3806,1196,-1890,0,50.0 %,100.0 %
IVW,5d RSI IVW LT20 - L IVW,4.9 %,14.0 %,2448,7015,9.3 %,7.5 %,52.6 %,186.1 %,0.0 %,-2.1 %,3,5,0.2,0.4,66.7 %,100.0 %,0.8,,816,1331,1.6 %,2.7 %,5.7,2.8,1,0,2,5,1,0,2,5,1,0,2,5,2,,2,5,1.6,,0.4,9.3,-7963,0,-8.0 %,0.0 %,-7963,0,-8.0 %,0.0 %,-7963,0,-8.0 %,0.0 %,66.7 %,100.0 %,66.7 %,100.0 %,66.7 %,100.0 %,3215,1331,-3981,0,66.7 %,100.0 %
IWB,6d RSI IWB LT20 - L IWB,3.5 %,7.3 %,1772,3640,53.3 %,5.6 %,6.6 %,131.1 %,0.0 %,-1.1 %,2,3,0.2,0.2,50.0 %,100.0 %,1.9,,886,1187,1.8 %,2.4 %,7,3.7,1,0,1,3,1,0,1,3,1,0,1,3,1,,1,3,1.9,,0.4,5.3,-3894,0,-3.9 %,0.0 %,-3894,0,-3.9 %,0.0 %,-3894,0,-3.9 %,0.0 %,50.0 %,100.0 %,50.0 %,100.0 %,50.0 %,100.0 %,3719,1187,-1947,0,50.0 %,100.0 %
IWD,20d RSI IWD LT42 - L IWD,6.0 %,2.8 %,2989,1413,10.4 %,7.5 %,57.3 %,37.5 %,-1.9 %,-3.2 %,6,3,0.5,0.2,66.7 %,66.7 %,2.1,2.4,498,470,1.0 %,0.9 %,2.8,4.3,2,1,3,2,2,1,3,2,1,1,2,2,2,2,4,2,4.2,4.8,1.5,1.3,-1886,-374,-1.9 %,-0.8 %,-1886,-374,-1.9 %,-0.8 %,-410,-374,-0.4 %,-0.8 %,66.7 %,66.7 %,66.7 %,66.7 %,66.7 %,66.7 %,983,892,-471,-374,75.0 %,66.7 %
IWF,5d RSI IWF LT19 - L IWF,4.6 %,13.9 %,2293,6953,10.2 %,7.5 %,44.8 %,184.4 %,0.0 %,-2.2 %,3,5,0.2,0.4,66.7 %,100.0 %,0.8,,764,1320,1.5 %,2.6 %,6.3,2.8,1,0,2,5,1,0,2,5,1,0,2,5,2,,2,5,1.6,,0.4,8,-7869,0,-7.9 %,0.0 %,-7869,0,-7.9 %,0.0 %,-7869,0,-7.9 %,0.0 %,66.7 %,100.0 %,66.7 %,100.0 %,66.7 %,100.0 %,3114,1320,-3934,0,66.7 %,100.0 %
IWM,4d RSI IWM LT14 - L IWM,4.8 %,5.9 %,2394,2950,12.7 %,7.1 %,37.7 %,82.6 %,0.0 %,-1.5 %,4,4,0.3,0.3,75.0 %,100.0 %,0.6,,599,723,1.2 %,1.4 %,5.2,3.5,1,0,3,4,1,0,3,4,1,0,3,4,3,,3,4,1.7,,0.5,3.4,-6847,0,-6.8 %,0.0 %,-6847,0,-6.8 %,0.0 %,-6847,0,-6.8 %,0.0 %,75.0 %,100.0 %,75.0 %,100.0 %,75.0 %,100.0 %,1939,723,-3423,0,75.0 %,100.0 %
IWN,17d RSI IWN LT41 - L IWN,4.9 %,3.3 %,2465,1629,21.7 %,6.0 %,22.7 %,54.7 %,-5.9 %,-1.7 %,10,3,0.8,0.2,70.0 %,100.0 %,0.7,,246,537,0.5 %,1.1 %,3.9,3,2,0,4,3,2,0,3,3,2,0,2,3,2.3,,7,3,1.7,,0.6,6,-6457,0,-6.5 %,0.0 %,-6457,0,-6.5 %,0.0 %,-3569,0,-3.6 %,0.0 %,70.0 %,100.0 %,70.0 %,100.0 %,66.7 %,100.0 %,870,537,-1208,0,50.0 %,100.0 %
IWO,3d RSI IWO LT10 - L IWO,-2.1 %,8.4 %,-1040,4222,58.8 %,7.1 %,-3.5 %,118.2 %,0.0 %,-2.1 %,2,5,0.2,0.4,50.0 %,100.0 %,0.7,,-520,818,-1.0 %,1.6 %,9,2.6,1,0,1,5,1,0,1,5,1,0,1,5,1,,1,5,0.7,,-0.2,8.2,-7750,0,-7.8 %,0.0 %,-7750,0,-7.8 %,0.0 %,-7750,0,-7.8 %,0.0 %,50.0 %,100.0 %,50.0 %,100.0 %,50.0 %,100.0 %,2835,818,-3875,0,50.0 %,100.0 %
IWP,3d RSI IWP LT10 - L IWP,0.6 %,9.3 %,300,4642,13.2 %,7.5 %,4.6 %,123.1 %,0.0 %,-2.5 %,3,5,0.2,0.4,66.7 %,100.0 %,0.5,,100,897,0.2 %,1.8 %,7.7,2.8,1,0,2,5,1,0,2,5,1,0,2,5,2,,2,5,1.1,,0,5.1,-9063,0,-9.1 %,0.0 %,-9063,0,-9.1 %,0.0 %,-9063,0,-9.1 %,0.0 %,66.7 %,100.0 %,66.7 %,100.0 %,66.7 %,100.0 %,2416,897,-4531,0,66.7 %,100.0 %
IWR,21d RSI IWR LT41 - L IWR,7.0 %,5.8 %,3510,2880,13.2 %,6.3 %,53.1 %,90.7 %,-3.9 %,-0.9 %,7,3,0.6,0.2,71.4 %,100.0 %,1,,501,944,1.0 %,1.9 %,3.3,3.7,1,0,3,3,1,0,3,3,1,0,2,3,2.5,,5,3,2.6,,1.1,3.8,-4011,0,-4.0 %,0.0 %,-4011,0,-4.0 %,0.0 %,-2773,0,-2.8 %,0.0 %,71.4 %,100.0 %,71.4 %,100.0 %,71.4 %,100.0 %,1140,944,-1096,0,75.0 %,100.0 %
IWS,17d RSI IWS LT39 - L IWS,1.9 %,2.7 %,970,1370,11.0 %,5.2 %,17.6 %,53.1 %,-4.9 %,-1.8 %,5,2,0.4,0.2,60.0 %,100.0 %,0.9,,194,681,0.4 %,1.4 %,4,4,2,0,2,2,2,0,2,2,1,0,2,2,1.5,,3,2,1.4,,0.3,4,-4911,0,-4.9 %,0.0 %,-4911,0,-4.9 %,0.0 %,-3534,0,-3.5 %,0.0 %,60.0 %,100.0 %,60.0 %,100.0 %,60.0 %,100.0 %,1142,681,-1228,0,75.0 %,100.0 %
IWV,5d RSI IWV LT17 - L IWV,3.4 %,7.2 %,1695,3612,53.3 %,5.6 %,6.4 %,130.0 %,0.0 %,-1.0 %,2,3,0.2,0.2,50.0 %,100.0 %,1.9,,848,1177,1.7 %,2.4 %,7,3.7,1,0,1,3,1,0,1,3,1,0,1,3,1,,1,3,1.9,,0.4,5.7,-3908,0,-3.9 %,0.0 %,-3908,0,-3.9 %,0.0 %,-3908,0,-3.9 %,0.0 %,50.0 %,100.0 %,50.0 %,100.0 %,50.0 %,100.0 %,3650,1177,-1954,0,50.0 %,100.0 %
IWX,16d RSI IWX LT39 - L IWX,4.5 %,2.4 %,2251,1179,21.9 %,7.9 %,20.5 %,29.7 %,-1.7 %,-3.3 %,5,3,0.4,0.2,80.0 %,66.7 %,0.9,1.7,450,395,0.9 %,0.8 %,2.2,5,1,1,2,2,1,1,2,2,0,1,3,2,4,2,4,2,3.5,3.3,1.4,0.9,-1780,-512,-1.8 %,-1.0 %,-175,-512,-0.2 %,-1.0 %,0,-512,0.0 %,-1.0 %,80.0 %,66.7 %,80.0 %,66.7 %,75.0 %,66.7 %,785,849,-890,-512,100.0 %,66.7 %
IWY,3d RSI IWY LT11 - L IWY,5.4 %,8.4 %,2698,4187,14.9 %,6.0 %,36.3 %,140.7 %,0.0 %,-1.2 %,5,4,0.4,0.3,80.0 %,100.0 %,0.4,,540,1016,1.1 %,2.0 %,5.4,2.8,1,0,4,4,1,0,4,4,1,0,4,3,4,,4,4,1.7,,0.4,9.7,-7813,0,-7.8 %,0.0 %,-7813,0,-7.8 %,0.0 %,-7813,0,-7.8 %,0.0 %,80.0 %,100.0 %,80.0 %,100.0 %,80.0 %,100.0 %,1651,1016,-3907,0,80.0 %,100.0 %
IXC,15d RSI IXC LT34 - L IXC,8.7 %,3.3 %,4329,1656,100.0 %,8.3 %,8.7 %,39.7 %,0.0 %,-4.0 %,2,5,0.2,0.4,100.0 %,80.0 %,,0.6,2164,334,4.3 %,0.7 %,4,3.2,0,1,2,3,0,1,2,3,0,1,1,3,,4,2,4,,2.5,2.8,0.9,0,-1152,0.0 %,-2.3 %,0,-1152,0.0 %,-2.3 %,0,-448,0.0 %,-0.9 %,100.0 %,80.0 %,100.0 %,80.0 %,100.0 %,80.0 %,2164,706,0,-1152,100.0 %,75.0 %
IXJ,6d RSI IXJ LT15 - L IXJ,2.1 %,0.9 %,1044,447,100.0 %,7.1 %,2.1 %,12.5 %,0.0 %,-2.9 %,1,4,0.1,0.3,100.0 %,75.0 %,,0.7,1044,112,2.1 %,0.2 %,3,3.5,0,1,1,3,0,1,1,3,0,1,1,2,,3,1,3,,2,0,0.7,0,-470,0.0 %,-0.9 %,0,-470,0.0 %,-0.9 %,0,-470,0.0 %,-0.9 %,100.0 %,75.0 %,100.0 %,75.0 %,100.0 %,75.0 %,1044,307,0,-470,100.0 %,66.7 %
IXN,3d RSI IXN LT10 - L IXN,7.0 %,8.0 %,3502,3986,8.9 %,5.2 %,78.9 %,154.6 %,0.0 %,-1.5 %,3,4,0.2,0.3,66.7 %,100.0 %,1,,1167,970,2.3 %,1.9 %,5.3,2.2,1,0,2,4,1,0,2,4,1,0,2,4,2,,2,4,1.9,,0.5,4.5,-7454,0,-7.5 %,0.0 %,-7454,0,-7.5 %,0.0 %,-7454,0,-7.5 %,0.0 %,66.7 %,100.0 %,66.7 %,100.0 %,66.7 %,100.0 %,3615,970,-3727,0,66.7 %,100.0 %
IXUS,10d RSI IXUS LT31 - L IXUS,5.3 %,5.4 %,2670,2715,4.4 %,6.3 %,121.2 %,85.5 %,0.0 %,-0.9 %,3,4,0.2,0.3,100.0 %,100.0 %,,,890,667,1.8 %,1.3 %,2.3,3,0,0,3,4,0,0,3,4,0,0,3,4,,,3,4,,,2.1,3.6,0,0,0.0 %,0.0 %,0,0,0.0 %,0.0 %,0,0,0.0 %,0.0 %,100.0 %,100.0 %,100.0 %,100.0 %,100.0 %,100.0 %,890,667,0,0,100.0 %,100.0 %
IYC,3d RSI IYC LT10 - L IYC,7.1 %,4.7 %,3550,2366,15.2 %,5.2 %,46.9 %,91.7 %,0.0 %,-1.4 %,5,4,0.4,0.3,80.0 %,100.0 %,0.5,,710,582,1.4 %,1.2 %,5,2.2,1,0,4,4,1,0,4,4,1,0,4,3,4,,4,4,1.8,,0.5,7.8,-8815,0,-8.8 %,0.0 %,-8815,0,-8.8 %,0.0 %,-8815,0,-8.8 %,0.0 %,80.0 %,100.0 %,80.0 %,100.0 %,80.0 %,100.0 %,1989,582,-4407,0,80.0 %,100.0 %
IYE,18d RSI IYE LT38 - L IYE,10.5 %,2.5 %,5255,1240,100.0 %,9.5 %,10.5 %,26.0 %,0.0 %,-4.8 %,2,6,0.2,0.5,100.0 %,83.3 %,,0.4,2627,213,5.3 %,0.4 %,4,3,0,1,2,4,0,1,2,4,0,1,1,4,,5,2,5,,1.9,9.3,0.6,0,-1427,0.0 %,-2.9 %,0,-1427,0.0 %,-2.9 %,0,-865,0.0 %,-1.7 %,100.0 %,83.3 %,100.0 %,83.3 %,100.0 %,83.3 %,2627,541,0,-1427,100.0 %,80.0 %
IYF,17d RSI IYF LT45 - L IYF,11.9 %,8.8 %,5971,4415,21.5 %,7.9 %,55.6 %,111.2 %,-2.4 %,-1.6 %,11,5,0.9,0.4,81.8 %,100.0 %,1.1,,543,855,1.1 %,1.7 %,3.4,2.6,1,0,7,5,1,0,6,4,1,0,3,4,4.5,,9,5,4.8,,2.5,4.3,-2441,0,-2.4 %,0.0 %,-2441,0,-2.4 %,0.0 %,-1410,0,-1.4 %,0.0 %,81.8 %,100.0 %,81.8 %,100.0 %,80.0 %,100.0 %,840,855,-795,0,80.0 %,100.0 %
IYG,20d RSI IYG LT45 - L IYG,10.1 %,9.4 %,5031,4721,19.8 %,6.8 %,50.8 %,140.0 %,-3.6 %,-1.0 %,10,5,0.8,0.4,90.0 %,100.0 %,0.4,,503,913,1.0 %,1.8 %,3.4,2.4,1,0,8,5,1,0,7,4,1,0,3,4,9,,9,5,3.7,,1.8,4.3,-3668,0,-3.7 %,0.0 %,-3668,0,-3.7 %,0.0 %,-2306,0,-2.3 %,0.0 %,90.0 %,100.0 %,90.0 %,100.0 %,88.9 %,100.0 %,763,913,-1834,0,80.0 %,100.0 %
IYH,5d RSI IYH LT14 - L IYH,2.4 %,2.5 %,1206,1250,100.0 %,7.9 %,2.4 %,31.5 %,0.0 %,-2.6 %,1,4,0.1,0.3,100.0 %,75.0 %,,1.2,1206,313,2.4 %,0.6 %,6,4,0,1,1,3,0,1,1,3,0,1,1,2,,3,1,3,,3.5,0,1.1,0,-509,0.0 %,-1.0 %,0,-509,0.0 %,-1.0 %,0,-509,0.0 %,-1.0 %,100.0 %,75.0 %,100.0 %,75.0 %,100.0 %,75.0 %,1206,587,0,-509,100.0 %,66.7 %
IYJ,21d RSI IYJ LT43 - L IYJ,3.9 %,6.0 %,1940,3024,21.1 %,7.5 %,18.4 %,80.2 %,-4.2 %,-1.0 %,9,6,0.8,0.5,77.8 %,100.0 %,0.5,,216,492,0.4 %,1.0 %,4.2,1.8,2,0,7,6,2,0,6,6,2,0,2,5,3.5,,7,6,1.8,,0.7,4.7,-4899,0,-4.9 %,0.0 %,-4899,0,-4.9 %,0.0 %,-2226,0,-2.2 %,0.0 %,77.8 %,100.0 %,77.8 %,100.0 %,75.0 %,100.0 %,627,492,-1225,0,50.0 %,100.0 %
IYK,4d RSI IYK LT11 - L IYK,3.1 %,3.2 %,1544,1596,7.0 %,6.0 %,43.9 %,53.6 %,0.0 %,-1.5 %,2,4,0.2,0.3,100.0 %,75.0 %,,6,772,395,1.5 %,0.8 %,3.5,2.8,0,1,2,3,0,1,2,3,0,1,2,3,,3,2,3,,17.9,2.4,2.4,0,-93,0.0 %,-0.2 %,0,-93,0.0 %,-0.2 %,0,-93,0.0 %,-0.2 %,100.0 %,75.0 %,100.0 %,75.0 %,100.0 %,75.0 %,772,558,0,-93,100.0 %,75.0 %
IYM,18d RSI IYM LT47 - L IYM,18.0 %,4.7 %,9015,2358,28.9 %,40.5 %,62.4 %,11.7 %,-2.6 %,-10.1 %,18,25,1.5,2.1,88.9 %,64.0 %,0.6,0.8,501,102,1.0 %,0.2 %,2.6,3.1,1,2,7,4,1,2,11,6,1,1,6,6,8,1.8,16,16,4.5,1.4,2.9,0.5,-3031,-4570,-3.0 %,-9.1 %,-1337,-4570,-1.3 %,-9.1 %,-35,-4570,-0.0 %,-9.1 %,88.9 %,64.0 %,88.9 %,64.0 %,92.3 %,66.7 %,723,543,-1273,-682,85.7 %,80.0 %
IYR,17d RSI IYR LT36 - L IYR,1.6 %,2.4 %,798,1192,9.4 %,5.2 %,17.0 %,46.2 %,0.0 %,-1.6 %,2,3,0.2,0.2,100.0 %,100.0 %,,,399,395,0.8 %,0.8 %,2,3.3,0,0,2,3,0,0,2,3,0,0,2,2,,,2,3,,,2.5,3.3,0,0,0.0 %,0.0 %,0,0,0.0 %,0.0 %,0,0,0.0 %,0.0 %,100.0 %,100.0 %,100.0 %,100.0 %,100.0 %,100.0 %,399,395,0,0,100.0 %,100.0 %
IYT,14d RSI IYT LT34 - L IYT,9.5 %,6.2 %,4734,3102,7.5 %,7.9 %,125.8 %,78.2 %,0.0 %,-2.8 %,3,5,0.2,0.4,100.0 %,80.0 %,,2.6,1578,608,3.2 %,1.2 %,3.7,2.6,0,1,3,2,0,1,3,2,0,0,3,4,,4,3,4,,10.2,3.6,2.5,0,-330,0.0 %,-0.7 %,0,-330,0.0 %,-0.7 %,0,0,0.0 %,0.0 %,100.0 %,80.0 %,100.0 %,80.0 %,100.0 %,80.0 %,1578,843,0,-330,100.0 %,100.0 %
IYW,5d RSI IYW LT20 - L IYW,3.7 %,17.1 %,1833,8547,10.7 %,8.7 %,34.1 %,195.8 %,0.0 %,-3.0 %,4,6,0.3,0.5,75.0 %,100.0 %,0.5,,458,1334,0.9 %,2.7 %,4.8,2.7,1,0,3,6,1,0,3,6,1,0,3,5,3,,3,6,1.5,,0.4,8.8,-7561,0,-7.6 %,0.0 %,-7561,0,-7.6 %,0.0 %,-7561,0,-7.6 %,0.0 %,75.0 %,100.0 %,75.0 %,100.0 %,75.0 %,100.0 %,1871,1334,-3781,0,75.0 %,100.0 %
IYZ,3d RSI IYZ LT17 - L IYZ,6.0 %,17.1 %,2988,8549,12.1 %,21.0 %,49.4 %,81.3 %,-1.7 %,-2.7 %,7,11,0.6,0.9,85.7 %,90.9 %,0.8,3.4,427,725,0.9 %,1.4 %,2.3,3.8,1,1,4,5,1,1,4,5,1,1,4,4,6,10,6,10,4.5,33.5,1.6,4.6,-1695,-245,-1.7 %,-0.5 %,-1695,-245,-1.7 %,-0.5 %,-1695,-245,-1.7 %,-0.5 %,85.7 %,90.9 %,85.7 %,90.9 %,85.7 %,90.9 %,639,822,-847,-245,83.3 %,88.9 %
JDST,11d RSI JDST LT25 - L JDST,17.0 %,14.6 %,8524,7292,36.5 %,6.0 %,46.7 %,245.0 %,-9.4 %,-12.3 %,6,4,0.5,0.3,66.7 %,50.0 %,1.1,4.5,1421,1814,2.8 %,3.6 %,4,2.8,1,1,2,2,1,1,2,2,1,1,2,2,2,1,4,2,2.3,4.5,0.8,1.2,-9440,-1954,-9.4 %,-3.9 %,-9440,-1954,-9.4 %,-3.9 %,-3924,-1954,-3.9 %,-3.9 %,66.7 %,50.0 %,66.7 %,50.0 %,66.7 %,50.0 %,3828,4653,-3393,-1024,66.7 %,50.0 %
JETS,7d RSI JETS LT28 - L JETS,14.4 %,10.8 %,7179,5404,21.4 %,7.9 %,67.0 %,136.2 %,-1.4 %,-5.3 %,8,6,0.7,0.5,75.0 %,83.3 %,1.5,1.5,897,873,1.8 %,1.8 %,3.5,2.3,2,1,6,3,2,1,6,3,1,1,4,2,3,5,6,5,4.5,7.5,1.8,2.1,-4118,-809,-4.1 %,-1.6 %,-4118,-809,-4.1 %,-1.6 %,-4118,-809,-4.1 %,-1.6 %,75.0 %,83.3 %,75.0 %,83.3 %,75.0 %,83.3 %,1540,1210,-1030,-809,80.0 %,80.0 %
JHMD,10d RSI JHMD LT33 - L JHMD,1.2 %,7.1 %,598,3556,5.3 %,9.5 %,22.5 %,74.7 %,0.0 %,-1.3 %,2,7,0.2,0.6,50.0 %,100.0 %,1.7,,299,495,0.6 %,1.0 %,3.5,2.4,1,0,1,7,1,0,1,6,1,0,1,5,1,,1,7,1.7,,0.4,3.2,-1656,0,-1.7 %,0.0 %,-1656,0,-1.7 %,0.0 %,-1656,0,-1.7 %,0.0 %,50.0 %,100.0 %,50.0 %,100.0 %,50.0 %,100.0 %,1426,495,-828,0,50.0 %,100.0 %
JHMM,21d RSI JHMM LT42 - L JHMM,6.0 %,4.7 %,2999,2366,19.4 %,6.8 %,30.9 %,70.2 %,-5.5 %,-1.0 %,9,3,0.8,0.2,77.8 %,100.0 %,0.6,,333,779,0.7 %,1.6 %,3.8,4,1,0,3,3,1,0,3,3,1,0,2,3,3.5,,7,3,2.1,,0.8,2.9,-5573,0,-5.6 %,0.0 %,-5573,0,-5.6 %,0.0 %,-3558,0,-3.6 %,0.0 %,77.8 %,100.0 %,77.8 %,100.0 %,77.8 %,100.0 %,836,779,-1426,0,75.0 %,100.0 %
JIVE,3d RSI JIVE LT10 - L JIVE,4.2 %,4.8 %,2094,2386,4.2 %,5.2 %,99.9 %,92.5 %,0.0 %,-0.9 %,2,4,0.2,0.3,100.0 %,100.0 %,,,1047,588,2.1 %,1.2 %,2.5,2.2,0,0,2,4,0,0,2,4,0,0,2,4,,,2,4,,,5,3.1,0,0,0.0 %,0.0 %,0,0,0.0 %,0.0 %,0,0,0.0 %,0.0 %,100.0 %,100.0 %,100.0 %,100.0 %,100.0 %,100.0 %,1047,588,0,0,100.0 %,100.0 %
JNUG,13d RSI JNUG LT34 - L JNUG,20.3 %,28.8 %,10133,14399,100.0 %,7.1 %,20.3 %,403.2 %,0.0 %,-5.9 %,1,5,0.1,0.4,100.0 %,100.0 %,,,10133,2605,20.3 %,5.2 %,2,2.6,0,0,1,5,0,0,1,5,0,0,1,5,,,1,5,,,0,6.1,0,0,0.0 %,0.0 %,0,0,0.0 %,0.0 %,0,0,0.0 %,0.0 %,100.0 %,100.0 %,100.0 %,100.0 %,100.0 %,100.0 %,10133,2605,0,0,100.0 %,100.0 %
JPIB,7d RSI JPIB LT21 - L JPIB,0.8 %,0.9 %,394,436,100.0 %,6.0 %,0.8 %,14.7 %,0.0 %,-0.5 %,1,2,0.1,0.2,100.0 %,100.0 %,,,394,218,0.8 %,0.4 %,2,2.5,0,0,1,2,0,0,1,2,0,0,1,2,,,1,2,,,0,10.4,0,0,0.0 %,0.0 %,0,0,0.0 %,0.0 %,0,0,0.0 %,0.0 %,100.0 %,100.0 %,100.0 %,100.0 %,100.0 %,100.0 %,394,218,0,0,100.0 %,100.0 %
JPST,9d RSI JPST LT70 - L JPST,1.1 %,0.7 %,560,361,28.7 %,15.9 %,3.9 %,4.5 %,0.0 %,-0.1 %,11,9,0.9,0.8,100.0 %,100.0 %,,,51,40,0.1 %,0.1 %,3.4,3.4,0,0,11,9,0,0,10,8,0,0,6,4,,,11,9,,,9.9,7.1,0,0,0.0 %,0.0 %,0,0,0.0 %,0.0 %,0,0,0.0 %,0.0 %,100.0 %,100.0 %,100.0 %,100.0 %,100.0 %,100.0 %,51,40,0,0,100.0 %,100.0 %
JQUA,4d RSI JQUA LT19 - L JQUA,6.2 %,12.3 %,3100,6149,16.5 %,12.7 %,37.6 %,96.8 %,0.0 %,-1.7 %,6,8,0.5,0.7,83.3 %,87.5 %,0.5,3.1,517,732,1.0 %,1.5 %,4.3,3,1,1,5,5,1,1,5,5,1,0,4,7,5,7,5,7,2.3,21.6,0.8,4.4,-4811,-285,-4.8 %,-0.6 %,-4811,-285,-4.8 %,-0.6 %,-4811,0,-4.8 %,0.0 %,83.3 %,87.5 %,83.3 %,87.5 %,83.3 %,87.5 %,1101,878,-2405,-285,80.0 %,100.0 %
KBA,4d RSI KBA LT16 - L KBA,-0.1 %,8.9 %,-54,4467,8.2 %,6.0 %,-1.3 %,150.1 %,-4.7 %,-1.8 %,4,6,0.3,0.5,75.0 %,100.0 %,0.3,,-14,720,-0.0 %,1.4 %,3.5,1.5,1,0,2,6,1,0,2,6,1,0,2,6,3,,3,6,1,,0,4.2,-4735,0,-4.7 %,0.0 %,-4735,0,-4.7 %,0.0 %,-4735,0,-4.7 %,0.0 %,75.0 %,100.0 %,75.0 %,100.0 %,75.0 %,100.0 %,771,720,-2367,0,75.0 %,100.0 %
KBE,8d RSI KBE LT28 - L KBE,10.7 %,10.9 %,5329,5476,11.2 %,6.3 %,95.5 %,172.5 %,-3.1 %,-1.2 %,6,5,0.5,0.4,83.3 %,100.0 %,0.9,,888,1051,1.8 %,2.1 %,3.2,2.2,1,0,4,5,1,0,4,5,1,0,4,5,5,,5,5,4.3,,1.6,8.1,-3275,0,-3.3 %,0.0 %,-3275,0,-3.3 %,0.0 %,-3275,0,-3.3 %,0.0 %,83.3 %,100.0 %,83.3 %,100.0 %,83.3 %,100.0 %,1393,1051,-1637,0,83.3 %,100.0 %
KBWB,15d RSI KBWB LT41 - L KBWB,19.8 %,13.7 %,9903,6837,21.1 %,7.1 %,93.7 %,191.4 %,-4.9 %,-0.8 %,11,6,0.9,0.5,90.9 %,100.0 %,0.5,,900,1082,1.8 %,2.2 %,3.3,2,1,0,8,6,1,0,8,5,1,0,3,4,10,,10,6,4.8,,2.6,5,-5210,0,-5.2 %,0.0 %,-5210,0,-5.2 %,0.0 %,-3574,0,-3.6 %,0.0 %,90.9 %,100.0 %,90.9 %,100.0 %,90.9 %,100.0 %,1251,1082,-2605,0,83.3 %,100.0 %
KBWD,21d RSI KBWD LT42 - L KBWD,8.3 %,14.0 %,4126,7013,15.3 %,9.5 %,53.8 %,147.3 %,-5.9 %,-1.3 %,10,8,0.8,0.7,90.0 %,100.0 %,0.3,,413,830,0.8 %,1.7 %,2.1,2,1,0,6,8,1,0,5,8,0,0,4,5,9,,9,8,2.3,,1.1,4.7,-6159,0,-6.2 %,0.0 %,-6159,0,-6.2 %,0.0 %,0,0,0.0 %,0.0 %,90.0 %,100.0 %,90.0 %,100.0 %,88.9 %,100.0 %,801,830,-3079,0,100.0 %,100.0 %
KBWY,6d RSI KBWY LT22 - L KBWY,-4.6 %,6.7 %,-2298,3339,8.6 %,9.9 %,-53.5 %,67.3 %,-6.3 %,-2.5 %,3,7,0.2,0.6,33.3 %,85.7 %,0.6,2.7,-766,465,-1.5 %,0.9 %,4.7,2.6,2,1,1,5,2,1,1,5,2,0,1,5,0.5,6,1,6,0.3,16,-0.9,3.5,-6445,-217,-6.4 %,-0.4 %,-6445,-217,-6.4 %,-0.4 %,-6445,0,-6.4 %,0.0 %,33.3 %,85.7 %,33.3 %,85.7 %,33.3 %,85.7 %,924,579,-1611,-217,33.3 %,100.0 %
KIE,20d RSI KIE LT41 - L KIE,5.1 %,4.0 %,2562,1983,9.2 %,5.2 %,55.6 %,76.9 %,0.0 %,-1.6 %,4,4,0.3,0.3,75.0 %,75.0 %,6.6,4.7,640,490,1.3 %,1.0 %,3.8,2.2,1,1,3,3,1,1,3,3,1,1,3,2,3,3,3,3,19.7,14.1,2.2,2.4,-274,-149,-0.3 %,-0.3 %,-274,-149,-0.3 %,-0.3 %,-274,-149,-0.3 %,-0.3 %,75.0 %,75.0 %,75.0 %,75.0 %,75.0 %,75.0 %,900,703,-137,-149,75.0 %,66.7 %
KORU,11d RSI KORU LT26 - L KORU,11.4 %,63.2 %,5691,31588,100.0 %,6.8 %,11.4 %,936.5 %,0.0 %,-1.3 %,1,6,0.1,0.5,100.0 %,100.0 %,,,5691,4274,11.4 %,8.6 %,2,1.8,0,0,1,6,0,0,1,6,0,0,1,5,,,1,6,,,0,6.6,0,0,0.0 %,0.0 %,0,0,0.0 %,0.0 %,0,0,0.0 %,0.0 %,100.0 %,100.0 %,100.0 %,100.0 %,100.0 %,100.0 %,5691,4274,0,0,100.0 %,100.0 %
KRE,20d RSI KRE LT40 - L KRE,16.8 %,10.1 %,8402,5028,16.5 %,6.0 %,101.7 %,168.9 %,-3.8 %,-1.6 %,9,4,0.8,0.3,88.9 %,100.0 %,0.7,,934,1213,1.9 %,2.4 %,3,2.8,1,0,7,4,1,0,7,4,1,0,3,4,8,,8,4,5.4,,2.3,8.3,-3862,0,-3.9 %,0.0 %,-3862,0,-3.9 %,0.0 %,-2905,0,-2.9 %,0.0 %,88.9 %,100.0 %,88.9 %,100.0 %,88.9 %,100.0 %,1292,1213,-1931,0,80.0 %,100.0 %
KSA,10d RSI KSA LT33 - L KSA,3.9 %,10.3 %,1958,5174,31.8 %,15.1 %,12.3 %,68.6 %,-3.3 %,-3.6 %,15,12,1.2,1,66.7 %,91.7 %,0.9,1,131,414,0.3 %,0.8 %,3.3,2.2,2,1,6,6,2,1,5,5,1,0,4,6,2,11,10,11,1.7,10.6,0.7,2.9,-3563,-517,-3.6 %,-1.0 %,-3563,-517,-3.6 %,-1.0 %,-3460,0,-3.5 %,0.0 %,66.7 %,91.7 %,66.7 %,91.7 %,64.3 %,90.0 %,469,499,-546,-517,71.4 %,100.0 %
KWEB,3d RSI KWEB LT13 - L KWEB,11.7 %,13.4 %,5862,6720,15.9 %,11.1 %,74.0 %,121.0 %,-0.9 %,-4.8 %,8,7,0.7,0.6,75.0 %,85.7 %,3.8,5.5,733,913,1.5 %,1.8 %,3.9,2.7,1,1,4,4,1,1,4,4,1,1,5,3,3,6,6,6,11.4,32.7,2.2,3.8,-1062,-201,-1.1 %,-0.4 %,-1062,-201,-1.1 %,-0.4 %,-68,-201,-0.1 %,-0.4 %,75.0 %,85.7 %,75.0 %,85.7 %,75.0 %,85.7 %,1071,1099,-283,-201,85.7 %,83.3 %
LABD,10d RSI LABD LT27 - L LABD,-3.5 %,33.7 %,-1760,16830,54.8 %,5.6 %,-6.4 %,605.9 %,-12.3 %,-10.1 %,5,4,0.4,0.3,40.0 %,75.0 %,1.1,4,-352,3855,-0.7 %,7.7 %,5.6,2.5,2,1,1,2,2,1,1,2,1,1,1,2,0.7,3,2,3,0.8,11.9,-0.3,2.5,-13115,-1414,-13.1 %,-2.8 %,-13115,-1414,-13.1 %,-2.8 %,-13115,-1414,-13.1 %,-2.8 %,40.0 %,75.0 %,40.0 %,75.0 %,40.0 %,75.0 %,2792,5612,-2448,-1414,50.0 %,75.0 %
LABU,3d RSI LABU LT10 - L LABU,-13.4 %,31.1 %,-6682,15567,32.8 %,9.5 %,-40.7 %,326.9 %,-24.2 %,-12.6 %,3,6,0.2,0.5,66.7 %,83.3 %,0.3,9.5,-2227,2328,-4.5 %,4.7 %,5.7,3,1,1,2,4,1,1,2,4,1,1,2,4,2,5,2,5,0.5,47.7,-0.5,4.3,-27606,-299,-27.6 %,-0.6 %,-27606,-299,-27.6 %,-0.6 %,-27606,-299,-27.6 %,-0.6 %,66.7 %,83.3 %,66.7 %,83.3 %,66.7 %,83.3 %,3560,2853,-13803,-299,66.7 %,83.3 %
LEMB,21d RSI LEMB LT37 - L LEMB,0.3 %,2.8 %,128,1422,100.0 %,7.9 %,0.3 %,35.8 %,0.0 %,-0.8 %,1,6,0.1,0.5,100.0 %,83.3 %,,2.1,128,235,0.3 %,0.5 %,2,2.3,0,1,1,5,0,0,1,5,0,0,1,4,,5,1,5,,10.7,0,2.3,0,-145,0.0 %,-0.3 %,0,0,0.0 %,0.0 %,0,0,0.0 %,0.0 %,100.0 %,83.3 %,100.0 %,83.3 %,100.0 %,100.0 %,128,311,0,-145,100.0 %,100.0 %
LIT,19d RSI LIT LT33 - L LIT,-5.6 %,2.0 %,-2782,1018,100.0 %,6.0 %,-5.6 %,34.2 %,0.0 %,-7.3 %,1,4,0.1,0.3,0.0 %,75.0 %,0,0.6,-2782,266,-5.6 %,0.5 %,4,2.8,1,1,0,3,1,1,0,2,1,1,0,2,0,3,0,3,0,1.7,0,0.5,-5565,-1511,-5.6 %,-3.0 %,-5565,-1511,-5.6 %,-3.0 %,-5565,-1511,-5.6 %,-3.0 %,0.0 %,75.0 %,0.0 %,75.0 %,0.0 %,66.7 %,0,858,-2782,-1511,0.0 %,66.7 %
LQD,9d RSI LQD LT25 - L LQD,2.7 %,2.3 %,1346,1134,9.4 %,5.2 %,28.7 %,44.0 %,0.0 %,-0.7 %,2,4,0.2,0.3,100.0 %,100.0 %,,,673,282,1.3 %,0.6 %,2,2.2,0,0,2,4,0,0,2,4,0,0,2,4,,,2,4,,,6,2.9,0,0,0.0 %,0.0 %,0,0,0.0 %,0.0 %,0,0,0.0 %,0.0 %,100.0 %,100.0 %,100.0 %,100.0 %,100.0 %,100.0 %,673,282,0,0,100.0 %,100.0 %
LRGF,3d RSI LRGF LT11 - L LRGF,7.8 %,9.4 %,3898,4679,16.7 %,8.7 %,46.6 %,107.2 %,0.0 %,-1.3 %,6,6,0.5,0.5,83.3 %,100.0 %,0.5,,650,753,1.3 %,1.5 %,5,2.7,1,0,5,6,1,0,5,6,1,0,5,6,5,,5,6,2.3,,0.8,4.1,-6228,0,-6.2 %,0.0 %,-6228,0,-6.2 %,0.0 %,-6228,0,-6.2 %,0.0 %,83.3 %,100.0 %,83.3 %,100.0 %,83.3 %,100.0 %,1402,753,-3114,0,83.3 %,100.0 %
LVHI,4d RSI LVHI LT14 - L LVHI,-4.0 %,2.2 %,-2015,1080,100.0 %,5.2 %,-4.0 %,41.9 %,0.0 %,-2.0 %,1,3,0.1,0.2,0.0 %,66.7 %,0,6.7,-2015,359,-4.0 %,0.7 %,4,3.3,1,1,0,2,1,1,0,2,1,1,0,2,0,2,0,2,0,13.3,0,1.8,-4029,-87,-4.0 %,-0.2 %,-4029,-87,-4.0 %,-0.2 %,-4029,-87,-4.0 %,-0.2 %,0.0 %,66.7 %,0.0 %,66.7 %,0.0 %,66.7 %,0,582,-2015,-87,0.0 %,66.7 %
MBB,21d RSI MBB LT37 - L MBB,1.0 %,1.7 %,488,853,100.0 %,5.6 %,1.0 %,30.7 %,0.0 %,-1.0 %,1,3,0.1,0.2,100.0 %,66.7 %,,,488,283,1.0 %,0.6 %,3,3.7,0,1,1,1,0,0,1,2,0,0,1,2,,2,1,2,,,0,2.3,0,0,0.0 %,0.0 %,0,0,0.0 %,0.0 %,0,0,0.0 %,0.0 %,100.0 %,66.7 %,100.0 %,66.7 %,100.0 %,100.0 %,488,425,0,0,100.0 %,100.0 %
MCHI,3d RSI MCHI LT13 - L MCHI,1.7 %,9.7 %,855,4865,12.5 %,6.3 %,13.7 %,153.2 %,-3.8 %,-0.9 %,8,7,0.7,0.6,62.5 %,100.0 %,0.8,,107,671,0.2 %,1.3 %,2.8,1.3,1,0,3,7,1,0,3,7,1,0,3,6,1.7,,5,7,1.3,,0.3,2.9,-3884,0,-3.9 %,0.0 %,-3884,0,-3.9 %,0.0 %,-3884,0,-3.9 %,0.0 %,62.5 %,100.0 %,62.5 %,100.0 %,62.5 %,100.0 %,713,671,-903,0,62.5 %,100.0 %
MDY,17d RSI MDY LT39 - L MDY,3.8 %,5.9 %,1901,2956,15.4 %,7.1 %,24.7 %,82.8 %,-5.4 %,-0.9 %,6,3,0.5,0.2,83.3 %,100.0 %,0.3,,317,968,0.6 %,1.9 %,4.8,4.3,1,0,4,3,1,0,4,3,1,0,3,3,5,,5,3,1.7,,0.5,4,-5430,0,-5.4 %,0.0 %,-5430,0,-5.4 %,0.0 %,-5430,0,-5.4 %,0.0 %,83.3 %,100.0 %,83.3 %,100.0 %,83.3 %,100.0 %,923,968,-2715,0,80.0 %,100.0 %
MEAR,3d RSI MEAR LT22 - L MEAR,0.7 %,0.6 %,369,284,25.2 %,7.9 %,2.9 %,7.2 %,0.0 %,-0.1 %,2,4,0.2,0.3,100.0 %,100.0 %,,,184,71,0.4 %,0.1 %,17,4,0,0,2,4,0,0,2,4,0,0,2,3,,,2,4,,,3.5,3.8,0,0,0.0 %,0.0 %,0,0,0.0 %,0.0 %,0,0,0.0 %,0.0 %,100.0 %,100.0 %,100.0 %,100.0 %,100.0 %,100.0 %,184,71,0,0,100.0 %,100.0 %
MGC,3d RSI MGC LT11 - L MGC,7.4 %,7.3 %,3706,3659,13.1 %,7.9 %,56.7 %,92.2 %,0.0 %,-1.4 %,5,5,0.4,0.4,80.0 %,100.0 %,0.6,,741,711,1.5 %,1.4 %,4.6,3,1,0,4,5,1,0,4,5,1,0,4,4,4,,4,5,2.4,,0.8,15.1,-5484,0,-5.5 %,0.0 %,-5484,0,-5.5 %,0.0 %,-5484,0,-5.5 %,0.0 %,80.0 %,100.0 %,80.0 %,100.0 %,80.0 %,100.0 %,1612,711,-2742,0,80.0 %,100.0 %
MGK,3d RSI MGK LT10 - L MGK,4.5 %,10.6 %,2237,5308,12.6 %,7.1 %,35.6 %,148.6 %,0.0 %,-1.2 %,4,5,0.3,0.4,75.0 %,100.0 %,0.5,,559,1020,1.1 %,2.0 %,5.8,2.6,1,0,3,5,1,0,3,5,1,0,3,4,3,,3,5,1.5,,0.3,10.4,-8412,0,-8.4 %,0.0 %,-8412,0,-8.4 %,0.0 %,-8412,0,-8.4 %,0.0 %,75.0 %,100.0 %,75.0 %,100.0 %,75.0 %,100.0 %,2148,1020,-4206,0,75.0 %,100.0 %
MGV,20d RSI MGV LT42 - L MGV,4.1 %,2.5 %,2047,1252,21.9 %,6.3 %,18.7 %,39.5 %,-1.8 %,-3.0 %,5,3,0.4,0.2,80.0 %,66.7 %,0.8,3.2,409,417,0.8 %,0.8 %,2.2,3.7,1,1,2,2,1,1,2,2,0,1,3,2,4,2,4,2,3.3,6.4,1.3,1.4,-1804,-231,-1.8 %,-0.5 %,-424,-231,-0.4 %,-0.5 %,0,-231,0.0 %,-0.5 %,80.0 %,66.7 %,80.0 %,66.7 %,75.0 %,66.7 %,737,740,-902,-231,100.0 %,66.7 %
MINT,3d RSI MINT LT70 - L MINT,0.5 %,0.9 %,229,453,27.6 %,12.7 %,1.7 %,7.1 %,0.0 %,-0.0 %,5,12,0.4,1,100.0 %,100.0 %,,,46,38,0.1 %,0.1 %,2.2,1.7,0,0,5,12,0,0,4,10,0,0,3,7,,,5,12,,,7.9,6.5,0,0,0.0 %,0.0 %,0,0,0.0 %,0.0 %,0,0,0.0 %,0.0 %,100.0 %,100.0 %,100.0 %,100.0 %,100.0 %,100.0 %,46,38,0,0,100.0 %,100.0 %
MLN,18d RSI MLN LT39 - L MLN,0.9 %,4.3 %,463,2175,23.8 %,7.1 %,3.9 %,60.9 %,-1.1 %,-0.6 %,7,7,0.6,0.6,71.4 %,100.0 %,0.7,,66,305,0.1 %,0.6 %,3.9,1.6,2,0,3,7,2,0,3,6,1,0,2,5,2.5,,5,7,1.9,,0.8,7.4,-1085,0,-1.1 %,0.0 %,-1085,0,-1.1 %,0.0 %,-180,0,-0.2 %,0.0 %,71.4 %,100.0 %,71.4 %,100.0 %,71.4 %,100.0 %,201,305,-271,0,75.0 %,100.0 %
MLPA,16d RSI MLPA LT39 - L MLPA,1.0 %,5.2 %,521,2599,14.8 %,5.6 %,7.0 %,93.6 %,-0.9 %,-3.3 %,4,4,0.3,0.3,50.0 %,100.0 %,1.7,,130,639,0.3 %,1.3 %,4.2,2.5,1,0,1,4,1,0,1,4,1,0,2,3,1,,2,4,1.7,,0.5,3.1,-870,0,-0.9 %,0.0 %,-870,0,-0.9 %,0.0 %,-681,0,-0.7 %,0.0 %,50.0 %,100.0 %,50.0 %,100.0 %,50.0 %,100.0 %,648,639,-388,0,66.7 %,100.0 %
MLPX,17d RSI MLPX LT45 - L MLPX,15.1 %,12.0 %,7530,5997,25.6 %,6.8 %,58.9 %,177.8 %,-2.0 %,-0.4 %,13,6,1.1,0.5,76.9 %,100.0 %,1.8,,579,954,1.2 %,1.9 %,3.2,1.8,1,0,5,6,2,0,5,5,1,0,3,5,3.3,,10,6,5.8,,2.6,7.1,-2218,0,-2.2 %,0.0 %,-1248,0,-1.2 %,0.0 %,-1248,0,-1.2 %,0.0 %,76.9 %,100.0 %,76.9 %,100.0 %,72.7 %,100.0 %,909,954,-519,0,75.0 %,100.0 %
MMIT,20d RSI MMIT LT36 - L MMIT,-0.1 %,1.5 %,-66,751,100.0 %,5.6 %,-0.1 %,27.0 %,0.0 %,-0.3 %,1,3,0.1,0.2,0.0 %,100.0 %,0,,-66,249,-0.1 %,0.5 %,5,3.7,1,0,0,3,1,0,0,2,1,0,0,2,0,,0,3,0,,0,19.1,-132,0,-0.1 %,0.0 %,-132,0,-0.1 %,0.0 %,-132,0,-0.1 %,0.0 %,0.0 %,100.0 %,0.0 %,100.0 %,0.0 %,100.0 %,0,249,-66,0,0.0 %,100.0 %
MOAT,4d RSI MOAT LT12 - L MOAT,2.6 %,5.2 %,1324,2584,5.8 %,6.0 %,45.5 %,86.8 %,-0.1 %,-0.7 %,3,4,0.2,0.3,66.7 %,100.0 %,14.1,,441,634,0.9 %,1.3 %,3,2.8,1,0,1,4,1,0,1,4,1,0,1,4,2,,2,4,28.2,,1.4,11,-97,0,-0.1 %,0.0 %,-97,0,-0.1 %,0.0 %,-97,0,-0.1 %,0.0 %,66.7 %,100.0 %,66.7 %,100.0 %,66.7 %,100.0 %,686,634,-49,0,66.7 %,100.0 %
MOO,8d RSI MOO LT23 - L MOO,4.9 %,8.2 %,2461,4085,4.5 %,11.9 %,110.4 %,68.6 %,0.0 %,-0.9 %,2,7,0.2,0.6,100.0 %,100.0 %,,,1230,565,2.5 %,1.1 %,2.5,3.3,0,0,2,7,0,0,2,7,0,0,2,6,,,2,7,,,5.7,5.6,0,0,0.0 %,0.0 %,0,0,0.0 %,0.0 %,0,0,0.0 %,0.0 %,100.0 %,100.0 %,100.0 %,100.0 %,100.0 %,100.0 %,1230,565,0,0,100.0 %,100.0 %
MORT,11d RSI MORT LT33 - L MORT,-11.0 %,13.2 %,-5516,6575,100.0 %,6.8 %,-11.0 %,194.9 %,0.0 %,-1.3 %,1,5,0.1,0.4,0.0 %,100.0 %,0,,-5516,1255,-11.0 %,2.5 %,11,2.4,1,0,0,5,1,0,0,5,1,0,0,3,0,,0,5,0,,0,4.3,-11032,0,-11.0 %,0.0 %,-11032,0,-11.0 %,0.0 %,-11032,0,-11.0 %,0.0 %,0.0 %,100.0 %,0.0 %,100.0 %,0.0 %,100.0 %,0,1255,-5516,0,0.0 %,100.0 %
MSTX,10d RSI MSTX LT36 - L MSTX,90.2 %,15443.6 %,45122,7721798,41.3 %,62.7 %,218.3 %,24631.6 %,-23.3 %,-9.3 %,15,1,1.2,0.1,60.0 %,100.0 %,1.5,,3008,7721798,6.0 %,15443.6 %,4.6,155,2,0,4,1,2,0,4,1,1,0,5,1,1.5,,9,1,2.3,,1,0,-54670,0,-54.7 %,0.0 %,-54670,0,-54.7 %,0.0 %,-46830,0,-46.8 %,0.0 %,60.0 %,100.0 %,60.0 %,100.0 %,64.3 %,100.0 %,8952,7721798,-5908,0,85.7 %,100.0 %
MTUM,4d RSI MTUM LT17 - L MTUM,9.4 %,12.7 %,4710,6332,14.9 %,6.3 %,63.3 %,199.4 %,-6.8 %,-1.6 %,6,5,0.5,0.4,83.3 %,100.0 %,0.5,,785,1209,1.6 %,2.4 %,4.3,2.2,1,0,4,5,1,0,4,5,1,0,4,5,5,,5,5,2.4,,0.8,6,-6796,0,-6.8 %,0.0 %,-6796,0,-6.8 %,0.0 %,-6796,0,-6.8 %,0.0 %,83.3 %,100.0 %,83.3 %,100.0 %,83.3 %,100.0 %,1622,1209,-3398,0,83.3 %,100.0 %
MUB,16d RSI MUB LT35 - L MUB,-0.5 %,2.5 %,-238,1261,20.9 %,6.3 %,-2.3 %,39.7 %,-0.7 %,-0.1 %,3,6,0.2,0.5,33.3 %,100.0 %,0.7,,-79,208,-0.2 %,0.4 %,3.7,1.7,2,0,1,6,2,0,1,5,2,0,1,5,0.5,,1,6,0.4,,-0.8,11.4,-742,0,-0.7 %,0.0 %,-742,0,-0.7 %,0.0 %,-742,0,-0.7 %,0.0 %,33.3 %,100.0 %,33.3 %,100.0 %,33.3 %,100.0 %,133,208,-186,0,33.3 %,100.0 %
MUNI,20d RSI MUNI LT38 - L MUNI,2.6 %,2.0 %,1307,984,16.4 %,8.7 %,15.9 %,22.6 %,0.0 %,-0.2 %,4,7,0.3,0.6,100.0 %,100.0 %,,,327,140,0.7 %,0.3 %,1.8,2.1,0,0,4,7,0,0,4,6,0,0,3,5,,,4,7,,,2.1,6.4,0,0,0.0 %,0.0 %,0,0,0.0 %,0.0 %,0,0,0.0 %,0.0 %,100.0 %,100.0 %,100.0 %,100.0 %,100.0 %,100.0 %,327,140,0,0,100.0 %,100.0 %
NEAR,3d RSI NEAR LT14 - L NEAR,0.1 %,0.8 %,50,411,100.0 %,5.6 %,0.1 %,14.8 %,0.0 %,-0.0 %,1,5,0.1,0.4,100.0 %,100.0 %,,,50,82,0.1 %,0.2 %,2,1.8,0,0,1,5,0,0,1,5,0,0,1,5,,,1,5,,,0,6.2,0,0,0.0 %,0.0 %,0,0,0.0 %,0.0 %,0,0,0.0 %,0.0 %,100.0 %,100.0 %,100.0 %,100.0 %,100.0 %,100.0 %,50,82,0,0,100.0 %,100.0 %
NLR,6d RSI NLR LT22 - L NLR,6.3 %,7.6 %,3162,3787,13.2 %,8.3 %,47.9 %,90.9 %,-4.3 %,-5.0 %,6,6,0.5,0.5,66.7 %,66.7 %,1,2.7,527,620,1.1 %,1.2 %,3.3,2.5,2,1,4,3,2,1,4,3,2,1,3,3,2,2,4,4,2,5.4,0.7,1.7,-6153,-821,-6.2 %,-1.6 %,-6153,-821,-6.2 %,-1.6 %,-6153,-821,-6.2 %,-1.6 %,66.7 %,66.7 %,66.7 %,66.7 %,66.7 %,66.7 %,1560,1141,-1538,-421,60.0 %,66.7 %
NOBL,17d RSI NOBL LT36 - L NOBL,1.1 %,0.7 %,539,353,15.9 %,5.2 %,6.8 %,13.7 %,0.0 %,-3.8 %,2,2,0.2,0.2,50.0 %,50.0 %,2.3,1.5,270,186,0.5 %,0.4 %,4,3.5,1,1,1,1,1,1,1,1,1,1,1,1,1,1,1,1,2.3,1.5,0.5,0.3,-857,-827,-0.9 %,-1.6 %,-857,-827,-0.9 %,-1.6 %,-857,-827,-0.9 %,-1.6 %,50.0 %,50.0 %,50.0 %,50.0 %,50.0 %,50.0 %,968,1199,-429,-827,50.0 %,50.0 %
NUGT,3d RSI NUGT LT10 - L NUGT,15.3 %,17.1 %,7649,8543,100.0 %,9.5 %,15.3 %,179.4 %,0.0 %,-6.2 %,1,4,0.1,0.3,100.0 %,100.0 %,,,7649,2012,15.3 %,4.0 %,3,2.8,0,0,1,4,0,0,1,4,0,0,1,3,,,1,4,,,0,12.5,0,0,0.0 %,0.0 %,0,0,0.0 %,0.0 %,0,0,0.0 %,0.0 %,100.0 %,100.0 %,100.0 %,100.0 %,100.0 %,100.0 %,7649,2012,0,0,100.0 %,100.0 %
NULG,3d RSI NULG LT10 - L NULG,16.3 %,8.0 %,8174,4006,8.8 %,6.8 %,185.8 %,118.8 %,0.0 %,-1.8 %,5,5,0.4,0.4,80.0 %,100.0 %,7,,1635,777,3.3 %,1.6 %,2.8,2.4,1,0,4,5,1,0,4,5,1,0,4,4,4,,4,5,28.1,,2.1,7.4,-604,0,-0.6 %,0.0 %,-604,0,-0.6 %,0.0 %,-604,0,-0.6 %,0.0 %,80.0 %,100.0 %,80.0 %,100.0 %,80.0 %,100.0 %,2119,777,-302,0,80.0 %,100.0 %
NULV,17d RSI NULV LT40 - L NULV,1.8 %,1.6 %,911,815,26.0 %,8.7 %,7.0 %,18.7 %,-2.9 %,-3.4 %,5,3,0.4,0.2,80.0 %,66.7 %,0.4,1.1,182,277,0.4 %,0.6 %,2.8,5.3,1,1,2,2,1,1,2,2,0,1,3,2,4,2,4,2,1.6,2.3,0.4,0.6,-2921,-643,-2.9 %,-1.3 %,-1450,-643,-1.5 %,-1.3 %,0,-643,0.0 %,-1.3 %,80.0 %,66.7 %,80.0 %,66.7 %,75.0 %,66.7 %,593,737,-1460,-643,100.0 %,66.7 %
NUSC,4d RSI NUSC LT14 - L NUSC,3.2 %,4.5 %,1598,2241,14.2 %,6.8 %,22.5 %,66.4 %,0.0 %,-1.4 %,4,3,0.3,0.2,75.0 %,100.0 %,0.5,,399,738,0.8 %,1.5 %,6,4.7,1,0,3,3,1,0,3,3,1,0,3,3,3,,3,3,1.5,,0.4,3,-6725,0,-6.7 %,0.0 %,-6725,0,-6.7 %,0.0 %,-6725,0,-6.7 %,0.0 %,75.0 %,100.0 %,75.0 %,100.0 %,75.0 %,100.0 %,1653,738,-3362,0,75.0 %,100.0 %
NYF,19d RSI NYF LT38 - L NYF,0.2 %,2.8 %,104,1393,21.6 %,10.7 %,1.0 %,26.0 %,-0.9 %,-0.4 %,5,8,0.4,0.7,60.0 %,100.0 %,0.8,,21,172,0.0 %,0.3 %,2.2,2.4,2,0,2,8,2,0,2,7,1,0,1,5,1.5,,3,8,1.2,,0.2,3.8,-948,0,-0.9 %,0.0 %,-948,0,-0.9 %,0.0 %,-137,0,-0.1 %,0.0 %,60.0 %,100.0 %,60.0 %,100.0 %,60.0 %,100.0 %,193,172,-237,0,66.7 %,100.0 %
OEF,3d RSI OEF LT11 - L OEF,8.8 %,7.3 %,4407,3662,14.0 %,6.0 %,62.9 %,123.1 %,0.0 %,-1.1 %,6,4,0.5,0.3,83.3 %,100.0 %,0.5,,734,892,1.5 %,1.8 %,4,2.8,1,0,5,4,1,0,5,4,1,0,4,3,5,,5,4,2.5,,0.9,12.9,-5777,0,-5.8 %,0.0 %,-5777,0,-5.8 %,0.0 %,-5777,0,-5.8 %,0.0 %,83.3 %,100.0 %,83.3 %,100.0 %,83.3 %,100.0 %,1459,892,-2889,0,80.0 %,100.0 %
OIH,4d RSI OIH LT10 - L OIH,10.1 %,3.6 %,5064,1789,29.6 %,5.2 %,34.2 %,69.3 %,0.0 %,-2.4 %,2,3,0.2,0.2,100.0 %,100.0 %,,,2532,590,5.1 %,1.2 %,3,3.3,0,0,2,3,0,0,2,3,0,0,2,3,,,2,3,,,3.8,5.2,0,0,0.0 %,0.0 %,0,0,0.0 %,0.0 %,0,0,0.0 %,0.0 %,100.0 %,100.0 %,100.0 %,100.0 %,100.0 %,100.0 %,2532,590,0,0,100.0 %,100.0 %
OILK,9d RSI OILK LT29 - L OILK,4.2 %,9.3 %,2084,4660,9.7 %,7.1 %,42.9 %,130.5 %,-1.1 %,-3.5 %,5,5,0.4,0.4,60.0 %,100.0 %,3,,417,902,0.8 %,1.8 %,3,2.6,2,0,2,5,2,0,2,5,2,0,1,5,1.5,,3,5,4.6,,1.4,3.6,-1169,0,-1.2 %,0.0 %,-1169,0,-1.2 %,0.0 %,-1169,0,-1.2 %,0.0 %,60.0 %,100.0 %,60.0 %,100.0 %,60.0 %,100.0 %,889,902,-292,0,50.0 %,100.0 %
ONEQ,4d RSI ONEQ LT16 - L ONEQ,8.8 %,9.5 %,4393,4733,13.5 %,5.6 %,65.1 %,170.4 %,0.0 %,-2.1 %,5,4,0.4,0.3,80.0 %,100.0 %,0.5,,879,1144,1.8 %,2.3 %,4.8,2.5,1,0,4,4,1,0,4,4,1,0,4,4,4,,4,4,2.1,,0.7,16.1,-7880,0,-7.9 %,0.0 %,-7880,0,-7.9 %,0.0 %,-7880,0,-7.9 %,0.0 %,80.0 %,100.0 %,80.0 %,100.0 %,80.0 %,100.0 %,2083,1144,-3940,0,80.0 %,100.0 %
OUNZ,3d RSI OUNZ LT13 - L OUNZ,9.1 %,8.0 %,4561,3999,9.0 %,8.3 %,101.2 %,96.0 %,0.0 %,-0.8 %,4,7,0.3,0.6,100.0 %,100.0 %,,,1140,553,2.3 %,1.1 %,1.5,2,0,0,4,7,0,0,4,7,0,0,4,6,,,4,7,,,3.9,8.7,0,0,0.0 %,0.0 %,0,0,0.0 %,0.0 %,0,0,0.0 %,0.0 %,100.0 %,100.0 %,100.0 %,100.0 %,100.0 %,100.0 %,1140,553,0,0,100.0 %,100.0 %
PAVE,21d RSI PAVE LT42 - L PAVE,9.3 %,4.6 %,4630,2283,19.4 %,6.3 %,47.7 %,71.9 %,-4.1 %,-3.2 %,11,4,0.9,0.3,81.8 %,100.0 %,0.7,,421,562,0.8 %,1.1 %,3,2,2,0,7,4,2,0,6,4,1,0,2,3,4.5,,9,4,3.2,,1.6,4.6,-4128,0,-4.1 %,0.0 %,-4128,0,-4.1 %,0.0 %,-732,0,-0.7 %,0.0 %,81.8 %,100.0 %,81.8 %,100.0 %,80.0 %,100.0 %,744,562,-1032,0,75.0 %,100.0 %
PBD,21d RSI PBD LT38 - L PBD,0.9 %,18.2 %,472,9086,90.0 %,12.7 %,1.0 %,143.1 %,-4.2 %,-2.3 %,3,8,0.2,0.7,66.7 %,100.0 %,0.6,,157,1057,0.3 %,2.1 %,2,3,1,0,1,8,0,0,2,8,0,0,1,7,2,,2,8,1.2,,0.2,5.7,-4258,0,-4.3 %,0.0 %,0,0,0.0 %,0.0 %,0,0,0.0 %,0.0 %,66.7 %,100.0 %,66.7 %,100.0 %,100.0 %,100.0 %,1300,1057,-2129,0,100.0 %,100.0 %
PBUS,3d RSI PBUS LT11 - L PBUS,6.6 %,7.3 %,3297,3639,13.1 %,7.5 %,50.4 %,96.5 %,0.0 %,-1.4 %,5,6,0.4,0.5,80.0 %,100.0 %,0.6,,659,589,1.3 %,1.2 %,4.6,2.2,1,0,4,6,1,0,4,6,1,0,4,6,4,,4,6,2.2,,0.7,11.2,-5438,0,-5.4 %,0.0 %,-5438,0,-5.4 %,0.0 %,-5438,0,-5.4 %,0.0 %,80.0 %,100.0 %,80.0 %,100.0 %,80.0 %,100.0 %,1504,589,-2719,0,80.0 %,100.0 %
PBW,15d RSI PBW LT31 - L PBW,4.3 %,6.7 %,2153,3334,28.6 %,5.2 %,15.1 %,129.2 %,0.0 %,-4.9 %,2,3,0.2,0.2,100.0 %,100.0 %,,,1077,1090,2.2 %,2.2 %,3,3.3,0,0,2,3,0,0,2,3,0,0,2,3,,,2,3,,,1.5,3.7,0,0,0.0 %,0.0 %,0,0,0.0 %,0.0 %,0,0,0.0 %,0.0 %,100.0 %,100.0 %,100.0 %,100.0 %,100.0 %,100.0 %,1077,1090,0,0,100.0 %,100.0 %
PCEF,17d RSI PCEF LT44 - L PCEF,0.3 %,5.0 %,164,2512,17.9 %,9.5 %,1.8 %,52.8 %,-2.5 %,-1.6 %,7,7,0.6,0.6,57.1 %,85.7 %,0.8,1.2,23,353,0.0 %,0.7 %,3.7,2.4,1,1,2,6,1,1,2,4,1,1,1,3,1.3,6,4,6,1.1,7.3,0.1,2.6,-2460,-391,-2.5 %,-0.8 %,-2460,-31,-2.5 %,-0.1 %,-162,-31,-0.2 %,-0.1 %,57.1 %,85.7 %,57.1 %,85.7 %,50.0 %,80.0 %,448,477,-542,-391,33.3 %,75.0 %
PCY,5d RSI PCY LT16 - L PCY,0.8 %,1.8 %,406,919,100.0 %,5.6 %,0.8 %,33.1 %,0.0 %,-0.8 %,1,4,0.1,0.3,100.0 %,100.0 %,,,406,228,0.8 %,0.5 %,3,2.5,0,0,1,4,0,0,1,4,0,0,1,4,,,1,4,,,0,6.8,0,0,0.0 %,0.0 %,0,0,0.0 %,0.0 %,0,0,0.0 %,0.0 %,100.0 %,100.0 %,100.0 %,100.0 %,100.0 %,100.0 %,406,228,0,0,100.0 %,100.0 %
PDBC,18d RSI PDBC LT34 - L PDBC,0.2 %,3.1 %,82,1575,100.0 %,5.2 %,0.2 %,61.0 %,0.0 %,-2.6 %,1,3,0.1,0.2,100.0 %,66.7 %,,19.6,82,523,0.2 %,1.1 %,3,3.3,0,1,1,1,0,1,1,1,0,1,1,1,,2,1,2,,39.2,0,1.5,0,-41,0.0 %,-0.1 %,0,-41,0.0 %,-0.1 %,0,-41,0.0 %,-0.1 %,100.0 %,66.7 %,100.0 %,66.7 %,100.0 %,66.7 %,82,805,0,-41,100.0 %,66.7 %
PEY,16d RSI PEY LT39 - L PEY,7.9 %,8.1 %,3942,4038,15.2 %,7.1 %,51.8 %,113.1 %,-3.1 %,-1.1 %,8,6,0.7,0.5,75.0 %,100.0 %,1,,493,652,1.0 %,1.3 %,3.1,2,1,0,4,6,1,0,4,6,0,0,5,5,3,,6,6,3.1,,1.5,5.2,-3231,0,-3.2 %,0.0 %,-3231,0,-3.2 %,0.0 %,0,0,0.0 %,0.0 %,75.0 %,100.0 %,75.0 %,100.0 %,75.0 %,100.0 %,977,652,-959,0,100.0 %,100.0 %
PFF,16d RSI PFF LT34 - L PFF,0.9 %,0.4 %,466,207,6.2 %,5.2 %,15.1 %,8.0 %,-0.5 %,-1.1 %,4,3,0.3,0.2,75.0 %,66.7 %,0.9,1.4,117,69,0.2 %,0.1 %,2.5,3.3,1,1,2,2,1,1,2,2,1,1,1,1,3,2,3,2,2.8,2.7,1,0.7,-527,-119,-0.5 %,-0.2 %,-527,-119,-0.5 %,-0.2 %,-58,-85,-0.1 %,-0.2 %,75.0 %,66.7 %,75.0 %,66.7 %,75.0 %,66.7 %,243,163,-264,-119,66.7 %,50.0 %
PFFD,5d RSI PFFD LT15 - L PFFD,-1.6 %,4.0 %,-785,1989,11.2 %,6.0 %,-14.0 %,66.8 %,-2.4 %,-1.0 %,3,4,0.2,0.3,66.7 %,100.0 %,0.2,,-262,491,-0.5 %,1.0 %,6,2.8,1,0,1,4,1,0,1,4,1,0,1,3,2,,2,4,0.3,,-0.7,2.6,-2394,0,-2.4 %,0.0 %,-2394,0,-2.4 %,0.0 %,-2394,0,-2.4 %,0.0 %,66.7 %,100.0 %,66.7 %,100.0 %,66.7 %,100.0 %,206,491,-1197,0,66.7 %,100.0 %
PFXF,18d RSI PFXF LT39 - L PFXF,1.3 %,0.6 %,646,280,14.1 %,5.6 %,9.2 %,10.1 %,-3.4 %,-2.4 %,8,3,0.7,0.2,62.5 %,66.7 %,0.8,0.8,81,95,0.2 %,0.2 %,3,2.7,1,1,3,2,1,1,2,2,1,0,3,2,1.7,2,5,2,1.3,1.5,0.3,0.3,-3455,-568,-3.5 %,-1.1 %,-3455,-568,-3.5 %,-1.1 %,-59,0,-0.1 %,0.0 %,62.5 %,66.7 %,62.5 %,66.7 %,66.7 %,66.7 %,512,427,-638,-568,75.0 %,100.0 %
PGF,18d RSI PGF LT34 - L PGF,0.6 %,1.7 %,299,851,8.9 %,5.2 %,6.7 %,33.0 %,0.0 %,-1.4 %,3,3,0.2,0.2,66.7 %,66.7 %,,4.3,100,283,0.2 %,0.6 %,4,3.3,1,1,2,2,1,1,2,2,0,0,2,2,2,2,2,2,,8.6,2.4,1.6,0,-111,0.0 %,-0.2 %,0,-111,0.0 %,-0.2 %,0,0,0.0 %,0.0 %,66.7 %,66.7 %,66.7 %,66.7 %,66.7 %,66.7 %,149,480,0,-111,100.0 %,100.0 %
PGX,17d RSI PGX LT33 - L PGX,2.3 %,1.8 %,1149,880,11.2 %,5.2 %,20.4 %,34.1 %,0.0 %,-1.6 %,4,4,0.3,0.3,50.0 %,100.0 %,4.4,,287,219,0.6 %,0.4 %,3.5,2.2,2,0,2,4,2,0,2,3,0,0,2,2,1,,2,4,4.4,,1.2,3.9,-667,0,-0.7 %,0.0 %,-667,0,-0.7 %,0.0 %,0,0,0.0 %,0.0 %,50.0 %,100.0 %,50.0 %,100.0 %,50.0 %,100.0 %,741,219,-167,0,100.0 %,100.0 %
PHYS,3d RSI PHYS LT13 - L PHYS,9.0 %,7.5 %,4477,3745,9.0 %,8.7 %,99.4 %,85.8 %,0.0 %,-1.4 %,4,7,0.3,0.6,100.0 %,100.0 %,,,1119,519,2.2 %,1.0 %,1.5,2.1,0,0,4,7,0,0,4,7,0,0,4,6,,,4,7,,,4.5,6.9,0,0,0.0 %,0.0 %,0,0,0.0 %,0.0 %,0,0,0.0 %,0.0 %,100.0 %,100.0 %,100.0 %,100.0 %,100.0 %,100.0 %,1119,519,0,0,100.0 %,100.0 %
PICB,15d RSI PICB LT33 - L PICB,-0.2 %,3.1 %,-100,1569,87.5 %,6.3 %,-0.2 %,49.4 %,-1.0 %,-0.4 %,2,5,0.2,0.4,50.0 %,100.0 %,0.8,,-50,310,-0.1 %,0.6 %,2,2.2,1,0,1,5,1,0,1,5,1,0,0,3,1,,1,5,0.8,,-0.2,7.1,-1023,0,-1.0 %,0.0 %,-1023,0,-1.0 %,0.0 %,-200,0,-0.2 %,0.0 %,50.0 %,100.0 %,50.0 %,100.0 %,50.0 %,100.0 %,412,310,-512,0,0.0 %,100.0 %
PICK,16d RSI PICK LT31 - L PICK,5.7 %,5.7 %,2868,2844,100.0 %,6.3 %,5.7 %,89.6 %,0.0 %,-1.1 %,1,3,0.1,0.2,100.0 %,100.0 %,,,2868,931,5.7 %,1.9 %,3,3.7,0,0,1,3,0,0,1,3,0,0,1,3,,,1,3,,,0,5.1,0,0,0.0 %,0.0 %,0,0,0.0 %,0.0 %,0,0,0.0 %,0.0 %,100.0 %,100.0 %,100.0 %,100.0 %,100.0 %,100.0 %,2868,931,0,0,100.0 %,100.0 %
PILL,5d RSI PILL LT14 - L PILL,9.5 %,2.2 %,4770,1116,100.0 %,5.2 %,9.5 %,43.3 %,0.0 %,-8.4 %,1,3,0.1,0.2,100.0 %,66.7 %,,0.9,4770,387,9.5 %,0.8 %,4,3.3,0,1,1,1,0,1,1,1,0,1,1,1,,2,1,2,,1.8,0,0.5,0,-1420,0.0 %,-2.8 %,0,-1420,0.0 %,-2.8 %,0,-1420,0.0 %,-2.8 %,100.0 %,66.7 %,100.0 %,66.7 %,100.0 %,66.7 %,4770,1290,0,-1420,100.0 %,66.7 %
PPA,16d RSI PPA LT45 - L PPA,7.7 %,11.0 %,3871,5495,19.7 %,9.5 %,39.2 %,115.4 %,-1.8 %,-0.9 %,12,8,1,0.7,83.3 %,100.0 %,0.6,,323,657,0.6 %,1.3 %,2.8,1.8,1,0,6,8,1,0,4,7,1,0,4,6,5,,10,8,3.2,,2,7.2,-1914,0,-1.9 %,0.0 %,-1365,0,-1.4 %,0.0 %,-335,0,-0.3 %,0.0 %,83.3 %,100.0 %,83.3 %,100.0 %,77.8 %,100.0 %,561,657,-867,0,83.3 %,100.0 %
PPH,6d RSI PPH LT12 - L PPH,-0.7 %,4.2 %,-363,2096,100.0 %,5.2 %,-0.7 %,81.2 %,0.0 %,-0.6 %,1,3,0.1,0.2,0.0 %,100.0 %,0,,-363,690,-0.7 %,1.4 %,6,3.3,1,0,0,3,1,0,0,3,1,0,0,3,0,,0,3,0,,0,5.1,-725,0,-0.7 %,0.0 %,-725,0,-0.7 %,0.0 %,-725,0,-0.7 %,0.0 %,0.0 %,100.0 %,0.0 %,100.0 %,0.0 %,100.0 %,0,690,-363,0,0.0 %,100.0 %
PPLT,20d RSI PPLT LT40 - L PPLT,1.4 %,12.6 %,697,6279,100.0 %,7.1 %,1.4 %,175.8 %,0.0 %,-1.0 %,1,5,0.1,0.4,100.0 %,100.0 %,,,697,1198,1.4 %,2.4 %,3,2.2,0,0,1,5,0,0,1,5,0,0,1,5,,,1,5,,,0,9.2,0,0,0.0 %,0.0 %,0,0,0.0 %,0.0 %,0,0,0.0 %,0.0 %,100.0 %,100.0 %,100.0 %,100.0 %,100.0 %,100.0 %,697,1198,0,0,100.0 %,100.0 %
PREF,21d RSI PREF LT50 - L PREF,0.4 %,1.8 %,196,890,10.9 %,7.1 %,3.6 %,24.9 %,-1.3 %,-0.3 %,5,4,0.4,0.3,80.0 %,100.0 %,0.3,,39,221,0.1 %,0.4 %,3.8,3.5,1,0,3,4,1,0,2,4,1,0,1,4,4,,4,4,1.3,,0.2,8.3,-1354,0,-1.4 %,0.0 %,-1126,0,-1.1 %,0.0 %,-386,0,-0.4 %,0.0 %,80.0 %,100.0 %,80.0 %,100.0 %,75.0 %,100.0 %,218,221,-677,0,66.7 %,100.0 %
PRF,12d RSI PRF LT31 - L PRF,6.1 %,6.1 %,3028,3057,36.4 %,5.6 %,16.7 %,110.1 %,0.0 %,-0.7 %,2,3,0.2,0.2,100.0 %,100.0 %,,,1514,999,3.0 %,2.0 %,3,3.7,0,0,2,3,0,0,2,3,0,0,2,3,,,2,3,,,1.9,9.8,0,0,0.0 %,0.0 %,0,0,0.0 %,0.0 %,0,0,0.0 %,0.0 %,100.0 %,100.0 %,100.0 %,100.0 %,100.0 %,100.0 %,1514,999,0,0,100.0 %,100.0 %
PSC,9d RSI PSC LT30 - L PSC,3.8 %,3.4 %,1889,1689,11.2 %,5.2 %,33.7 %,65.5 %,0.0 %,-1.0 %,3,3,0.2,0.2,66.7 %,100.0 %,0.8,,630,557,1.3 %,1.1 %,6.3,2.7,1,0,2,3,1,0,2,3,1,0,2,3,2,,2,3,1.7,,0.4,8.7,-5625,0,-5.6 %,0.0 %,-5625,0,-5.6 %,0.0 %,-5625,0,-5.6 %,0.0 %,66.7 %,100.0 %,66.7 %,100.0 %,66.7 %,100.0 %,2351,557,-2813,0,66.7 %,100.0 %
PSI,4d RSI PSI LT17 - L PSI,19.6 %,28.9 %,9802,14434,6.8 %,6.8 %,287.9 %,427.9 %,0.0 %,-1.2 %,5,6,0.4,0.5,100.0 %,100.0 %,,,1960,2164,3.9 %,4.3 %,2.2,1.8,0,0,5,6,0,0,5,6,0,0,4,5,,,5,6,,,2.7,7.1,0,0,0.0 %,0.0 %,0,0,0.0 %,0.0 %,0,0,0.0 %,0.0 %,100.0 %,100.0 %,100.0 %,100.0 %,100.0 %,100.0 %,1960,2164,0,0,100.0 %,100.0 %
PSK,20d RSI PSK LT36 - L PSK,1.6 %,1.0 %,790,486,8.4 %,5.6 %,18.8 %,17.5 %,-0.2 %,-1.3 %,5,3,0.4,0.2,80.0 %,66.7 %,1.9,1.6,158,163,0.3 %,0.3 %,2.8,3.7,1,1,2,2,0,1,4,2,0,1,3,1,4,2,4,2,7.6,3.1,1.9,0.8,-238,-228,-0.2 %,-0.5 %,0,-228,0.0 %,-0.5 %,0,-147,0.0 %,-0.3 %,80.0 %,66.7 %,80.0 %,66.7 %,100.0 %,66.7 %,227,358,-119,-228,100.0 %,50.0 %
PSLV,18d RSI PSLV LT38 - L PSLV,2.0 %,4.2 %,982,2111,100.0 %,5.6 %,2.0 %,76.0 %,0.0 %,-3.3 %,1,3,0.1,0.2,100.0 %,66.7 %,,8.5,982,698,2.0 %,1.4 %,3,3,0,1,1,2,0,1,1,2,0,1,1,2,,2,1,2,,16.9,0,1.9,0,-131,0.0 %,-0.3 %,0,-131,0.0 %,-0.3 %,0,-131,0.0 %,-0.3 %,100.0 %,66.7 %,100.0 %,66.7 %,100.0 %,66.7 %,982,1113,0,-131,100.0 %,66.7 %
PTLC,6d RSI PTLC LT20 - L PTLC,-3.3 %,7.2 %,-1648,3592,45.3 %,5.2 %,-7.3 %,139.2 %,-0.9 %,-1.1 %,3,3,0.2,0.2,33.3 %,100.0 %,0.6,,-549,1171,-1.1 %,2.3 %,8,3.3,2,0,1,3,2,0,1,3,2,0,1,3,0.5,,1,3,0.3,,-0.9,4.8,-4694,0,-4.7 %,0.0 %,-4694,0,-4.7 %,0.0 %,-4694,0,-4.7 %,0.0 %,33.3 %,100.0 %,33.3 %,100.0 %,33.3 %,100.0 %,698,1171,-1173,0,33.3 %,100.0 %
PWZ,9d RSI PWZ LT29 - L PWZ,-2.1 %,1.7 %,-1066,847,17.9 %,5.6 %,-11.9 %,30.5 %,-3.1 %,-0.5 %,4,4,0.3,0.3,50.0 %,100.0 %,0.3,,-266,211,-0.5 %,0.4 %,5.2,2.5,2,0,1,4,2,0,1,4,2,0,1,3,1,,2,4,0.3,,-0.8,4.1,-3132,0,-3.1 %,0.0 %,-2952,0,-3.0 %,0.0 %,-2952,0,-3.0 %,0.0 %,50.0 %,100.0 %,50.0 %,100.0 %,33.3 %,100.0 %,250,211,-783,0,33.3 %,100.0 %
PXF,20d RSI PXF LT42 - L PXF,6.9 %,11.5 %,3428,5765,13.6 %,14.7 %,50.3 %,78.5 %,0.0 %,-1.1 %,3,8,0.2,0.7,100.0 %,100.0 %,,,1143,691,2.3 %,1.4 %,2,3.2,0,0,3,8,0,0,2,7,0,0,2,5,,,3,8,,,2.9,2.9,0,0,0.0 %,0.0 %,0,0,0.0 %,0.0 %,0,0,0.0 %,0.0 %,100.0 %,100.0 %,100.0 %,100.0 %,100.0 %,100.0 %,1143,691,0,0,100.0 %,100.0 %
PXH,9d RSI PXH LT33 - L PXH,0.9 %,4.5 %,461,2259,7.3 %,6.0 %,12.6 %,75.9 %,-5.6 %,-0.7 %,5,5,0.4,0.4,80.0 %,100.0 %,0.3,,92,445,0.2 %,0.9 %,2.6,2,1,0,3,5,1,0,3,5,1,0,3,5,4,,4,5,1.2,,0.1,3.4,-5650,0,-5.7 %,0.0 %,-5650,0,-5.7 %,0.0 %,-5650,0,-5.7 %,0.0 %,80.0 %,100.0 %,80.0 %,100.0 %,80.0 %,100.0 %,822,445,-2825,0,80.0 %,100.0 %
PZA,21d RSI PZA LT40 - L PZA,1.6 %,4.2 %,796,2087,25.2 %,7.1 %,6.3 %,58.4 %,-0.6 %,-0.2 %,9,7,0.8,0.6,77.8 %,100.0 %,0.8,,88,293,0.2 %,0.6 %,2.9,1.6,1,0,4,7,1,0,4,6,1,0,3,5,3.5,,7,7,2.8,,1.2,8.1,-628,0,-0.6 %,0.0 %,-628,0,-0.6 %,0.0 %,-583,0,-0.6 %,0.0 %,77.8 %,100.0 %,77.8 %,100.0 %,77.8 %,100.0 %,179,293,-227,0,80.0 %,100.0 %
QAI,3d RSI QAI LT13 - L QAI,3.2 %,2.4 %,1606,1198,11.3 %,9.1 %,28.5 %,26.2 %,0.0 %,-0.8 %,5,4,0.4,0.3,80.0 %,100.0 %,2.5,,321,297,0.6 %,0.6 %,3.4,2.5,1,0,4,4,1,0,4,4,1,0,3,4,4,,4,4,10.1,,1.8,6.5,-351,0,-0.4 %,0.0 %,-351,0,-0.4 %,0.0 %,-351,0,-0.4 %,0.0 %,80.0 %,100.0 %,80.0 %,100.0 %,80.0 %,100.0 %,445,297,-176,0,75.0 %,100.0 %
QCLN,16d RSI QCLN LT35 - L QCLN,2.7 %,9.5 %,1372,4733,60.0 %,5.2 %,4.6 %,183.5 %,-0.2 %,-2.9 %,4,3,0.3,0.2,50.0 %,100.0 %,2.3,,343,1536,0.7 %,3.1 %,3.5,3.3,1,0,2,3,1,0,2,3,1,0,1,3,1,,2,3,2.3,,0.8,3.3,-1874,0,-1.9 %,0.0 %,-182,0,-0.2 %,0.0 %,-182,0,-0.2 %,0.0 %,50.0 %,100.0 %,50.0 %,100.0 %,66.7 %,100.0 %,1200,1536,-514,0,50.0 %,100.0 %
QID,18d RSI QID LT30 - L QID,2.1 %,6.4 %,1033,3219,100.0 %,6.3 %,2.1 %,101.4 %,0.0 %,-4.5 %,1,4,0.1,0.3,100.0 %,75.0 %,,1.6,1033,802,2.1 %,1.6 %,2,3,0,1,1,2,0,1,1,2,0,1,1,1,,3,1,3,,4.7,0,1.3,0,-876,0.0 %,-1.8 %,0,-876,0.0 %,-1.8 %,0,-876,0.0 %,-1.8 %,100.0 %,75.0 %,100.0 %,75.0 %,100.0 %,75.0 %,1033,1361,0,-876,100.0 %,66.7 %
QLD,4d RSI QLD LT15 - L QLD,17.9 %,24.1 %,8951,12028,13.1 %,6.3 %,136.8 %,378.9 %,0.0 %,-4.2 %,5,5,0.4,0.4,80.0 %,100.0 %,0.6,,1790,2204,3.6 %,4.4 %,4.6,2.2,1,0,4,5,1,0,4,5,1,0,4,4,4,,4,5,2.3,,0.8,11.7,-13410,0,-13.4 %,0.0 %,-13410,0,-13.4 %,0.0 %,-13410,0,-13.4 %,0.0 %,80.0 %,100.0 %,80.0 %,100.0 %,80.0 %,100.0 %,3914,2204,-6705,0,80.0 %,100.0 %
QLTA,7d RSI QLTA LT24 - L QLTA,2.3 %,0.9 %,1145,477,3.8 %,5.2 %,61.0 %,18.5 %,0.0 %,-0.5 %,3,4,0.2,0.3,100.0 %,50.0 %,,7.1,382,119,0.8 %,0.2 %,1.7,2.2,0,1,3,1,0,1,3,1,0,1,3,1,,1,3,2,,7.1,2.7,1.2,0,-44,0.0 %,-0.1 %,0,-44,0.0 %,-0.1 %,0,-44,0.0 %,-0.1 %,100.0 %,50.0 %,100.0 %,50.0 %,100.0 %,50.0 %,382,277,0,-39,100.0 %,50.0 %
QQQ,4d RSI QQQ LT15 - L QQQ,8.3 %,11.7 %,4155,5857,10.7 %,6.3 %,77.3 %,184.5 %,0.0 %,-2.1 %,4,5,0.3,0.4,75.0 %,100.0 %,0.8,,1039,1121,2.1 %,2.2 %,4.8,2.2,1,0,3,5,1,0,3,5,1,0,3,4,3,,3,5,2.3,,0.7,11.5,-6557,0,-6.6 %,0.0 %,-6557,0,-6.6 %,0.0 %,-6557,0,-6.6 %,0.0 %,75.0 %,100.0 %,75.0 %,100.0 %,75.0 %,100.0 %,2478,1121,-3279,0,75.0 %,100.0 %
QQQE,7d RSI QQQE LT22 - L QQQE,8.6 %,7.0 %,4287,3478,10.9 %,5.2 %,78.8 %,134.8 %,0.0 %,-1.2 %,4,3,0.3,0.2,75.0 %,100.0 %,1,,1072,1134,2.1 %,2.3 %,4.2,3.3,1,0,3,3,1,0,3,3,1,0,3,3,3,,3,3,3.1,,1,6.2,-4067,0,-4.1 %,0.0 %,-4067,0,-4.1 %,0.0 %,-4067,0,-4.1 %,0.0 %,75.0 %,100.0 %,75.0 %,100.0 %,75.0 %,100.0 %,2107,1134,-2033,0,75.0 %,100.0 %
QQXT,3d RSI QQXT LT10 - L QQXT,10.9 %,5.5 %,5448,2755,9.8 %,8.3 %,111.7 %,66.1 %,0.0 %,-1.1 %,6,6,0.5,0.5,100.0 %,100.0 %,,,908,449,1.8 %,0.9 %,1.7,2.5,0,0,6,6,0,0,6,6,0,0,6,5,,,6,6,,,2.8,5.9,0,0,0.0 %,0.0 %,0,0,0.0 %,0.0 %,0,0,0.0 %,0.0 %,100.0 %,100.0 %,100.0 %,100.0 %,100.0 %,100.0 %,908,449,0,0,100.0 %,100.0 %
QTEC,3d RSI QTEC LT11 - L QTEC,7.7 %,14.1 %,3853,7046,14.0 %,7.5 %,55.2 %,186.9 %,-1.0 %,-1.4 %,5,6,0.4,0.5,60.0 %,100.0 %,1.2,,771,1112,1.5 %,2.2 %,5,2.2,1,0,2,6,1,0,2,6,1,0,2,6,1.5,,3,6,1.8,,0.5,8.4,-8697,0,-8.7 %,0.0 %,-8697,0,-8.7 %,0.0 %,-8697,0,-8.7 %,0.0 %,60.0 %,100.0 %,60.0 %,100.0 %,60.0 %,100.0 %,2910,1112,-2438,0,60.0 %,100.0 %
QUAL,3d RSI QUAL LT12 - L QUAL,7.1 %,12.0 %,3562,6018,18.6 %,11.5 %,38.4 %,104.6 %,0.0 %,-1.6 %,6,7,0.5,0.6,83.3 %,100.0 %,0.5,,594,819,1.2 %,1.6 %,5,3.1,1,0,5,7,1,0,5,7,1,0,4,5,5,,5,7,2.3,,0.8,7.2,-5598,0,-5.6 %,0.0 %,-5598,0,-5.6 %,0.0 %,-5598,0,-5.6 %,0.0 %,83.3 %,100.0 %,83.3 %,100.0 %,83.3 %,100.0 %,1272,819,-2799,0,80.0 %,100.0 %
QYLD,7d RSI QYLD LT22 - L QYLD,5.1 %,7.2 %,2549,3617,53.3 %,5.2 %,9.6 %,140.2 %,0.0 %,-1.7 %,2,3,0.2,0.2,50.0 %,100.0 %,2.3,,1275,1179,2.5 %,2.4 %,7,3.3,1,0,1,3,1,0,1,3,1,0,1,3,1,,1,3,2.3,,0.6,5,-3871,0,-3.9 %,0.0 %,-3871,0,-3.9 %,0.0 %,-3871,0,-3.9 %,0.0 %,50.0 %,100.0 %,50.0 %,100.0 %,50.0 %,100.0 %,4485,1179,-1935,0,50.0 %,100.0 %
RDVY,11d RSI RDVY LT32 - L RDVY,4.2 %,6.6 %,2091,3283,9.9 %,5.6 %,42.1 %,118.2 %,0.0 %,-0.9 %,4,3,0.3,0.2,100.0 %,100.0 %,,,523,1072,1.0 %,2.1 %,3,3.7,0,0,4,3,0,0,4,3,0,0,3,3,,,4,3,,,2.5,6.1,0,0,0.0 %,0.0 %,0,0,0.0 %,0.0 %,0,0,0.0 %,0.0 %,100.0 %,100.0 %,100.0 %,100.0 %,100.0 %,100.0 %,523,1072,0,0,100.0 %,100.0 %
REET,13d RSI REET LT34 - L REET,2.6 %,0.5 %,1313,257,10.9 %,6.3 %,24.0 %,8.1 %,0.0 %,-5.0 %,2,4,0.2,0.3,100.0 %,75.0 %,,0.4,657,70,1.3 %,0.1 %,2.5,3,0,1,2,2,0,1,2,2,0,1,2,2,,3,2,3,,1.3,11.1,0.2,0,-1079,0.0 %,-2.2 %,0,-1079,0.0 %,-2.2 %,0,-751,0.0 %,-1.5 %,100.0 %,75.0 %,100.0 %,75.0 %,100.0 %,75.0 %,657,453,0,-1079,100.0 %,66.7 %
REM,9d RSI REM LT31 - L REM,-10.3 %,16.5 %,-5129,8246,13.0 %,10.3 %,-79.0 %,159.8 %,0.0 %,-1.4 %,2,8,0.2,0.7,50.0 %,100.0 %,0.1,,-2565,966,-5.1 %,1.9 %,7.5,2.2,1,0,1,8,1,0,1,8,1,0,1,6,1,,1,8,0.1,,-1.3,5,-10880,0,-10.9 %,0.0 %,-10880,0,-10.9 %,0.0 %,-10880,0,-10.9 %,0.0 %,50.0 %,100.0 %,50.0 %,100.0 %,50.0 %,100.0 %,311,966,-5440,0,50.0 %,100.0 %
REMX,17d RSI REMX LT27 - L REMX,6.0 %,5.7 %,2995,2841,100.0 %,6.0 %,6.0 %,95.5 %,0.0 %,-4.2 %,1,4,0.1,0.3,100.0 %,75.0 %,,3,2995,703,6.0 %,1.4 %,3,2.8,0,1,1,2,0,1,1,2,0,1,1,2,,3,1,3,,8.9,0,1.6,0,-354,0.0 %,-0.7 %,0,-354,0.0 %,-0.7 %,0,-354,0.0 %,-0.7 %,100.0 %,75.0 %,100.0 %,75.0 %,100.0 %,75.0 %,2995,1056,0,-354,100.0 %,75.0 %
RETL,18d RSI RETL LT41 - L RETL,26.1 %,19.7 %,13031,9862,30.2 %,9.5 %,86.2 %,207.1 %,-29.9 %,-7.1 %,13,5,1.1,0.4,69.2 %,80.0 %,0.8,2.6,1002,1866,2.0 %,3.7 %,4.2,3.8,1,1,5,4,1,1,4,4,1,1,3,4,2.2,4,9,4,1.7,10.2,0.7,2.3,-31513,-1012,-31.5 %,-2.0 %,-26261,-1012,-26.3 %,-2.0 %,-15735,-1012,-15.7 %,-2.0 %,69.2 %,80.0 %,69.2 %,80.0 %,63.6 %,80.0 %,3551,2585,-4733,-1012,80.0 %,80.0 %
RING,3d RSI RING LT10 - L RING,8.4 %,11.9 %,4213,5973,100.0 %,6.8 %,8.4 %,177.1 %,0.0 %,-2.1 %,1,5,0.1,0.4,100.0 %,100.0 %,,,4213,1144,8.4 %,2.3 %,3,2.4,0,0,1,5,0,0,1,5,0,0,1,4,,,1,5,,,0,5,0,0,0.0 %,0.0 %,0,0,0.0 %,0.0 %,0,0,0.0 %,0.0 %,100.0 %,100.0 %,100.0 %,100.0 %,100.0 %,100.0 %,4213,1144,0,0,100.0 %,100.0 %
RLY,17d RSI RLY LT38 - L RLY,2.1 %,1.3 %,1073,657,100.0 %,8.3 %,2.1 %,15.8 %,0.0 %,-3.7 %,1,6,0.1,0.5,100.0 %,83.3 %,,0.4,1073,111,2.1 %,0.2 %,3,2.5,0,1,1,4,0,1,1,3,0,1,1,2,,5,1,5,,1.8,0,0.6,0,-889,0.0 %,-1.8 %,0,-889,0.0 %,-1.8 %,0,-735,0.0 %,-1.5 %,100.0 %,83.3 %,100.0 %,83.3 %,100.0 %,80.0 %,1073,311,0,-889,100.0 %,66.7 %
ROBO,3d RSI ROBO LT13 - L ROBO,-2.1 %,13.8 %,-1072,6880,12.1 %,12.3 %,-17.7 %,111.9 %,-1.3 %,-2.4 %,5,8,0.4,0.7,20.0 %,100.0 %,1.9,,-214,813,-0.4 %,1.6 %,4.2,2.9,4,0,1,8,4,0,1,8,3,0,1,7,0.2,,1,8,0.5,,-0.6,7.1,-4126,0,-4.1 %,0.0 %,-4126,0,-4.1 %,0.0 %,-4126,0,-4.1 %,0.0 %,20.0 %,100.0 %,20.0 %,100.0 %,20.0 %,100.0 %,991,813,-516,0,25.0 %,100.0 %
RPG,4d RSI RPG LT14 - L RPG,14.8 %,11.8 %,7385,5917,8.7 %,5.2 %,170.3 %,229.4 %,0.0 %,-1.8 %,4,4,0.3,0.3,100.0 %,100.0 %,,,1846,1419,3.7 %,2.8 %,3.2,2.2,0,0,4,4,0,0,4,4,0,0,4,4,,,4,4,,,1.6,7.4,0,0,0.0 %,0.0 %,0,0,0.0 %,0.0 %,0,0,0.0 %,0.0 %,100.0 %,100.0 %,100.0 %,100.0 %,100.0 %,100.0 %,1846,1419,0,0,100.0 %,100.0 %
RPV,17d RSI RPV LT38 - L RPV,3.6 %,8.3 %,1820,4128,100.0 %,6.3 %,3.6 %,130.0 %,0.0 %,-0.6 %,1,5,0.1,0.4,100.0 %,100.0 %,,,1820,800,3.6 %,1.6 %,3,2.2,0,0,1,5,0,0,1,5,0,0,1,5,,,1,5,,,0,5.9,0,0,0.0 %,0.0 %,0,0,0.0 %,0.0 %,0,0,0.0 %,0.0 %,100.0 %,100.0 %,100.0 %,100.0 %,100.0 %,100.0 %,1820,800,0,0,100.0 %,100.0 %
RSP,16d RSI RSP LT38 - L RSP,4.5 %,2.1 %,2255,1055,9.2 %,5.2 %,49.0 %,40.9 %,-1.7 %,-1.1 %,5,3,0.4,0.2,60.0 %,100.0 %,2.4,,451,350,0.9 %,0.7 %,3.2,2.7,2,0,2,3,2,0,2,3,2,0,1,2,1.5,,3,3,3.6,,1.2,3.7,-1710,0,-1.7 %,0.0 %,-1710,0,-1.7 %,0.0 %,-964,0,-1.0 %,0.0 %,60.0 %,100.0 %,60.0 %,100.0 %,60.0 %,100.0 %,1037,350,-427,0,50.0 %,100.0 %
RSPG,17d RSI RSPG LT37 - L RSPG,14.0 %,1.2 %,6983,583,38.7 %,7.9 %,36.1 %,14.7 %,0.0 %,-5.1 %,3,5,0.2,0.4,100.0 %,80.0 %,,0.4,2328,123,4.7 %,0.2 %,3,3,0,1,3,3,0,1,3,3,0,1,2,3,,4,3,4,,1.4,3.9,0.3,0,-1502,0.0 %,-3.0 %,0,-1502,0.0 %,-3.0 %,0,-566,0.0 %,-1.1 %,100.0 %,80.0 %,100.0 %,80.0 %,100.0 %,80.0 %,2328,530,0,-1502,100.0 %,75.0 %
RSPN,19d RSI RSPN LT41 - L RSPN,4.8 %,3.3 %,2387,1653,15.9 %,5.6 %,30.1 %,59.5 %,-1.4 %,-2.7 %,7,3,0.6,0.2,71.4 %,100.0 %,1.2,,341,545,0.7 %,1.1 %,4.1,2.3,1,0,3,3,1,0,3,3,1,0,2,3,2.5,,5,3,3.1,,1.3,4.4,-1446,0,-1.4 %,0.0 %,-1446,0,-1.4 %,0.0 %,-986,0,-1.0 %,0.0 %,71.4 %,100.0 %,71.4 %,100.0 %,83.3 %,100.0 %,704,545,-567,0,75.0 %,100.0 %
RSPS,16d RSI RSPS LT35 - L RSPS,6.2 %,6.2 %,3110,3122,11.8 %,7.9 %,52.6 %,78.7 %,0.0 %,-1.2 %,5,5,0.4,0.4,80.0 %,100.0 %,2.4,,622,610,1.2 %,1.2 %,4,2.6,1,0,4,5,1,0,4,5,1,0,3,4,4,,4,5,9.5,,1.5,5.5,-734,0,-0.7 %,0.0 %,-734,0,-0.7 %,0.0 %,-734,0,-0.7 %,0.0 %,80.0 %,100.0 %,80.0 %,100.0 %,80.0 %,100.0 %,869,610,-367,0,75.0 %,100.0 %
RSPT,3d RSI RSPT LT12 - L RSPT,6.3 %,8.2 %,3162,4122,12.6 %,8.7 %,50.1 %,94.4 %,-2.1 %,-2.1 %,6,6,0.5,0.5,66.7 %,100.0 %,1.6,,527,665,1.1 %,1.3 %,3.5,2.7,1,0,2,6,1,0,2,6,1,0,2,6,2,,4,6,3.1,,1.3,5.9,-2150,0,-2.1 %,0.0 %,-2150,0,-2.1 %,0.0 %,-2150,0,-2.1 %,0.0 %,66.7 %,100.0 %,66.7 %,100.0 %,66.7 %,100.0 %,1165,665,-749,0,66.7 %,100.0 %
RWM,20d RSI RWM LT36 - L RWM,2.0 %,5.8 %,1009,2883,27.1 %,7.1 %,7.4 %,80.7 %,-0.5 %,-4.3 %,4,5,0.3,0.4,75.0 %,80.0 %,1.6,2.6,252,569,0.5 %,1.1 %,3.5,2.6,1,1,2,4,1,1,1,4,1,0,1,3,3,4,3,4,4.7,10.4,1.6,1.8,-542,-303,-0.5 %,-0.6 %,-542,-303,-0.5 %,-0.6 %,-542,0,-0.5 %,0.0 %,75.0 %,80.0 %,75.0 %,80.0 %,66.7 %,80.0 %,427,787,-271,-303,66.7 %,100.0 %
RWR,11d RSI RWR LT34 - L RWR,7.3 %,4.5 %,3655,2243,6.1 %,6.0 %,120.6 %,75.4 %,0.0 %,-1.5 %,4,4,0.3,0.3,100.0 %,100.0 %,,,914,552,1.8 %,1.1 %,2,2.8,0,0,4,4,0,0,4,4,0,0,4,3,,,4,4,,,3.8,6.3,0,0,0.0 %,0.0 %,0,0,0.0 %,0.0 %,0,0,0.0 %,0.0 %,100.0 %,100.0 %,100.0 %,100.0 %,100.0 %,100.0 %,914,552,0,0,100.0 %,100.0 %
SCHA,4d RSI SCHA LT13 - L SCHA,5.3 %,6.3 %,2636,3175,12.2 %,6.3 %,43.1 %,100.0 %,0.0 %,-1.2 %,4,3,0.3,0.2,75.0 %,100.0 %,0.6,,659,1038,1.3 %,2.1 %,5,4.3,1,0,3,3,1,0,3,3,1,0,3,3,3,,3,3,1.8,,0.6,4.4,-6661,0,-6.7 %,0.0 %,-6661,0,-6.7 %,0.0 %,-6661,0,-6.7 %,0.0 %,75.0 %,100.0 %,75.0 %,100.0 %,75.0 %,100.0 %,1989,1038,-3331,0,75.0 %,100.0 %
SCHB,4d RSI SCHB LT14 - L SCHB,3.4 %,8.9 %,1696,4438,17.4 %,7.1 %,19.5 %,124.3 %,0.0 %,-1.1 %,3,4,0.2,0.3,66.7 %,100.0 %,0.8,,565,1075,1.1 %,2.1 %,5.7,3.5,1,0,2,4,1,0,2,4,1,0,2,4,2,,2,4,1.6,,0.4,6.3,-5442,0,-5.4 %,0.0 %,-5442,0,-5.4 %,0.0 %,-5442,0,-5.4 %,0.0 %,66.7 %,100.0 %,66.7 %,100.0 %,66.7 %,100.0 %,2208,1075,-2721,0,66.7 %,100.0 %
SCHC,12d RSI SCHC LT35 - L SCHC,5.5 %,6.9 %,2762,3440,5.3 %,9.1 %,104.5 %,75.4 %,0.0 %,-0.7 %,3,6,0.2,0.5,66.7 %,100.0 %,90.3,,921,558,1.8 %,1.1 %,3,2.8,1,0,2,6,1,0,2,5,1,0,2,4,2,,2,6,180.6,,1.5,5.5,-31,0,-0.0 %,0.0 %,-31,0,-0.0 %,0.0 %,-31,0,-0.0 %,0.0 %,66.7 %,100.0 %,66.7 %,100.0 %,66.7 %,100.0 %,1389,558,-15,0,66.7 %,100.0 %
SCHD,19d RSI SCHD LT38 - L SCHD,5.9 %,3.8 %,2963,1885,13.4 %,5.2 %,44.1 %,73.1 %,0.0 %,-0.8 %,3,3,0.2,0.2,100.0 %,100.0 %,,,988,621,2.0 %,1.2 %,2,2.7,0,0,3,3,0,0,3,3,0,0,2,3,,,3,3,,,5.2,4.9,0,0,0.0 %,0.0 %,0,0,0.0 %,0.0 %,0,0,0.0 %,0.0 %,100.0 %,100.0 %,100.0 %,100.0 %,100.0 %,100.0 %,988,621,0,0,100.0 %,100.0 %
SCHE,20d RSI SCHE LT42 - L SCHE,5.3 %,7.2 %,2657,3592,6.8 %,7.1 %,77.8 %,100.6 %,0.0 %,-0.5 %,5,6,0.4,0.5,80.0 %,100.0 %,1,,531,582,1.1 %,1.2 %,2.2,1.8,1,0,4,6,1,0,3,5,1,0,3,4,4,,4,6,3.9,,1.5,5.3,-1820,0,-1.8 %,0.0 %,-1820,0,-1.8 %,0.0 %,-1820,0,-1.8 %,0.0 %,80.0 %,100.0 %,80.0 %,100.0 %,75.0 %,100.0 %,892,582,-910,0,75.0 %,100.0 %
SCHF,17d RSI SCHF LT36 - L SCHF,4.5 %,4.9 %,2240,2455,100.0 %,6.3 %,4.5 %,77.3 %,0.0 %,-1.4 %,1,4,0.1,0.3,100.0 %,100.0 %,,,2240,604,4.5 %,1.2 %,3,3,0,0,1,4,0,0,1,4,0,0,1,4,,,1,4,,,0,3.2,0,0,0.0 %,0.0 %,0,0,0.0 %,0.0 %,0,0,0.0 %,0.0 %,100.0 %,100.0 %,100.0 %,100.0 %,100.0 %,100.0 %,2240,604,0,0,100.0 %,100.0 %
SCHG,4d RSI SCHG LT17 - L SCHG,5.7 %,14.9 %,2833,7475,13.0 %,8.7 %,43.7 %,171.2 %,0.0 %,-2.0 %,4,6,0.3,0.5,75.0 %,100.0 %,0.5,,708,1176,1.4 %,2.4 %,6,2.7,1,0,3,6,1,0,3,6,1,0,3,5,3,,3,6,1.6,,0.4,7.5,-8791,0,-8.8 %,0.0 %,-8791,0,-8.8 %,0.0 %,-8791,0,-8.8 %,0.0 %,75.0 %,100.0 %,75.0 %,100.0 %,75.0 %,100.0 %,2409,1176,-4395,0,75.0 %,100.0 %
SCHH,19d RSI SCHH LT38 - L SCHH,2.1 %,0.7 %,1039,369,18.3 %,5.2 %,11.3 %,14.3 %,0.0 %,-2.4 %,3,3,0.2,0.2,66.7 %,33.3 %,1.2,5.7,346,124,0.7 %,0.2 %,3,3.3,1,1,2,1,1,1,2,1,1,1,1,1,2,0.5,2,1,2.3,2.9,0.6,0.7,-1545,-172,-1.5 %,-0.3 %,-1545,-172,-1.5 %,-0.3 %,-1545,-28,-1.5 %,-0.1 %,66.7 %,33.3 %,66.7 %,33.3 %,66.7 %,33.3 %,906,571,-772,-100,50.0 %,50.0 %
SCHK,3d RSI SCHK LT11 - L SCHK,6.3 %,11.8 %,3137,5904,13.5 %,9.9 %,46.5 %,119.0 %,0.0 %,-1.3 %,5,6,0.4,0.5,80.0 %,100.0 %,0.5,,627,940,1.3 %,1.9 %,4.8,3.2,1,0,4,6,1,0,4,6,1,0,4,6,4,,4,6,2.1,,0.7,6.3,-5849,0,-5.8 %,0.0 %,-5849,0,-5.8 %,0.0 %,-5849,0,-5.8 %,0.0 %,80.0 %,100.0 %,80.0 %,100.0 %,80.0 %,100.0 %,1515,940,-2925,0,80.0 %,100.0 %
SCHM,17d RSI SCHM LT37 - L SCHM,-0.8 %,5.9 %,-423,2955,10.4 %,6.3 %,-8.2 %,93.1 %,0.0 %,-0.8 %,3,3,0.2,0.2,66.7 %,100.0 %,0.4,,-141,969,-0.3 %,1.9 %,5.7,4.3,1,0,2,3,1,0,2,3,1,0,2,3,2,,2,3,0.8,,-0.1,3.2,-4834,0,-4.8 %,0.0 %,-4834,0,-4.8 %,0.0 %,-4834,0,-4.8 %,0.0 %,66.7 %,100.0 %,66.7 %,100.0 %,66.7 %,100.0 %,997,969,-2417,0,66.7 %,100.0 %
SCHP,11d RSI SCHP LT35 - L SCHP,1.5 %,1.9 %,744,929,12.9 %,12.3 %,11.6 %,15.1 %,0.0 %,-0.7 %,3,9,0.2,0.8,100.0 %,77.8 %,,2.9,248,103,0.5 %,0.2 %,2,2.4,0,1,3,3,0,1,3,3,0,1,2,4,,3.5,3,7,,10.2,3.5,3,0,-101,0.0 %,-0.2 %,0,-101,0.0 %,-0.2 %,0,-40,0.0 %,-0.1 %,100.0 %,77.8 %,100.0 %,77.8 %,100.0 %,77.8 %,248,146,0,-50,100.0 %,80.0 %
SCHV,21d RSI SCHV LT43 - L SCHV,4.8 %,2.6 %,2385,1289,12.0 %,8.3 %,39.7 %,30.9 %,-1.8 %,-3.3 %,6,4,0.5,0.3,66.7 %,75.0 %,1.8,1.3,397,323,0.8 %,0.7 %,3.3,3.5,1,1,3,3,1,1,2,3,1,1,3,2,2,3,4,3,3.6,3.9,1.3,1,-1793,-444,-1.8 %,-0.9 %,-333,-444,-0.3 %,-0.9 %,-39,-444,-0.0 %,-0.9 %,66.7 %,75.0 %,66.7 %,75.0 %,60.0 %,75.0 %,825,579,-458,-444,75.0 %,66.7 %
SCHX,3d RSI SCHX LT10 - L SCHX,5.8 %,7.5 %,2923,3737,13.5 %,6.3 %,43.3 %,117.7 %,0.0 %,-1.1 %,5,4,0.4,0.3,80.0 %,100.0 %,0.5,,585,910,1.2 %,1.8 %,4.8,3,1,0,4,4,1,0,4,4,1,0,4,4,4,,4,4,2,,0.6,6.6,-6014,0,-6.0 %,0.0 %,-6014,0,-6.0 %,0.0 %,-6014,0,-6.0 %,0.0 %,80.0 %,100.0 %,80.0 %,100.0 %,80.0 %,100.0 %,1482,910,-3007,0,80.0 %,100.0 %
SCHZ,17d RSI SCHZ LT34 - L SCHZ,0.8 %,1.6 %,396,774,100.0 %,5.2 %,0.8 %,30.0 %,0.0 %,-0.6 %,1,4,0.1,0.3,100.0 %,100.0 %,,,396,193,0.8 %,0.4 %,3,2.2,0,0,1,4,0,0,1,3,0,0,1,3,,,1,4,,,0,3.3,0,0,0.0 %,0.0 %,0,0,0.0 %,0.0 %,0,0,0.0 %,0.0 %,100.0 %,100.0 %,100.0 %,100.0 %,100.0 %,100.0 %,396,193,0,0,100.0 %,100.0 %
SCO,4d RSI SCO LT10 - L SCO,5.3 %,16.1 %,2627,8042,9.0 %,5.2 %,58.3 %,311.8 %,0.0 %,-2.3 %,2,5,0.2,0.4,100.0 %,100.0 %,,,1313,1527,2.6 %,3.0 %,4,1.6,0,0,2,5,0,0,2,5,0,0,2,5,,,2,5,,,2.7,2.9,0,0,0.0 %,0.0 %,0,0,0.0 %,0.0 %,0,0,0.0 %,0.0 %,100.0 %,100.0 %,100.0 %,100.0 %,100.0 %,100.0 %,1313,1527,0,0,100.0 %,100.0 %
SCZ,17d RSI SCZ LT36 - L SCZ,8.0 %,2.9 %,3980,1441,4.8 %,6.0 %,164.3 %,48.4 %,0.0 %,-0.6 %,3,4,0.2,0.3,100.0 %,100.0 %,,,1327,357,2.7 %,0.7 %,2.7,2.8,0,0,3,4,0,0,3,3,0,0,3,3,,,3,4,,,3.8,4.1,0,0,0.0 %,0.0 %,0,0,0.0 %,0.0 %,0,0,0.0 %,0.0 %,100.0 %,100.0 %,100.0 %,100.0 %,100.0 %,100.0 %,1327,357,0,0,100.0 %,100.0 %
SDIV,9d RSI SDIV LT30 - L SDIV,-3.4 %,9.5 %,-1684,4735,8.4 %,11.1 %,-40.1 %,85.2 %,0.0 %,-3.0 %,2,9,0.2,0.8,50.0 %,88.9 %,0.4,2,-842,507,-1.7 %,1.0 %,5,2.1,1,1,1,8,1,1,1,7,1,1,1,5,1,8,1,8,0.4,16.3,-0.6,4.1,-5547,-298,-5.5 %,-0.6 %,-5547,-298,-5.5 %,-0.6 %,-5547,-298,-5.5 %,-0.6 %,50.0 %,88.9 %,50.0 %,88.9 %,50.0 %,87.5 %,1089,607,-2773,-298,50.0 %,83.3 %
SDS,5d RSI SDS LT11 - L SDS,5.4 %,5.0 %,2722,2497,18.9 %,5.6 %,28.8 %,89.9 %,0.0 %,-1.4 %,2,3,0.2,0.2,100.0 %,100.0 %,,,1361,819,2.7 %,1.6 %,2,3.7,0,0,2,3,0,0,2,3,0,0,2,3,,,2,3,,,3.1,10,0,0,0.0 %,0.0 %,0,0,0.0 %,0.0 %,0,0,0.0 %,0.0 %,100.0 %,100.0 %,100.0 %,100.0 %,100.0 %,100.0 %,1361,819,0,0,100.0 %,100.0 %
SDVY,19d RSI SDVY LT42 - L SDVY,7.0 %,6.2 %,3508,3126,23.4 %,8.3 %,30.0 %,75.0 %,-6.8 %,-2.5 %,10,4,0.8,0.3,80.0 %,100.0 %,0.5,,351,764,0.7 %,1.5 %,4.2,3.2,2,0,8,4,2,0,8,4,2,0,3,4,4,,8,4,2,,0.8,7.9,-7254,0,-7.3 %,0.0 %,-7254,0,-7.3 %,0.0 %,-4327,0,-4.3 %,0.0 %,80.0 %,100.0 %,80.0 %,100.0 %,80.0 %,100.0 %,892,764,-1813,0,60.0 %,100.0 %
SDY,21d RSI SDY LT45 - L SDY,4.1 %,0.8 %,2033,397,16.9 %,13.1 %,24.1 %,6.1 %,-3.2 %,-5.2 %,10,7,0.8,0.6,70.0 %,85.7 %,0.8,0.2,203,61,0.4 %,0.1 %,2.7,3.1,1,1,3,6,1,1,4,5,1,1,2,5,2.3,6,7,6,2,1.3,0.9,0.2,-3206,-1610,-3.2 %,-3.2 %,-1774,-1610,-1.8 %,-3.2 %,-347,-1610,-0.3 %,-3.2 %,70.0 %,85.7 %,70.0 %,85.7 %,85.7 %,83.3 %,592,340,-705,-1610,80.0 %,83.3 %
SECT,3d RSI SECT LT12 - L SECT,10.0 %,10.6 %,4978,5281,10.2 %,9.1 %,97.3 %,115.7 %,0.0 %,-1.4 %,5,6,0.4,0.5,80.0 %,83.3 %,1.1,10.9,996,847,2.0 %,1.7 %,3.4,2.8,1,1,4,4,1,1,4,4,1,1,4,4,4,5,4,5,4.4,54.5,1.2,3.7,-2965,-95,-3.0 %,-0.2 %,-2965,-95,-3.0 %,-0.2 %,-2965,-95,-3.0 %,-0.2 %,80.0 %,83.3 %,80.0 %,83.3 %,80.0 %,83.3 %,1615,1035,-1483,-95,80.0 %,83.3 %
SGOL,3d RSI SGOL LT11 - L SGOL,5.1 %,5.7 %,2534,2857,8.2 %,5.6 %,61.8 %,102.9 %,0.0 %,-0.7 %,2,5,0.2,0.4,100.0 %,100.0 %,,,1267,559,2.5 %,1.1 %,1.5,1.8,0,0,2,5,0,0,2,5,0,0,2,4,,,2,5,,,2.5,6.6,0,0,0.0 %,0.0 %,0,0,0.0 %,0.0 %,0,0,0.0 %,0.0 %,100.0 %,100.0 %,100.0 %,100.0 %,100.0 %,100.0 %,1267,559,0,0,100.0 %,100.0 %
SH,5d RSI SH LT11 - L SH,2.7 %,2.7 %,1358,1367,18.9 %,5.2 %,14.4 %,53.0 %,0.0 %,-0.7 %,2,3,0.2,0.2,100.0 %,100.0 %,,,679,452,1.4 %,0.9 %,2,3.3,0,0,2,3,0,0,2,3,0,0,2,3,,,2,3,,,3.2,81.8,0,0,0.0 %,0.0 %,0,0,0.0 %,0.0 %,0,0,0.0 %,0.0 %,100.0 %,100.0 %,100.0 %,100.0 %,100.0 %,100.0 %,679,452,0,0,100.0 %,100.0 %
SHLD,3d RSI SHLD LT10 - L SHLD,1.9 %,7.7 %,942,3863,6.5 %,5.6 %,28.8 %,139.1 %,-1.7 %,-0.9 %,3,4,0.2,0.3,66.7 %,100.0 %,1,,314,940,0.6 %,1.9 %,2.7,2.5,1,0,2,4,1,0,2,4,1,0,2,4,2,,2,4,2.1,,0.6,4.9,-1769,0,-1.8 %,0.0 %,-1769,0,-1.8 %,0.0 %,-1769,0,-1.8 %,0.0 %,66.7 %,100.0 %,66.7 %,100.0 %,66.7 %,100.0 %,913,940,-885,0,66.7 %,100.0 %
SHM,19d RSI SHM LT38 - L SHM,0.7 %,1.8 %,359,914,50.0 %,17.5 %,1.4 %,10.5 %,0.0 %,-0.5 %,4,9,0.3,0.8,100.0 %,88.9 %,,5.2,90,101,0.2 %,0.2 %,1.5,3.9,0,1,4,4,0,1,4,3,0,1,2,2,,8,4,8,,41.7,7.2,3.3,0,-22,0.0 %,-0.0 %,0,-22,0.0 %,-0.0 %,0,-22,0.0 %,-0.0 %,100.0 %,88.9 %,100.0 %,88.9 %,100.0 %,85.7 %,90,116,0,-22,100.0 %,80.0 %
SHNY,3d RSI SHNY LT13 - L SHNY,31.0 %,26.3 %,15485,13161,9.7 %,9.1 %,320.0 %,288.4 %,0.0 %,-2.0 %,5,8,0.4,0.7,100.0 %,100.0 %,,,3097,1484,6.2 %,3.0 %,1.4,1.9,0,0,5,8,0,0,5,8,0,0,4,7,,,5,8,,,3.7,9,0,0,0.0 %,0.0 %,0,0,0.0 %,0.0 %,0,0,0.0 %,0.0 %,100.0 %,100.0 %,100.0 %,100.0 %,100.0 %,100.0 %,3097,1484,0,0,100.0 %,100.0 %
SHYG,3d RSI SHYG LT13 - L SHYG,2.1 %,1.8 %,1027,906,8.3 %,7.1 %,24.6 %,25.4 %,0.0 %,-0.4 %,3,5,0.2,0.4,100.0 %,100.0 %,,,342,180,0.7 %,0.4 %,3.3,2.6,0,0,3,5,0,0,3,5,0,0,3,5,,,3,5,,,1.7,6.1,0,0,0.0 %,0.0 %,0,0,0.0 %,0.0 %,0,0,0.0 %,0.0 %,100.0 %,100.0 %,100.0 %,100.0 %,100.0 %,100.0 %,342,180,0,0,100.0 %,100.0 %
SIL,17d RSI SIL LT36 - L SIL,7.2 %,8.1 %,3594,4024,100.0 %,5.2 %,7.2 %,156.0 %,0.0 %,-1.7 %,1,4,0.1,0.3,100.0 %,100.0 %,,,3594,980,7.2 %,2.0 %,2,1.8,0,0,1,4,0,0,1,4,0,0,1,2,,,1,4,,,0,3.7,0,0,0.0 %,0.0 %,0,0,0.0 %,0.0 %,0,0,0.0 %,0.0 %,100.0 %,100.0 %,100.0 %,100.0 %,100.0 %,100.0 %,3594,980,0,0,100.0 %,100.0 %
SILJ,5d RSI SILJ LT18 - L SILJ,8.3 %,10.6 %,4142,5302,100.0 %,6.8 %,8.3 %,157.2 %,0.0 %,-3.7 %,1,4,0.1,0.3,100.0 %,75.0 %,,4.7,4142,1285,8.3 %,2.6 %,3,2.8,0,1,1,2,0,1,1,2,0,1,1,2,,3,1,3,,14.2,0,2.7,0,-391,0.0 %,-0.8 %,0,-391,0.0 %,-0.8 %,0,-391,0.0 %,-0.8 %,100.0 %,75.0 %,100.0 %,75.0 %,100.0 %,75.0 %,4142,1844,0,-391,100.0 %,75.0 %
SIVR,8d RSI SIVR LT27 - L SIVR,3.7 %,8.6 %,1851,4274,100.0 %,5.2 %,3.7 %,165.7 %,0.0 %,-2.1 %,1,5,0.1,0.4,100.0 %,100.0 %,,,1851,827,3.7 %,1.6 %,3,1.6,0,0,1,5,0,0,1,5,0,0,1,4,,,1,5,,,0,22.2,0,0,0.0 %,0.0 %,0,0,0.0 %,0.0 %,0,0,0.0 %,0.0 %,100.0 %,100.0 %,100.0 %,100.0 %,100.0 %,100.0 %,1851,827,0,0,100.0 %,100.0 %
SJB,9d RSI SJB LT27 - L SJB,0.4 %,1.6 %,197,785,100.0 %,8.7 %,0.4 %,18.0 %,0.0 %,-0.4 %,1,3,0.1,0.2,100.0 %,100.0 %,,,197,260,0.4 %,0.5 %,4,6.3,0,0,1,3,0,0,1,3,0,0,1,3,,,1,3,,,0,5.6,0,0,0.0 %,0.0 %,0,0,0.0 %,0.0 %,0,0,0.0 %,0.0 %,100.0 %,100.0 %,100.0 %,100.0 %,100.0 %,100.0 %,197,260,0,0,100.0 %,100.0 %
SJNK,13d RSI SJNK LT49 - L SJNK,2.2 %,3.5 %,1083,1749,24.2 %,17.9 %,8.9 %,19.6 %,-1.5 %,-0.8 %,12,11,1,0.9,75.0 %,90.9 %,0.7,0.8,90,157,0.2 %,0.3 %,3.6,2.8,2,1,6,8,2,1,6,7,0,0,5,6,3,10,9,10,2.1,8.5,1,3.6,-1531,-231,-1.5 %,-0.5 %,-1531,-231,-1.5 %,-0.5 %,0,0,0.0 %,0.0 %,75.0 %,90.9 %,75.0 %,90.9 %,81.8 %,90.0 %,227,196,-319,-231,100.0 %,100.0 %
SKYY,3d RSI SKYY LT15 - L SKYY,5.8 %,13.3 %,2911,6628,14.7 %,10.3 %,39.6 %,128.5 %,-3.6 %,-3.3 %,6,7,0.5,0.6,50.0 %,85.7 %,1.7,7.3,485,900,1.0 %,1.8 %,3.8,2.6,1,1,2,4,1,1,2,4,1,1,2,3,1,6,3,6,1.7,43.6,0.5,4.4,-4377,-148,-4.4 %,-0.3 %,-4377,-148,-4.4 %,-0.3 %,-3914,-148,-3.9 %,-0.3 %,50.0 %,85.7 %,50.0 %,85.7 %,50.0 %,85.7 %,2373,1075,-1403,-148,50.0 %,83.3 %
SLQD,3d RSI SLQD LT11 - L SLQD,0.0 %,0.4 %,21,183,100.0 %,5.2 %,0.0 %,7.1 %,0.0 %,-0.2 %,1,3,0.1,0.2,100.0 %,100.0 %,,,21,61,0.0 %,0.1 %,2,3.3,0,0,1,3,0,0,1,3,0,0,1,3,,,1,3,,,0,2.9,0,0,0.0 %,0.0 %,0,0,0.0 %,0.0 %,0,0,0.0 %,0.0 %,100.0 %,100.0 %,100.0 %,100.0 %,100.0 %,100.0 %,21,61,0,0,100.0 %,100.0 %
SLV,8d RSI SLV LT27 - L SLV,3.6 %,8.2 %,1809,4116,100.0 %,5.2 %,3.6 %,159.6 %,0.0 %,-2.2 %,1,5,0.1,0.4,100.0 %,100.0 %,,,1809,797,3.6 %,1.6 %,3,1.6,0,0,1,5,0,0,1,5,0,0,1,4,,,1,5,,,0,33.5,0,0,0.0 %,0.0 %,0,0,0.0 %,0.0 %,0,0,0.0 %,0.0 %,100.0 %,100.0 %,100.0 %,100.0 %,100.0 %,100.0 %,1809,797,0,0,100.0 %,100.0 %
SLYG,11d RSI SLYG LT35 - L SLYG,1.8 %,1.0 %,902,516,14.5 %,5.6 %,12.4 %,18.6 %,-6.8 %,-1.8 %,5,2,0.4,0.2,80.0 %,100.0 %,0.3,,180,258,0.4 %,0.5 %,5.6,4.5,1,0,3,2,1,0,3,2,1,0,3,2,4,,4,2,1.3,,0.2,1.8,-6933,0,-6.9 %,0.0 %,-6933,0,-6.9 %,0.0 %,-6933,0,-6.9 %,0.0 %,80.0 %,100.0 %,80.0 %,100.0 %,80.0 %,100.0 %,1092,258,-3466,0,80.0 %,100.0 %
SLYV,7d RSI SLYV LT27 - L SLYV,6.8 %,7.3 %,3412,3639,13.7 %,6.3 %,50.0 %,114.6 %,-5.6 %,-1.4 %,7,5,0.6,0.4,57.1 %,100.0 %,1.6,,487,708,1.0 %,1.4 %,3.4,2.2,3,0,3,5,3,0,3,5,2,0,3,5,1.3,,4,5,2.2,,0.9,9.3,-5748,0,-5.7 %,0.0 %,-5748,0,-5.7 %,0.0 %,-5748,0,-5.7 %,0.0 %,57.1 %,100.0 %,57.1 %,100.0 %,57.1 %,100.0 %,1571,708,-958,0,66.7 %,100.0 %
SMH,5d RSI SMH LT20 - L SMH,15.1 %,25.5 %,7573,12731,4.7 %,5.2 %,324.1 %,493.6 %,0.0 %,-1.6 %,3,5,0.2,0.4,100.0 %,100.0 %,,,2524,2326,5.0 %,4.7 %,2.3,1.6,0,0,3,5,0,0,3,5,0,0,3,4,,,3,5,,,3.9,6.8,0,0,0.0 %,0.0 %,0,0,0.0 %,0.0 %,0,0,0.0 %,0.0 %,100.0 %,100.0 %,100.0 %,100.0 %,100.0 %,100.0 %,2524,2326,0,0,100.0 %,100.0 %
SMIN,14d RSI SMIN LT35 - L SMIN,-3.5 %,10.1 %,-1739,5066,17.6 %,6.3 %,-19.7 %,159.6 %,-2.6 %,-0.5 %,9,7,0.8,0.6,22.2 %,100.0 %,0.9,,-193,695,-0.4 %,1.4 %,3.4,1.3,5,0,1,7,5,0,1,7,2,0,2,3,0.3,,2,7,0.2,,-1.7,7.1,-3369,0,-3.4 %,0.0 %,-3369,0,-3.4 %,0.0 %,-3369,0,-3.4 %,0.0 %,22.2 %,100.0 %,22.2 %,100.0 %,22.2 %,100.0 %,281,695,-329,0,40.0 %,100.0 %
SMLF,19d RSI SMLF LT41 - L SMLF,6.0 %,2.7 %,3019,1352,20.7 %,5.6 %,29.2 %,48.7 %,-7.2 %,-1.4 %,9,3,0.8,0.2,88.9 %,100.0 %,0.2,,335,447,0.7 %,0.9 %,4.1,3,1,0,7,3,1,0,7,3,1,0,2,3,8,,8,3,1.8,,0.7,4.3,-7324,0,-7.3 %,0.0 %,-7324,0,-7.3 %,0.0 %,-3922,0,-3.9 %,0.0 %,88.9 %,100.0 %,88.9 %,100.0 %,88.9 %,100.0 %,835,447,-3662,0,75.0 %,100.0 %
SMMD,20d RSI SMMD LT41 - L SMMD,6.6 %,4.8 %,3314,2422,20.7 %,7.5 %,32.0 %,64.2 %,-6.5 %,-1.5 %,9,3,0.8,0.2,88.9 %,100.0 %,0.3,,368,798,0.7 %,1.6 %,4.1,4.7,1,0,7,3,1,0,7,3,1,0,2,3,8,,8,3,2,,0.8,2.3,-6583,0,-6.6 %,0.0 %,-6583,0,-6.6 %,0.0 %,-3573,0,-3.6 %,0.0 %,88.9 %,100.0 %,88.9 %,100.0 %,88.9 %,100.0 %,826,798,-3292,0,75.0 %,100.0 %
SOXL,4d RSI SOXL LT15 - L SOXL,27.8 %,58.2 %,13909,29078,4.3 %,5.6 %,650.2 %,1046.8 %,0.0 %,-4.3 %,2,5,0.2,0.4,100.0 %,100.0 %,,,6955,4819,13.9 %,9.6 %,3,1.8,0,0,2,5,0,0,2,5,0,0,2,5,,,2,5,,,10.1,7.7,0,0,0.0 %,0.0 %,0,0,0.0 %,0.0 %,0,0,0.0 %,0.0 %,100.0 %,100.0 %,100.0 %,100.0 %,100.0 %,100.0 %,6955,4819,0,0,100.0 %,100.0 %
SOXS,8d RSI SOXS LT22 - L SOXS,13.5 %,51.1 %,6759,25556,33.6 %,6.0 %,40.2 %,858.7 %,-14.3 %,-9.7 %,5,6,0.4,0.5,40.0 %,100.0 %,2.8,,1352,3581,2.7 %,7.2 %,6.2,1.5,2,0,1,6,1,0,1,5,1,0,1,5,0.7,,2,6,1.9,,0.5,6,-15465,0,-15.5 %,0.0 %,0,0,0.0 %,0.0 %,0,0,0.0 %,0.0 %,40.0 %,100.0 %,40.0 %,100.0 %,50.0 %,100.0 %,7245,3581,-2577,0,50.0 %,100.0 %
SOXX,4d RSI SOXX LT16 - L SOXX,12.9 %,17.4 %,6448,8680,4.3 %,5.6 %,301.5 %,312.5 %,0.0 %,-1.4 %,2,5,0.2,0.4,100.0 %,100.0 %,,,3224,1629,6.4 %,3.3 %,3,1.8,0,0,2,5,0,0,2,5,0,0,2,5,,,2,5,,,6.8,7.6,0,0,0.0 %,0.0 %,0,0,0.0 %,0.0 %,0,0,0.0 %,0.0 %,100.0 %,100.0 %,100.0 %,100.0 %,100.0 %,100.0 %,3224,1629,0,0,100.0 %,100.0 %
SPAB,7d RSI SPAB LT23 - L SPAB,0.8 %,1.5 %,381,768,100.0 %,8.7 %,0.8 %,17.6 %,0.0 %,-1.0 %,1,5,0.1,0.4,100.0 %,80.0 %,,3.3,381,153,0.8 %,0.3 %,3,3.4,0,1,1,4,0,1,1,4,0,1,1,3,,4,1,4,,13.2,0,2.4,0,-63,0.0 %,-0.1 %,0,-63,0.0 %,-0.1 %,0,-63,0.0 %,-0.1 %,100.0 %,80.0 %,100.0 %,80.0 %,100.0 %,80.0 %,381,207,0,-63,100.0 %,75.0 %
SPBO,5d RSI SPBO LT18 - L SPBO,2.5 %,2.0 %,1272,1017,4.7 %,6.8 %,54.7 %,30.1 %,0.0 %,-0.6 %,3,5,0.2,0.4,100.0 %,80.0 %,,13.9,424,202,0.8 %,0.4 %,2.3,2.4,0,1,3,4,0,1,3,4,0,1,3,3,,4,3,4,,55.6,3.5,2.7,0,-19,0.0 %,-0.0 %,0,-19,0.0 %,-0.0 %,0,-19,0.0 %,-0.0 %,100.0 %,80.0 %,100.0 %,80.0 %,100.0 %,80.0 %,424,257,0,-19,100.0 %,75.0 %
SPDN,4d RSI SPDN LT10 - L SPDN,1.7 %,2.5 %,837,1244,25.0 %,5.6 %,6.7 %,44.8 %,0.0 %,-0.7 %,2,3,0.2,0.2,100.0 %,100.0 %,,,419,411,0.8 %,0.8 %,3.5,3.7,0,0,2,3,0,0,2,3,0,0,2,3,,,2,3,,,15.3,7.3,0,0,0.0 %,0.0 %,0,0,0.0 %,0.0 %,0,0,0.0 %,0.0 %,100.0 %,100.0 %,100.0 %,100.0 %,100.0 %,100.0 %,419,411,0,0,100.0 %,100.0 %
SPDW,14d RSI SPDW LT36 - L SPDW,6.5 %,6.7 %,3253,3365,4.0 %,9.5 %,163.4 %,70.7 %,0.0 %,-1.3 %,3,5,0.2,0.4,100.0 %,100.0 %,,,1084,657,2.2 %,1.3 %,2,3.6,0,0,3,5,0,0,3,5,0,0,3,4,,,3,5,,,2.2,3.5,0,0,0.0 %,0.0 %,0,0,0.0 %,0.0 %,0,0,0.0 %,0.0 %,100.0 %,100.0 %,100.0 %,100.0 %,100.0 %,100.0 %,1084,657,0,0,100.0 %,100.0 %
SPEM,18d RSI SPEM LT41 - L SPEM,4.5 %,5.5 %,2270,2735,6.9 %,5.6 %,66.2 %,98.5 %,0.0 %,-0.5 %,5,5,0.4,0.4,80.0 %,100.0 %,1.1,,454,537,0.9 %,1.1 %,2.2,1.8,1,0,4,5,1,0,3,4,1,0,3,4,4,,4,5,4.2,,1.5,3.7,-1407,0,-1.4 %,0.0 %,-1407,0,-1.4 %,0.0 %,-1407,0,-1.4 %,0.0 %,80.0 %,100.0 %,80.0 %,100.0 %,75.0 %,100.0 %,743,537,-704,0,75.0 %,100.0 %
SPGM,7d RSI SPGM LT21 - L SPGM,5.8 %,5.7 %,2915,2865,100.0 %,5.2 %,5.8 %,111.1 %,0.0 %,-0.7 %,1,3,0.1,0.2,100.0 %,100.0 %,,,2915,940,5.8 %,1.9 %,3,3.3,0,0,1,3,0,0,1,3,0,0,1,3,,,1,3,,,0,3.2,0,0,0.0 %,0.0 %,0,0,0.0 %,0.0 %,0,0,0.0 %,0.0 %,100.0 %,100.0 %,100.0 %,100.0 %,100.0 %,100.0 %,2915,940,0,0,100.0 %,100.0 %
SPHB,3d RSI SPHB LT11 - L SPHB,15.4 %,9.1 %,7689,4558,5.6 %,7.1 %,272.6 %,127.6 %,0.0 %,-1.6 %,3,5,0.2,0.4,100.0 %,100.0 %,,,2563,883,5.1 %,1.8 %,2.7,2.6,0,0,3,5,0,0,3,5,0,0,3,4,,,3,5,,,1.6,4,0,0,0.0 %,0.0 %,0,0,0.0 %,0.0 %,0,0,0.0 %,0.0 %,100.0 %,100.0 %,100.0 %,100.0 %,100.0 %,100.0 %,2563,883,0,0,100.0 %,100.0 %
SPHD,17d RSI SPHD LT39 - L SPHD,3.0 %,0.3 %,1517,132,9.5 %,5.2 %,31.8 %,5.1 %,-0.4 %,-2.5 %,5,4,0.4,0.3,60.0 %,50.0 %,3.1,1.2,303,35,0.6 %,0.1 %,3,2.2,1,1,2,1,1,1,2,1,1,1,2,1,1.5,1,3,2,4.6,1.2,1.5,0.2,-431,-550,-0.4 %,-1.1 %,-417,-550,-0.4 %,-1.1 %,-417,-452,-0.4 %,-0.9 %,60.0 %,50.0 %,60.0 %,50.0 %,66.7 %,50.0 %,647,404,-212,-335,66.7 %,50.0 %
SPHQ,3d RSI SPHQ LT10 - L SPHQ,6.0 %,7.1 %,2991,3535,12.8 %,6.3 %,46.8 %,111.3 %,0.0 %,-1.0 %,5,4,0.4,0.3,80.0 %,100.0 %,0.6,,598,862,1.2 %,1.7 %,3.6,3,1,0,4,4,1,0,4,4,1,0,4,3,4,,4,4,2.4,,0.8,10.1,-4162,0,-4.2 %,0.0 %,-4162,0,-4.2 %,0.0 %,-4162,0,-4.2 %,0.0 %,80.0 %,100.0 %,80.0 %,100.0 %,80.0 %,100.0 %,1268,862,-2081,0,80.0 %,100.0 %
SPHY,3d RSI SPHY LT10 - L SPHY,1.5 %,1.8 %,727,913,5.8 %,6.0 %,25.1 %,30.7 %,0.0 %,-0.2 %,2,4,0.2,0.3,100.0 %,100.0 %,,,364,227,0.7 %,0.5 %,3,2.8,0,0,2,4,0,0,2,4,0,0,2,4,,,2,4,,,1.6,8.6,0,0,0.0 %,0.0 %,0,0,0.0 %,0.0 %,0,0,0.0 %,0.0 %,100.0 %,100.0 %,100.0 %,100.0 %,100.0 %,100.0 %,364,227,0,0,100.0 %,100.0 %
SPIB,3d RSI SPIB LT11 - L SPIB,1.5 %,1.9 %,768,941,3.3 %,8.7 %,46.5 %,21.6 %,0.0 %,-0.6 %,3,5,0.2,0.4,100.0 %,100.0 %,,,256,187,0.5 %,0.4 %,1.3,3.4,0,0,3,5,0,0,3,5,0,0,3,4,,,3,5,,,3,3.1,0,0,0.0 %,0.0 %,0,0,0.0 %,0.0 %,0,0,0.0 %,0.0 %,100.0 %,100.0 %,100.0 %,100.0 %,100.0 %,100.0 %,256,187,0,0,100.0 %,100.0 %
SPIP,20d RSI SPIP LT42 - L SPIP,1.5 %,2.9 %,758,1429,15.3 %,13.1 %,9.9 %,21.8 %,0.0 %,-0.7 %,3,9,0.2,0.8,100.0 %,88.9 %,,4.4,253,157,0.5 %,0.3 %,2.7,2.6,0,1,3,7,0,1,3,7,0,0,2,5,,8,3,8,,35.4,3.2,3,0,-41,0.0 %,-0.1 %,0,-41,0.0 %,-0.1 %,0,0,0.0 %,0.0 %,100.0 %,88.9 %,100.0 %,88.9 %,100.0 %,88.9 %,253,182,0,-41,100.0 %,100.0 %
SPLB,21d RSI SPLB LT38 - L SPLB,1.0 %,3.9 %,513,1960,18.3 %,8.7 %,5.6 %,44.9 %,0.0 %,-1.2 %,2,7,0.2,0.6,100.0 %,100.0 %,,,256,276,0.5 %,0.6 %,5,2.1,0,0,2,7,0,0,2,6,0,0,2,4,,,2,7,,,1.7,8.2,0,0,0.0 %,0.0 %,0,0,0.0 %,0.0 %,0,0,0.0 %,0.0 %,100.0 %,100.0 %,100.0 %,100.0 %,100.0 %,100.0 %,256,276,0,0,100.0 %,100.0 %
SPLV,16d RSI SPLV LT50 - L SPLV,14.2 %,0.2 %,7119,79,51.2 %,23.4 %,27.8 %,0.7 %,-2.1 %,-4.5 %,30,11,2.5,0.9,80.0 %,72.7 %,1,0.4,237,10,0.5 %,0.0 %,3.2,4,1,1,10,4,1,1,8,4,0,1,11,4,4,2.7,24,8,4,1.1,3.2,0.1,-2365,-1141,-2.4 %,-2.3 %,-1482,-1141,-1.5 %,-2.3 %,0,-1141,0.0 %,-2.3 %,80.0 %,72.7 %,80.0 %,72.7 %,79.2 %,72.7 %,396,266,-398,-672,100.0 %,71.4 %
SPMB,19d RSI SPMB LT36 - L SPMB,1.0 %,1.8 %,492,875,100.0 %,5.6 %,1.0 %,31.5 %,0.0 %,-0.9 %,1,3,0.1,0.2,100.0 %,100.0 %,,,492,290,1.0 %,0.6 %,3,3.7,0,0,1,3,0,0,1,2,0,0,1,2,,,1,3,,,0,2.9,0,0,0.0 %,0.0 %,0,0,0.0 %,0.0 %,0,0,0.0 %,0.0 %,100.0 %,100.0 %,100.0 %,100.0 %,100.0 %,100.0 %,492,290,0,0,100.0 %,100.0 %
SPMD,17d RSI SPMD LT39 - L SPMD,4.6 %,5.8 %,2315,2905,15.4 %,7.1 %,30.0 %,81.3 %,-5.4 %,-0.9 %,6,3,0.5,0.2,83.3 %,100.0 %,0.4,,386,952,0.8 %,1.9 %,4.8,4.3,1,0,4,3,1,0,4,3,1,0,3,3,5,,5,3,1.8,,0.6,4.1,-5480,0,-5.5 %,0.0 %,-5480,0,-5.5 %,0.0 %,-5480,0,-5.5 %,0.0 %,83.3 %,100.0 %,83.3 %,100.0 %,83.3 %,100.0 %,1011,952,-2740,0,80.0 %,100.0 %
SPMO,3d RSI SPMO LT11 - L SPMO,17.7 %,7.8 %,8842,3915,8.3 %,5.2 %,212.2 %,151.8 %,0.0 %,-0.8 %,5,4,0.4,0.3,100.0 %,100.0 %,,,1768,952,3.5 %,1.9 %,2.6,2.2,0,0,5,4,0,0,5,4,0,0,5,4,,,5,4,,,1.9,5.7,0,0,0.0 %,0.0 %,0,0,0.0 %,0.0 %,0,0,0.0 %,0.0 %,100.0 %,100.0 %,100.0 %,100.0 %,100.0 %,100.0 %,1768,952,0,0,100.0 %,100.0 %
SPPP,9d RSI SPPP LT25 - L SPPP,2.3 %,11.9 %,1158,5964,100.0 %,7.9 %,2.3 %,150.3 %,0.0 %,-1.8 %,1,6,0.1,0.5,100.0 %,100.0 %,,,1158,949,2.3 %,1.9 %,5,2.3,0,0,1,6,0,0,1,6,0,0,1,6,,,1,6,,,0,6.4,0,0,0.0 %,0.0 %,0,0,0.0 %,0.0 %,0,0,0.0 %,0.0 %,100.0 %,100.0 %,100.0 %,100.0 %,100.0 %,100.0 %,1158,949,0,0,100.0 %,100.0 %
SPSM,9d RSI SPSM LT31 - L SPSM,1.1 %,1.5 %,527,761,14.5 %,5.2 %,7.2 %,29.5 %,-7.0 %,-1.5 %,5,2,0.4,0.2,60.0 %,100.0 %,0.8,,105,379,0.2 %,0.8 %,5.6,4.5,2,0,2,2,2,0,2,2,2,0,2,2,1.5,,3,2,1.1,,0.1,5.6,-7182,0,-7.2 %,0.0 %,-7182,0,-7.2 %,0.0 %,-7182,0,-7.2 %,0.0 %,60.0 %,100.0 %,60.0 %,100.0 %,60.0 %,100.0 %,1373,379,-1795,0,60.0 %,100.0 %
SPTI,4d RSI SPTI LT17 - L SPTI,1.2 %,1.4 %,578,716,6.7 %,9.9 %,17.3 %,14.4 %,0.0 %,-0.8 %,2,7,0.2,0.6,100.0 %,85.7 %,,1.8,289,102,0.6 %,0.2 %,2,2.6,0,1,2,3,0,1,2,3,0,1,2,3,,6,2,6,,10.7,8,2.7,0,-74,0.0 %,-0.1 %,0,-74,0.0 %,-0.1 %,0,-18,0.0 %,-0.0 %,100.0 %,85.7 %,100.0 %,85.7 %,100.0 %,85.7 %,289,131,0,-74,100.0 %,83.3 %
SPTL,21d RSI SPTL LT36 - L SPTL,0.8 %,6.1 %,386,3057,100.0 %,7.1 %,0.8 %,85.6 %,0.0 %,-1.0 %,1,7,0.1,0.6,100.0 %,100.0 %,,,386,426,0.8 %,0.8 %,5,1.6,0,0,1,7,0,0,1,6,0,0,1,4,,,1,7,,,0,4.5,0,0,0.0 %,0.0 %,0,0,0.0 %,0.0 %,0,0,0.0 %,0.0 %,100.0 %,100.0 %,100.0 %,100.0 %,100.0 %,100.0 %,386,426,0,0,100.0 %,100.0 %
SPTM,7d RSI SPTM LT22 - L SPTM,3.5 %,7.9 %,1747,3966,53.3 %,5.2 %,6.6 %,153.8 %,0.0 %,-0.8 %,2,3,0.2,0.2,50.0 %,100.0 %,1.9,,874,1289,1.7 %,2.6 %,7,3.3,1,0,1,3,1,0,1,3,1,0,1,3,1,,1,3,1.9,,0.4,12.1,-3880,0,-3.9 %,0.0 %,-3880,0,-3.9 %,0.0 %,-3880,0,-3.9 %,0.0 %,50.0 %,100.0 %,50.0 %,100.0 %,50.0 %,100.0 %,3687,1289,-1940,0,50.0 %,100.0 %
SPTS,8d RSI SPTS LT43 - L SPTS,0.7 %,2.1 %,356,1055,8.0 %,27.0 %,8.9 %,7.8 %,0.0 %,-0.2 %,5,18,0.4,1.5,100.0 %,77.8 %,,8.5,71,58,0.1 %,0.1 %,2.4,2.8,0,3,5,10,0,3,5,12,0,0,5,7,,3.5,5,14,,29.8,5.2,5.6,0,0,0.0 %,0.0 %,0,0,0.0 %,0.0 %,0,0,0.0 %,0.0 %,100.0 %,77.8 %,100.0 %,77.8 %,100.0 %,82.3 %,71,77,0,-9,100.0 %,100.0 %
SPXL,7d RSI SPXL LT22 - L SPXL,8.5 %,21.9 %,4240,10940,53.3 %,5.6 %,15.9 %,393.8 %,0.0 %,-3.5 %,2,3,0.2,0.2,50.0 %,100.0 %,1.7,,2120,3423,4.2 %,6.8 %,7,3.7,1,0,1,3,1,0,1,3,1,0,1,3,1,,1,3,1.7,,0.4,4.9,-12317,0,-12.3 %,0.0 %,-12317,0,-12.3 %,0.0 %,-12317,0,-12.3 %,0.0 %,50.0 %,100.0 %,50.0 %,100.0 %,50.0 %,100.0 %,10398,3423,-6158,0,50.0 %,100.0 %
SPXS,5d RSI SPXS LT10 - L SPXS,6.2 %,7.4 %,3112,3709,100.0 %,7.1 %,6.2 %,103.8 %,0.0 %,-4.3 %,1,3,0.1,0.2,100.0 %,100.0 %,,,3112,1207,6.2 %,2.4 %,2,5,0,0,1,3,0,0,1,3,0,0,1,3,,,1,3,,,0,9.1,0,0,0.0 %,0.0 %,0,0,0.0 %,0.0 %,0,0,0.0 %,0.0 %,100.0 %,100.0 %,100.0 %,100.0 %,100.0 %,100.0 %,3112,1207,0,0,100.0 %,100.0 %
SPXU,4d RSI SPXU LT10 - L SPXU,5.7 %,7.3 %,2831,3647,21.8 %,5.6 %,26.0 %,131.3 %,0.0 %,-2.1 %,3,3,0.2,0.2,100.0 %,100.0 %,,,944,1188,1.9 %,2.4 %,2.7,3.7,0,0,3,3,0,0,3,3,0,0,2,3,,,3,3,,,4.4,9.8,0,0,0.0 %,0.0 %,0,0,0.0 %,0.0 %,0,0,0.0 %,0.0 %,100.0 %,100.0 %,100.0 %,100.0 %,100.0 %,100.0 %,944,1188,0,0,100.0 %,100.0 %
SPY,3d RSI SPY LT10 - L SPY,7.8 %,5.5 %,3892,2740,13.1 %,5.6 %,59.5 %,98.7 %,0.0 %,-1.1 %,5,4,0.4,0.3,80.0 %,100.0 %,0.6,,778,671,1.6 %,1.3 %,4.6,2.5,1,0,4,4,1,0,4,4,1,0,4,4,4,,4,4,2.5,,0.8,17.2,-5289,0,-5.3 %,0.0 %,-5289,0,-5.3 %,0.0 %,-5289,0,-5.3 %,0.0 %,80.0 %,100.0 %,80.0 %,100.0 %,80.0 %,100.0 %,1634,671,-2645,0,80.0 %,100.0 %
SPYD,12d RSI SPYD LT33 - L SPYD,5.4 %,0.9 %,2723,473,6.1 %,5.2 %,89.7 %,18.4 %,0.0 %,-4.3 %,4,4,0.3,0.3,100.0 %,75.0 %,,0.5,681,126,1.4 %,0.2 %,2.2,2.2,0,1,4,2,0,1,4,2,0,1,4,1,,3,4,3,,1.4,3.6,0.3,0,-1240,0.0 %,-2.5 %,0,-1240,0.0 %,-2.5 %,0,-689,0.0 %,-1.4 %,100.0 %,75.0 %,100.0 %,75.0 %,100.0 %,75.0 %,681,581,0,-1240,100.0 %,50.0 %
SPYG,5d RSI SPYG LT20 - L SPYG,4.9 %,14.0 %,2471,6984,9.3 %,7.5 %,53.1 %,185.2 %,0.0 %,-2.1 %,3,5,0.2,0.4,66.7 %,100.0 %,0.8,,824,1326,1.6 %,2.6 %,5.7,2.8,1,0,2,5,1,0,2,5,1,0,2,5,2,,2,5,1.6,,0.4,9,-7964,0,-8.0 %,0.0 %,-7964,0,-8.0 %,0.0 %,-7964,0,-8.0 %,0.0 %,66.7 %,100.0 %,66.7 %,100.0 %,66.7 %,100.0 %,3227,1326,-3982,0,66.7 %,100.0 %
SPYV,20d RSI SPYV LT41 - L SPYV,0.6 %,0.3 %,281,163,30.8 %,5.2 %,1.8 %,6.3 %,-1.4 %,-3.0 %,5,2,0.4,0.2,60.0 %,50.0 %,0.9,1.6,56,83,0.1 %,0.2 %,3.4,4,1,1,2,1,1,1,3,1,1,1,2,1,1.5,1,3,1,1.3,1.6,0.2,0.3,-1348,-284,-1.3 %,-0.6 %,-598,-284,-0.6 %,-0.6 %,-598,-284,-0.6 %,-0.6 %,60.0 %,50.0 %,60.0 %,50.0 %,75.0 %,50.0 %,418,450,-486,-284,66.7 %,50.0 %
SPYX,3d RSI SPYX LT10 - L SPYX,7.2 %,4.0 %,3597,2023,13.1 %,5.2 %,55.0 %,78.4 %,0.0 %,-1.2 %,5,4,0.4,0.3,80.0 %,75.0 %,0.6,53.5,719,499,1.4 %,1.0 %,4.6,2.2,1,1,4,3,1,1,4,3,1,1,4,3,4,3,4,3,2.3,160.6,0.7,3.3,-5475,-13,-5.5 %,-0.0 %,-5475,-13,-5.5 %,-0.0 %,-5475,-13,-5.5 %,-0.0 %,80.0 %,75.0 %,80.0 %,75.0 %,80.0 %,75.0 %,1584,670,-2737,-13,80.0 %,75.0 %
SQQQ,18d RSI SQQQ LT30 - L SQQQ,3.2 %,9.6 %,1576,4794,100.0 %,6.3 %,3.2 %,151.0 %,0.0 %,-6.6 %,1,4,0.1,0.3,100.0 %,75.0 %,,1.6,1576,1192,3.2 %,2.4 %,2,3,0,1,1,2,0,1,1,2,0,1,1,1,,3,1,3,,4.7,0,1.3,0,-1287,0.0 %,-2.6 %,0,-1287,0.0 %,-2.6 %,0,-1287,0.0 %,-2.6 %,100.0 %,75.0 %,100.0 %,75.0 %,100.0 %,75.0 %,1576,2019,0,-1287,100.0 %,66.7 %
SRLN,3d RSI SRLN LT11 - L SRLN,-0.4 %,1.0 %,-190,484,14.2 %,5.2 %,-2.7 %,18.8 %,-0.2 %,-0.2 %,3,2,0.2,0.2,33.3 %,100.0 %,0.4,,-63,241,-0.1 %,0.5 %,6.7,5.5,1,0,1,2,1,0,1,2,1,0,1,2,0.5,,1,2,0.2,,-1.3,16.2,-261,0,-0.3 %,0.0 %,-261,0,-0.3 %,0.0 %,-261,0,-0.3 %,0.0 %,33.3 %,100.0 %,33.3 %,100.0 %,33.3 %,100.0 %,53,241,-122,0,33.3 %,100.0 %
SRTY,21d RSI SRTY LT35 - L SRTY,16.0 %,17.4 %,8025,8726,17.4 %,7.1 %,92.3 %,244.3 %,0.0 %,-12.7 %,4,5,0.3,0.4,100.0 %,60.0 %,,5.4,2006,1685,4.0 %,3.4 %,1.8,2.6,0,1,4,2,0,1,3,2,0,0,3,3,,1.5,4,3,,8.1,17,1.6,0,-1061,0.0 %,-2.1 %,0,-1061,0.0 %,-2.1 %,0,0,0.0 %,0.0 %,100.0 %,60.0 %,100.0 %,60.0 %,100.0 %,60.0 %,2006,3205,0,-595,100.0 %,100.0 %
SSO,7d RSI SSO LT22 - L SSO,6.6 %,14.8 %,3277,7392,53.3 %,5.2 %,12.3 %,286.6 %,0.0 %,-2.2 %,2,3,0.2,0.2,50.0 %,100.0 %,1.8,,1638,2358,3.3 %,4.7 %,7,3.3,1,0,1,3,1,0,1,3,1,0,1,3,1,,1,3,1.8,,0.4,5,-8003,0,-8.0 %,0.0 %,-8003,0,-8.0 %,0.0 %,-8003,0,-8.0 %,0.0 %,50.0 %,100.0 %,50.0 %,100.0 %,50.0 %,100.0 %,7278,2358,-4001,0,50.0 %,100.0 %
STIP,18d RSI STIP LT47 - L STIP,0.4 %,0.9 %,201,443,25.8 %,8.3 %,1.6 %,10.6 %,0.0 %,-0.2 %,3,6,0.2,0.5,100.0 %,100.0 %,,,67,74,0.1 %,0.1 %,1.7,2.5,0,0,3,6,0,0,3,6,0,0,3,4,,,3,6,,,7.2,9.8,0,0,0.0 %,0.0 %,0,0,0.0 %,0.0 %,0,0,0.0 %,0.0 %,100.0 %,100.0 %,100.0 %,100.0 %,100.0 %,100.0 %,67,74,0,0,100.0 %,100.0 %
SUSB,21d RSI SUSB LT44 - L SUSB,0.9 %,1.7 %,446,852,9.0 %,9.9 %,10.0 %,17.2 %,0.0 %,-0.2 %,2,6,0.2,0.5,100.0 %,100.0 %,,,223,141,0.4 %,0.3 %,2,3.2,0,0,2,6,0,0,2,6,0,0,2,3,,,2,6,,,34.1,4.4,0,0,0.0 %,0.0 %,0,0,0.0 %,0.0 %,0,0,0.0 %,0.0 %,100.0 %,100.0 %,100.0 %,100.0 %,100.0 %,100.0 %,223,141,0,0,100.0 %,100.0 %
SUSC,20d RSI SUSC LT38 - L SUSC,0.9 %,2.4 %,465,1214,17.1 %,7.9 %,5.4 %,30.6 %,0.0 %,-0.5 %,2,7,0.2,0.6,100.0 %,100.0 %,,,233,172,0.5 %,0.3 %,4.5,1.9,0,0,2,7,0,0,2,6,0,0,2,4,,,2,7,,,467.5,8.7,0,0,0.0 %,0.0 %,0,0,0.0 %,0.0 %,0,0,0.0 %,0.0 %,100.0 %,100.0 %,100.0 %,100.0 %,100.0 %,100.0 %,233,172,0,0,100.0 %,100.0 %
TAN,21d RSI TAN LT38 - L TAN,-4.0 %,13.3 %,-2008,6644,100.0 %,5.2 %,-4.0 %,257.6 %,0.0 %,-3.6 %,1,5,0.1,0.4,0.0 %,100.0 %,0,,-2008,1264,-4.0 %,2.5 %,5,1.6,1,0,0,5,1,0,0,5,1,0,0,5,0,,0,5,0,,0,8.3,-4017,0,-4.0 %,0.0 %,-4017,0,-4.0 %,0.0 %,-4017,0,-4.0 %,0.0 %,0.0 %,100.0 %,0.0 %,100.0 %,0.0 %,100.0 %,0,1264,-2008,0,0.0 %,100.0 %
TBLL,3d RSI TBLL LT69 - L TBLL,0.2 %,0.7 %,94,360,22.2 %,10.7 %,0.8 %,6.7 %,0.0 %,-0.1 %,3,9,0.2,0.8,100.0 %,100.0 %,,,31,40,0.1 %,0.1 %,2.3,2,0,0,3,9,0,0,3,9,0,0,3,7,,,3,9,,,6.4,6,0,0,0.0 %,0.0 %,0,0,0.0 %,0.0 %,0,0,0.0 %,0.0 %,100.0 %,100.0 %,100.0 %,100.0 %,100.0 %,100.0 %,31,40,0,0,100.0 %,100.0 %
TBT,14d RSI TBT LT36 - L TBT,6.6 %,10.4 %,3287,5198,16.9 %,7.1 %,38.8 %,145.5 %,-1.7 %,-3.4 %,6,6,0.5,0.5,66.7 %,83.3 %,2.1,5.1,548,834,1.1 %,1.7 %,4,2,1,1,2,4,1,1,2,4,0,0,4,3,2,5,4,5,4.2,25.7,1.2,3.9,-1795,-202,-1.8 %,-0.4 %,-1795,-202,-1.8 %,-0.4 %,0,0,0.0 %,0.0 %,66.7 %,83.3 %,66.7 %,83.3 %,66.7 %,83.3 %,1080,1041,-517,-202,100.0 %,100.0 %
TDIV,3d RSI TDIV LT14 - L TDIV,8.9 %,11.6 %,4467,5777,13.4 %,8.7 %,66.7 %,132.3 %,0.0 %,-1.4 %,7,6,0.6,0.5,100.0 %,100.0 %,,,638,921,1.3 %,1.8 %,3,2.7,0,0,7,6,0,0,7,6,0,0,5,6,,,7,6,,,3.7,5.4,0,0,0.0 %,0.0 %,0,0,0.0 %,0.0 %,0,0,0.0 %,0.0 %,100.0 %,100.0 %,100.0 %,100.0 %,100.0 %,100.0 %,638,921,0,0,100.0 %,100.0 %
TDTT,17d RSI TDTT LT41 - L TDTT,0.2 %,0.6 %,83,311,100.0 %,7.1 %,0.2 %,8.7 %,0.0 %,-0.3 %,1,4,0.1,0.3,100.0 %,100.0 %,,,83,78,0.2 %,0.2 %,1,3.5,0,0,1,4,0,0,1,4,0,0,1,2,,,1,4,,,0,4.7,0,0,0.0 %,0.0 %,0,0,0.0 %,0.0 %,0,0,0.0 %,0.0 %,100.0 %,100.0 %,100.0 %,100.0 %,100.0 %,100.0 %,83,78,0,0,100.0 %,100.0 %
TECL,3d RSI TECL LT13 - L TECL,10.9 %,28.1 %,5439,14041,16.7 %,9.5 %,65.0 %,294.9 %,0.0 %,-7.1 %,7,6,0.6,0.5,85.7 %,100.0 %,0.2,,777,2126,1.6 %,4.2 %,4,3,1,0,6,6,1,0,6,6,1,0,5,5,6,,6,6,1.5,,0.4,3.5,-23499,0,-23.5 %,0.0 %,-23499,0,-23.5 %,0.0 %,-23499,0,-23.5 %,0.0 %,85.7 %,100.0 %,85.7 %,100.0 %,85.7 %,100.0 %,2865,2126,-11750,0,83.3 %,100.0 %
TECS,19d RSI TECS LT31 - L TECS,31.3 %,7.3 %,15655,3647,31.4 %,7.1 %,99.7 %,102.1 %,0.0 %,-8.4 %,8,4,0.7,0.3,100.0 %,50.0 %,,2.7,1957,938,3.9 %,1.9 %,2.2,3.5,0,1,8,1,0,1,7,1,0,1,3,1,,1,8,2,,2.7,3.2,0.8,0,-1177,0.0 %,-2.4 %,0,-1177,0.0 %,-2.4 %,0,-1177,0.0 %,-2.4 %,100.0 %,50.0 %,100.0 %,50.0 %,100.0 %,50.0 %,1957,2977,0,-1100,100.0 %,66.7 %
TFI,15d RSI TFI LT32 - L TFI,0.8 %,2.8 %,410,1414,15.4 %,9.5 %,5.3 %,29.7 %,-0.0 %,-0.4 %,3,7,0.2,0.6,66.7 %,100.0 %,18.3,,137,200,0.3 %,0.4 %,2.3,2.4,1,0,1,7,1,0,1,5,1,0,1,5,2,,2,7,36.6,,1.9,11.4,-23,0,-0.0 %,0.0 %,-23,0,-0.0 %,0.0 %,-23,0,-0.0 %,0.0 %,66.7 %,100.0 %,66.7 %,100.0 %,66.7 %,100.0 %,211,200,-12,0,66.7 %,100.0 %
TFLO,3d RSI TFLO LT70 - L TFLO,1.0 %,0.5 %,488,224,26.6 %,7.9 %,3.7 %,5.7 %,0.0 %,-0.0 %,17,7,1.4,0.6,100.0 %,100.0 %,,,29,32,0.1 %,0.1 %,2,1.9,0,0,17,7,0,0,16,7,0,0,9,4,,,17,7,,,10.3,4.9,0,0,0.0 %,0.0 %,0,0,0.0 %,0.0 %,0,0,0.0 %,0.0 %,100.0 %,100.0 %,100.0 %,100.0 %,100.0 %,100.0 %,29,32,0,0,100.0 %,100.0 %
THD,13d RSI THD LT35 - L THD,5.1 %,6.9 %,2535,3467,13.4 %,14.3 %,37.8 %,48.5 %,-0.9 %,-2.9 %,9,12,0.8,1,77.8 %,83.3 %,1.1,0.7,282,283,0.6 %,0.6 %,2.3,2,1,1,3,6,1,1,3,8,1,1,2,5,3.5,5,7,10,3.8,3.4,1.8,1.9,-969,-1053,-1.0 %,-2.1 %,-969,-1053,-1.0 %,-2.1 %,-814,-256,-0.8 %,-0.5 %,77.8 %,83.3 %,77.8 %,83.3 %,77.8 %,90.0 %,489,483,-446,-717,66.7 %,83.3 %
TIP,11d RSI TIP LT35 - L TIP,0.8 %,2.0 %,393,991,7.1 %,12.3 %,11.0 %,16.1 %,0.0 %,-0.7 %,2,9,0.2,0.8,100.0 %,77.8 %,,5.1,197,109,0.4 %,0.2 %,1.5,2.4,0,1,2,3,0,1,2,3,0,1,2,4,,3.5,2,7,,17.9,4.3,3.3,0,-53,0.0 %,-0.1 %,0,-53,0.0 %,-0.1 %,0,-34,0.0 %,-0.1 %,100.0 %,77.8 %,100.0 %,77.8 %,100.0 %,77.8 %,197,149,0,-29,100.0 %,80.0 %
TLH,4d RSI TLH LT16 - L TLH,2.7 %,1.9 %,1342,940,9.4 %,10.7 %,28.6 %,17.5 %,0.0 %,-2.5 %,3,7,0.2,0.6,100.0 %,71.4 %,,0.8,447,136,0.9 %,0.3 %,2,2.9,0,1,3,4,0,1,3,4,0,2,2,4,,2.5,3,5,,1.9,10.3,0.7,0,-744,0.0 %,-1.5 %,0,-744,0.0 %,-1.5 %,0,-766,0.0 %,-1.5 %,100.0 %,71.4 %,100.0 %,71.4 %,100.0 %,71.4 %,447,392,0,-506,100.0 %,66.7 %
TLT,17d RSI TLT LT34 - L TLT,1.0 %,6.9 %,490,3451,100.0 %,7.5 %,1.0 %,91.5 %,0.0 %,-1.0 %,1,7,0.1,0.6,100.0 %,100.0 %,,,490,480,1.0 %,1.0 %,5,1.7,0,0,1,7,0,0,1,7,0,0,1,4,,,1,7,,,0,4.6,0,0,0.0 %,0.0 %,0,0,0.0 %,0.0 %,0,0,0.0 %,0.0 %,100.0 %,100.0 %,100.0 %,100.0 %,100.0 %,100.0 %,490,480,0,0,100.0 %,100.0 %
TMF,20d RSI TMF LT34 - L TMF,2.4 %,16.6 %,1184,8287,100.0 %,6.3 %,2.4 %,261.0 %,0.0 %,-3.1 %,1,6,0.1,0.5,100.0 %,100.0 %,,,1184,1301,2.4 %,2.6 %,5,1.7,0,0,1,6,0,0,1,6,0,0,1,4,,,1,6,,,0,3.7,0,0,0.0 %,0.0 %,0,0,0.0 %,0.0 %,0,0,0.0 %,0.0 %,100.0 %,100.0 %,100.0 %,100.0 %,100.0 %,100.0 %,1184,1301,0,0,100.0 %,100.0 %
TMV,12d RSI TMV LT34 - L TMV,16.4 %,16.8 %,8194,8417,16.2 %,6.0 %,101.0 %,282.8 %,-1.3 %,-5.1 %,6,5,0.5,0.4,83.3 %,80.0 %,2.5,8.2,1366,1591,2.7 %,3.2 %,4.2,2,1,1,4,3,1,1,4,3,0,0,5,3,5,4,5,4,12.4,32.8,2.1,3.5,-1440,-250,-1.4 %,-0.5 %,-1440,-250,-1.4 %,-0.5 %,0,0,0.0 %,0.0 %,83.3 %,80.0 %,83.3 %,80.0 %,83.3 %,80.0 %,1783,2051,-720,-250,100.0 %,100.0 %
TNA,4d RSI TNA LT14 - L TNA,12.8 %,16.6 %,6380,8284,12.7 %,7.1 %,100.6 %,231.9 %,0.0 %,-4.4 %,4,4,0.3,0.3,75.0 %,100.0 %,0.5,,1595,1967,3.2 %,3.9 %,5.2,3.5,1,0,3,4,1,0,3,4,1,0,3,4,3,,3,4,1.6,,0.5,3.3,-20509,0,-20.5 %,0.0 %,-20509,0,-20.5 %,0.0 %,-20509,0,-20.5 %,0.0 %,75.0 %,100.0 %,75.0 %,100.0 %,75.0 %,100.0 %,5545,1967,-10254,0,75.0 %,100.0 %
TOTL,10d RSI TOTL LT24 - L TOTL,0.5 %,2.4 %,258,1212,100.0 %,6.8 %,0.5 %,35.9 %,0.0 %,-1.1 %,1,3,0.1,0.2,100.0 %,100.0 %,,,258,402,0.5 %,0.8 %,3,4.7,0,0,1,3,0,0,1,3,0,0,1,3,,,1,3,,,0,1.7,0,0,0.0 %,0.0 %,0,0,0.0 %,0.0 %,0,0,0.0 %,0.0 %,100.0 %,100.0 %,100.0 %,100.0 %,100.0 %,100.0 %,258,402,0,0,100.0 %,100.0 %
TQQQ,4d RSI TQQQ LT15 - L TQQQ,25.5 %,37.1 %,12732,18576,13.1 %,6.3 %,194.6 %,585.1 %,0.0 %,-6.3 %,5,5,0.4,0.4,80.0 %,100.0 %,0.6,,2546,3265,5.1 %,6.5 %,4.6,2.2,1,0,4,5,1,0,4,5,1,0,4,4,4,,4,5,2.3,,0.7,11.8,-20250,0,-20.2 %,0.0 %,-20250,0,-20.2 %,0.0 %,-20250,0,-20.2 %,0.0 %,80.0 %,100.0 %,80.0 %,100.0 %,80.0 %,100.0 %,5714,3265,-10125,0,80.0 %,100.0 %
TSL,19d RSI TSL LT31 - L TSL,-15.3 %,12.4 %,-7645,6197,100.0 %,5.6 %,-15.3 %,223.1 %,0.0 %,-10.8 %,1,4,0.1,0.3,0.0 %,75.0 %,0,1.2,-7645,1543,-15.3 %,3.1 %,9,2.5,1,1,0,2,1,1,0,2,1,1,0,2,0,3,0,3,0,3.7,0,1.2,-15290,-2281,-15.3 %,-4.6 %,-15290,-2281,-15.3 %,-4.6 %,-15290,-2281,-15.3 %,-4.6 %,0.0 %,75.0 %,0.0 %,75.0 %,0.0 %,75.0 %,0,2818,-7645,-2281,0.0 %,75.0 %
TUR,13d RSI TUR LT29 - L TUR,3.1 %,6.8 %,1567,3399,100.0 %,5.6 %,3.1 %,122.4 %,0.0 %,-1.7 %,1,5,0.1,0.4,100.0 %,100.0 %,,,1567,664,3.1 %,1.3 %,1,1.8,0,0,1,5,0,0,1,5,0,0,1,2,,,1,5,,,0,3.8,0,0,0.0 %,0.0 %,0,0,0.0 %,0.0 %,0,0,0.0 %,0.0 %,100.0 %,100.0 %,100.0 %,100.0 %,100.0 %,100.0 %,1567,664,0,0,100.0 %,100.0 %
TWM,20d RSI TWM LT35 - L TWM,10.7 %,9.3 %,5328,4630,17.4 %,7.5 %,61.3 %,122.8 %,0.0 %,-8.5 %,4,5,0.3,0.4,100.0 %,60.0 %,,5.2,1332,912,2.7 %,1.8 %,1.8,2.8,0,1,4,2,0,1,3,2,0,0,3,3,,1.5,4,3,,7.9,17.7,1.5,0,-665,0.0 %,-1.3 %,0,-665,0.0 %,-1.3 %,0,0,0.0 %,0.0 %,100.0 %,60.0 %,100.0 %,60.0 %,100.0 %,60.0 %,1332,1742,0,-333,100.0 %,100.0 %
TZA,21d RSI TZA LT36 - L TZA,0.7 %,19.5 %,372,9752,41.4 %,9.5 %,1.8 %,204.8 %,-5.3 %,-12.8 %,5,6,0.4,0.5,60.0 %,66.7 %,0.8,4.3,74,1546,0.1 %,3.1 %,4.6,3,2,1,2,2,2,1,1,2,2,0,1,4,1.5,2,3,4,1.1,8.7,0.1,1.9,-5541,-1161,-5.5 %,-2.3 %,-5541,-1161,-5.5 %,-2.3 %,-5541,0,-5.5 %,0.0 %,60.0 %,66.7 %,60.0 %,66.7 %,50.0 %,66.7 %,1048,2622,-1385,-605,50.0 %,100.0 %
UAE,11d RSI UAE LT37 - L UAE,2.9 %,10.6 %,1431,5292,20.7 %,16.3 %,13.8 %,65.0 %,-1.6 %,-3.1 %,8,10,0.7,0.8,62.5 %,80.0 %,1.4,2.2,179,508,0.4 %,1.0 %,3.6,3.1,2,2,4,5,2,2,3,4,2,0,3,7,1.7,4,5,8,2.4,8.7,1.1,3.2,-1676,-661,-1.7 %,-1.3 %,-1676,-661,-1.7 %,-1.3 %,-481,0,-0.5 %,0.0 %,62.5 %,80.0 %,62.5 %,80.0 %,57.1 %,77.8 %,496,718,-350,-331,60.0 %,100.0 %
UBND,8d RSI UBND LT23 - L UBND,0.7 %,1.5 %,349,767,100.0 %,5.2 %,0.7 %,29.7 %,0.0 %,-0.3 %,1,5,0.1,0.4,100.0 %,100.0 %,,,349,153,0.7 %,0.3 %,2,1.6,0,0,1,5,0,0,1,5,0,0,1,3,,,1,5,,,0,4.2,0,0,0.0 %,0.0 %,0,0,0.0 %,0.0 %,0,0,0.0 %,0.0 %,100.0 %,100.0 %,100.0 %,100.0 %,100.0 %,100.0 %,349,153,0,0,100.0 %,100.0 %
UCO,11d RSI UCO LT30 - L UCO,7.0 %,23.7 %,3481,11831,9.7 %,6.8 %,71.7 %,350.8 %,-3.3 %,-2.5 %,5,5,0.4,0.4,60.0 %,100.0 %,2,,696,2182,1.4 %,4.4 %,3,2.4,2,0,2,5,2,0,2,5,2,0,1,5,1.5,,3,5,3,,1.1,4.3,-3534,0,-3.5 %,0.0 %,-3534,0,-3.5 %,0.0 %,-3534,0,-3.5 %,0.0 %,60.0 %,100.0 %,60.0 %,100.0 %,60.0 %,100.0 %,1749,2182,-883,0,50.0 %,100.0 %
UDN,12d RSI UDN LT29 - L UDN,0.5 %,2.2 %,252,1105,100.0 %,6.3 %,0.5 %,34.8 %,0.0 %,-0.4 %,1,6,0.1,0.5,100.0 %,100.0 %,,,252,183,0.5 %,0.4 %,2,1.7,0,0,1,6,0,0,1,6,0,0,1,4,,,1,6,,,0,4,0,0,0.0 %,0.0 %,0,0,0.0 %,0.0 %,0,0,0.0 %,0.0 %,100.0 %,100.0 %,100.0 %,100.0 %,100.0 %,100.0 %,252,183,0,0,100.0 %,100.0 %
UDOW,16d RSI UDOW LT39 - L UDOW,5.3 %,27.6 %,2673,13778,16.9 %,9.9 %,31.7 %,277.8 %,-12.4 %,-3.0 %,8,5,0.7,0.4,50.0 %,100.0 %,1.3,,334,2506,0.7 %,5.0 %,3.6,3.6,2,0,2,5,2,0,3,5,2,0,2,4,1,,4,5,1.3,,0.3,5,-12874,0,-12.9 %,0.0 %,-12874,0,-12.9 %,0.0 %,-10057,0,-10.1 %,0.0 %,50.0 %,100.0 %,50.0 %,100.0 %,57.1 %,100.0 %,2600,2506,-1932,0,50.0 %,100.0 %
UGL,3d RSI UGL LT11 - L UGL,12.3 %,10.6 %,6128,5310,7.1 %,6.3 %,171.6 %,167.2 %,0.0 %,-1.6 %,3,5,0.2,0.4,100.0 %,100.0 %,,,2043,1021,4.1 %,2.0 %,1.3,2.2,0,0,3,5,0,0,3,5,0,0,3,4,,,3,5,,,2.6,5.8,0,0,0.0 %,0.0 %,0,0,0.0 %,0.0 %,0,0,0.0 %,0.0 %,100.0 %,100.0 %,100.0 %,100.0 %,100.0 %,100.0 %,2043,1021,0,0,100.0 %,100.0 %
UITB,5d RSI UITB LT23 - L UITB,1.2 %,2.9 %,587,1465,6.4 %,15.1 %,18.3 %,19.4 %,0.0 %,-1.1 %,4,11,0.3,0.9,75.0 %,72.7 %,17.4,4.4,147,132,0.3 %,0.3 %,2.2,2.5,1,2,3,6,1,2,3,6,1,1,3,5,3,2.7,3,8,52.1,11.7,2.9,3.2,-23,-90,-0.0 %,-0.2 %,-23,-90,-0.0 %,-0.2 %,-23,-90,-0.0 %,-0.2 %,75.0 %,72.7 %,75.0 %,72.7 %,75.0 %,72.7 %,199,198,-11,-45,75.0 %,87.5 %
ULST,11d RSI ULST LT50 - L ULST,1.1 %,1.0 %,558,496,26.0 %,6.3 %,4.3 %,15.6 %,0.0 %,-0.1 %,3,5,0.2,0.4,100.0 %,100.0 %,,,186,99,0.4 %,0.2 %,3.3,2.2,0,0,3,5,0,0,3,5,0,0,3,5,,,3,5,,,3.2,3.3,0,0,0.0 %,0.0 %,0,0,0.0 %,0.0 %,0,0,0.0 %,0.0 %,100.0 %,100.0 %,100.0 %,100.0 %,100.0 %,100.0 %,186,99,0,0,100.0 %,100.0 %
UNG,14d RSI UNG LT33 - L UNG,11.3 %,16.4 %,5641,8216,20.4 %,9.5 %,55.2 %,172.5 %,0.0 %,-10.0 %,5,6,0.4,0.5,80.0 %,100.0 %,1.7,,1128,1286,2.3 %,2.6 %,2.8,3,1,0,4,6,1,0,4,6,1,0,1,4,4,,4,6,6.6,,2.1,7.3,-1998,0,-2.0 %,0.0 %,-1998,0,-2.0 %,0.0 %,-1998,0,-2.0 %,0.0 %,80.0 %,100.0 %,80.0 %,100.0 %,80.0 %,100.0 %,1660,1286,-999,0,50.0 %,100.0 %
UNL,7d RSI UNL LT20 - L UNL,-4.5 %,10.2 %,-2268,5125,100.0 %,5.2 %,-4.5 %,198.7 %,0.0 %,-4.9 %,1,4,0.1,0.3,0.0 %,100.0 %,0,,-2268,1238,-4.5 %,2.5 %,12,2.2,1,0,0,4,1,0,0,4,1,0,0,3,0,,0,4,0,,0,4.2,-4535,0,-4.5 %,0.0 %,-4535,0,-4.5 %,0.0 %,-4535,0,-4.5 %,0.0 %,0.0 %,100.0 %,0.0 %,100.0 %,0.0 %,100.0 %,0,1238,-2268,0,0.0 %,100.0 %
UPRO,7d RSI UPRO LT22 - L UPRO,8.3 %,22.2 %,4128,11113,53.3 %,5.6 %,15.5 %,400.1 %,0.0 %,-3.4 %,2,3,0.2,0.2,50.0 %,100.0 %,1.7,,2064,3473,4.1 %,7.0 %,7,3.7,1,0,1,3,1,0,1,3,1,0,1,3,1,,1,3,1.7,,0.4,5,-12176,0,-12.2 %,0.0 %,-12176,0,-12.2 %,0.0 %,-12176,0,-12.2 %,0.0 %,50.0 %,100.0 %,50.0 %,100.0 %,50.0 %,100.0 %,10216,3473,-6088,0,50.0 %,100.0 %
URA,8d RSI URA LT23 - L URA,13.4 %,2.9 %,6685,1468,28.1 %,5.2 %,47.5 %,56.9 %,0.0 %,-3.2 %,3,2,0.2,0.2,100.0 %,100.0 %,,,2228,730,4.5 %,1.5 %,2,1,0,0,3,2,0,0,3,2,0,0,3,2,,,3,2,,,4.5,2.8,0,0,0.0 %,0.0 %,0,0,0.0 %,0.0 %,0,0,0.0 %,0.0 %,100.0 %,100.0 %,100.0 %,100.0 %,100.0 %,100.0 %,2228,730,0,0,100.0 %,100.0 %
URTH,6d RSI URTH LT20 - L URTH,9.6 %,5.7 %,4777,2824,6.2 %,5.2 %,153.7 %,109.5 %,0.0 %,-0.9 %,3,3,0.2,0.2,100.0 %,100.0 %,,,1592,927,3.2 %,1.9 %,3,3.3,0,0,3,3,0,0,3,3,0,0,3,3,,,3,3,,,2.2,2.8,0,0,0.0 %,0.0 %,0,0,0.0 %,0.0 %,0,0,0.0 %,0.0 %,100.0 %,100.0 %,100.0 %,100.0 %,100.0 %,100.0 %,1592,927,0,0,100.0 %,100.0 %
URTY,4d RSI URTY LT14 - L URTY,12.9 %,16.3 %,6436,8155,12.7 %,7.1 %,101.4 %,228.3 %,0.0 %,-4.5 %,4,4,0.3,0.3,75.0 %,100.0 %,0.5,,1609,1937,3.2 %,3.9 %,5.2,3.5,1,0,3,4,1,0,3,4,1,0,3,4,3,,3,4,1.6,,0.5,3.4,-20390,0,-20.4 %,0.0 %,-20390,0,-20.4 %,0.0 %,-20390,0,-20.4 %,0.0 %,75.0 %,100.0 %,75.0 %,100.0 %,75.0 %,100.0 %,5544,1937,-10195,0,75.0 %,100.0 %
USD,4d RSI USD LT15 - L USD,31.9 %,55.7 %,15966,27835,4.3 %,5.6 %,746.4 %,1002.1 %,0.0 %,-5.9 %,2,4,0.2,0.3,100.0 %,100.0 %,,,7983,5896,16.0 %,11.8 %,3,2.5,0,0,2,4,0,0,2,4,0,0,2,3,,,2,4,,,4.8,5.1,0,0,0.0 %,0.0 %,0,0,0.0 %,0.0 %,0,0,0.0 %,0.0 %,100.0 %,100.0 %,100.0 %,100.0 %,100.0 %,100.0 %,7983,5896,0,0,100.0 %,100.0 %
USDU,3d RSI USDU LT12 - L USDU,2.8 %,1.5 %,1411,756,12.8 %,8.3 %,22.1 %,18.1 %,-0.3 %,-2.1 %,6,5,0.5,0.4,83.3 %,80.0 %,2,1.5,235,151,0.5 %,0.3 %,3.5,3.2,1,1,3,4,1,1,3,4,0,1,5,4,5,4,5,4,10,6.2,2.2,2,-315,-146,-0.3 %,-0.3 %,-315,-146,-0.3 %,-0.3 %,0,-146,0.0 %,-0.3 %,83.3 %,80.0 %,83.3 %,80.0 %,83.3 %,80.0 %,314,225,-157,-146,100.0 %,80.0 %
USFR,3d RSI USFR LT70 - L USFR,1.1 %,0.5 %,543,224,26.7 %,8.7 %,4.1 %,5.1 %,0.0 %,-0.1 %,14,8,1.2,0.7,100.0 %,100.0 %,,,39,28,0.1 %,0.1 %,3.2,1.8,0,0,14,8,0,0,13,8,0,0,9,6,,,14,8,,,5.9,15.3,0,0,0.0 %,0.0 %,0,0,0.0 %,0.0 %,0,0,0.0 %,0.0 %,100.0 %,100.0 %,100.0 %,100.0 %,100.0 %,100.0 %,39,28,0,0,100.0 %,100.0 %
USHY,4d RSI USHY LT13 - L USHY,2.6 %,1.5 %,1325,730,5.8 %,6.0 %,45.3 %,24.5 %,0.0 %,-0.3 %,3,3,0.2,0.2,100.0 %,100.0 %,,,442,242,0.9 %,0.5 %,2,4,0,0,3,3,0,0,3,3,0,0,3,3,,,3,3,,,3.7,5.1,0,0,0.0 %,0.0 %,0,0,0.0 %,0.0 %,0,0,0.0 %,0.0 %,100.0 %,100.0 %,100.0 %,100.0 %,100.0 %,100.0 %,442,242,0,0,100.0 %,100.0 %
USIG,21d RSI USIG LT39 - L USIG,0.9 %,1.7 %,432,851,17.1 %,6.0 %,5.0 %,28.6 %,0.0 %,-0.5 %,2,5,0.2,0.4,100.0 %,100.0 %,,,216,169,0.4 %,0.3 %,4.5,2,0,0,2,5,0,0,2,5,0,0,2,4,,,2,5,,,49.8,6,0,0,0.0 %,0.0 %,0,0,0.0 %,0.0 %,0,0,0.0 %,0.0 %,100.0 %,100.0 %,100.0 %,100.0 %,100.0 %,100.0 %,216,169,0,0,100.0 %,100.0 %
USMC,3d RSI USMC LT11 - L USMC,4.6 %,8.6 %,2308,4320,13.9 %,6.8 %,33.2 %,128.1 %,0.0 %,-1.0 %,5,5,0.4,0.4,80.0 %,100.0 %,0.4,,462,837,0.9 %,1.7 %,5,2.4,1,0,4,5,1,0,4,5,1,0,4,4,4,,4,5,1.6,,0.4,5.6,-7178,0,-7.2 %,0.0 %,-7178,0,-7.2 %,0.0 %,-7178,0,-7.2 %,0.0 %,80.0 %,100.0 %,80.0 %,100.0 %,80.0 %,100.0 %,1474,837,-3589,0,80.0 %,100.0 %
USMV,17d RSI USMV LT38 - L USMV,3.8 %,0.2 %,1887,119,5.9 %,5.2 %,63.9 %,4.6 %,0.0 %,-2.4 %,3,3,0.2,0.2,100.0 %,66.7 %,,0.6,629,41,1.3 %,0.1 %,3,2.7,0,1,3,1,0,1,3,1,0,1,3,1,,2,3,2,,1.2,1.7,0.2,0,-569,0.0 %,-1.1 %,0,-569,0.0 %,-1.1 %,0,-198,0.0 %,-0.4 %,100.0 %,66.7 %,100.0 %,66.7 %,100.0 %,66.7 %,629,347,0,-569,100.0 %,50.0 %
USO,3d RSI USO LT12 - L USO,7.2 %,17.1 %,3606,8568,15.5 %,8.7 %,46.6 %,196.3 %,-1.5 %,-1.8 %,8,6,0.7,0.5,75.0 %,100.0 %,1.5,,451,1342,0.9 %,2.7 %,3.4,2.7,1,0,3,6,1,0,3,6,1,0,4,6,3,,6,6,4.4,,1.9,4.1,-1614,0,-1.6 %,0.0 %,-1614,0,-1.6 %,0.0 %,-501,0,-0.5 %,0.0 %,75.0 %,100.0 %,75.0 %,100.0 %,75.0 %,100.0 %,777,1342,-529,0,85.7 %,100.0 %
USOI,15d RSI USOI LT34 - L USOI,11.6 %,18.3 %,5786,9159,12.0 %,7.1 %,96.1 %,256.4 %,-1.2 %,-1.5 %,6,5,0.5,0.4,83.3 %,100.0 %,2,,964,1713,1.9 %,3.4 %,2.3,2.6,1,0,3,5,1,0,3,5,0,0,4,5,5,,5,5,10.2,,2.9,7.9,-1261,0,-1.3 %,0.0 %,-1261,0,-1.3 %,0.0 %,0,0,0.0 %,0.0 %,83.3 %,100.0 %,83.3 %,100.0 %,83.3 %,100.0 %,1283,1713,-630,0,100.0 %,100.0 %
USRT,21d RSI USRT LT43 - L USRT,7.5 %,3.5 %,3758,1736,12.9 %,9.1 %,58.4 %,38.0 %,-3.0 %,-2.5 %,6,6,0.5,0.5,66.7 %,66.7 %,1.3,1.4,626,288,1.3 %,0.6 %,3,2.8,1,1,2,4,1,1,2,3,1,0,2,3,2,2,4,4,2.6,2.9,1.2,1.2,-3193,-652,-3.2 %,-1.3 %,-3193,-652,-3.2 %,-1.3 %,-105,0,-0.1 %,0.0 %,66.7 %,66.7 %,66.7 %,66.7 %,66.7 %,60.0 %,1519,665,-1159,-465,75.0 %,100.0 %
UTES,17d RSI UTES LT43 - L UTES,10.4 %,10.9 %,5209,5434,17.3 %,8.7 %,60.3 %,124.5 %,0.0 %,-2.6 %,7,6,0.6,0.5,85.7 %,83.3 %,0.6,2.9,744,876,1.5 %,1.8 %,4.3,2.7,1,1,6,5,1,1,5,4,1,1,3,4,6,5,6,5,3.3,14.3,1.3,2.2,-4456,-395,-4.5 %,-0.8 %,-2325,-395,-2.3 %,-0.8 %,-2325,-395,-2.3 %,-0.8 %,85.7 %,83.3 %,85.7 %,83.3 %,83.3 %,80.0 %,1239,1130,-2228,-395,75.0 %,80.0 %
UTSL,21d RSI UTSL LT40 - L UTSL,23.7 %,4.3 %,11848,2152,9.7 %,6.0 %,243.9 %,72.3 %,-1.5 %,-9.0 %,7,3,0.6,0.2,85.7 %,66.7 %,2.4,1.3,1693,731,3.4 %,1.5 %,2.4,3.3,1,1,4,2,1,1,4,2,0,1,5,2,6,2,6,2,14.3,2.6,3.3,0.8,-1784,-1344,-1.8 %,-2.7 %,-1784,-1344,-1.8 %,-2.7 %,0,-1344,0.0 %,-2.7 %,85.7 %,66.7 %,85.7 %,66.7 %,85.7 %,66.7 %,2123,1768,-892,-1344,100.0 %,66.7 %
UUP,5d RSI UUP LT22 - L UUP,2.2 %,1.1 %,1082,552,11.3 %,9.1 %,19.1 %,12.1 %,0.0 %,-1.0 %,8,5,0.7,0.4,87.5 %,80.0 %,0.6,1.4,135,110,0.3 %,0.2 %,1.9,3.6,1,1,7,4,1,1,7,4,1,0,4,4,7,4,7,4,4.3,5.8,1.7,1.6,-653,-115,-0.7 %,-0.2 %,-653,-115,-0.7 %,-0.2 %,-653,0,-0.7 %,0.0 %,87.5 %,80.0 %,87.5 %,80.0 %,87.5 %,80.0 %,201,166,-327,-115,80.0 %,100.0 %
UVXY,17d RSI UVXY LT32 - L UVXY,-11.6 %,6.0 %,-5798,2974,56.8 %,5.2 %,-20.4 %,115.3 %,-11.6 %,-4.8 %,4,3,0.3,0.2,25.0 %,100.0 %,0.5,,-1449,985,-2.9 %,2.0 %,5.2,3.3,3,0,1,3,3,0,1,3,3,0,0,3,0.3,,1,3,0.2,,-1.7,1.5,-13870,0,-13.9 %,0.0 %,-13870,0,-13.9 %,0.0 %,-11595,0,-11.6 %,0.0 %,25.0 %,100.0 %,25.0 %,100.0 %,25.0 %,100.0 %,1137,985,-2312,0,0.0 %,100.0 %
UWM,4d RSI UWM LT14 - L UWM,8.3 %,10.8 %,4161,5407,12.7 %,7.1 %,65.6 %,151.4 %,0.0 %,-3.0 %,4,4,0.3,0.3,75.0 %,100.0 %,0.5,,1040,1307,2.1 %,2.6 %,5.2,3.5,1,0,3,4,1,0,3,4,1,0,3,4,3,,3,4,1.6,,0.4,3.1,-13782,0,-13.8 %,0.0 %,-13782,0,-13.8 %,0.0 %,-13782,0,-13.8 %,0.0 %,75.0 %,100.0 %,75.0 %,100.0 %,75.0 %,100.0 %,3684,1307,-6891,0,75.0 %,100.0 %
VB,20d RSI VB LT41 - L VB,4.7 %,5.4 %,2360,2721,20.7 %,7.5 %,22.8 %,72.2 %,-6.6 %,-1.3 %,9,3,0.8,0.2,88.9 %,100.0 %,0.2,,262,895,0.5 %,1.8 %,4.1,4.7,1,0,7,3,1,0,7,3,1,0,2,3,8,,8,3,1.7,,0.6,2.6,-6653,0,-6.7 %,0.0 %,-6653,0,-6.7 %,0.0 %,-4131,0,-4.1 %,0.0 %,88.9 %,100.0 %,88.9 %,100.0 %,88.9 %,100.0 %,711,895,-3327,0,75.0 %,100.0 %
VBK,4d RSI VBK LT13 - L VBK,3.0 %,4.8 %,1489,2388,11.2 %,6.8 %,26.5 %,70.8 %,0.0 %,-2.6 %,3,3,0.2,0.2,66.7 %,66.7 %,0.7,3.4,496,793,1.0 %,1.6 %,6.3,4.7,1,1,2,2,1,1,2,2,1,1,2,2,2,2,2,2,1.4,6.7,0.3,1.4,-8078,-415,-8.1 %,-0.8 %,-8078,-415,-8.1 %,-0.8 %,-8078,-415,-8.1 %,-0.8 %,66.7 %,66.7 %,66.7 %,66.7 %,66.7 %,66.7 %,2764,1397,-4039,-415,66.7 %,66.7 %
VBR,13d RSI VBR LT35 - L VBR,1.8 %,2.8 %,911,1387,12.8 %,5.2 %,14.3 %,53.8 %,-5.4 %,-1.6 %,5,2,0.4,0.2,60.0 %,100.0 %,0.9,,182,689,0.4 %,1.4 %,4.8,4,2,0,2,2,2,0,2,2,2,0,2,2,1.5,,3,2,1.3,,0.3,17.6,-5436,0,-5.4 %,0.0 %,-5436,0,-5.4 %,0.0 %,-5436,0,-5.4 %,0.0 %,60.0 %,100.0 %,60.0 %,100.0 %,60.0 %,100.0 %,1210,689,-1359,0,60.0 %,100.0 %
VCIT,4d RSI VCIT LT15 - L VCIT,1.1 %,1.8 %,526,885,6.5 %,7.9 %,16.2 %,22.3 %,0.0 %,-0.5 %,3,5,0.2,0.4,100.0 %,100.0 %,,,175,176,0.4 %,0.3 %,3.7,3,0,0,3,5,0,0,3,5,0,0,3,4,,,3,5,,,2,3.2,0,0,0.0 %,0.0 %,0,0,0.0 %,0.0 %,0,0,0.0 %,0.0 %,100.0 %,100.0 %,100.0 %,100.0 %,100.0 %,100.0 %,175,176,0,0,100.0 %,100.0 %
VCLT,21d RSI VCLT LT38 - L VCLT,3.1 %,5.2 %,1551,2601,14.7 %,7.5 %,21.1 %,69.0 %,0.0 %,-1.0 %,2,7,0.2,0.6,100.0 %,100.0 %,,,776,364,1.6 %,0.7 %,3.5,1.7,0,0,2,7,0,0,2,6,0,0,2,4,,,2,7,,,1.5,4,0,0,0.0 %,0.0 %,0,0,0.0 %,0.0 %,0,0,0.0 %,0.0 %,100.0 %,100.0 %,100.0 %,100.0 %,100.0 %,100.0 %,776,364,0,0,100.0 %,100.0 %
VCSH,7d RSI VCSH LT27 - L VCSH,0.1 %,0.9 %,54,452,100.0 %,6.0 %,0.1 %,15.2 %,0.0 %,-0.3 %,1,4,0.1,0.3,100.0 %,100.0 %,,,54,113,0.1 %,0.2 %,1,2.8,0,0,1,4,0,0,1,4,0,0,1,4,,,1,4,,,0,3.2,0,0,0.0 %,0.0 %,0,0,0.0 %,0.0 %,0,0,0.0 %,0.0 %,100.0 %,100.0 %,100.0 %,100.0 %,100.0 %,100.0 %,54,113,0,0,100.0 %,100.0 %
VDC,13d RSI VDC LT36 - L VDC,4.5 %,1.1 %,2263,568,15.4 %,5.6 %,29.4 %,20.4 %,-0.6 %,-1.5 %,8,3,0.7,0.2,75.0 %,100.0 %,1.4,,283,189,0.6 %,0.4 %,3.1,3,1,0,5,3,1,0,5,3,1,0,4,3,3,,6,3,4.1,,1.5,5.9,-808,0,-0.8 %,0.0 %,-808,0,-0.8 %,0.0 %,-808,0,-0.8 %,0.0 %,75.0 %,100.0 %,75.0 %,100.0 %,71.4 %,100.0 %,499,189,-365,0,66.7 %,100.0 %
VDE,16d RSI VDE LT36 - L VDE,12.5 %,2.8 %,6238,1378,40.6 %,8.3 %,30.7 %,33.1 %,0.0 %,-4.8 %,3,5,0.2,0.4,100.0 %,80.0 %,,0.5,2079,283,4.2 %,0.6 %,3.3,3.2,0,1,3,3,0,1,3,3,0,1,2,3,,4,3,4,,2,3.9,0.6,0,-1487,0.0 %,-3.0 %,0,-1487,0.0 %,-3.0 %,0,-674,0.0 %,-1.4 %,100.0 %,80.0 %,100.0 %,80.0 %,100.0 %,80.0 %,2079,725,0,-1487,100.0 %,75.0 %
VEA,13d RSI VEA LT35 - L VEA,6.9 %,6.6 %,3459,3280,4.0 %,9.1 %,173.7 %,71.9 %,0.0 %,-1.3 %,3,5,0.2,0.4,100.0 %,100.0 %,,,1153,641,2.3 %,1.3 %,2,3.6,0,0,3,5,0,0,3,5,0,0,3,4,,,3,5,,,2.3,3.6,0,0,0.0 %,0.0 %,0,0,0.0 %,0.0 %,0,0,0.0 %,0.0 %,100.0 %,100.0 %,100.0 %,100.0 %,100.0 %,100.0 %,1153,641,0,0,100.0 %,100.0 %
VEU,9d RSI VEU LT29 - L VEU,6.5 %,5.8 %,3248,2895,4.4 %,6.3 %,147.4 %,91.2 %,0.0 %,-1.0 %,3,4,0.2,0.3,100.0 %,100.0 %,,,1083,710,2.2 %,1.4 %,2.3,3,0,0,3,4,0,0,3,4,0,0,3,4,,,3,4,,,3.1,3.8,0,0,0.0 %,0.0 %,0,0,0.0 %,0.0 %,0,0,0.0 %,0.0 %,100.0 %,100.0 %,100.0 %,100.0 %,100.0 %,100.0 %,1083,710,0,0,100.0 %,100.0 %
VFH,21d RSI VFH LT45 - L VFH,11.9 %,6.9 %,5962,3461,22.4 %,5.6 %,53.3 %,124.6 %,-3.0 %,-0.8 %,11,4,0.9,0.3,72.7 %,100.0 %,1.6,,542,846,1.1 %,1.7 %,3.5,2.5,1,0,4,4,1,0,4,4,1,0,3,4,2.7,,8,4,4.1,,2.1,3.7,-3063,0,-3.1 %,0.0 %,-3063,0,-3.1 %,0.0 %,-2175,0,-2.2 %,0.0 %,72.7 %,100.0 %,72.7 %,100.0 %,72.7 %,100.0 %,982,846,-631,0,80.0 %,100.0 %
VGIT,4d RSI VGIT LT16 - L VGIT,1.2 %,0.8 %,611,380,5.6 %,7.9 %,21.8 %,9.6 %,0.0 %,-0.8 %,2,5,0.2,0.4,100.0 %,80.0 %,,1.4,306,76,0.6 %,0.1 %,1.5,3,0,1,2,2,0,1,2,2,0,1,2,2,,4,2,4,,5.8,5.1,2,0,-80,0.0 %,-0.2 %,0,-80,0.0 %,-0.2 %,0,-80,0.0 %,-0.2 %,100.0 %,80.0 %,100.0 %,80.0 %,100.0 %,80.0 %,306,115,0,-80,100.0 %,80.0 %
VGK,12d RSI VGK LT30 - L VGK,3.7 %,3.0 %,1833,1508,100.0 %,5.2 %,3.7 %,58.5 %,0.0 %,-1.3 %,1,4,0.1,0.3,100.0 %,100.0 %,,,1833,373,3.7 %,0.8 %,3,2.2,0,0,1,4,0,0,1,4,0,0,1,3,,,1,4,,,0,3.3,0,0,0.0 %,0.0 %,0,0,0.0 %,0.0 %,0,0,0.0 %,0.0 %,100.0 %,100.0 %,100.0 %,100.0 %,100.0 %,100.0 %,1833,373,0,0,100.0 %,100.0 %
VGLT,21d RSI VGLT LT36 - L VGLT,0.7 %,5.5 %,367,2775,100.0 %,8.3 %,0.7 %,66.6 %,0.0 %,-1.0 %,1,7,0.1,0.6,100.0 %,100.0 %,,,367,388,0.7 %,0.8 %,5,2,0,0,1,7,0,0,1,6,0,0,1,4,,,1,7,,,0,3.9,0,0,0.0 %,0.0 %,0,0,0.0 %,0.0 %,0,0,0.0 %,0.0 %,100.0 %,100.0 %,100.0 %,100.0 %,100.0 %,100.0 %,367,388,0,0,100.0 %,100.0 %
VGT,6d RSI VGT LT22 - L VGT,6.4 %,9.5 %,3177,4734,10.8 %,6.0 %,58.6 %,159.1 %,0.0 %,-3.0 %,4,4,0.3,0.3,75.0 %,100.0 %,0.8,,794,1148,1.6 %,2.3 %,4.8,2.8,1,0,3,4,1,0,3,4,1,0,3,4,3,,3,4,2.4,,0.9,3.5,-4408,0,-4.4 %,0.0 %,-4408,0,-4.4 %,0.0 %,-4408,0,-4.4 %,0.0 %,75.0 %,100.0 %,75.0 %,100.0 %,75.0 %,100.0 %,1794,1148,-2204,0,75.0 %,100.0 %
VHT,7d RSI VHT LT20 - L VHT,2.7 %,0.7 %,1326,332,100.0 %,6.8 %,2.7 %,9.8 %,0.0 %,-2.8 %,1,4,0.1,0.3,100.0 %,75.0 %,,0.5,1326,85,2.7 %,0.2 %,6,3.2,0,1,1,3,0,1,1,3,0,1,1,2,,3,1,3,,1.5,0,0.4,0,-655,0.0 %,-1.3 %,0,-655,0.0 %,-1.3 %,0,-655,0.0 %,-1.3 %,100.0 %,75.0 %,100.0 %,75.0 %,100.0 %,75.0 %,1326,331,0,-655,100.0 %,66.7 %
VIG,4d RSI VIG LT12 - L VIG,5.3 %,5.3 %,2675,2637,100.0 %,6.0 %,5.3 %,88.6 %,0.0 %,-0.6 %,1,4,0.1,0.3,100.0 %,100.0 %,,,2675,648,5.3 %,1.3 %,3,2.8,0,0,1,4,0,0,1,4,0,0,1,3,,,1,4,,,0,4.2,0,0,0.0 %,0.0 %,0,0,0.0 %,0.0 %,0,0,0.0 %,0.0 %,100.0 %,100.0 %,100.0 %,100.0 %,100.0 %,100.0 %,2675,648,0,0,100.0 %,100.0 %
VIGI,4d RSI VIGI LT18 - L VIGI,4.3 %,5.6 %,2165,2784,11.9 %,11.5 %,36.2 %,48.4 %,-2.5 %,-1.5 %,8,8,0.7,0.7,75.0 %,87.5 %,0.9,29.4,271,341,0.5 %,0.7 %,2.4,2.6,1,1,4,6,1,1,4,6,1,0,5,6,3,7,6,7,2.7,206,1.2,2.9,-2564,-13,-2.6 %,-0.0 %,-2564,-13,-2.6 %,-0.0 %,-2564,0,-2.6 %,0.0 %,75.0 %,87.5 %,75.0 %,87.5 %,75.0 %,87.5 %,576,392,-647,-13,85.7 %,100.0 %
VIOO,8d RSI VIOO LT30 - L VIOO,2.4 %,3.3 %,1202,1638,15.4 %,5.6 %,15.6 %,59.0 %,-7.1 %,-1.3 %,6,3,0.5,0.2,66.7 %,100.0 %,0.7,,200,540,0.4 %,1.1 %,4.8,3,2,0,3,3,2,0,3,3,2,0,3,3,2,,4,3,1.3,,0.3,14.1,-7192,0,-7.2 %,0.0 %,-7192,0,-7.2 %,0.0 %,-7192,0,-7.2 %,0.0 %,66.7 %,100.0 %,66.7 %,100.0 %,66.7 %,100.0 %,1200,540,-1798,0,66.7 %,100.0 %
VIXM,4d RSI VIXM LT11 - L VIXM,2.1 %,2.4 %,1034,1201,4.9 %,6.3 %,42.1 %,37.8 %,0.0 %,-5.0 %,3,3,0.2,0.2,100.0 %,66.7 %,,0.9,345,419,0.7 %,0.8 %,1.7,4.3,0,1,3,2,0,1,3,2,0,1,2,1,,2,3,2,,1.8,8,0.5,0,-1626,0.0 %,-3.2 %,0,-1626,0.0 %,-3.2 %,0,-448,0.0 %,-0.9 %,100.0 %,66.7 %,100.0 %,66.7 %,100.0 %,66.7 %,345,1441,0,-1626,100.0 %,50.0 %
VIXY,14d RSI VIXY LT33 - L VIXY,-1.3 %,17.5 %,-627,8728,73.6 %,11.1 %,-1.7 %,157.1 %,-10.8 %,-3.5 %,6,7,0.5,0.6,50.0 %,85.7 %,0.9,6.4,-104,1174,-0.2 %,2.4 %,5.5,3,2,1,1,4,2,1,2,4,1,0,2,4,1,6,3,6,0.9,38.6,-0.1,2.9,-11822,-219,-11.8 %,-0.4 %,-11822,-219,-11.8 %,-0.4 %,-2413,0,-2.4 %,0.0 %,50.0 %,85.7 %,50.0 %,85.7 %,60.0 %,85.7 %,2053,1406,-2262,-219,66.7 %,100.0 %
VLUE,20d RSI VLUE LT39 - L VLUE,5.0 %,7.0 %,2510,3526,45.2 %,8.3 %,11.1 %,84.6 %,-1.1 %,-0.8 %,4,5,0.3,0.4,75.0 %,100.0 %,1.9,,628,687,1.3 %,1.4 %,2.5,2.8,1,0,2,5,1,0,2,5,0,0,2,4,3,,3,5,5.7,,1.8,4.2,-1074,0,-1.1 %,0.0 %,-1074,0,-1.1 %,0.0 %,0,0,0.0 %,0.0 %,75.0 %,100.0 %,75.0 %,100.0 %,75.0 %,100.0 %,1016,687,-537,0,100.0 %,100.0 %
VMBS,4d RSI VMBS LT15 - L VMBS,1.0 %,1.9 %,481,934,100.0 %,8.3 %,1.0 %,22.4 %,0.0 %,-0.8 %,1,5,0.1,0.4,100.0 %,100.0 %,,,481,186,1.0 %,0.4 %,3,3.2,0,0,1,5,0,0,1,5,0,0,1,5,,,1,5,,,0,2.7,0,0,0.0 %,0.0 %,0,0,0.0 %,0.0 %,0,0,0.0 %,0.0 %,100.0 %,100.0 %,100.0 %,100.0 %,100.0 %,100.0 %,481,186,0,0,100.0 %,100.0 %
VNLA,9d RSI VNLA LT55 - L VNLA,0.0 %,0.7 %,21,355,100.0 %,7.1 %,0.0 %,9.9 %,0.0 %,-0.1 %,1,6,0.1,0.5,100.0 %,100.0 %,,,21,59,0.0 %,0.1 %,6,2,0,0,1,6,0,0,1,6,0,0,1,3,,,1,6,,,0,5.1,0,0,0.0 %,0.0 %,0,0,0.0 %,0.0 %,0,0,0.0 %,0.0 %,100.0 %,100.0 %,100.0 %,100.0 %,100.0 %,100.0 %,21,59,0,0,100.0 %,100.0 %
VNM,18d RSI VNM LT32 - L VNM,13.2 %,5.2 %,6578,2620,100.0 %,6.3 %,13.2 %,82.5 %,0.0 %,-4.5 %,1,5,0.1,0.4,100.0 %,80.0 %,,0.9,6578,519,13.2 %,1.0 %,1,2.2,0,1,1,4,0,1,1,3,0,1,1,2,,4,1,4,,3.8,0,1.5,0,-929,0.0 %,-1.9 %,0,-95,0.0 %,-0.2 %,0,-95,0.0 %,-0.2 %,100.0 %,80.0 %,100.0 %,80.0 %,100.0 %,75.0 %,6578,881,0,-929,100.0 %,66.7 %
VNQ,15d RSI VNQ LT35 - L VNQ,1.1 %,2.2 %,551,1094,6.0 %,5.2 %,18.4 %,42.4 %,0.0 %,-1.6 %,3,3,0.2,0.2,66.7 %,100.0 %,1.1,,184,362,0.4 %,0.7 %,2.7,3.3,1,0,2,3,1,0,2,3,1,0,2,2,2,,2,3,2.1,,0.6,3.8,-985,0,-1.0 %,0.0 %,-985,0,-1.0 %,0.0 %,-985,0,-1.0 %,0.0 %,66.7 %,100.0 %,66.7 %,100.0 %,66.7 %,100.0 %,522,362,-493,0,66.7 %,100.0 %
VNQI,10d RSI VNQI LT28 - L VNQI,1.8 %,3.8 %,904,1882,10.9 %,5.2 %,16.5 %,73.0 %,0.0 %,-0.7 %,2,4,0.2,0.3,100.0 %,100.0 %,,,452,464,0.9 %,0.9 %,2.5,2.2,0,0,2,4,0,0,2,4,0,0,2,4,,,2,4,,,2.7,5.1,0,0,0.0 %,0.0 %,0,0,0.0 %,0.0 %,0,0,0.0 %,0.0 %,100.0 %,100.0 %,100.0 %,100.0 %,100.0 %,100.0 %,452,464,0,0,100.0 %,100.0 %
VO,20d RSI VO LT42 - L VO,4.3 %,3.9 %,2152,1970,14.5 %,5.6 %,29.7 %,70.9 %,-3.5 %,-0.8 %,7,4,0.6,0.3,71.4 %,100.0 %,0.8,,307,486,0.6 %,1.0 %,3.7,2,1,0,3,4,1,0,4,4,1,0,2,3,2.5,,5,4,1.9,,0.8,4.9,-3555,0,-3.6 %,0.0 %,-3555,0,-3.6 %,0.0 %,-2461,0,-2.5 %,0.0 %,71.4 %,100.0 %,71.4 %,100.0 %,83.3 %,100.0 %,886,486,-1138,0,75.0 %,100.0 %
VOE,19d RSI VOE LT40 - L VOE,3.8 %,0.1 %,1877,62,9.9 %,5.2 %,38.0 %,2.4 %,-1.9 %,-3.3 %,5,3,0.4,0.2,80.0 %,66.7 %,0.7,0.5,375,25,0.8 %,0.1 %,3.4,2.3,1,1,2,1,1,1,2,1,1,1,2,1,4,2,4,2,2.9,1.1,0.9,0.1,-1926,-850,-1.9 %,-1.7 %,-494,-850,-0.5 %,-1.7 %,-494,-463,-0.5 %,-0.9 %,80.0 %,66.7 %,80.0 %,66.7 %,75.0 %,66.7 %,710,462,-963,-850,75.0 %,50.0 %
VONG,5d RSI VONG LT20 - L VONG,4.6 %,13.6 %,2297,6810,10.2 %,7.5 %,44.9 %,180.6 %,0.0 %,-2.3 %,3,5,0.2,0.4,66.7 %,100.0 %,0.8,,766,1295,1.5 %,2.6 %,6.3,2.8,1,0,2,5,1,0,2,5,1,0,2,5,2,,2,5,1.6,,0.4,8.1,-7904,0,-7.9 %,0.0 %,-7904,0,-7.9 %,0.0 %,-7904,0,-7.9 %,0.0 %,66.7 %,100.0 %,66.7 %,100.0 %,66.7 %,100.0 %,3125,1295,-3952,0,66.7 %,100.0 %
VONV,20d RSI VONV LT42 - L VONV,4.1 %,2.8 %,2041,1404,11.7 %,7.5 %,34.8 %,37.2 %,-2.0 %,-3.2 %,6,3,0.5,0.2,66.7 %,66.7 %,1.5,2.5,340,467,0.7 %,0.9 %,3.2,4.3,2,1,3,2,2,1,3,2,1,1,2,2,2,2,4,2,3,4.9,1.1,1.3,-2037,-358,-2.0 %,-0.7 %,-2037,-358,-2.0 %,-0.7 %,-487,-358,-0.5 %,-0.7 %,66.7 %,66.7 %,66.7 %,66.7 %,66.7 %,66.7 %,765,880,-509,-358,75.0 %,66.7 %
VOO,6d RSI VOO LT20 - L VOO,3.4 %,7.4 %,1700,3694,53.3 %,5.6 %,6.4 %,133.0 %,0.0 %,-1.1 %,2,3,0.2,0.2,50.0 %,100.0 %,1.9,,850,1204,1.7 %,2.4 %,7,3.7,1,0,1,3,1,0,1,3,1,0,1,3,1,,1,3,1.9,,0.4,5.2,-3813,0,-3.8 %,0.0 %,-3813,0,-3.8 %,0.0 %,-3813,0,-3.8 %,0.0 %,50.0 %,100.0 %,50.0 %,100.0 %,50.0 %,100.0 %,3607,1204,-1907,0,50.0 %,100.0 %
VOOG,6d RSI VOOG LT23 - L VOOG,5.5 %,14.1 %,2769,7025,10.2 %,7.5 %,54.1 %,186.3 %,0.0 %,-2.2 %,3,5,0.2,0.4,66.7 %,100.0 %,0.9,,923,1333,1.8 %,2.7 %,6.3,2.8,1,0,2,5,1,0,2,5,1,0,2,5,2,,2,5,1.7,,0.4,8.6,-7392,0,-7.4 %,0.0 %,-7392,0,-7.4 %,0.0 %,-7392,0,-7.4 %,0.0 %,66.7 %,100.0 %,66.7 %,100.0 %,66.7 %,100.0 %,3233,1333,-3696,0,66.7 %,100.0 %
VOT,3d RSI VOT LT10 - L VOT,2.7 %,9.1 %,1336,4526,14.2 %,7.1 %,18.8 %,126.7 %,-0.2 %,-1.9 %,4,5,0.3,0.4,50.0 %,100.0 %,1.4,,334,875,0.7 %,1.8 %,6,2.6,1,0,2,5,1,0,2,5,1,0,2,5,1,,2,5,1.4,,0.3,7.6,-6939,0,-6.9 %,0.0 %,-6939,0,-6.9 %,0.0 %,-6939,0,-6.9 %,0.0 %,50.0 %,100.0 %,50.0 %,100.0 %,50.0 %,100.0 %,2446,875,-1778,0,50.0 %,100.0 %
VOX,19d RSI VOX LT44 - L VOX,2.7 %,13.7 %,1364,6866,25.1 %,7.5 %,10.9 %,182.1 %,-3.1 %,-1.4 %,9,6,0.8,0.5,55.6 %,100.0 %,1.1,,152,1086,0.3 %,2.2 %,4.3,2.2,2,0,2,6,2,0,2,5,1,0,2,5,1.2,,5,6,1.3,,0.4,5.9,-3656,0,-3.7 %,0.0 %,-3656,0,-3.7 %,0.0 %,-2296,0,-2.3 %,0.0 %,55.6 %,100.0 %,55.6 %,100.0 %,55.6 %,100.0 %,1077,1086,-1006,0,75.0 %,100.0 %
VPL,3d RSI VPL LT10 - L VPL,2.3 %,3.4 %,1137,1720,5.8 %,5.2 %,38.9 %,66.7 %,-0.2 %,-0.8 %,3,4,0.2,0.3,66.7 %,100.0 %,5.3,,379,425,0.8 %,0.8 %,2.3,2.2,1,0,1,4,1,0,1,4,1,0,1,4,2,,2,4,10.6,,1.2,6.1,-236,0,-0.2 %,0.0 %,-236,0,-0.2 %,0.0 %,-36,0,-0.0 %,0.0 %,66.7 %,100.0 %,66.7 %,100.0 %,66.7 %,100.0 %,627,425,-118,0,50.0 %,100.0 %
VPU,20d RSI VPU LT43 - L VPU,7.1 %,3.0 %,3538,1514,10.1 %,12.3 %,70.2 %,24.6 %,-0.4 %,-3.8 %,7,6,0.6,0.5,85.7 %,83.3 %,3.1,0.5,505,253,1.0 %,0.5 %,2.6,3.5,1,1,4,4,1,1,4,4,0,1,5,3,6,5,6,5,18.7,2.6,3.1,1,-400,-944,-0.4 %,-1.9 %,-400,-944,-0.4 %,-1.9 %,0,-695,0.0 %,-1.4 %,85.7 %,83.3 %,85.7 %,83.3 %,85.7 %,83.3 %,623,493,-200,-944,100.0 %,75.0 %
VRIG,4d RSI VRIG LT66 - L VRIG,1.6 %,2.4 %,783,1217,30.3 %,26.2 %,5.2 %,9.3 %,-0.2 %,-0.1 %,16,16,1.3,1.3,93.8 %,100.0 %,0.6,,49,75,0.1 %,0.1 %,3.8,3.1,1,0,9,16,1,0,9,14,0,0,9,9,15,,15,16,8.5,,3.8,10.6,-209,0,-0.2 %,0.0 %,-209,0,-0.2 %,0.0 %,0,0,0.0 %,0.0 %,93.8 %,100.0 %,93.8 %,100.0 %,93.3 %,100.0 %,59,75,-105,0,100.0 %,100.0 %
VRP,12d RSI VRP LT39 - L VRP,-0.9 %,2.7 %,-454,1333,7.6 %,6.3 %,-11.9 %,42.0 %,0.0 %,-0.5 %,2,4,0.2,0.3,50.0 %,100.0 %,0.3,,-227,330,-0.5 %,0.7 %,5.5,3,1,0,1,4,1,0,1,4,1,0,1,3,1,,1,4,0.3,,-0.8,4.4,-1244,0,-1.2 %,0.0 %,-1244,0,-1.2 %,0.0 %,-1244,0,-1.2 %,0.0 %,50.0 %,100.0 %,50.0 %,100.0 %,50.0 %,100.0 %,168,330,-622,0,50.0 %,100.0 %
VSS,4d RSI VSS LT15 - L VSS,8.3 %,6.2 %,4156,3110,9.3 %,6.8 %,89.9 %,92.2 %,0.0 %,-0.8 %,6,4,0.5,0.3,83.3 %,100.0 %,18.1,,693,762,1.4 %,1.5 %,2.5,3.2,1,0,5,4,1,0,5,4,1,0,3,4,5,,5,4,90.6,,3.1,3.2,-93,0,-0.1 %,0.0 %,-93,0,-0.1 %,0.0 %,-93,0,-0.1 %,0.0 %,83.3 %,100.0 %,83.3 %,100.0 %,83.3 %,100.0 %,841,762,-46,0,75.0 %,100.0 %
VT,11d RSI VT LT29 - L VT,5.9 %,5.8 %,2968,2875,100.0 %,5.2 %,5.9 %,111.5 %,0.0 %,-0.8 %,1,3,0.1,0.2,100.0 %,100.0 %,,,2968,943,5.9 %,1.9 %,3,3.3,0,0,1,3,0,0,1,3,0,0,1,3,,,1,3,,,0,3,0,0,0.0 %,0.0 %,0,0,0.0 %,0.0 %,0,0,0.0 %,0.0 %,100.0 %,100.0 %,100.0 %,100.0 %,100.0 %,100.0 %,2968,943,0,0,100.0 %,100.0 %
VTC,5d RSI VTC LT21 - L VTC,0.9 %,1.6 %,437,823,6.9 %,8.7 %,12.7 %,18.9 %,0.0 %,-0.6 %,3,6,0.2,0.5,100.0 %,66.7 %,,8.9,146,136,0.3 %,0.3 %,3.7,2.7,0,1,3,3,0,1,3,3,0,1,3,4,,2,3,4,,17.9,3.2,2,0,-28,0.0 %,-0.1 %,0,-28,0.0 %,-0.1 %,0,-21,0.0 %,-0.0 %,100.0 %,66.7 %,100.0 %,66.7 %,100.0 %,66.7 %,146,217,0,-24,100.0 %,80.0 %
VTEB,18d RSI VTEB LT38 - L VTEB,-0.2 %,2.9 %,-82,1447,23.0 %,9.1 %,-0.7 %,31.7 %,-0.8 %,-0.3 %,4,9,0.3,0.8,50.0 %,100.0 %,0.8,,-20,159,-0.0 %,0.3 %,3.2,1.6,2,0,1,9,2,0,1,8,2,0,1,5,1,,2,9,0.8,,-0.2,6.9,-822,0,-0.8 %,0.0 %,-822,0,-0.8 %,0.0 %,-310,0,-0.3 %,0.0 %,50.0 %,100.0 %,50.0 %,100.0 %,50.0 %,100.0 %,165,159,-206,0,33.3 %,100.0 %
VTI,7d RSI VTI LT22 - L VTI,4.1 %,7.4 %,2032,3686,53.3 %,5.2 %,7.6 %,142.9 %,0.0 %,-1.1 %,2,3,0.2,0.2,50.0 %,100.0 %,2,,1016,1201,2.0 %,2.4 %,7,3.3,1,0,1,3,1,0,1,3,1,0,1,3,1,,1,3,2,,0.5,5.7,-3991,0,-4.0 %,0.0 %,-3991,0,-4.0 %,0.0 %,-3991,0,-4.0 %,0.0 %,50.0 %,100.0 %,50.0 %,100.0 %,50.0 %,100.0 %,4028,1201,-1996,0,50.0 %,100.0 %
VTIP,19d RSI VTIP LT48 - L VTIP,0.4 %,0.8 %,193,424,25.8 %,8.3 %,1.5 %,10.2 %,0.0 %,-0.2 %,3,6,0.2,0.5,100.0 %,100.0 %,,,64,70,0.1 %,0.1 %,1.7,2.5,0,0,3,6,0,0,3,6,0,0,3,4,,,3,6,,,23.2,6.1,0,0,0.0 %,0.0 %,0,0,0.0 %,0.0 %,0,0,0.0 %,0.0 %,100.0 %,100.0 %,100.0 %,100.0 %,100.0 %,100.0 %,64,70,0,0,100.0 %,100.0 %
VTV,18d RSI VTV LT41 - L VTV,4.2 %,2.3 %,2108,1143,21.9 %,6.8 %,19.2 %,33.9 %,-1.7 %,-3.1 %,5,3,0.4,0.2,80.0 %,66.7 %,0.8,2.5,422,381,0.8 %,0.8 %,2.2,4,1,1,2,2,1,1,2,2,0,1,3,2,4,2,4,2,3.4,5,1.3,1.2,-1782,-289,-1.8 %,-0.6 %,-373,-289,-0.4 %,-0.6 %,0,-289,0.0 %,-0.6 %,80.0 %,66.7 %,80.0 %,66.7 %,75.0 %,66.7 %,750,716,-891,-289,100.0 %,66.7 %
VTWO,4d RSI VTWO LT14 - L VTWO,4.8 %,5.8 %,2379,2916,12.7 %,7.1 %,37.5 %,81.6 %,0.0 %,-1.4 %,4,4,0.3,0.3,75.0 %,100.0 %,0.6,,595,715,1.2 %,1.4 %,5.2,3.5,1,0,3,4,1,0,3,4,1,0,3,4,3,,3,4,1.7,,0.5,3.4,-6875,0,-6.9 %,0.0 %,-6875,0,-6.9 %,0.0 %,-6875,0,-6.9 %,0.0 %,75.0 %,100.0 %,75.0 %,100.0 %,75.0 %,100.0 %,1939,715,-3438,0,75.0 %,100.0 %
VUG,5d RSI VUG LT19 - L VUG,4.7 %,14.1 %,2352,7029,10.2 %,7.5 %,46.0 %,186.4 %,0.0 %,-2.1 %,3,5,0.2,0.4,66.7 %,100.0 %,0.8,,784,1334,1.6 %,2.7 %,6.3,2.8,1,0,2,5,1,0,2,5,1,0,2,5,2,,2,5,1.6,,0.4,8.1,-8148,0,-8.1 %,0.0 %,-8148,0,-8.1 %,0.0 %,-8148,0,-8.1 %,0.0 %,66.7 %,100.0 %,66.7 %,100.0 %,66.7 %,100.0 %,3213,1334,-4074,0,66.7 %,100.0 %
VV,3d RSI VV LT10 - L VV,7.0 %,5.8 %,3514,2902,13.1 %,5.6 %,53.7 %,104.5 %,0.0 %,-1.2 %,5,4,0.4,0.3,80.0 %,100.0 %,0.6,,703,710,1.4 %,1.4 %,4.6,2.5,1,0,4,4,1,0,4,4,1,0,4,4,4,,4,4,2.3,,0.8,20.2,-5353,0,-5.4 %,0.0 %,-5353,0,-5.4 %,0.0 %,-5353,0,-5.4 %,0.0 %,80.0 %,100.0 %,80.0 %,100.0 %,80.0 %,100.0 %,1548,710,-2676,0,80.0 %,100.0 %
VWO,5d RSI VWO LT22 - L VWO,3.4 %,6.8 %,1713,3405,10.5 %,7.5 %,32.7 %,90.3 %,-4.7 %,-0.6 %,7,7,0.6,0.6,57.1 %,100.0 %,1.1,,245,473,0.5 %,0.9 %,2.6,1.7,1,0,2,7,1,0,2,7,1,0,2,7,1.3,,4,7,1.5,,0.5,10.1,-4812,0,-4.8 %,0.0 %,-4812,0,-4.8 %,0.0 %,-4812,0,-4.8 %,0.0 %,57.1 %,100.0 %,57.1 %,100.0 %,57.1 %,100.0 %,1260,473,-1109,0,57.1 %,100.0 %
VWOB,5d RSI VWOB LT19 - L VWOB,0.0 %,2.0 %,8,978,100.0 %,6.3 %,0.0 %,30.8 %,0.0 %,-0.7 %,1,5,0.1,0.4,100.0 %,100.0 %,,,8,194,0.0 %,0.4 %,3,2.2,0,0,1,5,0,0,1,5,0,0,1,4,,,1,5,,,0,11.8,0,0,0.0 %,0.0 %,0,0,0.0 %,0.0 %,0,0,0.0 %,0.0 %,100.0 %,100.0 %,100.0 %,100.0 %,100.0 %,100.0 %,8,194,0,0,100.0 %,100.0 %
VXF,4d RSI VXF LT13 - L VXF,2.2 %,6.5 %,1080,3229,11.7 %,6.3 %,18.5 %,101.7 %,0.0 %,-1.2 %,3,3,0.2,0.2,66.7 %,100.0 %,0.6,,360,1058,0.7 %,2.1 %,6.7,4.3,1,0,2,3,1,0,2,3,1,0,2,3,2,,2,3,1.3,,0.2,2.9,-8185,0,-8.2 %,0.0 %,-8185,0,-8.2 %,0.0 %,-8185,0,-8.2 %,0.0 %,66.7 %,100.0 %,66.7 %,100.0 %,66.7 %,100.0 %,2586,1058,-4092,0,66.7 %,100.0 %
VXUS,10d RSI VXUS LT31 - L VXUS,5.2 %,5.6 %,2587,2821,4.4 %,6.3 %,117.5 %,88.8 %,0.0 %,-0.9 %,3,4,0.2,0.3,100.0 %,100.0 %,,,862,692,1.7 %,1.4 %,2.3,3,0,0,3,4,0,0,3,4,0,0,3,4,,,3,4,,,2.1,3.4,0,0,0.0 %,0.0 %,0,0,0.0 %,0.0 %,0,0,0.0 %,0.0 %,100.0 %,100.0 %,100.0 %,100.0 %,100.0 %,100.0 %,862,692,0,0,100.0 %,100.0 %
VYM,21d RSI VYM LT42 - L VYM,4.0 %,6.2 %,1998,3091,27.4 %,6.0 %,14.6 %,103.8 %,-1.1 %,-0.7 %,5,3,0.4,0.2,80.0 %,100.0 %,1.1,,400,1011,0.8 %,2.0 %,2.8,4,1,0,2,3,1,0,2,3,0,0,3,3,4,,4,3,4.5,,1.4,4.9,-1148,0,-1.1 %,0.0 %,-1148,0,-1.1 %,0.0 %,0,0,0.0 %,0.0 %,80.0 %,100.0 %,80.0 %,100.0 %,80.0 %,100.0 %,643,1011,-574,0,100.0 %,100.0 %
VYMI,11d RSI VYMI LT35 - L VYMI,4.9 %,5.8 %,2473,2874,5.1 %,6.8 %,97.9 %,85.2 %,0.0 %,-1.1 %,3,4,0.2,0.3,100.0 %,100.0 %,,,824,704,1.6 %,1.4 %,2.3,3.2,0,0,3,4,0,0,3,4,0,0,3,4,,,3,4,,,3.2,6.4,0,0,0.0 %,0.0 %,0,0,0.0 %,0.0 %,0,0,0.0 %,0.0 %,100.0 %,100.0 %,100.0 %,100.0 %,100.0 %,100.0 %,824,704,0,0,100.0 %,100.0 %
WTPI,5d RSI WTPI LT15 - L WTPI,2.5 %,8.0 %,1255,3999,54.8 %,5.2 %,4.6 %,155.0 %,0.0 %,-0.9 %,2,3,0.2,0.2,50.0 %,100.0 %,1.7,,628,1303,1.3 %,2.6 %,7.5,3.3,1,0,1,3,1,0,1,3,1,0,1,3,1,,1,3,1.7,,0.3,3.4,-3838,0,-3.8 %,0.0 %,-3838,0,-3.8 %,0.0 %,-3838,0,-3.8 %,0.0 %,50.0 %,100.0 %,50.0 %,100.0 %,50.0 %,100.0 %,3174,1303,-1919,0,50.0 %,100.0 %
WTV,18d RSI WTV LT42 - L WTV,10.9 %,7.1 %,5464,3570,16.7 %,6.8 %,65.6 %,105.8 %,-2.1 %,-1.0 %,10,6,0.8,0.5,70.0 %,100.0 %,2.3,,546,579,1.1 %,1.2 %,2.7,1.8,2,0,4,6,2,0,4,5,1,0,3,4,2.3,,7,6,5.4,,2.3,4.9,-2148,0,-2.1 %,0.0 %,-2148,0,-2.1 %,0.0 %,-975,0,-1.0 %,0.0 %,70.0 %,100.0 %,70.0 %,100.0 %,70.0 %,100.0 %,956,579,-410,0,80.0 %,100.0 %
XAR,4d RSI XAR LT15 - L XAR,12.6 %,5.1 %,6296,2561,9.6 %,5.2 %,130.6 %,99.3 %,-1.4 %,-1.1 %,4,3,0.3,0.2,75.0 %,100.0 %,3.1,,1574,841,3.1 %,1.7 %,3.8,3.3,1,0,3,3,1,0,3,3,0,0,3,3,3,,3,3,9.2,,1.2,4.6,-1542,0,-1.5 %,0.0 %,-1542,0,-1.5 %,0.0 %,0,0,0.0 %,0.0 %,75.0 %,100.0 %,75.0 %,100.0 %,75.0 %,100.0 %,2356,841,-771,0,100.0 %,100.0 %
XBI,3d RSI XBI LT10 - L XBI,-3.1 %,10.3 %,-1538,5141,32.8 %,9.5 %,-9.4 %,108.0 %,-7.9 %,-4.2 %,3,6,0.2,0.5,66.7 %,100.0 %,0.3,,-513,824,-1.0 %,1.6 %,5.7,3,1,0,2,6,1,0,2,6,1,0,2,6,2,,2,6,0.6,,-0.3,4.9,-8353,0,-8.4 %,0.0 %,-8353,0,-8.4 %,0.0 %,-8353,0,-8.4 %,0.0 %,66.7 %,100.0 %,66.7 %,100.0 %,66.7 %,100.0 %,1319,824,-4176,0,66.7 %,100.0 %
XCEM,18d RSI XCEM LT36 - L XCEM,3.5 %,8.7 %,1740,4365,100.0 %,6.0 %,3.5 %,146.7 %,0.0 %,-0.7 %,1,4,0.1,0.3,100.0 %,100.0 %,,,1740,1064,3.5 %,2.1 %,3,2.8,0,0,1,4,0,0,1,4,0,0,1,4,,,1,4,,,0,2.5,0,0,0.0 %,0.0 %,0,0,0.0 %,0.0 %,0,0,0.0 %,0.0 %,100.0 %,100.0 %,100.0 %,100.0 %,100.0 %,100.0 %,1740,1064,0,0,100.0 %,100.0 %
XES,5d RSI XES LT18 - L XES,-5.6 %,11.4 %,-2796,5712,11.4 %,11.1 %,-49.0 %,102.8 %,-12.6 %,-4.7 %,4,6,0.3,0.5,50.0 %,83.3 %,0.6,1.8,-699,917,-1.4 %,1.8 %,4.2,3.7,2,1,1,3,2,1,1,3,2,1,1,2,1,5,2,5,0.6,9,-0.5,2.6,-12782,-691,-12.8 %,-1.4 %,-12782,-691,-12.8 %,-1.4 %,-12782,-691,-12.8 %,-1.4 %,50.0 %,83.3 %,50.0 %,83.3 %,50.0 %,83.3 %,1798,1239,-3195,-691,50.0 %,80.0 %
XHB,18d RSI XHB LT39 - L XHB,12.8 %,2.6 %,6378,1310,18.2 %,9.1 %,70.2 %,28.7 %,-0.5 %,-8.9 %,9,5,0.8,0.4,66.7 %,80.0 %,5.4,0.4,709,291,1.4 %,0.6 %,3.4,2.8,2,1,5,4,2,1,5,4,1,1,3,3,2,4,6,4,10.8,1.5,2.7,0.4,-459,-2988,-0.5 %,-6.0 %,-459,-2988,-0.5 %,-6.0 %,-848,-2988,-0.8 %,-6.0 %,66.7 %,80.0 %,66.7 %,80.0 %,66.7 %,80.0 %,1172,1111,-218,-2988,66.7 %,75.0 %
XLB,10d RSI XLB LT34 - L XLB,9.6 %,0.8 %,4807,406,14.4 %,17.9 %,66.7 %,4.5 %,-2.6 %,-7.7 %,10,7,0.8,0.6,80.0 %,85.7 %,0.9,0.2,481,72,1.0 %,0.1 %,2.1,4.9,1,1,4,6,1,1,4,6,1,1,4,5,4,6,8,6,3.5,1.2,1.9,0.2,-2798,-2739,-2.8 %,-5.5 %,-2798,-2739,-2.8 %,-5.5 %,-2798,-2739,-2.8 %,-5.5 %,80.0 %,85.7 %,80.0 %,85.7 %,80.0 %,85.7 %,845,541,-975,-2739,85.7 %,83.3 %
XLE,18d RSI XLE LT37 - L XLE,10.5 %,5.4 %,5230,2685,100.0 %,8.7 %,10.5 %,61.5 %,0.0 %,-4.8 %,2,5,0.2,0.4,100.0 %,80.0 %,,0.7,2615,538,5.2 %,1.1 %,4,3.4,0,1,2,3,0,1,2,3,0,1,1,3,,4,2,4,,2.8,11.5,1.1,0,-1502,0.0 %,-3.0 %,0,-1502,0.0 %,-3.0 %,0,-900,0.0 %,-1.8 %,100.0 %,80.0 %,100.0 %,80.0 %,100.0 %,80.0 %,2615,1048,0,-1502,100.0 %,75.0 %
XLF,21d RSI XLF LT45 - L XLF,9.1 %,7.2 %,4536,3625,17.5 %,5.6 %,51.7 %,130.5 %,-2.6 %,-0.9 %,9,4,0.8,0.3,77.8 %,100.0 %,1.2,,504,885,1.0 %,1.8 %,3.3,2.5,2,0,6,4,1,0,6,4,1,0,3,4,3.5,,7,4,4.4,,2.2,3.9,-2691,0,-2.7 %,0.0 %,-1733,0,-1.7 %,0.0 %,-1733,0,-1.7 %,0.0 %,77.8 %,100.0 %,77.8 %,100.0 %,87.5 %,100.0 %,840,885,-673,0,80.0 %,100.0 %
XLG,4d RSI XLG LT16 - L XLG,4.6 %,14.6 %,2296,7299,9.8 %,9.9 %,46.8 %,147.2 %,0.0 %,-1.9 %,3,6,0.2,0.5,66.7 %,100.0 %,0.9,,765,1149,1.5 %,2.3 %,6,3.2,1,0,2,6,1,0,2,6,1,0,2,5,2,,2,6,1.7,,0.4,11.9,-6177,0,-6.2 %,0.0 %,-6177,0,-6.2 %,0.0 %,-6177,0,-6.2 %,0.0 %,66.7 %,100.0 %,66.7 %,100.0 %,66.7 %,100.0 %,2692,1149,-3088,0,66.7 %,100.0 %
XLI,11d RSI XLI LT33 - L XLI,5.8 %,1.8 %,2907,883,8.9 %,5.2 %,65.3 %,34.2 %,0.0 %,-3.3 %,4,3,0.3,0.2,100.0 %,66.7 %,,1.3,727,297,1.5 %,0.6 %,3.2,2.7,0,1,4,2,0,1,4,2,0,1,3,2,,2,4,2,,2.7,6.3,0.8,0,-532,0.0 %,-1.1 %,0,-532,0.0 %,-1.1 %,0,-532,0.0 %,-1.1 %,100.0 %,66.7 %,100.0 %,66.7 %,100.0 %,66.7 %,727,712,0,-532,100.0 %,66.7 %
XLK,3d RSI XLK LT11 - L XLK,9.3 %,7.7 %,4650,3861,11.2 %,5.2 %,83.3 %,149.7 %,0.0 %,-2.3 %,4,4,0.3,0.3,75.0 %,100.0 %,0.7,,1162,941,2.3 %,1.9 %,5,2.2,1,0,3,4,1,0,3,4,1,0,3,4,3,,3,4,2.2,,0.7,3.6,-7589,0,-7.6 %,0.0 %,-7589,0,-7.6 %,0.0 %,-7589,0,-7.6 %,0.0 %,75.0 %,100.0 %,75.0 %,100.0 %,75.0 %,100.0 %,2815,941,-3794,0,75.0 %,100.0 %
XLP,15d RSI XLP LT37 - L XLP,4.7 %,3.5 %,2369,1729,13.1 %,6.3 %,36.1 %,54.5 %,0.0 %,-1.5 %,6,4,0.5,0.3,83.3 %,100.0 %,0.9,,395,427,0.8 %,0.8 %,3.7,2.5,1,0,5,4,1,0,5,3,1,0,4,3,5,,5,4,4.4,,1.2,3.6,-1385,0,-1.4 %,0.0 %,-1385,0,-1.4 %,0.0 %,-1385,0,-1.4 %,0.0 %,83.3 %,100.0 %,83.3 %,100.0 %,83.3 %,100.0 %,612,427,-692,0,80.0 %,100.0 %
XLRE,20d RSI XLRE LT37 - L XLRE,-0.1 %,1.9 %,-59,959,13.4 %,5.2 %,-0.9 %,37.2 %,0.0 %,-1.8 %,2,3,0.2,0.2,50.0 %,100.0 %,0.8,,-29,318,-0.1 %,0.6 %,3,3.3,1,0,1,3,1,0,1,3,1,0,1,2,1,,1,3,0.8,,-0.1,2.8,-755,0,-0.8 %,0.0 %,-755,0,-0.8 %,0.0 %,-755,0,-0.8 %,0.0 %,50.0 %,100.0 %,50.0 %,100.0 %,50.0 %,100.0 %,319,318,-378,0,50.0 %,100.0 %
XLU,19d RSI XLU LT42 - L XLU,7.3 %,2.7 %,3664,1353,10.1 %,11.1 %,72.7 %,24.4 %,-0.6 %,-3.8 %,7,5,0.6,0.4,85.7 %,80.0 %,2.3,0.7,523,272,1.0 %,0.5 %,2.6,4.2,1,1,4,3,1,1,4,2,0,1,5,2,6,4,6,4,13.5,2.7,2.8,1,-586,-780,-0.6 %,-1.6 %,-586,-780,-0.6 %,-1.6 %,0,-508,0.0 %,-1.0 %,85.7 %,80.0 %,85.7 %,80.0 %,85.7 %,75.0 %,659,534,-293,-780,100.0 %,66.7 %
XLV,7d RSI XLV LT19 - L XLV,2.4 %,1.3 %,1208,671,100.0 %,7.1 %,2.4 %,18.8 %,0.0 %,-2.4 %,1,4,0.1,0.3,100.0 %,75.0 %,,0.8,1208,168,2.4 %,0.3 %,6,3.5,0,1,1,3,0,1,1,3,0,1,1,2,,3,1,3,,2.4,0,0.9,0,-468,0.0 %,-0.9 %,0,-468,0.0 %,-0.9 %,0,-468,0.0 %,-0.9 %,100.0 %,75.0 %,100.0 %,75.0 %,100.0 %,75.0 %,1208,380,0,-468,100.0 %,66.7 %
XLY,3d RSI XLY LT12 - L XLY,2.0 %,11.7 %,995,5851,15.7 %,8.3 %,12.6 %,140.4 %,-0.1 %,-2.0 %,5,7,0.4,0.6,60.0 %,100.0 %,0.8,,199,799,0.4 %,1.6 %,5.2,2,1,0,3,7,1,0,3,7,1,0,3,5,1.5,,3,7,1.2,,0.2,4.4,-9791,0,-9.8 %,0.0 %,-9791,0,-9.8 %,0.0 %,-9791,0,-9.8 %,0.0 %,60.0 %,100.0 %,60.0 %,100.0 %,60.0 %,100.0 %,1978,799,-2470,0,60.0 %,100.0 %
XME,20d RSI XME LT47 - L XME,22.5 %,4.0 %,11245,1998,28.4 %,29.4 %,79.1 %,13.6 %,-3.6 %,-14.5 %,16,18,1.3,1.5,75.0 %,72.2 %,1.8,0.5,703,141,1.4 %,0.3 %,3,3.1,2,2,6,6,1,2,4,6,0,1,5,3,3,2.6,12,13,5.3,1.3,2.8,0.3,-3849,-6494,-3.8 %,-13.0 %,-2297,-6494,-2.3 %,-13.0 %,0,-6494,0.0 %,-13.0 %,75.0 %,72.2 %,75.0 %,72.2 %,75.0 %,71.4 %,1152,956,-646,-1978,100.0 %,71.4 %
XMHQ,11d RSI XMHQ LT34 - L XMHQ,5.2 %,5.1 %,2609,2557,13.2 %,7.5 %,39.7 %,67.8 %,-4.7 %,-1.9 %,4,4,0.3,0.3,75.0 %,75.0 %,0.7,5.2,652,631,1.3 %,1.3 %,6.5,3,1,1,2,3,1,1,2,3,1,1,2,3,3,3,3,3,2.1,15.6,0.7,2.1,-4784,-173,-4.8 %,-0.3 %,-4784,-173,-4.8 %,-0.3 %,-4784,-173,-4.8 %,-0.3 %,75.0 %,75.0 %,75.0 %,75.0 %,75.0 %,75.0 %,1667,899,-2392,-173,75.0 %,75.0 %
XMMO,21d RSI XMMO LT42 - L XMMO,10.9 %,4.5 %,5472,2269,19.3 %,5.6 %,56.7 %,81.7 %,-5.3 %,-1.4 %,9,2,0.8,0.2,88.9 %,100.0 %,0.4,,608,1124,1.2 %,2.2 %,3.2,5,1,0,7,2,1,0,7,2,1,0,2,2,8,,8,2,3.1,,1.4,3.7,-5327,0,-5.3 %,0.0 %,-5327,0,-5.3 %,0.0 %,-2418,0,-2.4 %,0.0 %,88.9 %,100.0 %,88.9 %,100.0 %,88.9 %,100.0 %,1017,1124,-2664,0,75.0 %,100.0 %
XOP,5d RSI XOP LT14 - L XOP,9.1 %,9.1 %,4526,4540,7.9 %,6.8 %,113.9 %,134.6 %,0.0 %,-2.2 %,3,4,0.2,0.3,100.0 %,100.0 %,,,1509,1101,3.0 %,2.2 %,4.3,3.2,0,0,3,4,0,0,3,4,0,0,3,3,,,3,4,,,2,3.9,0,0,0.0 %,0.0 %,0,0,0.0 %,0.0 %,0,0,0.0 %,0.0 %,100.0 %,100.0 %,100.0 %,100.0 %,100.0 %,100.0 %,1509,1101,0,0,100.0 %,100.0 %
XOVR,7d RSI XOVR LT27 - L XOVR,0.5 %,13.7 %,265,6872,13.2 %,6.0 %,4.0 %,230.9 %,-1.7 %,-0.6 %,4,6,0.3,0.5,50.0 %,100.0 %,1,,66,1088,0.1 %,2.2 %,5.5,1.5,1,0,2,6,1,0,1,5,1,0,1,5,1,,2,6,1,,0,4.5,-10843,0,-10.8 %,0.0 %,-7952,0,-8.0 %,0.0 %,-7952,0,-8.0 %,0.0 %,50.0 %,100.0 %,50.0 %,100.0 %,33.3 %,100.0 %,3274,1088,-3141,0,33.3 %,100.0 %
XRT,19d RSI XRT LT43 - L XRT,10.9 %,6.8 %,5425,3425,29.8 %,9.5 %,36.4 %,71.9 %,-10.9 %,-2.3 %,13,5,1.1,0.4,76.9 %,80.0 %,0.6,3.2,417,671,0.8 %,1.3 %,4.1,3.8,1,1,7,4,1,1,6,4,1,1,3,4,3.3,4,10,4,1.9,12.8,0.8,2.5,-11147,-285,-11.1 %,-0.6 %,-9410,-285,-9.4 %,-0.6 %,-5693,-285,-5.7 %,-0.6 %,76.9 %,80.0 %,76.9 %,80.0 %,72.7 %,80.0 %,1166,910,-2077,-285,80.0 %,80.0 %
XSMO,16d RSI XSMO LT41 - L XSMO,11.6 %,8.3 %,5777,4133,20.0 %,7.1 %,57.8 %,115.7 %,-5.6 %,-2.1 %,9,4,0.8,0.3,88.9 %,100.0 %,0.4,,642,1004,1.3 %,2.0 %,4,2.8,1,0,7,4,1,0,7,4,0,0,5,4,8,,8,4,3,,1.5,5.5,-5636,0,-5.6 %,0.0 %,-5636,0,-5.6 %,0.0 %,0,0,0.0 %,0.0 %,88.9 %,100.0 %,88.9 %,100.0 %,88.9 %,100.0 %,1074,1004,-2818,0,100.0 %,100.0 %
XSOE,20d RSI XSOE LT40 - L XSOE,4.3 %,6.6 %,2139,3295,13.6 %,6.0 %,31.4 %,110.7 %,0.0 %,-0.6 %,3,4,0.2,0.3,100.0 %,100.0 %,,,713,807,1.4 %,1.6 %,2,2.5,0,0,3,4,0,0,2,4,0,0,2,4,,,3,4,,,2.4,3.2,0,0,0.0 %,0.0 %,0,0,0.0 %,0.0 %,0,0,0.0 %,0.0 %,100.0 %,100.0 %,100.0 %,100.0 %,100.0 %,100.0 %,713,807,0,0,100.0 %,100.0 %
XT,3d RSI XT LT10 - L XT,7.9 %,8.8 %,3948,4389,9.9 %,6.0 %,79.4 %,147.5 %,-0.1 %,-1.7 %,5,4,0.4,0.3,80.0 %,100.0 %,22.3,,790,1064,1.6 %,2.1 %,2.8,2.8,1,0,3,4,1,0,3,4,1,0,2,4,4,,4,4,89.3,,1.7,6.9,-89,0,-0.1 %,0.0 %,-89,0,-0.1 %,0.0 %,-89,0,-0.1 %,0.0 %,80.0 %,100.0 %,80.0 %,100.0 %,80.0 %,100.0 %,998,1064,-45,0,75.0 %,100.0 %
XYLD,12d RSI XYLD LT35 - L XYLD,-2.6 %,6.4 %,-1296,3208,56.7 %,7.1 %,-4.6 %,89.8 %,0.0 %,-0.9 %,2,4,0.2,0.3,50.0 %,100.0 %,0.3,,-648,786,-1.3 %,1.6 %,7.5,3.5,1,0,1,4,1,0,1,4,1,0,1,4,1,,1,4,0.3,,-0.8,3.3,-3520,0,-3.5 %,0.0 %,-3520,0,-3.5 %,0.0 %,-3520,0,-3.5 %,0.0 %,50.0 %,100.0 %,50.0 %,100.0 %,50.0 %,100.0 %,464,786,-1760,0,50.0 %,100.0 %
YINN,4d RSI YINN LT19 - L YINN,-6.5 %,25.8 %,-3249,12890,9.3 %,6.0 %,-69.5 %,433.1 %,-29.7 %,-8.1 %,6,6,0.5,0.5,66.7 %,83.3 %,0.4,1.3,-542,2022,-1.1 %,4.0 %,2.8,1.5,2,1,3,3,2,1,3,3,2,1,3,2,2,5,4,5,0.8,6.6,-0.2,1.8,-32055,-2162,-32.1 %,-4.3 %,-32055,-2162,-32.1 %,-4.3 %,-32055,-301,-32.1 %,-0.6 %,66.7 %,83.3 %,66.7 %,83.3 %,66.7 %,83.3 %,3195,2859,-8014,-2162,66.7 %,75.0 %
YLD,7d RSI YLD LT45 - L YLD,4.5 %,11.5 %,2246,5754,28.6 %,29.4 %,15.7 %,39.2 %,-0.5 %,-1.4 %,12,15,1,1.2,75.0 %,93.3 %,1.7,,187,365,0.4 %,0.7 %,4.3,3.3,1,1,4,8,1,1,4,8,0,0,7,9,3,14,9,14,5.1,,2.6,7.7,-482,0,-0.5 %,0.0 %,-482,0,-0.5 %,0.0 %,0,0,0.0 %,0.0 %,75.0 %,93.3 %,75.0 %,93.3 %,75.0 %,93.3 %,311,391,-183,0,100.0 %,100.0 %
YYY,15d RSI YYY LT37 - L YYY,1.8 %,3.9 %,895,1930,8.6 %,7.1 %,20.8 %,54.0 %,-4.2 %,-1.1 %,4,5,0.3,0.4,75.0 %,100.0 %,0.5,,224,381,0.4 %,0.8 %,3,2.2,1,0,2,5,1,0,2,5,1,0,1,4,3,,3,5,1.4,,0.3,4.2,-4186,0,-4.2 %,0.0 %,-4186,0,-4.2 %,0.0 %,-435,0,-0.4 %,0.0 %,75.0 %,100.0 %,75.0 %,100.0 %,75.0 %,100.0 %,996,381,-2093,0,66.7 %,100.0 %
ZROZ,17d RSI ZROZ LT33 - L ZROZ,-0.7 %,5.9 %,-356,2940,100.0 %,5.6 %,-0.7 %,105.8 %,0.0 %,-1.4 %,1,4,0.1,0.3,0.0 %,100.0 %,0,,-356,720,-0.7 %,1.4 %,6,1.8,1,0,0,4,1,0,0,4,1,0,0,2,0,,0,4,0,,0,4.4,-713,0,-0.7 %,0.0 %,-713,0,-0.7 %,0.0 %,-713,0,-0.7 %,0.0 %,0.0 %,100.0 %,0.0 %,100.0 %,0.0 %,100.0 %,0,720,-356,0,0.0 %,100.0 %
ZSL,6d RSI ZSL LT14 - L ZSL,21.9 %,16.9 %,10969,8441,13.6 %,6.3 %,160.9 %,265.9 %,0.0 %,-13.6 %,3,3,0.2,0.2,100.0 %,100.0 %,,,3656,2672,7.3 %,5.3 %,2,4.3,0,0,3,3,0,0,3,3,0,0,2,3,,,3,3,,,2,8.7,0,0,0.0 %,0.0 %,0,0,0.0 %,0.0 %,0,0,0.0 %,0.0 %,100.0 %,100.0 %,100.0 %,100.0 %,100.0 %,100.0 %,3656,2672,0,0,100.0 %,100.0 %
