,,"Purpose of This Spreadsheet is to Outline the Methodology of System 30
Branches Traded in 2026 OOS
Updated Till Mon 3-23-26",,,,,,,,,,,,,,,,,,,,,,,,,,,,,,,,,,,,,,,,,,,,,,,,,,,,,,,,,,,,,,,,,,,
Ticker (444),Condition (444),Profit %,IS Profit %,Profit $ Per Year,IS Profit $ Per Year,Time in market%,IS Time in market%,TIMAR%,IS TIMAR%,Max DD%,IS Max DD%,Total Trades,IS Total Trades,AVG Trades Per Month,IS AVG Trades Per Month,Win %,IS Win %,Risk to Reward Ratio,IS Risk to Reward Ratio,Avg P&L $,IS Avg P&L $,Avg P&L %,IS Avg P&L %,AVG Hold Period (days),IS AVG Hold Period (days),Max Consec. Losing Days,IS Max Consec. Losing Days,Max Consec. Winning Days,IS Max Consec. Winning Days,Max Consec. Losing Weeks,IS Max Consec. Losing Weeks,Max Consec. Winning Weeks,IS Max Consec. Winning Weeks,Max Consec. Losing Months,IS Max Consec. Losing Months,Max Consec. Winning Months,IS Max Consec. Winning Months,Win to Loss Ratio,IS Win to Loss Ratio,Total Profitable Trades,IS Total Profitable Trades,Profit Factor,IS Profit Factor,Sharpe Ratio,IS Sharpe Ratio,Losing Days Streak $ Loss,IS Losing Days Streak $ Loss,Losing Days Streak % Loss,IS Losing Days Streak % Loss,Losing Weeks Streak $ Loss,IS Losing Weeks Streak $ Loss,Losing Weeks Streak % Loss,IS Losing Weeks Streak % Loss,Losing Months Streak $ Loss,IS Losing Months Streak $ Loss,Losing Months Streak % Loss,IS Losing Months Streak % Loss,Winning Trades%,IS Winning Trades%,Winning Days%,IS Winning Days%,Winning Weeks%,IS Winning Weeks%,Avg Win Trade $,IS Avg Win Trade $,Avg Losing Trade $,IS Avg Losing Trade $,Winning Months%,IS Winning Months%
AAXJ,13d RSI AAXJ LT37 - L AAXJ,4.6 %,8.6 %,2297,4315,33.3 %,6.0 %,13.8 %,143.8 %,0.0 %,-6.6 %,2,5,0.2,0.4,100.0 %,100.0 %,,,1149,831,2.3 %,1.7 %,1,2,0,0,2,5,0,0,2,4,0,0,1,4,,,2,5,,,7.9,3.4,0,0,0.0 %,0.0 %,0,0,0.0 %,0.0 %,0,0,0.0 %,0.0 %,100.0 %,100.0 %,100.0 %,100.0 %,100.0 %,100.0 %,1149,831,0,0,100.0 %,100.0 %
ACWV,16d RSI ACWV LT56 - L ACWV,-1.0 %,20.8 %,-479,10489,51.7 %,68.4 %,-1.9 %,30.7 %,-2.9 %,-5.0 %,6,43,0.5,3.6,66.7 %,81.4 %,0.3,1.5,-80,221,-0.2 %,0.4 %,3.8,2.9,2,1,4,16,2,1,3,24,1,0,1,11,2,4.4,4,35,0.7,6.4,-0.3,5,-2941,-729,-2.9 %,-1.5 %,-2941,-429,-2.9 %,-0.9 %,-2941,0,-2.9 %,0.0 %,66.7 %,81.4 %,66.7 %,81.4 %,60.0 %,87.5 %,248,322,-735,-221,50.0 %,100.0 %
ACWX,17d RSI ACWX LT41 - L ACWX,2.2 %,8.7 %,1108,4371,78.6 %,5.6 %,2.8 %,156.1 %,-0.1 %,-4.4 %,3,5,0.2,0.4,66.7 %,100.0 %,10,,369,842,0.7 %,1.7 %,2.7,1.8,1,0,2,5,1,0,2,4,0,0,1,3,2,,2,5,20,,2.1,3.2,-117,0,-0.1 %,0.0 %,-117,0,-0.1 %,0.0 %,0,0,0.0 %,0.0 %,66.7 %,100.0 %,66.7 %,100.0 %,66.7 %,100.0 %,583,842,-58,0,100.0 %,100.0 %
AGG,4d RSI AGG LT21 - L AGG,0.9 %,3.0 %,459,1494,27.7 %,9.6 %,3.3 %,31.1 %,-0.1 %,-0.8 %,4,7,0.3,0.6,75.0 %,100.0 %,5.4,,115,209,0.2 %,0.4 %,2.2,2.4,1,0,2,7,1,0,2,7,0,0,2,6,3,,3,7,16.3,,2.4,6,-60,0,-0.1 %,0.0 %,-60,0,-0.1 %,0.0 %,0,0,0.0 %,0.0 %,75.0 %,100.0 %,75.0 %,100.0 %,75.0 %,100.0 %,163,209,-30,0,100.0 %,100.0 %
ANGL,4d RSI ANGL LT19 - L ANGL,0.7 %,2.6 %,370,1290,82.4 %,7.6 %,0.9 %,34.0 %,-0.5 %,-2.8 %,3,4,0.2,0.3,66.7 %,75.0 %,1.2,8.4,123,318,0.2 %,0.6 %,3.7,3.8,1,1,1,2,1,1,1,2,0,1,1,1,2,3,2,3,2.4,25.3,0.7,2.2,-516,-52,-0.5 %,-0.1 %,-516,-52,-0.5 %,-0.1 %,0,-52,0.0 %,-0.1 %,66.7 %,75.0 %,66.7 %,75.0 %,66.7 %,75.0 %,314,441,-258,-52,100.0 %,66.7 %
AOA,3d RSI AOA LT13 - L AOA,5.4 %,9.9 %,2680,5016,34.3 %,9.2 %,15.6 %,109.0 %,0.0 %,-3.7 %,4,6,0.3,0.5,100.0 %,100.0 %,,,670,800,1.3 %,1.6 %,2,2.8,0,0,4,6,0,0,4,6,0,0,2,6,,,4,6,,,5.1,3.4,0,0,0.0 %,0.0 %,0,0,0.0 %,0.0 %,0,0,0.0 %,0.0 %,100.0 %,100.0 %,100.0 %,100.0 %,100.0 %,100.0 %,670,800,0,0,100.0 %,100.0 %
AOK,3d RSI AOK LT26 - L AOK,1.4 %,5.9 %,696,2976,42.6 %,17.6 %,3.3 %,33.8 %,-0.7 %,-2.6 %,6,13,0.5,1.1,50.0 %,100.0 %,3,,116,221,0.2 %,0.4 %,2.3,2.3,3,0,2,13,3,0,2,13,0,0,3,9,1,,3,13,3,,1.1,5.7,-712,0,-0.7 %,0.0 %,-712,0,-0.7 %,0.0 %,0,0,0.0 %,0.0 %,50.0 %,100.0 %,50.0 %,100.0 %,50.0 %,100.0 %,351,221,-119,0,100.0 %,100.0 %
AOM,3d RSI AOM LT19 - L AOM,3.5 %,8.3 %,1735,4206,36.2 %,16.0 %,9.6 %,52.6 %,-0.1 %,-2.7 %,6,11,0.5,0.9,83.3 %,100.0 %,11.4,,289,366,0.6 %,0.7 %,1.8,2.6,1,0,3,11,1,0,3,11,0,0,3,8,5,,5,11,56.9,,3.2,4.4,-62,0,-0.1 %,0.0 %,-62,0,-0.1 %,0.0 %,0,0,0.0 %,0.0 %,83.3 %,100.0 %,83.3 %,100.0 %,83.3 %,100.0 %,353,366,-31,0,100.0 %,100.0 %
AOR,3d RSI AOR LT15 - L AOR,5.7 %,7.4 %,2838,3744,34.0 %,8.4 %,16.7 %,89.1 %,0.0 %,-2.7 %,6,6,0.5,0.5,100.0 %,100.0 %,,,473,602,0.9 %,1.2 %,1.7,2.5,0,0,6,6,0,0,6,6,0,0,3,5,,,6,6,,,6.3,4,0,0,0.0 %,0.0 %,0,0,0.0 %,0.0 %,0,0,0.0 %,0.0 %,100.0 %,100.0 %,100.0 %,100.0 %,100.0 %,100.0 %,473,602,0,0,100.0 %,100.0 %
ARKK,15d RSI ARKK LT33 - L ARKK,-4.1 %,36.2 %,-2063,18252,100.0 %,6.4 %,-4.1 %,570.4 %,0.0 %,-8.0 %,1,5,0.1,0.4,0.0 %,100.0 %,0,,-2063,3215,-4.1 %,6.4 %,3,2.2,1,0,0,5,1,0,0,5,1,0,0,3,0,,0,5,0,,0,4.2,-4126,0,-4.1 %,0.0 %,-4126,0,-4.1 %,0.0 %,-4126,0,-4.1 %,0.0 %,0.0 %,100.0 %,0.0 %,100.0 %,0.0 %,100.0 %,0,3215,-2063,0,0.0 %,100.0 %
ARKW,19d RSI ARKW LT35 - L ARKW,-8.5 %,20.9 %,-4257,10532,77.8 %,5.2 %,-10.9 %,405.1 %,-1.8 %,-7.9 %,3,4,0.2,0.3,33.3 %,75.0 %,0.5,41.7,-1419,2461,-2.8 %,4.9 %,3.3,2.2,2,1,1,3,2,1,1,2,1,1,0,2,0.5,3,1,3,0.2,125.2,-1,2.7,-11075,-79,-11.1 %,-0.2 %,-11075,-79,-11.1 %,-0.2 %,-8515,-79,-8.5 %,-0.2 %,33.3 %,75.0 %,33.3 %,75.0 %,33.3 %,66.7 %,1280,3308,-2769,-79,0.0 %,66.7 %
ASHR,5d RSI ASHR LT17 - L ASHR,1.0 %,4.7 %,510,2370,100.0 %,7.2 %,1.0 %,65.8 %,0.0 %,-7.7 %,1,4,0.1,0.3,100.0 %,75.0 %,,1.6,510,584,1.0 %,1.2 %,3,3.5,0,1,1,2,0,1,1,2,0,1,1,2,,3,1,3,,4.7,0,1.4,0,-629,0.0 %,-1.3 %,0,-629,0.0 %,-1.3 %,0,-629,0.0 %,-1.3 %,100.0 %,75.0 %,100.0 %,75.0 %,100.0 %,75.0 %,510,989,0,-629,100.0 %,75.0 %
BAR,7d RSI BAR LT37 - L BAR,0.4 %,15.4 %,206,7745,27.5 %,7.6 %,1.5 %,203.8 %,-8.8 %,-0.7 %,3,8,0.2,0.7,66.7 %,100.0 %,0.5,,69,904,0.1 %,1.8 %,2.7,1.4,1,0,1,8,1,0,1,8,1,0,1,7,2,,2,8,1,,0,5.2,-9362,0,-9.4 %,0.0 %,-5847,0,-5.8 %,0.0 %,-5847,0,-5.8 %,0.0 %,66.7 %,100.0 %,66.7 %,100.0 %,50.0 %,100.0 %,2444,904,-4681,0,50.0 %,100.0 %
BBHY,3d RSI BBHY LT17 - L BBHY,0.9 %,3.4 %,474,1723,54.5 %,10.8 %,1.7 %,31.9 %,0.0 %,-2.1 %,2,6,0.2,0.5,100.0 %,83.3 %,,4.6,237,282,0.5 %,0.6 %,2,3.5,0,1,2,4,0,1,2,4,0,1,1,3,,5,2,5,,22.9,6.3,2.6,0,-77,0.0 %,-0.1 %,0,-77,0.0 %,-0.1 %,0,-77,0.0 %,-0.1 %,100.0 %,83.3 %,100.0 %,83.3 %,100.0 %,83.3 %,237,354,0,-77,100.0 %,80.0 %
BBLU,3d RSI BBLU LT13 - L BBLU,-0.5 %,8.2 %,-237,4139,22.2 %,13.2 %,-2.1 %,62.7 %,-1.5 %,-9.7 %,2,7,0.2,0.6,50.0 %,85.7 %,0.7,0.4,-118,593,-0.2 %,1.2 %,4,3.7,1,1,1,6,1,1,1,6,1,1,1,4,1,6,1,6,0.7,2.6,-0.3,1,-1470,-2538,-1.5 %,-5.1 %,-1470,-2538,-1.5 %,-5.1 %,-1470,-2538,-1.5 %,-5.1 %,50.0 %,85.7 %,50.0 %,85.7 %,50.0 %,85.7 %,498,1114,-735,-2538,50.0 %,80.0 %
BIV,3d RSI BIV LT13 - L BIV,1.1 %,2.9 %,543,1437,19.5 %,5.2 %,5.6 %,55.3 %,0.0 %,-0.2 %,3,5,0.2,0.4,100.0 %,80.0 %,,,181,282,0.4 %,0.6 %,1.7,1.6,0,1,3,4,0,1,3,4,0,1,2,4,,4,3,4,,,6.2,4,0,0,0.0 %,0.0 %,0,0,0.0 %,0.0 %,0,0,0.0 %,0.0 %,100.0 %,80.0 %,100.0 %,80.0 %,100.0 %,80.0 %,181,353,0,0,100.0 %,80.0 %
BIZD,5d RSI BIZD LT21 - L BIZD,2.5 %,6.1 %,1229,3072,28.1 %,18.8 %,8.7 %,32.7 %,0.0 %,-9.3 %,2,8,0.2,0.7,50.0 %,87.5 %,2.9,0.3,614,384,1.2 %,0.8 %,3.5,4.9,1,1,1,5,1,1,1,5,1,1,1,4,1,7,1,7,2.9,2.3,0.7,1,-1308,-2361,-1.3 %,-4.7 %,-1308,-2361,-1.3 %,-4.7 %,-1308,-2361,-1.3 %,-4.7 %,50.0 %,87.5 %,50.0 %,87.5 %,50.0 %,87.5 %,1883,776,-654,-2361,50.0 %,85.7 %
BKLN,3d RSI BKLN LT28 - L BKLN,-0.6 %,2.9 %,-313,1450,90.3 %,28.8 %,-0.7 %,10.1 %,-0.6 %,-2.5 %,4,15,0.3,1.3,25.0 %,86.7 %,1.3,2.4,-78,95,-0.2 %,0.2 %,5.8,3.8,3,1,1,6,2,1,1,6,1,1,1,8,0.3,6.5,1,13,0.4,15.4,-0.8,4.4,-1120,-99,-1.1 %,-0.2 %,-1120,-99,-1.1 %,-0.2 %,-1120,-99,-1.1 %,-0.2 %,25.0 %,86.7 %,25.0 %,86.7 %,33.3 %,86.7 %,247,117,-187,-49,50.0 %,90.9 %
BLV,3d RSI BLV LT11 - L BLV,2.0 %,3.7 %,1015,1865,62.5 %,6.0 %,3.2 %,62.2 %,0.0 %,-1.3 %,2,5,0.2,0.4,100.0 %,100.0 %,,,507,365,1.0 %,0.7 %,1.5,2,0,0,2,5,0,0,2,5,0,0,1,4,,,2,5,,,5.9,6.3,0,0,0.0 %,0.0 %,0,0,0.0 %,0.0 %,0,0,0.0 %,0.0 %,100.0 %,100.0 %,100.0 %,100.0 %,100.0 %,100.0 %,507,365,0,0,100.0 %,100.0 %
BND,3d RSI BND LT16 - L BND,0.4 %,3.2 %,176,1631,22.5 %,10.8 %,1.6 %,30.2 %,-0.1 %,-0.7 %,3,8,0.2,0.7,66.7 %,100.0 %,2.7,,59,200,0.1 %,0.4 %,2,2.4,1,0,2,8,1,0,2,8,0,0,2,7,2,,2,8,5.3,,1.3,6.6,-81,0,-0.1 %,0.0 %,-81,0,-0.1 %,0.0 %,0,0,0.0 %,0.0 %,66.7 %,100.0 %,66.7 %,100.0 %,66.7 %,100.0 %,108,200,-41,0,100.0 %,100.0 %
BNDX,4d RSI BNDX LT15 - L BNDX,-0.5 %,0.8 %,-227,402,100.0 %,5.2 %,-0.5 %,15.5 %,0.0 %,-0.3 %,1,3,0.1,0.2,0.0 %,100.0 %,0,,-227,133,-0.5 %,0.3 %,6,3.3,1,0,0,3,1,0,0,3,1,0,0,3,0,,0,3,0,,0,3.4,-454,0,-0.5 %,0.0 %,-454,0,-0.5 %,0.0 %,-454,0,-0.5 %,0.0 %,0.0 %,100.0 %,0.0 %,100.0 %,0.0 %,100.0 %,0,133,-227,0,0.0 %,100.0 %
BOIL,16d RSI BOIL LT34 - L BOIL,20.2 %,22.4 %,10105,11310,80.0 %,6.4 %,25.3 %,353.4 %,0.0 %,-4.1 %,2,5,0.2,0.4,100.0 %,100.0 %,,,5052,2085,10.1 %,4.2 %,1,2.2,0,0,2,5,0,0,2,5,0,0,1,2,,,2,5,,,3.3,3.3,0,0,0.0 %,0.0 %,0,0,0.0 %,0.0 %,0,0,0.0 %,0.0 %,100.0 %,100.0 %,100.0 %,100.0 %,100.0 %,100.0 %,5052,2085,0,0,100.0 %,100.0 %
BOND,15d RSI BOND LT40 - L BOND,0.1 %,2.3 %,41,1164,92.9 %,5.6 %,0.1 %,41.6 %,-0.3 %,-1.2 %,3,3,0.2,0.2,33.3 %,100.0 %,2.3,,14,383,0.0 %,0.8 %,3.3,3.7,2,0,1,3,2,0,1,3,0,0,1,2,0.5,,1,3,1.2,,0.1,2.2,-475,0,-0.5 %,0.0 %,-475,0,-0.5 %,0.0 %,0,0,0.0 %,0.0 %,33.3 %,100.0 %,33.3 %,100.0 %,33.3 %,100.0 %,279,383,-119,0,100.0 %,100.0 %
BOTZ,4d RSI BOTZ LT13 - L BOTZ,3.5 %,13.3 %,1744,6727,31.4 %,7.2 %,11.1 %,186.8 %,-1.2 %,-6.2 %,2,5,0.2,0.4,50.0 %,80.0 %,3.7,4.7,872,1292,1.7 %,2.6 %,4.5,2.6,1,1,1,3,1,1,1,3,1,1,1,2,1,4,1,4,3.7,18.7,0.8,1.9,-1292,-366,-1.3 %,-0.7 %,-1292,-366,-1.3 %,-0.7 %,-1292,-366,-1.3 %,-0.7 %,50.0 %,80.0 %,50.0 %,80.0 %,50.0 %,80.0 %,2390,1706,-646,-366,50.0 %,75.0 %
BSCQ,7d RSI BSCQ LT66 - L BSCQ,0.3 %,4.0 %,141,1989,100.0 %,51.2 %,0.3 %,7.8 %,0.0 %,-0.4 %,2,19,0.2,1.6,100.0 %,100.0 %,,,71,102,0.1 %,0.2 %,10.5,5.7,0,0,2,19,0,0,2,17,0,0,1,11,,,2,19,,,15.5,17.3,0,0,0.0 %,0.0 %,0,0,0.0 %,0.0 %,0,0,0.0 %,0.0 %,100.0 %,100.0 %,100.0 %,100.0 %,100.0 %,100.0 %,71,102,0,0,100.0 %,100.0 %
BSCR,3d RSI BSCR LT11 - L BSCR,0.2 %,0.4 %,77,182,100.0 %,7.2 %,0.2 %,5.1 %,0.0 %,-0.1 %,1,1,0.1,0.1,100.0 %,100.0 %,,,77,181,0.2 %,0.4 %,3,17,0,0,1,1,0,0,1,1,0,0,1,1,,,1,1,,,0,0,0,0,0.0 %,0.0 %,0,0,0.0 %,0.0 %,0,0,0.0 %,0.0 %,100.0 %,100.0 %,100.0 %,100.0 %,100.0 %,100.0 %,77,181,0,0,100.0 %,100.0 %
BSV,3d RSI BSV LT16 - L BSV,-0.0 %,1.7 %,-12,855,26.7 %,8.0 %,-0.1 %,21.4 %,-0.3 %,-0.1 %,3,7,0.2,0.6,66.7 %,100.0 %,0.5,,-4,120,-0.0 %,0.2 %,3,1.9,1,0,1,7,1,0,1,7,1,0,1,7,2,,2,7,0.9,,-0.1,6.6,-254,0,-0.3 %,0.0 %,-254,0,-0.3 %,0.0 %,-75,0,-0.1 %,0.0 %,66.7 %,100.0 %,66.7 %,100.0 %,66.7 %,100.0 %,58,120,-127,0,50.0 %,100.0 %
BWX,4d RSI BWX LT12 - L BWX,0.8 %,5.4 %,382,2700,54.5 %,6.8 %,1.4 %,79.4 %,0.0 %,-0.5 %,2,5,0.2,0.4,100.0 %,100.0 %,,,191,525,0.4 %,1.1 %,2,2.4,0,0,2,5,0,0,2,5,0,0,1,5,,,2,5,,,20.7,7.5,0,0,0.0 %,0.0 %,0,0,0.0 %,0.0 %,0,0,0.0 %,0.0 %,100.0 %,100.0 %,100.0 %,100.0 %,100.0 %,100.0 %,191,525,0,0,100.0 %,100.0 %
BWZ,10d RSI BWZ LT29 - L BWZ,-0.5 %,4.7 %,-275,2370,100.0 %,5.2 %,-0.5 %,91.2 %,0.0 %,-0.4 %,1,4,0.1,0.3,0.0 %,100.0 %,0,,-275,578,-0.5 %,1.2 %,12,2.2,1,0,0,4,1,0,0,4,1,0,0,4,0,,0,4,0,,0,11.2,-550,0,-0.5 %,0.0 %,-550,0,-0.5 %,0.0 %,-550,0,-0.5 %,0.0 %,0.0 %,100.0 %,0.0 %,100.0 %,0.0 %,100.0 %,0,578,-275,0,0.0 %,100.0 %
CEF,17d RSI CEF LT51 - L CEF,12.8 %,21.3 %,6380,10717,65.9 %,12.4 %,19.4 %,172.8 %,-11.0 %,-1.9 %,7,13,0.6,1.1,85.7 %,100.0 %,0.3,,911,749,1.8 %,1.5 %,2.7,1.4,1,0,5,13,1,0,4,12,1,0,1,8,6,,6,13,2,,0.7,6.4,-13390,0,-13.4 %,0.0 %,-8939,0,-8.9 %,0.0 %,-7079,0,-7.1 %,0.0 %,85.7 %,100.0 %,85.7 %,100.0 %,80.0 %,100.0 %,2179,749,-6695,0,50.0 %,100.0 %
CIBR,10d RSI CIBR LT32 - L CIBR,0.5 %,19.2 %,257,9679,44.4 %,6.8 %,1.2 %,284.7 %,-2.8 %,-4.4 %,3,5,0.2,0.4,66.7 %,100.0 %,0.6,,86,1812,0.2 %,3.6 %,3,2.4,1,0,1,5,1,0,1,5,1,0,1,5,2,,2,5,1.2,,0.1,2.5,-2800,0,-2.8 %,0.0 %,-2800,0,-2.8 %,0.0 %,-445,0,-0.4 %,0.0 %,66.7 %,100.0 %,66.7 %,100.0 %,66.7 %,100.0 %,828,1812,-1400,0,50.0 %,100.0 %
CMF,4d RSI CMF LT12 - L CMF,-0.3 %,0.4 %,-170,184,80.0 %,5.6 %,-0.4 %,6.6 %,-0.1 %,-0.8 %,2,4,0.2,0.3,0.0 %,50.0 %,0,2,-85,46,-0.2 %,0.1 %,5,2.5,2,2,0,2,2,2,0,2,1,2,0,1,0,1,0,2,0,2,-11.7,0.5,-341,-192,-0.3 %,-0.4 %,-341,-192,-0.3 %,-0.4 %,-341,-147,-0.3 %,-0.3 %,0.0 %,50.0 %,0.0 %,50.0 %,0.0 %,50.0 %,0,188,-85,-96,0.0 %,33.3 %
COLO,3d RSI COLO LT10 - L COLO,4.4 %,14.0 %,2206,7035,30.0 %,5.2 %,14.7 %,270.6 %,-0.4 %,-5.9 %,2,3,0.2,0.2,50.0 %,100.0 %,11.3,,1103,2239,2.2 %,4.5 %,2,3.3,1,0,1,3,1,0,1,3,1,0,1,3,1,,1,3,11.3,,1.2,3.3,-428,0,-0.4 %,0.0 %,-428,0,-0.4 %,0.0 %,-428,0,-0.4 %,0.0 %,50.0 %,100.0 %,50.0 %,100.0 %,50.0 %,100.0 %,2420,2239,-214,0,50.0 %,100.0 %
CORN,21d RSI CORN LT38 - L CORN,0.1 %,8.1 %,73,4072,100.0 %,10.0 %,0.1 %,81.4 %,0.0 %,-2.2 %,1,7,0.1,0.6,100.0 %,85.7 %,,3.2,73,560,0.1 %,1.1 %,4,2.6,0,1,1,5,0,1,1,5,0,1,1,3,,6,1,6,,18.9,0,3.2,0,-219,0.0 %,-0.4 %,0,-219,0.0 %,-0.4 %,0,-219,0.0 %,-0.4 %,100.0 %,85.7 %,100.0 %,85.7 %,100.0 %,85.7 %,73,690,0,-219,100.0 %,80.0 %
COWZ,13d RSI COWZ LT39 - L COWZ,2.1 %,8.5 %,1028,4273,80.0 %,12.4 %,2.6 %,68.9 %,0.0 %,-10.1 %,2,8,0.2,0.7,100.0 %,75.0 %,,2,514,515,1.0 %,1.0 %,3,2.9,0,1,2,3,0,1,2,3,0,0,1,4,,3,2,6,,6.1,14.7,2.4,0,-660,0.0 %,-1.3 %,0,-660,0.0 %,-1.3 %,0,0,0.0 %,0.0 %,100.0 %,75.0 %,100.0 %,75.0 %,100.0 %,75.0 %,514,820,0,-400,100.0 %,100.0 %
CQQQ,14d RSI CQQQ LT36 - L CQQQ,0.8 %,6.4 %,398,3228,40.0 %,5.2 %,2.0 %,124.2 %,-2.9 %,-11.8 %,4,4,0.3,0.3,50.0 %,50.0 %,1.1,4.3,99,800,0.2 %,1.6 %,2.5,2.2,1,1,1,1,1,1,1,2,1,1,1,2,1,1,2,2,1.1,4.3,0.1,1.2,-3015,-924,-3.0 %,-1.9 %,-3015,-39,-3.0 %,-0.1 %,-2368,-39,-2.4 %,-0.1 %,50.0 %,50.0 %,50.0 %,50.0 %,50.0 %,66.7 %,1566,2081,-1367,-481,50.0 %,66.7 %
CWEB,13d RSI CWEB LT30 - L CWEB,-11.4 %,33.5 %,-5683,16904,65.2 %,6.0 %,-17.4 %,563.5 %,0.0 %,-10.2 %,3,4,0.2,0.3,33.3 %,100.0 %,0.3,,-1894,3773,-3.8 %,7.5 %,4,2.8,1,0,1,4,2,0,0,4,1,0,0,4,0.5,,1,4,0.2,,-0.9,4.7,-13622,0,-13.6 %,0.0 %,-11367,0,-11.4 %,0.0 %,-11367,0,-11.4 %,0.0 %,33.3 %,100.0 %,33.3 %,100.0 %,0.0 %,100.0 %,1128,3773,-3406,0,0.0 %,100.0 %
CWI,21d RSI CWI LT43 - L CWI,2.4 %,8.2 %,1215,4157,85.7 %,5.6 %,2.8 %,148.4 %,-0.1 %,-4.5 %,3,5,0.2,0.4,66.7 %,80.0 %,10.9,,405,803,0.8 %,1.6 %,3,1.8,1,1,2,3,1,1,2,2,0,0,1,3,2,4,2,4,21.7,,2.1,2.7,-117,0,-0.1 %,0.0 %,-117,0,-0.1 %,0.0 %,0,0,0.0 %,0.0 %,66.7 %,80.0 %,66.7 %,80.0 %,66.7 %,75.0 %,637,1004,-59,0,100.0 %,100.0 %
CXSE,13d RSI CXSE LT41 - L CXSE,0.3 %,6.3 %,159,3169,47.2 %,14.8 %,0.7 %,42.8 %,-4.3 %,-10.9 %,5,10,0.4,0.8,60.0 %,70.0 %,0.7,0.8,32,321,0.1 %,0.6 %,2.4,2.7,1,1,2,4,1,1,1,3,1,1,1,3,1.5,2.3,3,7,1.1,1.8,0.1,0.8,-4346,-2141,-4.3 %,-4.3 %,-3336,-871,-3.3 %,-1.7 %,-1573,-200,-1.6 %,-0.4 %,60.0 %,70.0 %,60.0 %,70.0 %,50.0 %,71.4 %,812,1048,-1139,-1374,50.0 %,80.0 %
DBB,20d RSI DBB LT40 - L DBB,2.3 %,3.0 %,1141,1511,100.0 %,8.4 %,2.3 %,36.0 %,0.0 %,-6.9 %,1,6,0.1,0.5,100.0 %,66.7 %,,0.9,1141,256,2.3 %,0.5 %,1,2.5,0,1,1,2,0,2,1,2,0,1,1,1,,2,1,4,,1.8,0,0.7,0,-1619,0.0 %,-3.2 %,0,-922,0.0 %,-1.8 %,0,-113,0.0 %,-0.2 %,100.0 %,66.7 %,100.0 %,66.7 %,100.0 %,60.0 %,1141,852,0,-938,100.0 %,66.7 %
DBEF,15d RSI DBEF LT42 - L DBEF,0.1 %,6.3 %,52,3197,86.7 %,6.8 %,0.1 %,94.0 %,-0.4 %,-9.3 %,3,5,0.2,0.4,33.3 %,80.0 %,2.3,1.4,17,624,0.0 %,1.2 %,3.3,2.4,1,1,1,4,1,0,1,4,0,0,1,2,0.5,4,1,4,1.1,5.5,0.1,2.1,-446,-687,-0.4 %,-1.4 %,-446,0,-0.4 %,0.0 %,0,0,0.0 %,0.0 %,33.3 %,80.0 %,33.3 %,80.0 %,33.3 %,100.0 %,415,951,-182,-687,100.0 %,100.0 %
DDM,8d RSI DDM LT26 - L DDM,-1.1 %,18.8 %,-537,9470,83.3 %,5.6 %,-1.3 %,338.2 %,-2.1 %,-8.8 %,2,4,0.2,0.3,50.0 %,100.0 %,0.5,,-269,2241,-0.5 %,4.5 %,4,2.5,1,0,1,4,1,0,1,4,1,0,0,4,1,,1,4,0.5,,-0.5,2.1,-2149,0,-2.1 %,0.0 %,-2149,0,-2.1 %,0.0 %,-1074,0,-1.1 %,0.0 %,50.0 %,100.0 %,50.0 %,100.0 %,50.0 %,100.0 %,537,2241,-1074,0,0.0 %,100.0 %
DDWM,21d RSI DDWM LT53 - L DDWM,0.1 %,9.9 %,60,4973,100.0 %,14.8 %,0.1 %,67.2 %,-1.0 %,-10.0 %,4,11,0.3,0.9,25.0 %,90.9 %,3.3,0.4,15,434,0.0 %,0.9 %,3.2,2.4,3,1,1,8,3,0,1,9,0,0,1,5,0.3,10,1,10,1.1,4.3,0.1,2.1,-1051,-1446,-1.1 %,-2.9 %,-1051,0,-1.1 %,0.0 %,0,0,0.0 %,0.0 %,25.0 %,90.9 %,25.0 %,90.9 %,25.0 %,100.0 %,586,623,-175,-1446,100.0 %,100.0 %
DEM,3d RSI DEM LT10 - L DEM,0.7 %,8.0 %,353,4010,100.0 %,9.6 %,0.7 %,83.5 %,0.0 %,-6.0 %,1,7,0.1,0.6,100.0 %,85.7 %,,8.3,353,552,0.7 %,1.1 %,1,2.4,0,1,1,4,0,1,1,4,0,1,1,4,,6,1,6,,49.8,0,3,0,-79,0.0 %,-0.2 %,0,-79,0.0 %,-0.2 %,0,-79,0.0 %,-0.2 %,100.0 %,85.7 %,100.0 %,85.7 %,100.0 %,85.7 %,353,657,0,-79,100.0 %,85.7 %
DES,3d RSI DES LT12 - L DES,-0.7 %,19.7 %,-350,9909,100.0 %,11.6 %,-0.7 %,170.8 %,0.0 %,-6.2 %,1,9,0.1,0.8,0.0 %,100.0 %,0,,-350,1010,-0.7 %,2.0 %,9,2.1,1,0,0,9,1,0,0,9,1,0,0,7,0,,0,9,0,,0,6,-701,0,-0.7 %,0.0 %,-701,0,-0.7 %,0.0 %,-701,0,-0.7 %,0.0 %,0.0 %,100.0 %,0.0 %,100.0 %,0.0 %,100.0 %,0,1010,-350,0,0.0 %,100.0 %
DFEN,4d RSI DFEN LT13 - L DFEN,-4.9 %,47.5 %,-2444,23960,100.0 %,5.6 %,-4.9 %,855.7 %,0.0 %,-13.6 %,1,4,0.1,0.3,0.0 %,100.0 %,0,,-2444,5433,-4.9 %,10.9 %,8,2.5,1,0,0,4,1,0,0,4,1,0,0,3,0,,0,4,0,,0,1.7,-4889,0,-4.9 %,0.0 %,-4889,0,-4.9 %,0.0 %,-4889,0,-4.9 %,0.0 %,0.0 %,100.0 %,0.0 %,100.0 %,0.0 %,100.0 %,0,5433,-2444,0,0.0 %,100.0 %
DGRO,3d RSI DGRO LT12 - L DGRO,-0.5 %,12.3 %,-271,6182,100.0 %,6.8 %,-0.5 %,181.8 %,0.0 %,-4.2 %,1,6,0.1,0.5,0.0 %,100.0 %,0,,-271,978,-0.5 %,2.0 %,2,1.8,1,0,0,6,1,0,0,6,1,0,0,5,0,,0,6,0,,0,3.6,-542,0,-0.5 %,0.0 %,-542,0,-0.5 %,0.0 %,-542,0,-0.5 %,0.0 %,0.0 %,100.0 %,0.0 %,100.0 %,0.0 %,100.0 %,0,978,-271,0,0.0 %,100.0 %
DGRW,3d RSI DGRW LT11 - L DGRW,1.8 %,15.1 %,876,7598,11.4 %,9.2 %,15.3 %,165.2 %,0.0 %,-4.4 %,2,7,0.2,0.6,100.0 %,100.0 %,,,438,1018,0.9 %,2.0 %,1,2.3,0,0,2,7,0,0,2,7,0,0,2,6,,,2,7,,,5.1,3.8,0,0,0.0 %,0.0 %,0,0,0.0 %,0.0 %,0,0,0.0 %,0.0 %,100.0 %,100.0 %,100.0 %,100.0 %,100.0 %,100.0 %,438,1018,0,0,100.0 %,100.0 %
DGS,4d RSI DGS LT16 - L DGS,-0.9 %,7.1 %,-441,3571,100.0 %,9.2 %,-0.9 %,77.6 %,0.0 %,-6.3 %,1,7,0.1,0.6,0.0 %,100.0 %,0,,-441,493,-0.9 %,1.0 %,4,2.3,1,0,0,7,1,0,0,7,1,0,0,6,0,,0,7,0,,0,3,-882,0,-0.9 %,0.0 %,-882,0,-0.9 %,0.0 %,-882,0,-0.9 %,0.0 %,0.0 %,100.0 %,0.0 %,100.0 %,0.0 %,100.0 %,0,493,-441,0,0.0 %,100.0 %
DIA,8d RSI DIA LT27 - L DIA,-0.4 %,9.4 %,-203,4764,83.3 %,5.6 %,-0.5 %,170.1 %,-1.0 %,-4.4 %,2,4,0.2,0.3,50.0 %,100.0 %,0.6,,-101,1153,-0.2 %,2.3 %,4,2.5,1,0,1,4,1,0,1,4,1,0,0,4,1,,1,4,0.6,,-0.4,2.1,-963,0,-1.0 %,0.0 %,-963,0,-1.0 %,0.0 %,-406,0,-0.4 %,0.0 %,50.0 %,100.0 %,50.0 %,100.0 %,50.0 %,100.0 %,278,1153,-481,0,0.0 %,100.0 %
DIV,19d RSI DIV LT43 - L DIV,1.8 %,10.7 %,913,5402,100.0 %,12.0 %,1.8 %,90.0 %,0.0 %,-6.4 %,1,9,0.1,0.8,100.0 %,88.9 %,,2.8,913,571,1.8 %,1.1 %,2,2.3,0,1,1,6,0,1,1,5,0,0,1,4,,8,1,8,,22.4,0,3.4,0,-240,0.0 %,-0.5 %,0,-240,0.0 %,-0.5 %,0,0,0.0 %,0.0 %,100.0 %,88.9 %,100.0 %,88.9 %,100.0 %,87.5 %,913,673,0,-240,100.0 %,100.0 %
DIVB,4d RSI DIVB LT15 - L DIVB,-0.9 %,11.7 %,-449,5917,100.0 %,6.0 %,-0.9 %,197.2 %,0.0 %,-4.2 %,1,5,0.1,0.4,0.0 %,100.0 %,0,,-449,1126,-0.9 %,2.2 %,13,2,1,0,0,5,1,0,0,5,1,0,0,5,0,,0,5,0,,0,4.4,-898,0,-0.9 %,0.0 %,-898,0,-0.9 %,0.0 %,-898,0,-0.9 %,0.0 %,0.0 %,100.0 %,0.0 %,100.0 %,0.0 %,100.0 %,0,1126,-449,0,0.0 %,100.0 %
DIVI,19d RSI DIVI LT42 - L DIVI,1.7 %,10.7 %,830,5411,78.6 %,6.0 %,2.1 %,180.4 %,0.0 %,-4.0 %,3,5,0.2,0.4,100.0 %,100.0 %,,,277,1035,0.6 %,2.1 %,2.7,2,0,0,3,5,0,0,3,4,0,0,1,3,,,3,5,,,4.9,3.5,0,0,0.0 %,0.0 %,0,0,0.0 %,0.0 %,0,0,0.0 %,0.0 %,100.0 %,100.0 %,100.0 %,100.0 %,100.0 %,100.0 %,277,1035,0,0,100.0 %,100.0 %
DIVO,3d RSI DIVO LT17 - L DIVO,-1.9 %,14.1 %,-962,7120,91.7 %,13.6 %,-2.1 %,104.7 %,-2.1 %,-4.0 %,2,9,0.2,0.8,50.0 %,100.0 %,0.1,,-481,744,-1.0 %,1.5 %,4.5,2.7,1,0,1,9,1,0,1,9,1,0,0,7,1,,1,9,0.1,,-1.2,3.3,-2097,0,-2.1 %,0.0 %,-2097,0,-2.1 %,0.0 %,-1923,0,-1.9 %,0.0 %,50.0 %,100.0 %,50.0 %,100.0 %,50.0 %,100.0 %,87,744,-1049,0,0.0 %,100.0 %
DLN,3d RSI DLN LT12 - L DLN,0.4 %,12.2 %,209,6134,100.0 %,8.0 %,0.4 %,153.3 %,0.0 %,-4.0 %,1,6,0.1,0.5,100.0 %,100.0 %,,,209,969,0.4 %,1.9 %,1,2.3,0,0,1,6,0,0,1,6,0,0,1,5,,,1,6,,,0,4.2,0,0,0.0 %,0.0 %,0,0,0.0 %,0.0 %,0,0,0.0 %,0.0 %,100.0 %,100.0 %,100.0 %,100.0 %,100.0 %,100.0 %,209,969,0,0,100.0 %,100.0 %
DOG,20d RSI DOG LT38 - L DOG,2.1 %,4.6 %,1056,2309,100.0 %,13.2 %,2.1 %,35.0 %,0.0 %,-1.7 %,1,8,0.1,0.7,100.0 %,75.0 %,,2.2,1056,282,2.1 %,0.6 %,9,3.1,0,1,1,5,0,1,1,4,0,0,1,4,,3,1,6,,6.5,0,2.4,0,-322,0.0 %,-0.6 %,0,-180,0.0 %,-0.4 %,0,0,0.0 %,0.0 %,100.0 %,75.0 %,100.0 %,75.0 %,100.0 %,71.4 %,1056,444,0,-203,100.0 %,100.0 %
DRIP,21d RSI DRIP LT38 - L DRIP,-14.9 %,18.9 %,-7443,9516,96.4 %,5.6 %,-15.4 %,339.9 %,-18.5 %,-5.4 %,4,4,0.3,0.3,25.0 %,100.0 %,0.7,,-1861,2213,-3.7 %,4.4 %,5.5,2.5,3,0,1,4,3,0,1,4,1,0,1,3,0.3,,1,4,0.2,,-1,7.6,-19335,0,-19.3 %,0.0 %,-19335,0,-19.3 %,0.0 %,-15266,0,-15.3 %,0.0 %,25.0 %,100.0 %,25.0 %,100.0 %,25.0 %,100.0 %,2225,2213,-3223,0,50.0 %,100.0 %
DRV,3d RSI DRV LT10 - L DRV,1.1 %,17.3 %,527,8723,34.6 %,5.6 %,3.0 %,311.5 %,0.0 %,-1.9 %,2,4,0.2,0.3,50.0 %,100.0 %,26.6,,264,2039,0.5 %,4.1 %,2.5,2.5,1,0,1,4,1,0,1,4,1,0,1,4,1,,1,4,26.6,,1.3,6.7,-41,0,-0.0 %,0.0 %,-41,0,-0.0 %,0.0 %,-41,0,-0.0 %,0.0 %,50.0 %,100.0 %,50.0 %,100.0 %,50.0 %,100.0 %,548,2039,-21,0,50.0 %,100.0 %
DULL,6d RSI DULL LT11 - L DULL,-1.8 %,24.0 %,-901,12102,100.0 %,9.2 %,-1.8 %,263.1 %,0.0 %,-7.4 %,1,7,0.1,0.6,0.0 %,100.0 %,0,,-901,1572,-1.8 %,3.1 %,6,2.3,1,0,0,7,1,0,0,7,1,0,0,4,0,,0,7,0,,0,4,-1802,0,-1.8 %,0.0 %,-1802,0,-1.8 %,0.0 %,-1802,0,-1.8 %,0.0 %,0.0 %,100.0 %,0.0 %,100.0 %,0.0 %,100.0 %,0,1572,-901,0,0.0 %,100.0 %
DUST,13d RSI DUST LT21 - L DUST,-2.1 %,4.0 %,-1068,1994,100.0 %,5.2 %,-2.1 %,76.7 %,0.0 %,-6.6 %,1,3,0.1,0.2,0.0 %,66.7 %,0,1.7,-1068,671,-2.1 %,1.3 %,4,3.3,1,1,0,2,1,1,0,2,1,0,0,2,0,2,0,2,0,3.3,0,0.8,-2136,-865,-2.1 %,-1.7 %,-2136,-865,-2.1 %,-1.7 %,-2136,0,-2.1 %,0.0 %,0.0 %,66.7 %,0.0 %,66.7 %,0.0 %,66.7 %,0,1439,-1068,-865,0.0 %,100.0 %
DVY,4d RSI DVY LT19 - L DVY,-1.5 %,11.7 %,-757,5880,100.0 %,8.0 %,-1.5 %,147.0 %,0.0 %,-5.0 %,1,7,0.1,0.6,0.0 %,100.0 %,0,,-757,796,-1.5 %,1.6 %,12,1.9,1,0,0,7,1,0,0,7,1,0,0,6,0,,0,7,0,,0,5,-1514,0,-1.5 %,0.0 %,-1514,0,-1.5 %,0.0 %,-1514,0,-1.5 %,0.0 %,0.0 %,100.0 %,0.0 %,100.0 %,0.0 %,100.0 %,0,796,-757,0,0.0 %,100.0 %
DVYE,16d RSI DVYE LT46 - L DVYE,6.4 %,12.5 %,3203,6307,66.7 %,12.4 %,9.6 %,101.7 %,0.0 %,-6.5 %,3,8,0.2,0.7,100.0 %,87.5 %,,1.2,1068,748,2.1 %,1.5 %,2.3,2.9,0,1,3,7,0,1,3,5,0,1,1,4,,7,3,7,,8.2,4.9,2.9,0,-828,0.0 %,-1.7 %,0,-265,0.0 %,-0.5 %,0,-265,0.0 %,-0.5 %,100.0 %,87.5 %,100.0 %,87.5 %,100.0 %,83.3 %,1068,973,0,-828,100.0 %,80.0 %
DXD,21d RSI DXD LT38 - L DXD,4.2 %,11.6 %,2104,5836,100.0 %,14.8 %,4.2 %,78.9 %,0.0 %,-3.5 %,1,9,0.1,0.8,100.0 %,77.8 %,,2,2104,617,4.2 %,1.2 %,9,3.1,0,1,1,5,0,1,1,4,0,0,1,5,,3.5,1,7,,7,0,2.6,0,-740,0.0 %,-1.5 %,0,-482,0.0 %,-1.0 %,0,0,0.0 %,0.0 %,100.0 %,77.8 %,100.0 %,77.8 %,100.0 %,75.0 %,2104,927,0,-467,100.0 %,100.0 %
DXJ,17d RSI DXJ LT44 - L DXJ,4.2 %,14.8 %,2123,7432,71.4 %,8.0 %,5.9 %,185.8 %,0.0 %,-10.4 %,3,8,0.2,0.7,100.0 %,100.0 %,,,708,868,1.4 %,1.7 %,2.3,1.5,0,0,3,8,0,0,3,6,0,0,1,4,,,3,8,,,2.5,7.6,0,0,0.0 %,0.0 %,0,0,0.0 %,0.0 %,0,0,0.0 %,0.0 %,100.0 %,100.0 %,100.0 %,100.0 %,100.0 %,100.0 %,708,868,0,0,100.0 %,100.0 %
EAGL,19d RSI EAGL LT37 - L EAGL,1.5 %,13.9 %,751,7023,100.0 %,5.6 %,1.5 %,250.8 %,0.0 %,-4.0 %,1,4,0.1,0.3,100.0 %,100.0 %,,,751,1665,1.5 %,3.3 %,2,2.5,0,0,1,4,0,0,1,4,0,0,1,3,,,1,4,,,0,3.7,0,0,0.0 %,0.0 %,0,0,0.0 %,0.0 %,0,0,0.0 %,0.0 %,100.0 %,100.0 %,100.0 %,100.0 %,100.0 %,100.0 %,751,1665,0,0,100.0 %,100.0 %
EBND,6d RSI EBND LT28 - L EBND,0.2 %,4.7 %,90,2353,93.3 %,6.4 %,0.2 %,73.5 %,-0.5 %,-0.3 %,3,6,0.2,0.5,66.7 %,100.0 %,0.7,,30,383,0.1 %,0.8 %,3.7,1.7,1,0,2,6,1,0,2,6,0,0,1,5,2,,2,6,1.3,,0.2,2.5,-526,0,-0.5 %,0.0 %,-526,0,-0.5 %,0.0 %,0,0,0.0 %,0.0 %,66.7 %,100.0 %,66.7 %,100.0 %,66.7 %,100.0 %,177,383,-263,0,100.0 %,100.0 %
ECH,4d RSI ECH LT14 - L ECH,-3.0 %,13.7 %,-1504,6887,100.0 %,6.8 %,-3.0 %,202.6 %,0.0 %,-2.8 %,1,6,0.1,0.5,0.0 %,100.0 %,0,,-1504,1082,-3.0 %,2.2 %,2,1.8,1,0,0,6,1,0,0,6,1,0,0,5,0,,0,6,0,,0,4.8,-3008,0,-3.0 %,0.0 %,-3008,0,-3.0 %,0.0 %,-3008,0,-3.0 %,0.0 %,0.0 %,100.0 %,0.0 %,100.0 %,0.0 %,100.0 %,0,1082,-1504,0,0.0 %,100.0 %
EDIV,6d RSI EDIV LT33 - L EDIV,-3.9 %,7.8 %,-1955,3955,100.0 %,12.8 %,-3.9 %,61.8 %,-0.4 %,-5.3 %,3,10,0.2,0.8,33.3 %,80.0 %,0.2,1.4,-652,382,-1.3 %,0.8 %,4.3,2.2,2,1,1,6,2,1,1,6,1,1,0,7,0.5,4,1,8,0.1,5.7,-1.1,2.3,-4419,-637,-4.4 %,-1.3 %,-4419,-637,-4.4 %,-1.3 %,-3910,-637,-3.9 %,-1.3 %,33.3 %,80.0 %,33.3 %,80.0 %,33.3 %,80.0 %,255,580,-1105,-410,0.0 %,87.5 %
EDV,4d RSI EDV LT16 - L EDV,1.0 %,8.5 %,525,4290,100.0 %,8.0 %,1.0 %,107.3 %,0.0 %,-1.8 %,1,6,0.1,0.5,100.0 %,100.0 %,,,525,686,1.0 %,1.4 %,1,2.3,0,0,1,6,0,0,1,6,0,0,1,5,,,1,6,,,0,10.9,0,0,0.0 %,0.0 %,0,0,0.0 %,0.0 %,0,0,0.0 %,0.0 %,100.0 %,100.0 %,100.0 %,100.0 %,100.0 %,100.0 %,525,686,0,0,100.0 %,100.0 %
EDZ,21d RSI EDZ LT31 - L EDZ,-0.2 %,3.1 %,-118,1546,73.3 %,5.2 %,-0.3 %,59.5 %,-0.6 %,-4.5 %,2,4,0.2,0.3,50.0 %,50.0 %,0.6,3.2,-59,387,-0.1 %,0.8 %,4.5,2.2,1,1,1,1,1,1,1,2,1,0,0,2,1,1,1,2,0.6,3.2,-0.3,0.9,-607,-569,-0.6 %,-1.1 %,-607,-124,-0.6 %,-0.2 %,-237,0,-0.2 %,0.0 %,50.0 %,50.0 %,50.0 %,50.0 %,50.0 %,66.7 %,185,1119,-303,-346,0.0 %,100.0 %
EEM,3d RSI EEM LT10 - L EEM,1.1 %,5.5 %,539,2797,100.0 %,6.0 %,1.1 %,93.2 %,0.0 %,-5.9 %,1,5,0.1,0.4,100.0 %,80.0 %,,4.1,539,545,1.1 %,1.1 %,1,2,0,1,1,3,0,1,1,3,0,1,1,3,,4,1,4,,16.2,0,3,0,-179,0.0 %,-0.4 %,0,-179,0.0 %,-0.4 %,0,-179,0.0 %,-0.4 %,100.0 %,80.0 %,100.0 %,80.0 %,100.0 %,80.0 %,539,726,0,-179,100.0 %,80.0 %
EEMA,15d RSI EEMA LT38 - L EEMA,3.9 %,9.6 %,1959,4845,46.7 %,6.0 %,8.4 %,161.5 %,0.0 %,-7.4 %,2,5,0.2,0.4,100.0 %,100.0 %,,,979,930,2.0 %,1.9 %,2.5,2,0,0,2,5,0,0,2,4,0,0,1,4,,,2,5,,,7.6,3.5,0,0,0.0 %,0.0 %,0,0,0.0 %,0.0 %,0,0,0.0 %,0.0 %,100.0 %,100.0 %,100.0 %,100.0 %,100.0 %,100.0 %,979,930,0,0,100.0 %,100.0 %
EEMV,15d RSI EEMV LT44 - L EEMV,2.6 %,8.5 %,1292,4294,94.1 %,14.8 %,2.7 %,58.0 %,-0.7 %,-3.6 %,5,11,0.4,0.9,80.0 %,90.9 %,1.2,0.9,258,375,0.5 %,0.8 %,2.2,2.4,1,1,2,10,1,1,2,7,0,1,1,6,4,10,4,10,4.6,8.9,1.5,3,-716,-523,-0.7 %,-1.1 %,-716,-309,-0.7 %,-0.6 %,0,-309,0.0 %,-0.6 %,80.0 %,90.9 %,80.0 %,90.9 %,75.0 %,87.5 %,412,465,-358,-523,100.0 %,85.7 %
EFA,19d RSI EFA LT42 - L EFA,0.7 %,11.6 %,366,5833,86.7 %,6.0 %,0.8 %,194.4 %,-0.0 %,-3.8 %,3,5,0.2,0.4,33.3 %,100.0 %,9.2,,122,1114,0.2 %,2.2 %,3.3,2,1,0,1,5,1,0,1,4,0,0,1,3,0.5,,1,5,4.6,,0.9,3.1,-171,0,-0.2 %,0.0 %,-171,0,-0.2 %,0.0 %,0,0,0.0 %,0.0 %,33.3 %,100.0 %,33.3 %,100.0 %,33.3 %,100.0 %,467,1114,-51,0,100.0 %,100.0 %
EFAV,18d RSI EFAV LT41 - L EFAV,1.5 %,8.6 %,761,4317,100.0 %,6.4 %,1.5 %,134.9 %,0.0 %,-0.9 %,1,7,0.1,0.6,100.0 %,100.0 %,,,761,594,1.5 %,1.2 %,3,1.3,0,0,1,7,0,0,1,6,0,0,1,5,,,1,7,,,0,2.5,0,0,0.0 %,0.0 %,0,0,0.0 %,0.0 %,0,0,0.0 %,0.0 %,100.0 %,100.0 %,100.0 %,100.0 %,100.0 %,100.0 %,761,594,0,0,100.0 %,100.0 %
EFG,3d RSI EFG LT10 - L EFG,1.5 %,8.8 %,735,4439,64.7 %,8.0 %,2.3 %,111.0 %,-0.3 %,-3.6 %,2,5,0.2,0.4,50.0 %,100.0 %,5.6,,368,861,0.7 %,1.7 %,4.5,3,1,0,1,5,1,0,1,5,0,0,1,3,1,,1,5,5.6,,1,1.9,-320,0,-0.3 %,0.0 %,-320,0,-0.3 %,0.0 %,0,0,0.0 %,0.0 %,50.0 %,100.0 %,50.0 %,100.0 %,50.0 %,100.0 %,895,861,-160,0,100.0 %,100.0 %
EFV,17d RSI EFV LT45 - L EFV,0.4 %,12.6 %,212,6344,100.0 %,7.2 %,0.4 %,176.2 %,-0.5 %,-4.2 %,4,6,0.3,0.5,50.0 %,100.0 %,1.8,,53,1001,0.1 %,2.0 %,3.2,2,2,0,1,6,2,0,1,5,0,0,1,4,1,,2,6,1.8,,0.5,4.3,-521,0,-0.5 %,0.0 %,-521,0,-0.5 %,0.0 %,0,0,0.0 %,0.0 %,50.0 %,100.0 %,50.0 %,100.0 %,50.0 %,100.0 %,236,1001,-130,0,100.0 %,100.0 %
EIDO,12d RSI EIDO LT30 - L EIDO,-0.5 %,19.2 %,-247,9683,51.2 %,6.4 %,-1.0 %,302.6 %,-7.2 %,-3.8 %,5,7,0.4,0.6,60.0 %,85.7 %,0.6,17.1,-49,1288,-0.1 %,2.6 %,3.2,1.3,2,1,2,4,2,1,1,4,1,1,1,3,1.5,6,3,6,0.9,102.4,-0.1,2.6,-7382,-89,-7.4 %,-0.2 %,-7382,-89,-7.4 %,-0.2 %,-2407,0,-2.4 %,-0.0 %,60.0 %,85.7 %,60.0 %,85.7 %,50.0 %,85.7 %,1148,1517,-1845,-89,50.0 %,80.0 %
EIS,4d RSI EIS LT17 - L EIS,9.0 %,18.5 %,4490,9305,50.0 %,8.0 %,18.0 %,232.6 %,0.0 %,-2.5 %,2,6,0.2,0.5,100.0 %,83.3 %,,19.9,2245,1444,4.5 %,2.9 %,2.5,2.3,0,1,2,3,0,1,2,3,0,0,1,5,,5,2,5,,99.5,6.2,3.2,0,-88,0.0 %,-0.2 %,0,-88,0.0 %,-0.2 %,0,0,0.0 %,0.0 %,100.0 %,83.3 %,100.0 %,83.3 %,100.0 %,83.3 %,2245,1750,0,-88,100.0 %,100.0 %
EMB,3d RSI EMB LT22 - L EMB,1.8 %,5.1 %,875,2584,34.5 %,13.6 %,5.1 %,38.0 %,-0.8 %,-4.3 %,5,12,0.4,1,60.0 %,91.7 %,2.1,,175,209,0.4 %,0.4 %,2.8,1.8,2,1,2,11,2,1,2,11,0,1,2,9,1.5,11,3,11,3.2,,1.1,4.6,-803,0,-0.8 %,0.0 %,-803,0,-0.8 %,0.0 %,0,0,0.0 %,0.0 %,60.0 %,91.7 %,60.0 %,91.7 %,60.0 %,91.7 %,425,228,-201,0,100.0 %,90.0 %
EMGF,12d RSI EMGF LT38 - L EMGF,6.8 %,15.7 %,3399,7924,61.5 %,8.8 %,11.0 %,180.1 %,0.0 %,-6.2 %,3,7,0.2,0.6,100.0 %,100.0 %,,,1133,1058,2.3 %,2.1 %,1.7,2.1,0,0,3,7,0,0,3,6,0,0,1,6,,,3,7,,,7.8,4.3,0,0,0.0 %,0.0 %,0,0,0.0 %,0.0 %,0,0,0.0 %,0.0 %,100.0 %,100.0 %,100.0 %,100.0 %,100.0 %,100.0 %,1133,1058,0,0,100.0 %,100.0 %
EMHY,3d RSI EMHY LT26 - L EMHY,1.5 %,5.9 %,770,2951,34.0 %,18.4 %,4.5 %,32.1 %,-0.4 %,-5.0 %,6,14,0.5,1.2,66.7 %,92.9 %,1.7,0.5,128,204,0.3 %,0.4 %,2,2.3,1,1,2,8,1,1,2,8,0,1,2,6,2,13,4,13,3.4,6.5,1.3,3.1,-449,-521,-0.4 %,-1.0 %,-449,-521,-0.4 %,-1.0 %,0,-438,0.0 %,-0.9 %,66.7 %,92.9 %,66.7 %,92.9 %,66.7 %,92.9 %,273,260,-162,-521,100.0 %,90.0 %
EMLC,5d RSI EMLC LT28 - L EMLC,0.8 %,4.9 %,382,2477,81.2 %,7.6 %,0.9 %,65.2 %,0.0 %,-0.4 %,4,7,0.3,0.6,75.0 %,100.0 %,0.6,,96,345,0.2 %,0.7 %,2.2,1.7,1,0,3,7,1,0,3,7,0,0,1,6,3,,3,7,1.7,,0.4,3.2,-1146,0,-1.1 %,0.0 %,-1146,0,-1.1 %,0.0 %,0,0,0.0 %,0.0 %,75.0 %,100.0 %,75.0 %,100.0 %,75.0 %,100.0 %,319,345,-573,0,100.0 %,100.0 %
EMLP,19d RSI EMLP LT50 - L EMLP,0.5 %,11.5 %,240,5815,100.0 %,29.6 %,0.5 %,39.3 %,0.0 %,-5.6 %,1,15,0.1,1.3,100.0 %,80.0 %,,4.3,240,366,0.5 %,0.7 %,3,3.9,0,1,1,8,0,1,1,8,0,0,1,9,,4,1,12,,17.4,0,4.9,0,-268,0.0 %,-0.5 %,0,-41,0.0 %,-0.1 %,0,0,0.0 %,0.0 %,100.0 %,80.0 %,100.0 %,80.0 %,100.0 %,85.7 %,240,486,0,-112,100.0 %,100.0 %
EMXC,3d RSI EMXC LT13 - L EMXC,1.2 %,9.7 %,609,4889,100.0 %,7.6 %,1.2 %,128.7 %,0.0 %,-3.8 %,1,6,0.1,0.5,100.0 %,100.0 %,,,609,781,1.2 %,1.6 %,1,2.2,0,0,1,6,0,0,1,6,0,0,1,5,,,1,6,,,0,3.3,0,0,0.0 %,0.0 %,0,0,0.0 %,0.0 %,0,0,0.0 %,0.0 %,100.0 %,100.0 %,100.0 %,100.0 %,100.0 %,100.0 %,609,781,0,0,100.0 %,100.0 %
EPHE,9d RSI EPHE LT28 - L EPHE,1.7 %,15.4 %,828,7782,91.7 %,8.0 %,1.8 %,194.5 %,-0.8 %,-3.3 %,3,7,0.2,0.6,66.7 %,85.7 %,1.6,5.9,276,1043,0.6 %,2.1 %,2.7,1.9,1,1,1,5,1,1,1,5,0,0,1,6,2,6,2,6,3.2,35.3,1,3.2,-758,-213,-0.8 %,-0.4 %,-758,-213,-0.8 %,-0.4 %,0,0,0.0 %,0.0 %,66.7 %,85.7 %,66.7 %,85.7 %,66.7 %,85.7 %,603,1253,-379,-213,100.0 %,100.0 %
EPI,4d RSI EPI LT12 - L EPI,-2.7 %,3.0 %,-1357,1522,73.3 %,6.0 %,-3.7 %,50.7 %,-3.0 %,-2.0 %,2,5,0.2,0.4,50.0 %,80.0 %,0.1,2.1,-678,300,-1.4 %,0.6 %,4.5,2,1,1,1,4,1,1,1,4,1,1,0,4,1,4,1,4,0.1,8.3,-1.1,1.7,-3036,-205,-3.0 %,-0.4 %,-3036,-205,-3.0 %,-0.4 %,-2714,-205,-2.7 %,-0.4 %,50.0 %,80.0 %,50.0 %,80.0 %,50.0 %,80.0 %,161,426,-1518,-205,0.0 %,80.0 %
EPOL,21d RSI EPOL LT48 - L EPOL,5.4 %,26.7 %,2678,13475,100.0 %,11.2 %,5.4 %,240.6 %,-0.4 %,-3.9 %,5,10,0.4,0.8,80.0 %,90.0 %,3.7,1.7,536,1220,1.1 %,2.4 %,2.4,1.8,1,1,3,6,1,1,2,5,0,0,1,5,4,9,4,9,14.7,15,2.2,2.6,-391,-870,-0.4 %,-1.7 %,-391,-870,-0.4 %,-1.7 %,0,0,0.0 %,0.0 %,80.0 %,90.0 %,80.0 %,90.0 %,75.0 %,87.5 %,718,1452,-196,-870,100.0 %,100.0 %
EPP,9d RSI EPP LT32 - L EPP,5.4 %,13.6 %,2707,6834,57.1 %,10.4 %,9.5 %,131.4 %,0.0 %,-4.3 %,3,7,0.2,0.6,100.0 %,85.7 %,,15.2,902,923,1.8 %,1.9 %,1.7,2.7,0,1,3,6,0,1,3,6,0,1,1,5,,6,3,6,,91.2,6.6,3.1,0,-72,0.0 %,-0.1 %,0,-72,0.0 %,-0.1 %,0,-72,0.0 %,-0.1 %,100.0 %,85.7 %,100.0 %,85.7 %,100.0 %,85.7 %,902,1088,0,-72,100.0 %,83.3 %
EPU,15d RSI EPU LT51 - L EPU,-5.4 %,31.3 %,-2717,15782,70.4 %,21.6 %,-7.7 %,146.1 %,-9.7 %,-3.9 %,4,16,0.3,1.3,50.0 %,93.8 %,0.5,4.1,-679,862,-1.4 %,1.7 %,3.8,2.4,2,1,1,13,2,1,1,11,1,0,1,8,1,15,2,15,0.5,61.5,-0.6,6.4,-9894,-228,-9.9 %,-0.5 %,-7389,-228,-7.4 %,-0.5 %,-7389,0,-7.4 %,0.0 %,50.0 %,93.8 %,50.0 %,93.8 %,33.3 %,92.9 %,1115,934,-2474,-228,50.0 %,100.0 %
ERY,18d RSI ERY LT37 - L ERY,-21.0 %,16.2 %,-10509,8186,100.0 %,6.0 %,-21.0 %,272.9 %,-2.6 %,-3.6 %,4,5,0.3,0.4,25.0 %,100.0 %,0.3,,-2627,1532,-5.3 %,3.1 %,8.5,2,2,0,1,5,1,0,1,5,2,0,0,3,0.3,,1,5,0.1,,-1.1,5.1,-2098,0,-2.1 %,0.0 %,-21189,0,-21.2 %,0.0 %,-21018,0,-21.0 %,0.0 %,25.0 %,100.0 %,25.0 %,100.0 %,33.3 %,100.0 %,1135,1532,-3881,0,0.0 %,100.0 %
ESGD,20d RSI ESGD LT42 - L ESGD,1.5 %,11.7 %,739,5895,85.7 %,6.0 %,1.7 %,196.5 %,-0.0 %,-3.5 %,3,5,0.2,0.4,66.7 %,100.0 %,18.1,,246,1125,0.5 %,2.2 %,3,2,1,0,2,5,1,0,2,4,0,0,1,3,2,,2,5,36.3,,2.2,3.2,-42,0,-0.0 %,0.0 %,-42,0,-0.0 %,0.0 %,0,0,0.0 %,0.0 %,66.7 %,100.0 %,66.7 %,100.0 %,66.7 %,100.0 %,380,1125,-21,0,100.0 %,100.0 %
ESGE,3d RSI ESGE LT11 - L ESGE,1.2 %,7.1 %,587,3592,100.0 %,5.6 %,1.2 %,128.3 %,0.0 %,-6.0 %,1,5,0.1,0.4,100.0 %,100.0 %,,,587,694,1.2 %,1.4 %,1,1.8,0,0,1,5,0,0,1,5,0,0,1,5,,,1,5,,,0,6.2,0,0,0.0 %,0.0 %,0,0,0.0 %,0.0 %,0,0,0.0 %,0.0 %,100.0 %,100.0 %,100.0 %,100.0 %,100.0 %,100.0 %,587,694,0,0,100.0 %,100.0 %
ESGU,6d RSI ESGU LT22 - L ESGU,-0.4 %,5.8 %,-195,2939,100.0 %,7.6 %,-0.4 %,77.3 %,0.0 %,-9.8 %,1,3,0.1,0.2,0.0 %,66.7 %,0,1.3,-195,1008,-0.4 %,2.0 %,8,5.3,1,1,0,2,1,1,0,2,1,1,0,2,0,2,0,2,0,2.5,0,0.7,-391,-1988,-0.4 %,-4.0 %,-391,-1988,-0.4 %,-4.0 %,-391,-1988,-0.4 %,-4.0 %,0.0 %,66.7 %,0.0 %,66.7 %,0.0 %,66.7 %,0,2506,-195,-1988,0.0 %,66.7 %
EUFN,20d RSI EUFN LT49 - L EUFN,-1.9 %,17.9 %,-928,9044,72.4 %,11.6 %,-2.6 %,155.9 %,-5.8 %,-4.5 %,6,10,0.5,0.8,50.0 %,90.0 %,0.7,2.4,-155,837,-0.3 %,1.7 %,2.3,1.9,2,1,1,5,1,0,1,8,1,0,1,4,1,9,3,9,0.7,21.6,-0.4,3.7,-3912,-407,-3.9 %,-0.8 %,-2213,0,-2.2 %,0.0 %,-3823,0,-3.8 %,0.0 %,50.0 %,90.0 %,50.0 %,90.0 %,60.0 %,100.0 %,701,975,-1011,-407,50.0 %,100.0 %
EWC,5d RSI EWC LT27 - L EWC,-1.8 %,8.8 %,-925,4429,29.7 %,8.8 %,-6.2 %,100.7 %,-2.9 %,-4.5 %,2,6,0.2,0.5,50.0 %,83.3 %,0.4,10,-462,709,-0.9 %,1.4 %,4.5,2.7,1,1,1,5,1,1,1,5,1,0,1,5,1,5,1,5,0.4,49.8,-0.7,3.5,-2919,-87,-2.9 %,-0.2 %,-2919,-87,-2.9 %,-0.2 %,-2919,0,-2.9 %,0.0 %,50.0 %,83.3 %,50.0 %,83.3 %,50.0 %,83.3 %,534,868,-1459,-87,50.0 %,100.0 %
EWD,3d RSI EWD LT10 - L EWD,-2.5 %,9.0 %,-1246,4547,100.0 %,5.6 %,-2.5 %,162.4 %,0.0 %,-4.4 %,1,4,0.1,0.3,0.0 %,100.0 %,0,,-1246,1097,-2.5 %,2.2 %,6,2.5,1,0,0,4,1,0,0,4,1,0,0,2,0,,0,4,0,,0,2.9,-2493,0,-2.5 %,0.0 %,-2493,0,-2.5 %,0.0 %,-2493,0,-2.5 %,0.0 %,0.0 %,100.0 %,0.0 %,100.0 %,0.0 %,100.0 %,0,1097,-1246,0,0.0 %,100.0 %
EWG,19d RSI EWG LT45 - L EWG,-3.7 %,17.9 %,-1856,9031,100.0 %,14.8 %,-3.7 %,122.0 %,-1.9 %,-4.3 %,4,13,0.3,1.1,0.0 %,92.3 %,0,6.4,-464,642,-0.9 %,1.3 %,3.5,1.9,4,1,0,9,4,0,0,11,1,0,0,5,0,12,0,12,0,77.1,-3.1,3.5,-3712,-110,-3.7 %,-0.2 %,-3712,0,-3.7 %,0.0 %,-3712,0,-3.7 %,0.0 %,0.0 %,92.3 %,0.0 %,92.3 %,0.0 %,100.0 %,0,705,-464,-110,0.0 %,100.0 %
EWH,21d RSI EWH LT48 - L EWH,2.3 %,12.4 %,1145,6270,90.0 %,22.4 %,2.5 %,56.0 %,0.0 %,-8.2 %,2,14,0.2,1.2,100.0 %,85.7 %,,0.5,572,430,1.1 %,0.9 %,3.5,3,0,1,2,7,0,1,2,7,0,1,1,6,,6,2,12,,2.9,3.3,1.7,0,-1945,0.0 %,-3.9 %,0,-1847,0.0 %,-3.7 %,0,-884,0.0 %,-1.8 %,100.0 %,85.7 %,100.0 %,85.7 %,100.0 %,84.6 %,572,766,0,-1584,100.0 %,85.7 %
EWI,21d RSI EWI LT51 - L EWI,-1.9 %,17.1 %,-944,8645,100.0 %,13.2 %,-1.9 %,131.0 %,-1.4 %,-6.0 %,5,12,0.4,1,40.0 %,91.7 %,0.8,2.3,-189,668,-0.4 %,1.3 %,2.6,1.8,2,1,1,6,1,0,1,9,1,0,0,5,0.7,11,2,11,0.5,24.8,-0.6,3.9,-1334,-337,-1.3 %,-0.7 %,-2466,0,-2.5 %,0.0 %,-1888,0,-1.9 %,0.0 %,40.0 %,91.7 %,40.0 %,91.7 %,50.0 %,100.0 %,478,759,-633,-337,0.0 %,100.0 %
EWJ,17d RSI EWJ LT42 - L EWJ,2.8 %,11.4 %,1392,5772,78.6 %,7.6 %,3.5 %,151.9 %,0.0 %,-8.5 %,3,6,0.2,0.5,100.0 %,100.0 %,,,464,913,0.9 %,1.8 %,2.7,2.2,0,0,3,6,0,0,3,4,0,0,1,4,,,3,6,,,10.6,5.8,0,0,0.0 %,0.0 %,0,0,0.0 %,0.0 %,0,0,0.0 %,0.0 %,100.0 %,100.0 %,100.0 %,100.0 %,100.0 %,100.0 %,464,913,0,0,100.0 %,100.0 %
EWL,18d RSI EWL LT46 - L EWL,-4.3 %,13.8 %,-2142,6965,100.0 %,15.2 %,-4.3 %,91.7 %,0.0 %,-4.4 %,2,13,0.2,1.1,50.0 %,69.2 %,0.1,4.5,-1071,504,-2.1 %,1.0 %,8,1.9,1,2,1,4,1,1,1,6,1,1,0,4,1,2.2,1,9,0.1,10.2,-1.2,3,-4668,-463,-4.7 %,-0.9 %,-4668,-229,-4.7 %,-0.5 %,-4284,-229,-4.3 %,-0.5 %,50.0 %,69.2 %,50.0 %,69.2 %,50.0 %,88.9 %,192,807,-2334,-177,0.0 %,83.3 %
EWM,4d RSI EWM LT13 - L EWM,0.5 %,9.4 %,227,4721,100.0 %,6.8 %,0.5 %,138.9 %,0.0 %,-2.0 %,1,5,0.1,0.4,100.0 %,80.0 %,,3.9,227,910,0.5 %,1.8 %,2,2.4,0,1,1,4,0,1,1,4,0,1,1,4,,4,1,4,,15.8,0,2.5,0,-308,0.0 %,-0.6 %,0,-308,0.0 %,-0.6 %,0,-308,0.0 %,-0.6 %,100.0 %,80.0 %,100.0 %,80.0 %,100.0 %,80.0 %,227,1214,0,-308,100.0 %,80.0 %
EWP,21d RSI EWP LT62 - L EWP,-3.0 %,49.4 %,-1504,24900,86.0 %,55.6 %,-3.5 %,89.6 %,-5.8 %,-5.3 %,10,48,0.8,4,70.0 %,89.6 %,0.3,1.1,-150,422,-0.3 %,0.8 %,3.1,1.9,1,1,3,17,1,1,2,18,1,0,2,11,2.3,8.6,7,43,0.6,9.8,-0.5,6.5,-5953,-829,-6.0 %,-1.7 %,-5953,-563,-6.0 %,-1.1 %,-5294,0,-5.3 %,0.0 %,70.0 %,89.6 %,70.0 %,89.6 %,62.5 %,91.2 %,314,525,-1235,-461,66.7 %,100.0 %
EWQ,20d RSI EWQ LT44 - L EWQ,-3.5 %,14.0 %,-1738,7064,100.0 %,6.4 %,-3.5 %,220.7 %,-0.3 %,-5.3 %,2,6,0.2,0.5,0.0 %,100.0 %,0,,-869,1108,-1.7 %,2.2 %,7.5,1.7,2,0,0,6,2,0,0,5,1,0,0,4,0,,0,6,0,,-1.7,5.4,-3475,0,-3.5 %,0.0 %,-3475,0,-3.5 %,0.0 %,-3475,0,-3.5 %,0.0 %,0.0 %,100.0 %,0.0 %,100.0 %,0.0 %,100.0 %,0,1108,-869,0,0.0 %,100.0 %
EWS,10d RSI EWS LT41 - L EWS,0.1 %,14.0 %,51,7049,83.3 %,15.6 %,0.1 %,90.4 %,0.0 %,-8.1 %,3,12,0.2,1,66.7 %,91.7 %,0.5,1.5,17,551,0.0 %,1.1 %,4,2.2,1,1,2,10,1,1,2,8,0,0,1,8,2,11,2,11,1,16.6,0,4,-2192,-424,-2.2 %,-0.8 %,-2192,-424,-2.2 %,-0.8 %,0,0,0.0 %,0.0 %,66.7 %,91.7 %,66.7 %,91.7 %,66.7 %,90.0 %,574,639,-1096,-424,100.0 %,100.0 %
EWT,3d RSI EWT LT12 - L EWT,1.8 %,5.8 %,892,2898,100.0 %,5.2 %,1.8 %,111.5 %,0.0 %,-10.0 %,1,4,0.1,0.3,100.0 %,75.0 %,,32.1,892,707,1.8 %,1.4 %,1,2.2,0,1,1,2,0,1,1,2,0,1,1,1,,3,1,3,,96.2,0,2.6,0,-30,0.0 %,-0.1 %,0,-30,0.0 %,-0.1 %,0,-30,0.0 %,-0.1 %,100.0 %,75.0 %,100.0 %,75.0 %,100.0 %,75.0 %,892,952,0,-30,100.0 %,66.7 %
EWU,8d RSI EWU LT39 - L EWU,0.2 %,11.5 %,87,5795,88.2 %,10.8 %,0.2 %,107.3 %,-0.9 %,-5.4 %,4,9,0.3,0.8,50.0 %,100.0 %,1.2,,22,609,0.0 %,1.2 %,2.8,2,2,0,2,9,2,0,2,7,0,0,1,5,1,,2,9,1.2,,0.1,6.6,-961,0,-1.0 %,0.0 %,-961,0,-1.0 %,0.0 %,0,0,0.0 %,0.0 %,50.0 %,100.0 %,50.0 %,100.0 %,50.0 %,100.0 %,284,609,-240,0,100.0 %,100.0 %
EWW,3d RSI EWW LT10 - L EWW,3.4 %,2.0 %,1685,989,100.0 %,5.2 %,3.4 %,38.0 %,0.0 %,-2.9 %,1,2,0.1,0.2,100.0 %,100.0 %,,,1685,489,3.4 %,1.0 %,1,5.5,0,0,1,2,0,0,1,2,0,0,1,2,,,1,2,,,0,2.9,0,0,0.0 %,0.0 %,0,0,0.0 %,0.0 %,0,0,0.0 %,0.0 %,100.0 %,100.0 %,100.0 %,100.0 %,100.0 %,100.0 %,1685,489,0,0,100.0 %,100.0 %
EWZS,18d RSI EWZS LT40 - L EWZS,3.8 %,28.0 %,1882,14120,100.0 %,10.0 %,3.8 %,282.4 %,0.0 %,-1.6 %,1,8,0.1,0.7,100.0 %,100.0 %,,,1882,1575,3.8 %,3.1 %,6,2.1,0,0,1,8,0,0,1,8,0,0,1,6,,,1,8,,,0,5.1,0,0,0.0 %,0.0 %,0,0,0.0 %,0.0 %,0,0,0.0 %,0.0 %,100.0 %,100.0 %,100.0 %,100.0 %,100.0 %,100.0 %,1882,1575,0,0,100.0 %,100.0 %
EZA,18d RSI EZA LT41 - L EZA,0.6 %,4.8 %,279,2406,90.0 %,5.2 %,0.6 %,92.5 %,0.0 %,-5.9 %,2,3,0.2,0.2,100.0 %,66.7 %,,1.2,139,832,0.3 %,1.7 %,3.5,3.3,0,1,2,2,0,1,2,1,0,1,1,1,,2,2,2,,2.3,2.1,0.6,0,-1871,0.0 %,-3.7 %,0,-1109,0.0 %,-2.2 %,0,-1109,0.0 %,-2.2 %,100.0 %,66.7 %,100.0 %,66.7 %,100.0 %,50.0 %,139,2184,0,-1871,100.0 %,50.0 %
EZU,20d RSI EZU LT47 - L EZU,0.1 %,13.5 %,63,6802,100.0 %,10.0 %,0.1 %,136.1 %,-1.1 %,-4.9 %,4,8,0.3,0.7,25.0 %,100.0 %,3.3,,16,802,0.0 %,1.6 %,3.2,2.1,3,0,1,8,3,0,1,7,0,0,1,5,0.3,,1,8,1.1,,0.1,3.3,-1113,0,-1.1 %,0.0 %,-1113,0,-1.1 %,0.0 %,0,0,0.0 %,0.0 %,25.0 %,100.0 %,25.0 %,100.0 %,25.0 %,100.0 %,620,802,-186,0,100.0 %,100.0 %
FALN,4d RSI FALN LT15 - L FALN,-0.0 %,3.0 %,-2,1515,90.9 %,5.2 %,-0.0 %,58.2 %,-0.4 %,-3.5 %,2,3,0.2,0.2,50.0 %,100.0 %,1,,-1,496,-0.0 %,1.0 %,4,3.3,1,0,1,3,1,0,1,3,1,0,0,3,1,,1,3,1,,0,6.6,-371,0,-0.4 %,0.0 %,-371,0,-0.4 %,0.0 %,-3,0,-0.0 %,0.0 %,50.0 %,100.0 %,50.0 %,100.0 %,50.0 %,100.0 %,184,496,-185,0,0.0 %,100.0 %
FAS,3d RSI FAS LT15 - L FAS,-0.4 %,78.6 %,-191,39598,52.0 %,13.6 %,-0.7 %,582.3 %,-5.0 %,-13.8 %,4,9,0.3,0.8,75.0 %,100.0 %,0.3,,-48,3381,-0.1 %,6.8 %,5.2,2.8,1,0,3,9,1,0,3,9,1,0,2,9,3,,3,9,0.9,,-0.1,4.1,-5216,0,-5.2 %,0.0 %,-5216,0,-5.2 %,0.0 %,-5216,0,-5.2 %,0.0 %,75.0 %,100.0 %,75.0 %,100.0 %,75.0 %,100.0 %,806,3381,-2608,0,66.7 %,100.0 %
FAZ,12d RSI FAZ LT31 - L FAZ,4.3 %,21.9 %,2166,11041,100.0 %,9.2 %,4.3 %,240.0 %,0.0 %,-4.3 %,1,6,0.1,0.5,100.0 %,83.3 %,,,2166,1700,4.3 %,3.4 %,1,2.8,0,1,1,5,0,1,1,5,0,1,1,4,,5,1,5,,,0,2.8,0,0,0.0 %,0.0 %,0,0,0.0 %,0.0 %,0,0,0.0 %,0.0 %,100.0 %,83.3 %,100.0 %,83.3 %,100.0 %,83.3 %,2166,2040,0,0,100.0 %,80.0 %
FBND,21d RSI FBND LT44 - L FBND,0.0 %,0.6 %,22,317,90.0 %,5.6 %,0.0 %,11.3 %,-0.2 %,-1.2 %,2,3,0.2,0.2,50.0 %,66.7 %,1.3,3.8,11,105,0.0 %,0.2 %,3.5,3.7,1,1,1,2,1,1,1,2,0,1,1,1,1,2,1,2,1.3,7.7,0.2,1.6,-175,-47,-0.2 %,-0.1 %,-175,-47,-0.2 %,-0.1 %,0,-47,0.0 %,-0.1 %,50.0 %,66.7 %,50.0 %,66.7 %,50.0 %,66.7 %,109,181,-87,-47,100.0 %,50.0 %
FBT,5d RSI FBT LT32 - L FBT,1.4 %,20.8 %,718,10484,84.6 %,16.4 %,1.7 %,127.9 %,-0.4 %,-7.5 %,4,11,0.3,0.9,50.0 %,81.8 %,1.6,7.1,180,872,0.4 %,1.7 %,7,2.6,2,1,2,6,2,1,2,6,1,1,1,6,1,4.5,2,9,1.6,31.9,0.4,3.9,-2218,-236,-2.2 %,-0.5 %,-2218,-236,-2.2 %,-0.5 %,-1857,-236,-1.9 %,-0.5 %,50.0 %,81.8 %,50.0 %,81.8 %,50.0 %,81.8 %,914,1100,-554,-155,50.0 %,77.8 %
FDD,18d RSI FDD LT48 - L FDD,-1.8 %,18.1 %,-876,9113,100.0 %,12.0 %,-1.8 %,151.9 %,-2.4 %,-3.0 %,3,10,0.2,0.8,33.3 %,100.0 %,0.6,,-292,843,-0.6 %,1.7 %,4.7,2,2,0,1,10,2,0,1,9,1,0,0,6,0.5,,1,10,0.3,,-1,3.8,-2421,0,-2.4 %,0.0 %,-2421,0,-2.4 %,0.0 %,-1751,0,-1.8 %,0.0 %,33.3 %,100.0 %,33.3 %,100.0 %,33.3 %,100.0 %,335,843,-605,0,0.0 %,100.0 %
FDN,9d RSI FDN LT25 - L FDN,8.1 %,17.8 %,4056,8983,55.6 %,7.6 %,14.6 %,236.4 %,-0.1 %,-4.9 %,4,5,0.3,0.4,75.0 %,100.0 %,26.2,,1014,1700,2.0 %,3.4 %,2.5,2.8,1,0,2,5,1,0,2,5,0,0,2,4,3,,3,5,78.5,,2.7,2.1,-105,0,-0.1 %,0.0 %,-105,0,-0.1 %,0.0 %,0,0,0.0 %,0.0 %,75.0 %,100.0 %,75.0 %,100.0 %,75.0 %,100.0 %,1369,1700,-52,0,100.0 %,100.0 %
FDT,17d RSI FDT LT47 - L FDT,-0.6 %,7.4 %,-323,3730,100.0 %,8.4 %,-0.6 %,88.8 %,-0.7 %,-10.0 %,3,7,0.2,0.6,33.3 %,85.7 %,0,0.8,-108,519,-0.2 %,1.0 %,4,2,2,1,1,3,2,0,1,5,1,0,0,4,0.5,6,1,6,0,4.8,-2.1,1.7,-657,-965,-0.7 %,-1.9 %,-657,0,-0.7 %,0.0 %,-645,0,-0.6 %,0.0 %,33.3 %,85.7 %,33.3 %,85.7 %,33.3 %,100.0 %,6,766,-164,-965,0.0 %,100.0 %
FDVV,3d RSI FDVV LT10 - L FDVV,-2.8 %,8.4 %,-1375,4257,88.2 %,7.6 %,-3.1 %,112.0 %,-1.6 %,-6.0 %,2,5,0.2,0.4,0.0 %,80.0 %,0,6.2,-688,823,-1.4 %,1.6 %,6.5,2.8,2,1,0,4,2,1,0,4,1,1,0,4,0,4,0,4,0,24.7,-9.1,2.4,-2750,-174,-2.8 %,-0.3 %,-2750,-174,-2.8 %,-0.3 %,-2750,-174,-2.8 %,-0.3 %,0.0 %,80.0 %,0.0 %,80.0 %,0.0 %,80.0 %,0,1072,-688,-174,0.0 %,80.0 %
FEMB,9d RSI FEMB LT67 - L FEMB,-1.9 %,26.8 %,-939,13517,74.5 %,86.0 %,-2.5 %,31.4 %,-4.4 %,-3.1 %,9,40,0.8,3.4,66.7 %,85.0 %,0.3,2.1,-104,299,-0.2 %,0.6 %,3.4,4.3,3,1,6,11,3,1,6,24,1,0,2,12,2,5.7,6,34,0.6,12.1,-0.5,5.7,-4568,-468,-4.6 %,-0.9 %,-4568,-247,-4.6 %,-0.5 %,-4568,0,-4.6 %,0.0 %,66.7 %,85.0 %,66.7 %,85.0 %,66.7 %,90.6 %,224,384,-761,-180,66.7 %,100.0 %
FEZ,21d RSI FEZ LT45 - L FEZ,1.4 %,10.6 %,684,5315,100.0 %,6.4 %,1.4 %,166.1 %,-1.1 %,-5.3 %,5,5,0.4,0.4,60.0 %,100.0 %,1.5,,137,1018,0.3 %,2.0 %,2.4,2.2,2,0,2,5,1,0,2,4,0,0,1,4,1.5,,3,5,2.2,,0.7,3,-1100,0,-1.1 %,0.0 %,-1036,0,-1.0 %,0.0 %,0,0,0.0 %,0.0 %,60.0 %,100.0 %,60.0 %,100.0 %,75.0 %,100.0 %,411,1018,-275,0,100.0 %,100.0 %
FFTY,3d RSI FFTY LT17 - L FFTY,6.1 %,25.5 %,3031,12852,35.9 %,14.4 %,16.9 %,178.5 %,-0.4 %,-7.1 %,3,10,0.2,0.8,66.7 %,90.0 %,7.7,1.4,1010,1161,2.0 %,2.3 %,3.7,2.6,1,1,2,7,1,1,2,7,0,1,2,5,2,9,2,9,15.4,12.5,2,3.2,-422,-1010,-0.4 %,-2.0 %,-422,-1010,-0.4 %,-2.0 %,0,-1010,0.0 %,-2.0 %,66.7 %,90.0 %,66.7 %,90.0 %,66.7 %,90.0 %,1621,1402,-211,-1010,100.0 %,85.7 %
FGD,20d RSI FGD LT50 - L FGD,-2.5 %,14.9 %,-1267,7511,100.0 %,13.6 %,-2.5 %,110.5 %,-1.7 %,-4.8 %,4,11,0.3,0.9,25.0 %,90.9 %,0.7,2.5,-317,637,-0.6 %,1.3 %,3.2,2.1,3,1,1,9,3,1,0,7,1,0,0,6,0.3,10,1,10,0.2,25.5,-1.5,5.5,-3269,-286,-3.3 %,-0.6 %,-2535,-286,-2.5 %,-0.6 %,-2535,0,-2.5 %,0.0 %,25.0 %,90.9 %,25.0 %,90.9 %,0.0 %,88.9 %,367,729,-545,-286,0.0 %,100.0 %
FHLC,4d RSI FHLC LT26 - L FHLC,-1.2 %,21.4 %,-596,10799,39.0 %,17.6 %,-3.1 %,122.7 %,-1.7 %,-5.7 %,3,12,0.2,1,66.7 %,100.0 %,0.1,,-199,817,-0.4 %,1.6 %,4.3,2.7,1,0,2,12,1,0,2,10,1,0,1,9,2,,2,12,0.3,,-0.7,6.9,-1696,0,-1.7 %,0.0 %,-1696,0,-1.7 %,0.0 %,-1313,0,-1.3 %,0.0 %,66.7 %,100.0 %,66.7 %,100.0 %,66.7 %,100.0 %,126,817,-848,0,50.0 %,100.0 %
FIDU,3d RSI FIDU LT17 - L FIDU,1.5 %,15.3 %,739,7693,85.7 %,16.8 %,1.7 %,91.6 %,0.0 %,-4.5 %,2,9,0.2,0.8,100.0 %,77.8 %,,2.2,369,809,0.7 %,1.6 %,5,3.6,0,1,2,7,0,1,2,7,0,1,1,6,,3.5,2,7,,7.8,5.7,2,0,-585,0.0 %,-1.2 %,0,-585,0.0 %,-1.2 %,0,-480,0.0 %,-1.0 %,100.0 %,77.8 %,100.0 %,77.8 %,100.0 %,77.8 %,369,1193,0,-532,100.0 %,85.7 %
FIXD,6d RSI FIXD LT27 - L FIXD,0.9 %,2.3 %,469,1144,78.6 %,6.4 %,1.2 %,35.8 %,0.0 %,-1.0 %,3,4,0.2,0.3,100.0 %,100.0 %,,,156,282,0.3 %,0.6 %,2.7,3,0,0,3,4,0,0,3,4,0,0,1,4,,,3,4,,,3,3.9,0,0,0.0 %,0.0 %,0,0,0.0 %,0.0 %,0,0,0.0 %,0.0 %,100.0 %,100.0 %,100.0 %,100.0 %,100.0 %,100.0 %,156,282,0,0,100.0 %,100.0 %
FLCH,11d RSI FLCH LT33 - L FLCH,-0.4 %,7.4 %,-197,3741,50.0 %,7.6 %,-0.8 %,98.5 %,0.0 %,-10.5 %,2,5,0.2,0.4,50.0 %,80.0 %,0.9,2.2,-99,725,-0.2 %,1.4 %,3.5,2.8,1,1,1,3,1,1,1,3,1,1,0,3,1,4,1,4,0.9,8.7,-0.1,2.6,-3110,-469,-3.1 %,-0.9 %,-3110,-469,-3.1 %,-0.9 %,-394,-469,-0.4 %,-0.9 %,50.0 %,80.0 %,50.0 %,80.0 %,50.0 %,80.0 %,1358,1024,-1555,-469,0.0 %,80.0 %
FLCO,12d RSI FLCO LT37 - L FLCO,0.5 %,2.6 %,247,1301,92.9 %,6.0 %,0.5 %,43.4 %,0.0 %,-1.1 %,3,5,0.2,0.4,66.7 %,100.0 %,,,82,256,0.2 %,0.5 %,3.3,2,1,0,1,5,1,0,1,4,0,0,1,3,2,,2,5,,,1.4,2.3,0,0,0.0 %,0.0 %,0,0,0.0 %,0.0 %,0,0,0.0 %,0.0 %,66.7 %,100.0 %,66.7 %,100.0 %,66.7 %,100.0 %,124,256,0,0,100.0 %,100.0 %
FLGB,7d RSI FLGB LT38 - L FLGB,-0.9 %,12.1 %,-451,6078,94.1 %,11.6 %,-1.0 %,104.8 %,-1.5 %,-5.4 %,4,9,0.3,0.8,25.0 %,100.0 %,1.2,,-113,638,-0.2 %,1.3 %,3,2.2,3,0,1,9,3,0,1,8,1,0,0,6,0.3,,1,9,0.4,,-0.9,5.3,-1489,0,-1.5 %,0.0 %,-1489,0,-1.5 %,0.0 %,-901,0,-0.9 %,0.0 %,25.0 %,100.0 %,25.0 %,100.0 %,25.0 %,100.0 %,294,638,-248,0,0.0 %,100.0 %
FLJP,17d RSI FLJP LT42 - L FLJP,2.6 %,11.5 %,1315,5802,78.6 %,7.6 %,3.3 %,152.7 %,0.0 %,-8.3 %,3,6,0.2,0.5,100.0 %,100.0 %,,,438,918,0.9 %,1.8 %,2.7,2.2,0,0,3,6,0,0,3,4,0,0,1,4,,,3,6,,,13.3,5,0,0,0.0 %,0.0 %,0,0,0.0 %,0.0 %,0,0,0.0 %,0.0 %,100.0 %,100.0 %,100.0 %,100.0 %,100.0 %,100.0 %,438,918,0,0,100.0 %,100.0 %
FLKR,3d RSI FLKR LT14 - L FLKR,0.5 %,14.8 %,244,7448,100.0 %,9.6 %,0.5 %,155.2 %,0.0 %,-5.5 %,1,7,0.1,0.6,100.0 %,71.4 %,,17.3,244,999,0.5 %,2.0 %,4,2.4,0,1,1,3,0,1,1,3,0,1,1,3,,2.5,1,5,,43.3,0,3.7,0,-138,0.0 %,-0.3 %,0,-138,0.0 %,-0.3 %,0,-138,0.0 %,-0.3 %,100.0 %,71.4 %,100.0 %,71.4 %,100.0 %,71.4 %,244,1432,0,-83,100.0 %,80.0 %
FLMI,3d RSI FLMI LT11 - L FLMI,-0.6 %,2.1 %,-279,1047,83.3 %,6.4 %,-0.7 %,32.7 %,-0.1 %,-1.8 %,2,5,0.2,0.4,0.0 %,80.0 %,0,12.3,-140,206,-0.3 %,0.4 %,6.5,2.2,2,1,0,3,2,1,0,3,1,1,0,3,0,4,0,4,0,49.3,-2.5,3.4,-558,-21,-0.6 %,-0.0 %,-558,-21,-0.6 %,-0.0 %,-558,-21,-0.6 %,-0.0 %,0.0 %,80.0 %,0.0 %,80.0 %,0.0 %,80.0 %,0,263,-140,-21,0.0 %,80.0 %
FLOT,21d RSI FLOT LT68 - L FLOT,0.3 %,1.6 %,147,817,100.0 %,17.6 %,0.3 %,9.3 %,0.0 %,-1.0 %,2,11,0.2,0.9,100.0 %,100.0 %,,,74,73,0.1 %,0.1 %,3,3,0,0,2,11,0,0,2,6,0,0,1,3,,,2,11,,,3,2.1,0,0,0.0 %,0.0 %,0,0,0.0 %,0.0 %,0,0,0.0 %,0.0 %,100.0 %,100.0 %,100.0 %,100.0 %,100.0 %,100.0 %,74,73,0,0,100.0 %,100.0 %
FLRN,20d RSI FLRN LT63 - L FLRN,0.2 %,1.6 %,114,798,100.0 %,13.2 %,0.2 %,12.1 %,0.0 %,-0.9 %,1,9,0.1,0.8,100.0 %,100.0 %,,,114,87,0.2 %,0.2 %,7,2.7,0,0,1,9,0,0,1,6,0,0,1,2,,,1,9,,,0,2.3,0,0,0.0 %,0.0 %,0,0,0.0 %,0.0 %,0,0,0.0 %,0.0 %,100.0 %,100.0 %,100.0 %,100.0 %,100.0 %,100.0 %,114,87,0,0,100.0 %,100.0 %
FLTR,21d RSI FLTR LT55 - L FLTR,0.1 %,1.2 %,59,611,100.0 %,7.6 %,0.1 %,16.1 %,0.0 %,-1.6 %,1,4,0.1,0.3,100.0 %,100.0 %,,,59,151,0.1 %,0.3 %,2,3.8,0,0,1,4,0,0,1,3,0,0,1,2,,,1,4,,,0,1.9,0,0,0.0 %,0.0 %,0,0,0.0 %,0.0 %,0,0,0.0 %,0.0 %,100.0 %,100.0 %,100.0 %,100.0 %,100.0 %,100.0 %,59,151,0,0,100.0 %,100.0 %
FLTW,3d RSI FLTW LT15 - L FLTW,-1.2 %,12.1 %,-606,6097,100.0 %,10.0 %,-1.2 %,122.0 %,0.0 %,-12.8 %,1,8,0.1,0.7,0.0 %,87.5 %,0,0.8,-606,730,-1.2 %,1.5 %,4,2.1,1,1,0,6,1,1,0,6,1,1,0,5,0,7,0,7,0,5.5,0,2,-1212,-1287,-1.2 %,-2.6 %,-1212,-1287,-1.2 %,-2.6 %,-1212,-415,-1.2 %,-0.8 %,0.0 %,87.5 %,0.0 %,87.5 %,0.0 %,87.5 %,0,1018,-606,-1287,0.0 %,85.7 %
FMB,4d RSI FMB LT14 - L FMB,-1.2 %,0.5 %,-605,228,100.0 %,5.6 %,-1.2 %,8.1 %,0.0 %,-0.4 %,1,4,0.1,0.3,0.0 %,75.0 %,0,1.5,-605,56,-1.2 %,0.1 %,13,2.5,1,1,0,3,1,1,0,3,1,1,0,2,0,3,0,3,0,4.6,0,1.5,-1211,-62,-1.2 %,-0.1 %,-1211,-62,-1.2 %,-0.1 %,-1211,-62,-1.2 %,-0.1 %,0.0 %,75.0 %,0.0 %,75.0 %,0.0 %,75.0 %,0,96,-605,-62,0.0 %,66.7 %
FMHI,11d RSI FMHI LT25 - L FMHI,-0.1 %,3.1 %,-42,1568,100.0 %,6.0 %,-0.1 %,52.3 %,0.0 %,-1.2 %,1,3,0.1,0.2,0.0 %,100.0 %,0,,-42,515,-0.1 %,1.0 %,6,4,1,0,0,3,1,0,0,3,1,0,0,3,0,,0,3,0,,0,2.4,-84,0,-0.1 %,0.0 %,-84,0,-0.1 %,0.0 %,-84,0,-0.1 %,0.0 %,0.0 %,100.0 %,0.0 %,100.0 %,0.0 %,100.0 %,0,515,-42,0,0.0 %,100.0 %
FNCL,3d RSI FNCL LT14 - L FNCL,0.6 %,24.0 %,295,12106,40.0 %,13.6 %,1.5 %,178.0 %,-1.6 %,-4.5 %,3,9,0.2,0.8,66.7 %,100.0 %,0.7,,98,1218,0.2 %,2.4 %,4.7,2.8,1,0,2,9,1,0,2,9,1,0,2,9,2,,2,9,1.4,,0.3,4.1,-1673,0,-1.7 %,0.0 %,-1673,0,-1.7 %,0.0 %,-1673,0,-1.7 %,0.0 %,66.7 %,100.0 %,66.7 %,100.0 %,66.7 %,100.0 %,566,1218,-837,0,66.7 %,100.0 %
FNDA,7d RSI FNDA LT18 - L FNDA,2.6 %,2.6 %,1315,1295,100.0 %,5.2 %,2.6 %,49.8 %,0.0 %,-8.1 %,1,2,0.1,0.2,100.0 %,50.0 %,,2.4,1315,665,2.6 %,1.3 %,8,5.5,0,1,1,1,0,1,1,1,0,1,1,1,,1,1,1,,2.4,0,0.6,0,-976,0.0 %,-1.9 %,0,-976,0.0 %,-1.9 %,0,-976,0.0 %,-1.9 %,100.0 %,50.0 %,100.0 %,50.0 %,100.0 %,50.0 %,1315,2306,0,-976,100.0 %,50.0 %
FNDC,7d RSI FNDC LT23 - L FNDC,1.4 %,7.7 %,702,3883,86.7 %,5.2 %,1.6 %,149.3 %,0.0 %,-3.6 %,2,4,0.2,0.3,50.0 %,100.0 %,1.9,,351,941,0.7 %,1.9 %,5.5,2.2,1,0,1,4,1,0,1,4,0,0,1,4,1,,1,4,1.9,,0.4,2.7,-1583,0,-1.6 %,0.0 %,-1583,0,-1.6 %,0.0 %,0,0,0.0 %,0.0 %,50.0 %,100.0 %,50.0 %,100.0 %,50.0 %,100.0 %,1493,941,-791,0,100.0 %,100.0 %
FNDE,11d RSI FNDE LT35 - L FNDE,5.2 %,8.4 %,2600,4216,53.8 %,6.4 %,9.7 %,131.8 %,0.0 %,-7.4 %,3,5,0.2,0.4,100.0 %,80.0 %,,4,867,815,1.7 %,1.6 %,1.3,2.2,0,1,3,3,0,0,3,4,0,0,1,4,,4,3,4,,15.9,5.9,2.5,0,-274,0.0 %,-0.6 %,0,0,0.0 %,0.0 %,0,0,0.0 %,0.0 %,100.0 %,80.0 %,100.0 %,80.0 %,100.0 %,100.0 %,867,1087,0,-274,100.0 %,100.0 %
FNDF,18d RSI FNDF LT42 - L FNDF,5.0 %,10.3 %,2505,5199,66.7 %,5.6 %,7.5 %,185.7 %,0.0 %,-4.1 %,2,5,0.2,0.4,100.0 %,100.0 %,,,1253,995,2.5 %,2.0 %,2,1.8,0,0,2,5,0,0,2,4,0,0,1,3,,,2,5,,,8,3.5,0,0,0.0 %,0.0 %,0,0,0.0 %,0.0 %,0,0,0.0 %,0.0 %,100.0 %,100.0 %,100.0 %,100.0 %,100.0 %,100.0 %,1253,995,0,0,100.0 %,100.0 %
FPE,13d RSI FPE LT41 - L FPE,-0.4 %,3.0 %,-224,1488,94.1 %,10.8 %,-0.5 %,27.6 %,-0.8 %,-4.0 %,3,8,0.2,0.7,33.3 %,87.5 %,0.8,0.5,-75,183,-0.1 %,0.4 %,4.3,2.4,2,1,1,5,2,1,1,4,1,0,0,5,0.5,7,1,7,0.4,3.8,-0.8,1.9,-780,-516,-0.8 %,-1.0 %,-780,-516,-0.8 %,-1.0 %,-449,0,-0.4 %,0.0 %,33.3 %,87.5 %,33.3 %,87.5 %,33.3 %,85.7 %,166,283,-195,-516,0.0 %,100.0 %
FPEI,19d RSI FPEI LT38 - L FPEI,0.4 %,1.9 %,209,944,100.0 %,5.6 %,0.4 %,33.7 %,0.0 %,-2.3 %,1,4,0.1,0.3,100.0 %,100.0 %,,,209,233,0.4 %,0.5 %,3,2.5,0,0,1,4,0,0,1,4,0,0,1,2,,,1,4,,,0,3.3,0,0,0.0 %,0.0 %,0,0,0.0 %,0.0 %,0,0,0.0 %,0.0 %,100.0 %,100.0 %,100.0 %,100.0 %,100.0 %,100.0 %,209,233,0,0,100.0 %,100.0 %
FSTA,5d RSI FSTA LT22 - L FSTA,2.8 %,8.4 %,1415,4250,11.4 %,9.6 %,24.9 %,88.5 %,0.0 %,-1.7 %,2,6,0.2,0.5,100.0 %,83.3 %,,2.8,707,685,1.4 %,1.4 %,1.5,3,0,1,2,4,0,0,2,5,0,0,2,5,,5,2,5,,14.2,2.4,2.2,0,-310,0.0 %,-0.6 %,0,0,0.0 %,0.0 %,0,0,0.0 %,0.0 %,100.0 %,83.3 %,100.0 %,83.3 %,100.0 %,100.0 %,707,884,0,-310,100.0 %,100.0 %
FTCS,8d RSI FTCS LT44 - L FTCS,-4.5 %,17.2 %,-2262,8648,100.0 %,28.8 %,-4.5 %,60.0 %,0.0 %,-4.0 %,1,18,0.1,1.5,0.0 %,77.8 %,0,4.2,-2262,444,-4.5 %,0.9 %,14,2.9,1,1,0,6,1,1,0,6,1,1,0,6,0,3.5,0,14,0,14.6,0,4.4,-4524,-349,-4.5 %,-0.7 %,-4524,-349,-4.5 %,-0.7 %,-4524,-133,-4.5 %,-0.3 %,0.0 %,77.8 %,0.0 %,77.8 %,0.0 %,76.5 %,0,612,-2262,-147,0.0 %,81.8 %
FTEC,5d RSI FTEC LT17 - L FTEC,4.4 %,6.9 %,2205,3490,100.0 %,6.4 %,4.4 %,109.1 %,0.0 %,-11.3 %,1,2,0.1,0.2,100.0 %,50.0 %,,2.7,2205,1857,4.4 %,3.7 %,1,7,0,1,1,1,0,1,1,1,0,1,1,1,,1,1,1,,2.7,0,0.7,0,-2143,0.0 %,-4.3 %,0,-2143,0.0 %,-4.3 %,0,-2143,0.0 %,-4.3 %,100.0 %,50.0 %,100.0 %,50.0 %,100.0 %,50.0 %,2205,5856,0,-2143,100.0 %,50.0 %
FTSL,21d RSI FTSL LT46 - L FTSL,0.5 %,0.7 %,233,357,86.0 %,6.8 %,0.5 %,10.5 %,-0.7 %,-2.4 %,8,4,0.7,0.3,50.0 %,75.0 %,1.7,1.2,29,88,0.1 %,0.2 %,3.5,3.2,4,1,4,2,3,1,4,2,1,0,1,2,1,3,4,3,1.7,3.7,0.6,1.4,-712,-129,-0.7 %,-0.3 %,-712,-129,-0.7 %,-0.3 %,-422,0,-0.4 %,0.0 %,50.0 %,75.0 %,50.0 %,75.0 %,57.1 %,75.0 %,147,161,-89,-129,50.0 %,100.0 %
FTSM,15d RSI FTSM LT69 - L FTSM,0.2 %,0.4 %,96,193,100.0 %,6.0 %,0.2 %,6.4 %,0.0 %,-0.1 %,4,4,0.3,0.3,75.0 %,100.0 %,,,24,48,0.0 %,0.1 %,2.5,2.8,1,0,3,4,1,0,2,3,0,0,1,2,3,,3,4,,,2.1,6.1,0,0,0.0 %,0.0 %,0,0,0.0 %,0.0 %,0,0,0.0 %,0.0 %,75.0 %,100.0 %,75.0 %,100.0 %,66.7 %,100.0 %,32,48,0,0,100.0 %,100.0 %
FTXO,13d RSI FTXO LT27 - L FTXO,2.7 %,11.2 %,1335,5622,100.0 %,5.2 %,2.7 %,216.2 %,0.0 %,-5.8 %,1,4,0.1,0.3,100.0 %,75.0 %,,1.9,1335,1374,2.7 %,2.8 %,6,2.2,0,1,1,3,0,1,1,2,0,1,1,2,,3,1,3,,5.6,0,1.5,0,-1203,0.0 %,-2.4 %,0,-1203,0.0 %,-2.4 %,0,-1203,0.0 %,-2.4 %,100.0 %,75.0 %,100.0 %,75.0 %,100.0 %,66.7 %,1335,2233,0,-1203,100.0 %,66.7 %
FTXR,3d RSI FTXR LT10 - L FTXR,-1.7 %,23.9 %,-863,12036,100.0 %,9.6 %,-1.7 %,250.7 %,0.0 %,-4.0 %,1,8,0.1,0.7,0.0 %,87.5 %,0,3.4,-863,1375,-1.7 %,2.8 %,7,2,1,1,0,5,1,1,0,5,1,0,0,6,0,7,0,7,0,24,0,2.8,-1725,-479,-1.7 %,-1.0 %,-1725,-479,-1.7 %,-1.0 %,-1725,0,-1.7 %,0.0 %,0.0 %,87.5 %,0.0 %,87.5 %,0.0 %,87.5 %,0,1640,-863,-479,0.0 %,100.0 %
FUTY,3d RSI FUTY LT58 - L FUTY,-0.6 %,28.8 %,-298,14528,63.3 %,68.0 %,-0.9 %,42.7 %,-3.5 %,-4.7 %,6,39,0.5,3.3,33.3 %,82.0 %,1.7,1.1,-50,328,-0.1 %,0.7 %,5.3,3.3,2,2,2,9,2,2,2,13,1,1,1,11,0.5,4.6,2,32,0.9,5.1,-0.2,4.5,-3637,-406,-3.6 %,-0.8 %,-3637,-406,-3.6 %,-0.8 %,-3637,-603,-3.6 %,-1.2 %,33.3 %,82.0 %,33.3 %,82.0 %,33.3 %,82.3 %,887,498,-518,-449,33.3 %,91.7 %
FXE,11d RSI FXE LT37 - L FXE,1.0 %,3.8 %,480,1893,39.2 %,6.8 %,2.4 %,55.7 %,-1.2 %,-0.5 %,5,6,0.4,0.5,60.0 %,100.0 %,1.2,,96,308,0.2 %,0.6 %,2.8,1.8,2,0,2,6,1,0,2,6,1,0,1,4,1.5,,3,6,1.8,,0.6,4.3,-1258,0,-1.3 %,0.0 %,-426,0,-0.4 %,0.0 %,-275,0,-0.3 %,0.0 %,60.0 %,100.0 %,60.0 %,100.0 %,75.0 %,100.0 %,370,308,-314,0,50.0 %,100.0 %
FXF,6d RSI FXF LT24 - L FXF,1.1 %,3.3 %,543,1678,12.2 %,5.2 %,8.9 %,64.5 %,0.0 %,-0.6 %,2,5,0.2,0.4,100.0 %,100.0 %,,,272,329,0.5 %,0.7 %,2,1.6,0,0,2,5,0,0,2,5,0,0,2,5,,,2,5,,,2.7,5,0,0,0.0 %,0.0 %,0,0,0.0 %,0.0 %,0,0,0.0 %,0.0 %,100.0 %,100.0 %,100.0 %,100.0 %,100.0 %,100.0 %,272,329,0,0,100.0 %,100.0 %
FXI,15d RSI FXI LT42 - L FXI,1.6 %,13.4 %,782,6771,69.4 %,11.2 %,2.3 %,120.9 %,-3.1 %,-10.8 %,7,8,0.6,0.7,71.4 %,87.5 %,0.6,0.7,112,807,0.2 %,1.6 %,2.4,2.5,1,1,3,6,1,0,2,7,1,0,1,5,2.5,7,5,7,1.4,5,0.4,2,-3156,-1612,-3.2 %,-3.2 %,-2481,0,-2.5 %,0.0 %,-1414,0,-1.4 %,0.0 %,71.4 %,87.5 %,71.4 %,87.5 %,66.7 %,100.0 %,527,1153,-927,-1612,50.0 %,100.0 %
FXO,3d RSI FXO LT15 - L FXO,-1.4 %,27.1 %,-696,13661,53.6 %,14.0 %,-2.6 %,195.2 %,-2.2 %,-5.4 %,2,9,0.2,0.8,50.0 %,100.0 %,0.4,,-348,1355,-0.7 %,2.7 %,6,2.8,1,0,1,9,1,0,1,9,1,0,1,8,1,,1,9,0.4,,-0.6,5.8,-2266,0,-2.3 %,0.0 %,-2266,0,-2.3 %,0.0 %,-2266,0,-2.3 %,0.0 %,50.0 %,100.0 %,50.0 %,100.0 %,50.0 %,100.0 %,437,1355,-1133,0,50.0 %,100.0 %
FXR,9d RSI FXR LT23 - L FXR,-0.6 %,14.5 %,-305,7311,100.0 %,5.2 %,-0.6 %,281.2 %,0.0 %,-4.6 %,1,4,0.1,0.3,0.0 %,100.0 %,0,,-305,1729,-0.6 %,3.5 %,7,2.2,1,0,0,4,1,0,0,4,1,0,0,3,0,,0,4,0,,0,4.2,-611,0,-0.6 %,0.0 %,-611,0,-0.6 %,0.0 %,-611,0,-0.6 %,0.0 %,0.0 %,100.0 %,0.0 %,100.0 %,0.0 %,100.0 %,0,1729,-305,0,0.0 %,100.0 %
FXY,4d RSI FXY LT14 - L FXY,1.6 %,4.2 %,795,2098,22.9 %,5.6 %,6.9 %,74.9 %,0.0 %,-0.9 %,3,5,0.2,0.4,100.0 %,100.0 %,,,265,411,0.5 %,0.8 %,2.7,1.8,0,0,3,5,0,0,3,5,0,0,2,5,,,3,5,,,4.3,2.5,0,0,0.0 %,0.0 %,0,0,0.0 %,0.0 %,0,0,0.0 %,0.0 %,100.0 %,100.0 %,100.0 %,100.0 %,100.0 %,100.0 %,265,411,0,0,100.0 %,100.0 %
GDX,18d RSI GDX LT59 - L GDX,-4.4 %,112.8 %,-2194,56844,84.6 %,55.2 %,-5.2 %,206.0 %,-14.8 %,-6.4 %,7,38,0.6,3.2,57.1 %,86.8 %,0.6,1.9,-313,1016,-0.6 %,2.0 %,3.6,2.5,2,1,3,15,2,1,3,11,1,0,1,11,1.3,6.6,4,33,0.8,12.8,-0.3,5.5,-16615,-1459,-16.6 %,-2.9 %,-16615,-1459,-16.6 %,-2.9 %,-16615,0,-16.6 %,0.0 %,57.1 %,86.8 %,57.1 %,86.8 %,60.0 %,82.1 %,1694,1270,-2990,-655,50.0 %,100.0 %
GDXJ,21d RSI GDXJ LT45 - L GDXJ,-8.0 %,25.2 %,-4014,12678,100.0 %,5.6 %,-8.0 %,452.8 %,0.0 %,-3.1 %,2,4,0.2,0.3,50.0 %,100.0 %,0.3,,-2007,2904,-4.0 %,5.8 %,3.5,2.5,1,0,1,4,1,0,0,4,1,0,0,4,1,,1,4,0.3,,-0.8,4.1,-11216,0,-11.2 %,0.0 %,-8028,0,-8.0 %,0.0 %,-8028,0,-8.0 %,0.0 %,50.0 %,100.0 %,50.0 %,100.0 %,0.0 %,100.0 %,1594,2904,-5608,0,0.0 %,100.0 %
GEM,3d RSI GEM LT12 - L GEM,2.5 %,13.8 %,1243,6953,80.0 %,8.4 %,3.1 %,165.6 %,0.0 %,-5.9 %,2,7,0.2,0.6,100.0 %,100.0 %,,,621,936,1.2 %,1.9 %,1,2,0,0,2,7,0,0,2,7,0,0,1,7,,,2,7,,,3.7,3.8,0,0,0.0 %,0.0 %,0,0,0.0 %,0.0 %,0,0,0.0 %,0.0 %,100.0 %,100.0 %,100.0 %,100.0 %,100.0 %,100.0 %,621,936,0,0,100.0 %,100.0 %
GIGB,17d RSI GIGB LT40 - L GIGB,0.3 %,2.1 %,153,1055,100.0 %,5.2 %,0.3 %,40.6 %,-0.0 %,-1.3 %,3,3,0.2,0.2,66.7 %,66.7 %,7.2,9.4,51,348,0.1 %,0.7 %,3.7,3.3,1,1,1,2,1,1,1,2,0,1,1,1,2,2,2,2,14.4,18.8,1.2,1.6,-23,-59,-0.0 %,-0.1 %,-23,-59,-0.0 %,-0.1 %,0,-59,0.0 %,-0.1 %,66.7 %,66.7 %,66.7 %,66.7 %,66.7 %,66.7 %,82,551,-11,-59,100.0 %,50.0 %
GLD,7d RSI GLD LT37 - L GLD,0.5 %,15.8 %,255,7954,27.5 %,7.6 %,1.9 %,209.3 %,-8.8 %,-0.8 %,3,8,0.2,0.7,66.7 %,100.0 %,0.5,,85,927,0.2 %,1.9 %,2.7,1.4,1,0,1,8,1,0,1,8,1,0,1,7,2,,2,8,1.1,,0,5.1,-9358,0,-9.4 %,0.0 %,-5849,0,-5.8 %,0.0 %,-5849,0,-5.8 %,0.0 %,66.7 %,100.0 %,66.7 %,100.0 %,50.0 %,100.0 %,2467,927,-4679,0,50.0 %,100.0 %
GLL,6d RSI GLL LT10 - L GLL,4.3 %,8.1 %,2162,4093,100.0 %,6.8 %,4.3 %,120.4 %,0.0 %,-4.9 %,1,4,0.1,0.3,100.0 %,75.0 %,,2.9,2162,999,4.3 %,2.0 %,4,3.2,0,1,1,2,0,1,1,2,0,1,1,2,,3,1,3,,8.8,0,1.7,0,-510,0.0 %,-1.0 %,0,-510,0.0 %,-1.0 %,0,-198,0.0 %,-0.4 %,100.0 %,75.0 %,100.0 %,75.0 %,100.0 %,75.0 %,2162,1502,0,-510,100.0 %,66.7 %
GLTR,17d RSI GLTR LT52 - L GLTR,7.3 %,25.9 %,3633,13049,73.2 %,18.4 %,9.9 %,141.8 %,-10.6 %,-2.0 %,8,17,0.7,1.4,87.5 %,100.0 %,0.2,,454,684,0.9 %,1.4 %,2.6,1.7,1,0,6,17,1,0,4,14,1,0,1,8,7,,7,17,1.6,,0.5,6.1,-12278,0,-12.3 %,0.0 %,-8558,0,-8.6 %,0.0 %,-7369,0,-7.4 %,0.0 %,87.5 %,100.0 %,87.5 %,100.0 %,80.0 %,100.0 %,1396,684,-6139,0,50.0 %,100.0 %
GNR,20d RSI GNR LT50 - L GNR,0.9 %,18.4 %,448,9270,100.0 %,21.2 %,0.9 %,87.5 %,0.0 %,-12.0 %,1,18,0.1,1.5,100.0 %,83.3 %,,0.9,448,477,0.9 %,0.9 %,3,1.9,0,1,1,8,0,1,1,8,0,0,1,8,,5,1,15,,4.6,0,2.7,0,-1997,0.0 %,-4.0 %,0,-156,0.0 %,-0.3 %,0,0,0.0 %,0.0 %,100.0 %,83.3 %,100.0 %,83.3 %,100.0 %,92.9 %,448,733,0,-804,100.0 %,100.0 %
GOVI,4d RSI GOVI LT17 - L GOVI,0.6 %,2.5 %,275,1286,100.0 %,5.2 %,0.6 %,49.5 %,0.0 %,-1.1 %,1,4,0.1,0.3,100.0 %,100.0 %,,,275,316,0.6 %,0.6 %,1,2.2,0,0,1,4,0,0,1,4,0,0,1,3,,,1,4,,,0,13.6,0,0,0.0 %,0.0 %,0,0,0.0 %,0.0 %,0,0,0.0 %,0.0 %,100.0 %,100.0 %,100.0 %,100.0 %,100.0 %,100.0 %,275,316,0,0,100.0 %,100.0 %
GOVT,11d RSI GOVT LT38 - L GOVT,0.5 %,2.3 %,264,1160,30.0 %,6.8 %,1.8 %,34.1 %,-0.2 %,-0.3 %,4,6,0.3,0.5,50.0 %,100.0 %,3.2,,66,190,0.1 %,0.4 %,2.8,1.8,2,0,1,6,2,0,1,6,0,0,2,5,1,,2,6,3.2,,0.9,5.2,-240,0,-0.2 %,0.0 %,-240,0,-0.2 %,0.0 %,0,0,0.0 %,0.0 %,50.0 %,100.0 %,50.0 %,100.0 %,50.0 %,100.0 %,192,190,-60,0,100.0 %,100.0 %
GREK,20d RSI GREK LT58 - L GREK,-8.0 %,36.3 %,-4001,18293,100.0 %,42.8 %,-8.0 %,85.5 %,-9.8 %,-7.8 %,5,32,0.4,2.7,60.0 %,81.2 %,0.2,1.2,-800,492,-1.6 %,1.0 %,4.2,2.3,1,2,2,7,1,1,2,10,1,1,1,5,1.5,4.3,3,26,0.3,5,-1.1,3.8,-7344,-573,-7.3 %,-1.1 %,-7344,-1206,-7.3 %,-2.4 %,-10040,-39,-10.0 %,-0.1 %,60.0 %,81.2 %,60.0 %,81.2 %,60.0 %,83.3 %,466,756,-2700,-653,50.0 %,88.9 %
GRID,3d RSI GRID LT10 - L GRID,1.0 %,8.7 %,488,4358,100.0 %,5.6 %,1.0 %,155.6 %,0.0 %,-4.6 %,1,4,0.1,0.3,100.0 %,75.0 %,,4.8,488,1066,1.0 %,2.1 %,1,2.5,0,1,1,3,0,1,1,3,0,1,1,2,,3,1,3,,14.3,0,1.5,0,-320,0.0 %,-0.6 %,0,-320,0.0 %,-0.6 %,0,-320,0.0 %,-0.6 %,100.0 %,75.0 %,100.0 %,75.0 %,100.0 %,75.0 %,488,1528,0,-320,100.0 %,66.7 %
GSIE,3d RSI GSIE LT12 - L GSIE,6.5 %,11.2 %,3230,5666,52.9 %,7.6 %,12.2 %,149.1 %,0.0 %,-3.8 %,3,6,0.2,0.5,100.0 %,100.0 %,,,1077,904,2.2 %,1.8 %,2,2.2,0,0,3,6,0,0,3,6,0,0,1,5,,,3,6,,,4.1,2.4,0,0,0.0 %,0.0 %,0,0,0.0 %,0.0 %,0,0,0.0 %,0.0 %,100.0 %,100.0 %,100.0 %,100.0 %,100.0 %,100.0 %,1077,904,0,0,100.0 %,100.0 %
GSLC,4d RSI GSLC LT14 - L GSLC,0.7 %,9.7 %,343,4900,23.4 %,11.2 %,2.9 %,87.5 %,-0.3 %,-10.2 %,2,5,0.2,0.4,50.0 %,80.0 %,3,0.8,171,969,0.3 %,1.9 %,4.5,4.6,1,1,1,4,1,1,1,4,1,1,1,4,1,4,1,4,3,3.3,0.7,1.2,-347,-2098,-0.3 %,-4.2 %,-347,-2098,-0.3 %,-4.2 %,-347,-2098,-0.3 %,-4.2 %,50.0 %,80.0 %,50.0 %,80.0 %,50.0 %,80.0 %,516,1736,-174,-2098,50.0 %,80.0 %
GSY,4d RSI GSY LT69 - L GSY,0.2 %,0.5 %,120,239,85.0 %,10.8 %,0.3 %,4.4 %,0.0 %,-0.2 %,5,9,0.4,0.8,100.0 %,88.9 %,,,24,26,0.0 %,0.1 %,2.4,2,0,1,5,5,0,0,4,8,0,0,1,6,,8,5,8,,,6.7,6.1,0,0,0.0 %,0.0 %,0,0,0.0 %,0.0 %,0,0,0.0 %,0.0 %,100.0 %,88.9 %,100.0 %,88.9 %,100.0 %,100.0 %,24,30,0,0,100.0 %,100.0 %
GTO,3d RSI GTO LT18 - L GTO,-0.2 %,2.8 %,-110,1420,31.9 %,16.4 %,-0.7 %,17.3 %,-0.9 %,-1.9 %,3,11,0.2,0.9,66.7 %,81.8 %,0.4,1.3,-37,127,-0.1 %,0.2 %,4,2.7,1,1,1,4,1,1,1,4,1,1,1,3,2,4.5,2,9,0.8,5.8,-0.2,3,-948,-250,-0.9 %,-0.5 %,-948,-250,-0.9 %,-0.5 %,-540,-250,-0.5 %,-0.5 %,66.7 %,81.8 %,66.7 %,81.8 %,66.7 %,81.8 %,182,187,-474,-146,50.0 %,75.0 %
GVAL,3d RSI GVAL LT37 - L GVAL,2.8 %,26.4 %,1405,13294,60.0 %,26.8 %,4.7 %,99.2 %,-5.2 %,-5.7 %,6,19,0.5,1.6,83.3 %,84.2 %,0.3,3,234,638,0.5 %,1.3 %,2.5,2.5,1,1,3,10,1,1,3,10,0,1,2,7,5,5.3,5,16,1.5,16.2,0.4,2,-5349,-485,-5.3 %,-1.0 %,-5349,-485,-5.3 %,-1.0 %,0,-146,0.0 %,-0.3 %,83.3 %,84.2 %,83.3 %,84.2 %,83.3 %,84.2 %,816,807,-2675,-266,100.0 %,91.7 %
GVI,4d RSI GVI LT20 - L GVI,0.3 %,2.2 %,158,1109,21.3 %,7.2 %,1.5 %,30.8 %,-0.1 %,-0.1 %,3,7,0.2,0.6,66.7 %,100.0 %,2,,53,156,0.1 %,0.3 %,2.3,1.6,1,0,1,7,1,0,1,6,0,0,2,6,2,,2,7,4.1,,1.2,4.9,-103,0,-0.1 %,0.0 %,-103,0,-0.1 %,0.0 %,0,0,0.0 %,0.0 %,66.7 %,100.0 %,66.7 %,100.0 %,66.7 %,100.0 %,105,156,-51,0,100.0 %,100.0 %
HACK,13d RSI HACK LT33 - L HACK,6.2 %,18.9 %,3122,9504,40.7 %,6.0 %,15.3 %,316.8 %,0.0 %,-4.8 %,3,4,0.2,0.3,100.0 %,100.0 %,,,1041,2247,2.1 %,4.5 %,2.7,2.8,0,0,3,4,0,0,3,4,0,0,2,4,,,3,4,,,6.3,2.2,0,0,0.0 %,0.0 %,0,0,0.0 %,0.0 %,0,0,0.0 %,0.0 %,100.0 %,100.0 %,100.0 %,100.0 %,100.0 %,100.0 %,1041,2247,0,0,100.0 %,100.0 %
HDEF,21d RSI HDEF LT58 - L HDEF,0.9 %,24.7 %,450,12458,50.0 %,47.6 %,1.8 %,52.3 %,-1.8 %,-4.1 %,7,32,0.6,2.7,85.7 %,84.4 %,0.2,0.9,64,349,0.1 %,0.7 %,2.9,2.7,1,1,6,15,1,1,6,12,1,0,1,11,6,5.4,6,27,1.5,4.9,0.4,4.1,-1846,-849,-1.8 %,-1.7 %,-1846,-750,-1.8 %,-1.5 %,-1017,0,-1.0 %,0.0 %,85.7 %,84.4 %,85.7 %,84.4 %,85.7 %,81.8 %,229,518,-923,-566,50.0 %,100.0 %
HDV,18d RSI HDV LT50 - L HDV,1.4 %,20.3 %,707,10253,100.0 %,30.4 %,1.4 %,67.5 %,0.0 %,-4.7 %,1,21,0.1,1.8,100.0 %,90.5 %,,1.9,707,444,1.4 %,0.9 %,1,2.6,0,1,1,15,0,1,1,11,0,0,1,8,,9.5,1,19,,17.7,0,6,0,-555,0.0 %,-1.1 %,0,-555,0.0 %,-1.1 %,0,0,0.0 %,0.0 %,100.0 %,90.5 %,100.0 %,90.5 %,100.0 %,93.8 %,707,520,0,-280,100.0 %,100.0 %
HEFA,16d RSI HEFA LT42 - L HEFA,-0.1 %,6.2 %,-47,3135,85.7 %,6.8 %,-0.1 %,92.2 %,-0.7 %,-9.3 %,2,5,0.2,0.4,50.0 %,80.0 %,0.9,1.3,-24,612,-0.0 %,1.2 %,5,2.4,1,1,1,4,1,1,1,3,1,0,0,2,1,4,1,4,0.9,5.1,-0.1,1.9,-659,-740,-0.7 %,-1.5 %,-659,-22,-0.7 %,-0.0 %,-95,0,-0.1 %,0.0 %,50.0 %,80.0 %,50.0 %,80.0 %,50.0 %,75.0 %,282,950,-329,-740,0.0 %,100.0 %
HEWJ,16d RSI HEWJ LT44 - L HEWJ,4.9 %,18.1 %,2445,9095,78.6 %,11.2 %,6.2 %,162.4 %,0.0 %,-8.1 %,3,9,0.2,0.8,100.0 %,100.0 %,,,815,932,1.6 %,1.9 %,2.7,2.1,0,0,3,9,0,0,3,7,0,0,1,3,,,3,9,,,5.1,5.9,0,0,0.0 %,0.0 %,0,0,0.0 %,0.0 %,0,0,0.0 %,0.0 %,100.0 %,100.0 %,100.0 %,100.0 %,100.0 %,100.0 %,815,932,0,0,100.0 %,100.0 %
HFXI,20d RSI HFXI LT46 - L HFXI,0.9 %,9.0 %,433,4538,80.0 %,8.8 %,1.1 %,103.1 %,-0.6 %,-9.2 %,3,6,0.2,0.5,33.3 %,83.3 %,4.8,1.1,144,731,0.3 %,1.5 %,3,2.7,1,1,1,4,1,0,1,5,0,0,1,3,0.5,5,1,5,2.4,5.7,0.6,2.1,-593,-941,-0.6 %,-1.9 %,-593,0,-0.6 %,0.0 %,0,0,0.0 %,0.0 %,33.3 %,83.3 %,33.3 %,83.3 %,33.3 %,100.0 %,744,1065,-155,-941,100.0 %,100.0 %
HTRB,3d RSI HTRB LT16 - L HTRB,1.0 %,2.9 %,488,1438,66.7 %,10.4 %,1.5 %,27.6 %,0.0 %,-0.9 %,3,8,0.2,0.7,100.0 %,87.5 %,,4.7,163,176,0.3 %,0.3 %,2.3,2.2,0,1,3,6,0,0,3,7,0,0,1,7,,7,3,7,,32.8,3.3,5.3,0,-44,0.0 %,-0.1 %,0,0,0.0 %,0.0 %,0,0,0.0 %,0.0 %,100.0 %,87.5 %,100.0 %,87.5 %,100.0 %,100.0 %,163,208,0,-44,100.0 %,100.0 %
HYD,4d RSI HYD LT13 - L HYD,-0.1 %,1.8 %,-31,886,71.4 %,5.2 %,-0.1 %,34.1 %,-0.2 %,-2.6 %,2,3,0.2,0.2,50.0 %,66.7 %,0.7,1.8,-15,294,-0.0 %,0.6 %,4,3.3,1,1,1,2,1,1,1,2,1,1,0,1,1,2,1,2,0.7,3.6,-0.2,1.1,-220,-344,-0.2 %,-0.7 %,-220,-344,-0.2 %,-0.7 %,-62,-344,-0.1 %,-0.7 %,50.0 %,66.7 %,50.0 %,66.7 %,50.0 %,66.7 %,79,612,-110,-344,0.0 %,50.0 %
HYDB,15d RSI HYDB LT43 - L HYDB,-0.4 %,3.3 %,-207,1651,100.0 %,9.6 %,-0.4 %,34.4 %,-0.5 %,-4.8 %,3,8,0.2,0.7,66.7 %,87.5 %,0.1,0.6,-69,203,-0.1 %,0.4 %,4,2,1,1,1,5,1,1,1,4,1,0,0,5,2,7,2,7,0.2,4.3,-0.8,2,-543,-485,-0.5 %,-1.0 %,-543,-485,-0.5 %,-1.0 %,-414,0,-0.4 %,0.0 %,66.7 %,87.5 %,66.7 %,87.5 %,66.7 %,85.7 %,32,301,-272,-485,0.0 %,100.0 %
HYEM,16d RSI HYEM LT42 - L HYEM,-0.2 %,5.8 %,-88,2935,100.0 %,6.8 %,-0.2 %,86.3 %,0.0 %,-2.7 %,1,4,0.1,0.3,0.0 %,100.0 %,0,,-88,715,-0.2 %,1.4 %,8,3.2,1,0,0,4,1,0,0,4,1,0,0,2,0,,0,4,0,,0,3.1,-176,0,-0.2 %,0.0 %,-176,0,-0.2 %,0.0 %,-176,0,-0.2 %,0.0 %,0.0 %,100.0 %,0.0 %,100.0 %,0.0 %,100.0 %,0,715,-88,0,0.0 %,100.0 %
HYG,3d RSI HYG LT17 - L HYG,1.9 %,3.5 %,940,1772,34.5 %,10.8 %,5.5 %,32.8 %,0.0 %,-2.2 %,4,8,0.3,0.7,100.0 %,87.5 %,,4,235,217,0.5 %,0.4 %,1.5,2.4,0,1,4,6,0,1,4,6,0,1,2,5,,7,4,7,,28.3,7.8,2.6,0,-64,0.0 %,-0.1 %,0,-64,0.0 %,-0.1 %,0,-64,0.0 %,-0.1 %,100.0 %,87.5 %,100.0 %,87.5 %,100.0 %,87.5 %,235,257,0,-64,100.0 %,85.7 %
HYLB,3d RSI HYLB LT18 - L HYLB,1.2 %,4.9 %,605,2452,75.0 %,13.6 %,1.6 %,36.1 %,0.0 %,-2.2 %,3,9,0.2,0.8,100.0 %,100.0 %,,,202,265,0.4 %,0.5 %,2,2.8,0,0,3,9,0,0,3,9,0,0,1,7,,,3,9,,,3.3,4.2,0,0,0.0 %,0.0 %,0,0,0.0 %,0.0 %,0,0,0.0 %,0.0 %,100.0 %,100.0 %,100.0 %,100.0 %,100.0 %,100.0 %,202,265,0,0,100.0 %,100.0 %
HYLS,3d RSI HYLS LT11 - L HYLS,0.5 %,2.4 %,232,1215,35.0 %,10.8 %,1.3 %,22.5 %,0.0 %,-1.7 %,2,4,0.2,0.3,100.0 %,100.0 %,,,116,299,0.2 %,0.6 %,2.5,5.8,0,0,2,4,0,0,2,4,0,0,2,4,,,2,4,,,3,2.6,0,0,0.0 %,0.0 %,0,0,0.0 %,0.0 %,0,0,0.0 %,0.0 %,100.0 %,100.0 %,100.0 %,100.0 %,100.0 %,100.0 %,116,299,0,0,100.0 %,100.0 %
HYMB,4d RSI HYMB LT11 - L HYMB,0.6 %,1.9 %,301,981,76.9 %,6.4 %,0.8 %,30.6 %,0.0 %,-2.6 %,2,4,0.2,0.3,50.0 %,75.0 %,,3.4,150,242,0.3 %,0.5 %,4,3,1,1,1,3,1,1,1,3,0,1,1,2,1,3,1,3,,10.1,1.4,2.4,0,-106,0.0 %,-0.2 %,0,-106,0.0 %,-0.2 %,0,-106,0.0 %,-0.2 %,50.0 %,75.0 %,50.0 %,75.0 %,50.0 %,75.0 %,301,358,0,-106,100.0 %,66.7 %
HYS,18d RSI HYS LT48 - L HYS,-0.2 %,4.2 %,-87,2099,100.0 %,14.8 %,-0.2 %,28.4 %,-0.6 %,-6.1 %,4,11,0.3,0.9,50.0 %,90.9 %,0.7,1.1,-22,186,-0.0 %,0.4 %,4.5,2.4,2,1,2,6,2,1,2,5,1,0,0,5,1,10,2,10,0.7,11.1,-0.3,3.6,-601,-203,-0.6 %,-0.4 %,-601,-203,-0.6 %,-0.4 %,-174,0,-0.2 %,0.0 %,50.0 %,90.9 %,50.0 %,90.9 %,50.0 %,88.9 %,107,225,-150,-203,0.0 %,100.0 %
IAGG,4d RSI IAGG LT15 - L IAGG,-0.4 %,0.3 %,-209,167,100.0 %,5.2 %,-0.4 %,6.4 %,0.0 %,-0.4 %,1,3,0.1,0.2,0.0 %,66.7 %,0,4.5,-209,55,-0.4 %,0.1 %,6,3.3,1,1,0,1,1,1,0,1,1,1,0,1,0,2,0,2,0,9,0,1.4,-417,-21,-0.4 %,-0.0 %,-417,-21,-0.4 %,-0.0 %,-417,-21,-0.4 %,-0.0 %,0.0 %,66.7 %,0.0 %,66.7 %,0.0 %,66.7 %,0,93,-209,-21,0.0 %,66.7 %
IAI,9d RSI IAI LT27 - L IAI,6.1 %,2.8 %,3051,1401,70.0 %,5.2 %,8.7 %,53.9 %,0.0 %,-11.4 %,2,2,0.2,0.2,100.0 %,50.0 %,,1.7,1526,786,3.1 %,1.6 %,2,5.5,0,1,2,1,0,1,2,1,0,1,1,1,,1,2,1,,1.7,9.3,0.4,0,-2322,0.0 %,-4.6 %,0,-2322,0.0 %,-4.6 %,0,-2322,0.0 %,-4.6 %,100.0 %,50.0 %,100.0 %,50.0 %,100.0 %,50.0 %,1526,3893,0,-2322,100.0 %,50.0 %
IAT,5d RSI IAT LT14 - L IAT,1.0 %,14.8 %,518,7439,100.0 %,5.6 %,1.0 %,265.7 %,0.0 %,-4.4 %,1,4,0.1,0.3,100.0 %,100.0 %,,,518,1767,1.0 %,3.5 %,7,2.5,0,0,1,4,0,0,1,4,0,0,1,4,,,1,4,,,0,2.8,0,0,0.0 %,0.0 %,0,0,0.0 %,0.0 %,0,0,0.0 %,0.0 %,100.0 %,100.0 %,100.0 %,100.0 %,100.0 %,100.0 %,518,1767,0,0,100.0 %,100.0 %
IAU,7d RSI IAU LT37 - L IAU,0.4 %,15.5 %,182,7819,27.5 %,7.6 %,1.3 %,205.8 %,-8.8 %,-0.8 %,3,8,0.2,0.7,66.7 %,100.0 %,0.5,,61,912,0.1 %,1.8 %,2.7,1.4,1,0,1,8,1,0,1,8,1,0,1,7,2,,2,8,1,,0,5.3,-9355,0,-9.4 %,0.0 %,-5871,0,-5.9 %,0.0 %,-5871,0,-5.9 %,0.0 %,66.7 %,100.0 %,66.7 %,100.0 %,50.0 %,100.0 %,2430,912,-4677,0,50.0 %,100.0 %
IBDR,3d RSI IBDR LT50 - L IBDR,0.1 %,2.5 %,66,1262,92.9 %,35.6 %,0.1 %,7.1 %,0.0 %,-0.4 %,2,13,0.2,1.1,100.0 %,100.0 %,,,33,95,0.1 %,0.2 %,5.5,5.8,0,0,2,13,0,0,2,13,0,0,1,10,,,2,13,,,1.6,6.3,0,0,0.0 %,0.0 %,0,0,0.0 %,0.0 %,0,0,0.0 %,0.0 %,100.0 %,100.0 %,100.0 %,100.0 %,100.0 %,100.0 %,33,95,0,0,100.0 %,100.0 %
IBDS,3d RSI IBDS LT19 - L IBDS,-0.2 %,0.4 %,-93,213,100.0 %,6.4 %,-0.2 %,6.7 %,0.0 %,-0.3 %,1,4,0.1,0.3,0.0 %,75.0 %,0,,-93,53,-0.2 %,0.1 %,12,3,1,1,0,3,1,1,0,3,1,1,0,3,0,3,0,3,0,,0,2.8,-186,0,-0.2 %,0.0 %,-186,0,-0.2 %,0.0 %,-186,0,-0.2 %,0.0 %,0.0 %,75.0 %,0.0 %,75.0 %,0.0 %,75.0 %,0,70,-93,0,0.0 %,75.0 %
IBND,5d RSI IBND LT17 - L IBND,1.0 %,3.8 %,476,1928,54.5 %,6.0 %,1.7 %,64.3 %,0.0 %,-0.6 %,2,4,0.2,0.3,100.0 %,100.0 %,,,238,472,0.5 %,0.9 %,2,2.8,0,0,2,4,0,0,2,4,0,0,1,4,,,2,4,,,11.3,4.5,0,0,0.0 %,0.0 %,0,0,0.0 %,0.0 %,0,0,0.0 %,0.0 %,100.0 %,100.0 %,100.0 %,100.0 %,100.0 %,100.0 %,238,472,0,0,100.0 %,100.0 %
ICOW,19d RSI ICOW LT51 - L ICOW,1.3 %,10.2 %,627,5147,93.3 %,14.4 %,1.3 %,71.5 %,-0.1 %,-10.9 %,3,13,0.2,1.1,66.7 %,84.6 %,5.8,0.6,209,381,0.4 %,0.8 %,3.7,1.8,1,1,2,7,1,1,2,5,0,0,1,6,2,5.5,2,11,11.6,3.3,1.8,1.8,-119,-1667,-0.1 %,-3.3 %,-119,-403,-0.1 %,-0.8 %,0,0,0.0 %,0.0 %,66.7 %,84.6 %,66.7 %,84.6 %,66.7 %,80.0 %,343,645,-59,-1070,100.0 %,100.0 %
ICSH,9d RSI ICSH LT66 - L ICSH,0.1 %,0.4 %,69,187,100.0 %,5.6 %,0.1 %,6.7 %,0.0 %,-0.0 %,3,3,0.2,0.2,66.7 %,100.0 %,,,23,62,0.0 %,0.1 %,3.3,3.7,1,0,1,3,1,0,1,3,0,0,1,2,2,,2,3,,,2.4,4.8,0,0,0.0 %,0.0 %,0,0,0.0 %,0.0 %,0,0,0.0 %,0.0 %,66.7 %,100.0 %,66.7 %,100.0 %,66.7 %,100.0 %,35,62,0,0,100.0 %,100.0 %
IDEV,19d RSI IDEV LT42 - L IDEV,1.3 %,10.1 %,639,5090,85.7 %,5.6 %,1.5 %,181.8 %,-0.0 %,-3.7 %,3,5,0.2,0.4,66.7 %,100.0 %,18.2,,213,977,0.4 %,1.9 %,3,1.8,1,0,2,5,1,0,2,4,0,0,1,3,2,,2,5,36.5,,2.2,2.8,-36,0,-0.0 %,0.0 %,-36,0,-0.0 %,0.0 %,0,0,0.0 %,0.0 %,66.7 %,100.0 %,66.7 %,100.0 %,66.7 %,100.0 %,328,977,-18,0,100.0 %,100.0 %
IDMO,4d RSI IDMO LT30 - L IDMO,8.4 %,15.9 %,4196,8008,40.0 %,11.6 %,21.0 %,138.1 %,-0.4 %,-5.0 %,5,10,0.4,0.8,80.0 %,100.0 %,5,,839,749,1.7 %,1.5 %,1.8,1.9,1,0,2,10,1,0,2,10,0,0,2,7,4,,4,10,20.1,,2.4,2.9,-440,0,-0.4 %,0.0 %,-440,0,-0.4 %,0.0 %,0,0,0.0 %,0.0 %,80.0 %,100.0 %,80.0 %,100.0 %,80.0 %,100.0 %,1104,749,-220,0,100.0 %,100.0 %
IDU,4d RSI IDU LT12 - L IDU,2.5 %,6.5 %,1230,3266,100.0 %,5.2 %,2.5 %,125.6 %,0.0 %,-3.0 %,1,4,0.1,0.3,100.0 %,100.0 %,,,1230,793,2.5 %,1.6 %,5,2.2,0,0,1,4,0,0,1,4,0,0,1,4,,,1,4,,,0,3.2,0,0,0.0 %,0.0 %,0,0,0.0 %,0.0 %,0,0,0.0 %,0.0 %,100.0 %,100.0 %,100.0 %,100.0 %,100.0 %,100.0 %,1230,793,0,0,100.0 %,100.0 %
IDV,21d RSI IDV LT60 - L IDV,-2.7 %,19.8 %,-1363,9973,100.0 %,34.8 %,-2.7 %,57.3 %,-1.8 %,-4.7 %,3,29,0.2,2.4,33.3 %,82.8 %,0.3,2,-454,314,-0.9 %,0.6 %,4.7,2,1,1,1,12,1,2,1,7,1,0,0,7,0.5,4.8,1,24,0.1,9.7,-1.6,4.7,-1742,-381,-1.7 %,-0.8 %,-1742,-116,-1.7 %,-0.2 %,-2725,0,-2.7 %,0.0 %,33.3 %,82.8 %,33.3 %,82.8 %,33.3 %,83.3 %,215,422,-789,-209,0.0 %,100.0 %
IDX,5d RSI IDX LT14 - L IDX,-3.7 %,13.1 %,-1841,6577,41.0 %,5.2 %,-9.0 %,253.0 %,-9.7 %,-3.4 %,3,5,0.2,0.4,66.7 %,100.0 %,0.3,,-614,1260,-1.2 %,2.5 %,4.3,1.6,1,0,1,5,1,0,1,5,1,0,1,4,2,,2,5,0.6,,-0.3,2.1,-10060,0,-10.1 %,0.0 %,-10060,0,-10.1 %,0.0 %,-7472,0,-7.5 %,0.0 %,66.7 %,100.0 %,66.7 %,100.0 %,66.7 %,100.0 %,1594,1260,-5030,0,50.0 %,100.0 %
IEF,3d RSI IEF LT13 - L IEF,1.1 %,4.3 %,557,2178,19.1 %,6.8 %,5.8 %,64.1 %,0.0 %,-0.2 %,3,7,0.2,0.6,100.0 %,100.0 %,,,186,303,0.4 %,0.6 %,2,1.4,0,0,3,7,0,0,3,7,0,0,2,7,,,3,7,,,6.4,5.5,0,0,0.0 %,0.0 %,0,0,0.0 %,0.0 %,0,0,0.0 %,0.0 %,100.0 %,100.0 %,100.0 %,100.0 %,100.0 %,100.0 %,186,303,0,0,100.0 %,100.0 %
IEFA,21d RSI IEFA LT43 - L IEFA,1.4 %,10.4 %,712,5249,85.7 %,6.4 %,1.7 %,164.0 %,-0.1 %,-3.8 %,3,5,0.2,0.4,66.7 %,100.0 %,11.2,,237,1008,0.5 %,2.0 %,3,2.2,1,0,2,5,1,0,2,4,0,0,1,3,2,,2,5,22.4,,2.1,2.6,-67,0,-0.1 %,0.0 %,-67,0,-0.1 %,0.0 %,0,0,0.0 %,0.0 %,66.7 %,100.0 %,66.7 %,100.0 %,66.7 %,100.0 %,372,1008,-33,0,100.0 %,100.0 %
IEI,3d RSI IEI LT14 - L IEI,0.7 %,2.4 %,334,1216,15.6 %,6.4 %,4.3 %,38.0 %,0.0 %,-0.1 %,3,6,0.2,0.5,100.0 %,100.0 %,,,111,199,0.2 %,0.4 %,1.3,1.7,0,0,3,6,0,0,3,6,0,0,2,6,,,3,6,,,4.8,6.1,0,0,0.0 %,0.0 %,0,0,0.0 %,0.0 %,0,0,0.0 %,0.0 %,100.0 %,100.0 %,100.0 %,100.0 %,100.0 %,100.0 %,111,199,0,0,100.0 %,100.0 %
IEMG,3d RSI IEMG LT12 - L IEMG,1.0 %,11.9 %,481,5976,100.0 %,9.6 %,1.0 %,124.5 %,0.0 %,-5.9 %,1,7,0.1,0.6,100.0 %,85.7 %,,5.1,481,813,1.0 %,1.6 %,1,2.4,0,1,1,5,0,1,1,5,0,1,1,5,,6,1,6,,30.7,0,2.8,0,-191,0.0 %,-0.4 %,0,-191,0.0 %,-0.4 %,0,-191,0.0 %,-0.4 %,100.0 %,85.7 %,100.0 %,85.7 %,100.0 %,85.7 %,481,980,0,-191,100.0 %,85.7 %
IEUR,12d RSI IEUR LT38 - L IEUR,-0.1 %,10.8 %,-64,5466,100.0 %,6.8 %,-0.1 %,160.8 %,-1.4 %,-4.6 %,4,6,0.3,0.5,25.0 %,100.0 %,2.7,,-16,870,-0.0 %,1.7 %,3.2,1.8,3,0,1,6,3,0,1,6,1,0,0,4,0.3,,1,6,0.9,,-0.1,3.3,-1394,0,-1.4 %,0.0 %,-1394,0,-1.4 %,0.0 %,-129,0,-0.1 %,0.0 %,25.0 %,100.0 %,25.0 %,100.0 %,25.0 %,100.0 %,633,870,-232,0,0.0 %,100.0 %
IEV,14d RSI IEV LT39 - L IEV,0.2 %,9.2 %,102,4623,100.0 %,5.6 %,0.2 %,165.1 %,-1.1 %,-4.6 %,4,5,0.3,0.4,50.0 %,100.0 %,1.2,,25,889,0.1 %,1.8 %,3.2,1.8,2,0,1,5,2,0,1,5,0,0,1,4,1,,2,5,1.2,,0.1,3.5,-1109,0,-1.1 %,0.0 %,-1109,0,-1.1 %,0.0 %,0,0,0.0 %,0.0 %,50.0 %,100.0 %,50.0 %,100.0 %,50.0 %,100.0 %,328,889,-277,0,100.0 %,100.0 %
IGEB,6d RSI IGEB LT49 - L IGEB,0.1 %,7.2 %,65,3623,53.4 %,38.4 %,0.2 %,18.9 %,-0.8 %,-2.5 %,7,25,0.6,2.1,57.1 %,84.0 %,0.9,1.2,9,139,0.0 %,0.3 %,3.3,2.8,3,1,3,12,3,1,3,15,1,1,2,11,1.3,5.2,4,21,1.2,6.3,0.2,3.9,-801,-331,-0.8 %,-0.7 %,-801,-142,-0.8 %,-0.3 %,-488,-96,-0.5 %,-0.2 %,57.1 %,84.0 %,57.1 %,84.0 %,57.1 %,90.5 %,116,197,-134,-166,66.7 %,91.7 %
IGF,11d RSI IGF LT63 - L IGF,3.0 %,31.3 %,1513,15763,51.7 %,80.0 %,5.8 %,39.4 %,0.0 %,-4.3 %,6,46,0.5,3.9,83.3 %,78.3 %,37.6,1.3,252,299,0.5 %,0.6 %,4,3.3,1,2,5,13,0,2,5,11,0,0,2,12,5,3.6,5,36,188,4.7,3.3,4.5,-16,-440,-0.0 %,-0.9 %,0,-440,0.0 %,-0.9 %,0,0,0.0 %,0.0 %,83.3 %,78.3 %,83.3 %,78.3 %,100.0 %,79.4 %,304,485,-8,-372,100.0 %,100.0 %
IGIB,15d RSI IGIB LT60 - L IGIB,-0.1 %,8.1 %,-60,4096,72.1 %,68.4 %,-0.2 %,12.0 %,-0.9 %,-2.4 %,9,42,0.8,3.5,44.4 %,76.2 %,1.1,1.3,-7,93,-0.0 %,0.2 %,3.8,3,3,3,2,11,3,3,2,10,1,1,2,7,0.8,3.2,4,32,0.9,4.2,-0.2,3.7,-855,-478,-0.9 %,-1.0 %,-855,-478,-0.9 %,-1.0 %,-495,-418,-0.5 %,-0.8 %,44.4 %,76.2 %,44.4 %,76.2 %,44.4 %,74.3 %,117,161,-106,-124,66.7 %,91.7 %
IGLB,5d RSI IGLB LT20 - L IGLB,0.8 %,6.6 %,389,3331,88.9 %,6.8 %,0.9 %,98.0 %,0.0 %,-1.9 %,2,5,0.2,0.4,100.0 %,80.0 %,,7,194,647,0.4 %,1.3 %,3,2.4,0,1,2,3,0,0,2,4,0,0,1,4,,4,2,4,,28.1,91.4,2.6,0,-119,0.0 %,-0.2 %,0,0,0.0 %,0.0 %,0,0,0.0 %,0.0 %,100.0 %,80.0 %,100.0 %,80.0 %,100.0 %,100.0 %,194,839,0,-119,100.0 %,100.0 %
IGLD,20d RSI IGLD LT49 - L IGLD,-3.1 %,9.0 %,-1530,4517,100.0 %,5.6 %,-3.1 %,161.3 %,0.0 %,-0.1 %,2,5,0.2,0.4,50.0 %,100.0 %,0.5,,-765,869,-1.5 %,1.7 %,3,1.8,1,0,1,5,1,0,0,5,1,0,0,4,1,,1,5,0.5,,-0.4,3.6,-6380,0,-6.4 %,0.0 %,-3060,0,-3.1 %,0.0 %,-3060,0,-3.1 %,0.0 %,50.0 %,100.0 %,50.0 %,100.0 %,0.0 %,100.0 %,1660,869,-3190,0,0.0 %,100.0 %
IGM,8d RSI IGM LT24 - L IGM,3.4 %,6.4 %,1698,3235,100.0 %,5.6 %,3.4 %,115.5 %,0.0 %,-11.3 %,1,2,0.1,0.2,100.0 %,50.0 %,,2.4,1698,1757,3.4 %,3.5 %,1,6,0,1,1,1,0,1,1,1,0,1,1,1,,1,1,1,,2.4,0,0.6,0,-2522,0.0 %,-5.0 %,0,-2522,0.0 %,-5.0 %,0,-2522,0.0 %,-5.0 %,100.0 %,50.0 %,100.0 %,50.0 %,100.0 %,50.0 %,1698,6036,0,-2522,100.0 %,50.0 %
IGOV,6d RSI IGOV LT19 - L IGOV,-0.2 %,3.0 %,-96,1532,100.0 %,5.2 %,-0.2 %,58.9 %,0.0 %,-0.5 %,1,4,0.1,0.3,0.0 %,100.0 %,0,,-96,376,-0.2 %,0.8 %,4,2.2,1,0,0,4,1,0,0,4,1,0,0,3,0,,0,4,0,,0,2.6,-193,0,-0.2 %,0.0 %,-193,0,-0.2 %,0.0 %,-193,0,-0.2 %,0.0 %,0.0 %,100.0 %,0.0 %,100.0 %,0.0 %,100.0 %,0,376,-96,0,0.0 %,100.0 %
IGSB,6d RSI IGSB LT32 - L IGSB,-0.1 %,1.6 %,-55,784,88.9 %,5.6 %,-0.1 %,28.0 %,-0.1 %,-0.5 %,3,5,0.2,0.4,33.3 %,100.0 %,1.5,,-18,155,-0.0 %,0.3 %,4.3,1.8,2,0,1,5,2,0,1,5,1,0,0,4,0.5,,1,5,0.7,,-0.2,4.1,-417,0,-0.4 %,0.0 %,-417,0,-0.4 %,0.0 %,-111,0,-0.1 %,0.0 %,33.3 %,100.0 %,33.3 %,100.0 %,33.3 %,100.0 %,153,155,-104,0,0.0 %,100.0 %
IGV,4d RSI IGV LT13 - L IGV,-7.2 %,20.1 %,-3603,10150,70.6 %,6.0 %,-10.2 %,338.3 %,-5.9 %,-3.0 %,2,6,0.2,0.5,0.0 %,83.3 %,0,15.3,-1802,1588,-3.6 %,3.2 %,4.5,1.5,2,1,0,4,2,1,0,4,2,1,0,4,0,5,0,5,0,76.6,-2.3,2,-7207,-126,-7.2 %,-0.2 %,-7207,-126,-7.2 %,-0.2 %,-7207,-126,-7.2 %,-0.2 %,0.0 %,83.3 %,0.0 %,83.3 %,0.0 %,83.3 %,0,1931,-1802,-126,0.0 %,83.3 %
IHDG,4d RSI IHDG LT26 - L IHDG,-1.4 %,4.4 %,-678,2217,36.2 %,18.0 %,-3.8 %,24.6 %,-2.9 %,-12.9 %,4,11,0.3,0.9,25.0 %,72.7 %,1.6,0.7,-170,206,-0.3 %,0.4 %,3.2,3.1,3,2,1,4,3,2,1,4,1,2,1,2,0.3,2.7,1,8,0.5,1.7,-0.6,0.7,-2951,-517,-3.0 %,-1.0 %,-2951,-517,-3.0 %,-1.0 %,-2951,-517,-3.0 %,-1.0 %,25.0 %,72.7 %,25.0 %,72.7 %,25.0 %,72.7 %,797,664,-492,-1015,50.0 %,62.5 %
IHE,4d RSI IHE LT24 - L IHE,3.0 %,18.4 %,1522,9255,27.6 %,12.4 %,11.0 %,149.3 %,-0.4 %,-7.3 %,3,9,0.2,0.8,66.7 %,77.8 %,4.3,8.8,507,951,1.0 %,1.9 %,4.3,2.4,1,1,2,6,1,1,2,6,0,1,2,6,2,3.5,2,7,8.5,30.7,1.4,3.8,-405,-201,-0.4 %,-0.4 %,-405,-201,-0.4 %,-0.4 %,0,-201,0.0 %,-0.4 %,66.7 %,77.8 %,66.7 %,77.8 %,66.7 %,77.8 %,862,1264,-203,-144,100.0 %,87.5 %
IHF,15d RSI IHF LT31 - L IHF,1.7 %,3.9 %,852,1957,100.0 %,5.2 %,1.7 %,75.2 %,0.0 %,-2.7 %,1,3,0.1,0.2,100.0 %,100.0 %,,,852,640,1.7 %,1.3 %,5,3.3,0,0,1,3,0,0,1,3,0,0,1,2,,,1,3,,,0,2.9,0,0,0.0 %,0.0 %,0,0,0.0 %,0.0 %,0,0,0.0 %,0.0 %,100.0 %,100.0 %,100.0 %,100.0 %,100.0 %,100.0 %,852,640,0,0,100.0 %,100.0 %
IHI,12d RSI IHI LT36 - L IHI,-7.1 %,8.8 %,-3560,4454,75.6 %,8.0 %,-9.4 %,111.3 %,-6.0 %,-4.1 %,5,6,0.4,0.5,20.0 %,83.3 %,0.7,2.1,-712,721,-1.4 %,1.4 %,5.6,2.3,2,1,1,5,2,1,1,4,3,0,0,4,0.2,5,1,5,0.2,10.6,-1.8,1.7,-5355,-449,-5.4 %,-0.9 %,-5355,-53,-5.4 %,-0.1 %,-7121,0,-7.1 %,0.0 %,20.0 %,83.3 %,20.0 %,83.3 %,20.0 %,80.0 %,709,955,-1067,-449,0.0 %,100.0 %
IJJ,3d RSI IJJ LT12 - L IJJ,-4.5 %,11.4 %,-2263,5766,100.0 %,10.0 %,-4.5 %,115.3 %,0.0 %,-7.1 %,1,5,0.1,0.4,0.0 %,80.0 %,0,4,-2263,1103,-4.5 %,2.2 %,12,3.8,1,1,0,4,1,1,0,4,1,1,0,4,0,4,0,4,0,16,0,2.7,-4527,-368,-4.5 %,-0.7 %,-4527,-368,-4.5 %,-0.7 %,-4527,-368,-4.5 %,-0.7 %,0.0 %,80.0 %,0.0 %,80.0 %,0.0 %,80.0 %,0,1471,-2263,-368,0.0 %,80.0 %
IJS,5d RSI IJS LT14 - L IJS,0.7 %,11.8 %,345,5944,100.0 %,5.2 %,0.7 %,228.6 %,0.0 %,-6.5 %,1,4,0.1,0.3,100.0 %,100.0 %,,,345,1417,0.7 %,2.8 %,7,2.2,0,0,1,4,0,0,1,4,0,0,1,3,,,1,4,,,0,4.5,0,0,0.0 %,0.0 %,0,0,0.0 %,0.0 %,0,0,0.0 %,0.0 %,100.0 %,100.0 %,100.0 %,100.0 %,100.0 %,100.0 %,345,1417,0,0,100.0 %,100.0 %
ILF,3d RSI ILF LT11 - L ILF,1.9 %,9.8 %,956,4935,100.0 %,6.4 %,1.9 %,154.2 %,0.0 %,-3.9 %,1,5,0.1,0.4,100.0 %,100.0 %,,,956,947,1.9 %,1.9 %,1,2.2,0,0,1,5,0,0,1,5,0,0,1,5,,,1,5,,,0,3.5,0,0,0.0 %,0.0 %,0,0,0.0 %,0.0 %,0,0,0.0 %,0.0 %,100.0 %,100.0 %,100.0 %,100.0 %,100.0 %,100.0 %,956,947,0,0,100.0 %,100.0 %
IMTM,3d RSI IMTM LT18 - L IMTM,12.3 %,9.8 %,6174,4964,37.1 %,8.8 %,33.2 %,112.8 %,0.0 %,-3.9 %,5,7,0.4,0.6,100.0 %,100.0 %,,,1235,682,2.5 %,1.4 %,1.6,2.1,0,0,5,7,0,0,5,7,0,0,2,5,,,5,7,,,5.1,2.3,0,0,0.0 %,0.0 %,0,0,0.0 %,0.0 %,0,0,0.0 %,0.0 %,100.0 %,100.0 %,100.0 %,100.0 %,100.0 %,100.0 %,1235,682,0,0,100.0 %,100.0 %
INDA,15d RSI INDA LT30 - L INDA,-1.1 %,2.8 %,-528,1416,100.0 %,5.2 %,-1.1 %,54.5 %,-1.9 %,-1.7 %,3,5,0.2,0.4,33.3 %,80.0 %,1.4,1.5,-176,279,-0.4 %,0.6 %,2.7,1.6,2,1,1,4,1,1,1,4,1,0,0,3,0.5,4,1,4,0.7,6.1,-0.3,1.7,-3275,-273,-3.3 %,-0.6 %,-1441,-273,-1.4 %,-0.6 %,-1055,0,-1.1 %,0.0 %,33.3 %,80.0 %,33.3 %,80.0 %,50.0 %,80.0 %,1110,418,-819,-273,0.0 %,100.0 %
INDY,6d RSI INDY LT19 - L INDY,-1.7 %,0.7 %,-867,375,33.3 %,5.6 %,-5.2 %,13.4 %,-2.8 %,-1.6 %,4,3,0.3,0.2,75.0 %,33.3 %,0.1,6.3,-217,124,-0.4 %,0.2 %,2.8,3.7,1,1,2,1,1,1,2,1,1,1,1,1,3,0.5,3,1,0.4,3.2,-0.6,0.7,-2858,-152,-2.9 %,-0.3 %,-2858,-152,-2.9 %,-0.3 %,-1904,-152,-1.9 %,-0.3 %,75.0 %,33.3 %,75.0 %,33.3 %,75.0 %,33.3 %,187,547,-1429,-87,50.0 %,33.3 %
INTF,21d RSI INTF LT43 - L INTF,1.3 %,12.0 %,634,6046,90.0 %,6.0 %,1.4 %,201.5 %,0.0 %,-3.4 %,2,5,0.2,0.4,100.0 %,100.0 %,,,317,1153,0.6 %,2.3 %,3.5,2,0,0,2,5,0,0,2,4,0,0,1,3,,,2,5,,,81.1,3.1,0,0,0.0 %,0.0 %,0,0,0.0 %,0.0 %,0,0,0.0 %,0.0 %,100.0 %,100.0 %,100.0 %,100.0 %,100.0 %,100.0 %,317,1153,0,0,100.0 %,100.0 %
IOO,6d RSI IOO LT29 - L IOO,3.1 %,14.0 %,1540,7062,36.2 %,13.6 %,8.5 %,103.8 %,-0.7 %,-10.4 %,4,10,0.3,0.8,75.0 %,100.0 %,1.7,,385,661,0.8 %,1.3 %,3.2,2.4,1,0,3,10,1,0,3,10,0,0,2,7,3,,3,10,5,,1.6,5.8,-768,0,-0.8 %,0.0 %,-768,0,-0.8 %,0.0 %,0,0,0.0 %,0.0 %,75.0 %,100.0 %,75.0 %,100.0 %,75.0 %,100.0 %,641,661,-384,0,100.0 %,100.0 %
IPAC,14d RSI IPAC LT42 - L IPAC,2.5 %,7.5 %,1244,3793,82.4 %,8.4 %,3.0 %,90.3 %,-0.3 %,-8.8 %,4,6,0.3,0.5,75.0 %,100.0 %,2.7,,311,610,0.6 %,1.2 %,2.5,2.5,1,0,2,6,1,0,2,4,0,0,1,4,3,,3,6,8.2,,1.7,3.9,-345,0,-0.3 %,0.0 %,-345,0,-0.3 %,0.0 %,0,0,0.0 %,0.0 %,75.0 %,100.0 %,75.0 %,100.0 %,75.0 %,100.0 %,472,610,-173,0,100.0 %,100.0 %
IQDF,20d RSI IQDF LT44 - L IQDF,2.6 %,9.8 %,1287,4927,78.6 %,6.0 %,3.3 %,164.2 %,-0.3 %,-4.7 %,4,5,0.3,0.4,75.0 %,100.0 %,3.3,,322,943,0.6 %,1.9 %,1.8,2,1,0,2,5,0,0,3,4,0,0,1,3,3,,3,5,10,,2.3,4.9,-286,0,-0.3 %,0.0 %,0,0,0.0 %,0.0 %,0,0,0.0 %,0.0 %,75.0 %,100.0 %,75.0 %,100.0 %,100.0 %,100.0 %,477,943,-143,0,100.0 %,100.0 %
IQLT,3d RSI IQLT LT17 - L IQLT,1.2 %,10.1 %,597,5078,82.4 %,13.6 %,1.5 %,74.7 %,-0.8 %,-3.9 %,3,11,0.2,0.9,66.7 %,81.8 %,1.2,3.1,199,442,0.4 %,0.9 %,3.7,2.1,1,1,2,5,1,1,2,5,0,1,1,4,2,4.5,2,9,2.5,14,0.8,2.3,-819,-228,-0.8 %,-0.5 %,-819,-228,-0.8 %,-0.5 %,0,-228,0.0 %,-0.5 %,66.7 %,81.8 %,66.7 %,81.8 %,66.7 %,81.8 %,503,582,-410,-188,100.0 %,87.5 %
ISTB,4d RSI ISTB LT31 - L ISTB,-0.2 %,1.7 %,-91,857,38.0 %,10.8 %,-0.5 %,15.9 %,-0.5 %,-0.4 %,4,10,0.3,0.8,50.0 %,100.0 %,0.7,,-23,84,-0.0 %,0.2 %,3.8,1.7,2,0,1,10,2,0,1,9,1,0,1,8,1,,2,10,0.7,,-0.4,5.8,-535,0,-0.5 %,0.0 %,-535,0,-0.5 %,0.0 %,-286,0,-0.3 %,0.0 %,50.0 %,100.0 %,50.0 %,100.0 %,50.0 %,100.0 %,88,84,-134,0,50.0 %,100.0 %
ITA,4d RSI ITA LT13 - L ITA,-1.5 %,15.0 %,-726,7559,100.0 %,5.6 %,-1.5 %,270.0 %,0.0 %,-4.5 %,1,4,0.1,0.3,0.0 %,100.0 %,0,,-726,1817,-1.5 %,3.6 %,8,2.5,1,0,0,4,1,0,0,4,1,0,0,3,0,,0,4,0,,0,1.8,-1453,0,-1.5 %,0.0 %,-1453,0,-1.5 %,0.0 %,-1453,0,-1.5 %,0.0 %,0.0 %,100.0 %,0.0 %,100.0 %,0.0 %,100.0 %,0,1817,-726,0,0.0 %,100.0 %
ITB,4d RSI ITB LT12 - L ITB,-2.8 %,9.1 %,-1377,4575,76.9 %,5.2 %,-3.6 %,176.0 %,0.0 %,-1.9 %,2,4,0.2,0.3,50.0 %,100.0 %,0.6,,-688,1104,-1.4 %,2.2 %,4,2.2,1,0,1,4,1,0,1,4,1,0,0,3,1,,1,4,0.6,,-0.4,2.9,-6266,0,-6.3 %,0.0 %,-6266,0,-6.3 %,0.0 %,-2754,0,-2.8 %,0.0 %,50.0 %,100.0 %,50.0 %,100.0 %,50.0 %,100.0 %,1756,1104,-3133,0,0.0 %,100.0 %
ITM,5d RSI ITM LT18 - L ITM,-2.0 %,1.0 %,-982,502,94.4 %,5.2 %,-2.1 %,19.3 %,-1.3 %,-2.4 %,2,4,0.2,0.3,0.0 %,75.0 %,0,1,-491,125,-1.0 %,0.2 %,7.5,2.2,2,1,0,2,2,1,0,2,1,1,0,1,0,3,0,3,0,3.1,-5,1,-1965,-237,-2.0 %,-0.5 %,-1965,-237,-2.0 %,-0.5 %,-1965,-170,-2.0 %,-0.3 %,0.0 %,75.0 %,0.0 %,75.0 %,0.0 %,75.0 %,0,245,-491,-237,0.0 %,66.7 %
IUSB,12d RSI IUSB LT38 - L IUSB,1.0 %,0.9 %,522,441,85.7 %,5.2 %,1.2 %,17.0 %,0.0 %,-0.9 %,3,3,0.2,0.2,100.0 %,66.7 %,,,174,146,0.3 %,0.3 %,3,3.3,0,1,3,2,0,1,3,2,0,1,1,2,,2,3,2,,,3.2,2.4,0,0,0.0 %,0.0 %,0,0,0.0 %,0.0 %,0,0,0.0 %,0.0 %,100.0 %,66.7 %,100.0 %,66.7 %,100.0 %,66.7 %,174,218,0,0,100.0 %,66.7 %
IUSG,11d RSI IUSG LT29 - L IUSG,2.5 %,8.5 %,1252,4279,100.0 %,5.2 %,2.5 %,164.6 %,0.0 %,-7.7 %,1,3,0.1,0.2,100.0 %,66.7 %,,1.7,1252,1449,2.5 %,2.9 %,1,3.3,0,1,1,2,0,1,1,1,0,1,1,1,,2,1,2,,3.5,0,0.9,0,-1767,0.0 %,-3.5 %,0,-552,0.0 %,-1.1 %,0,-552,0.0 %,-1.1 %,100.0 %,66.7 %,100.0 %,66.7 %,100.0 %,50.0 %,1252,3057,0,-1767,100.0 %,50.0 %
IVLU,15d RSI IVLU LT46 - L IVLU,-0.3 %,5.1 %,-127,2588,100.0 %,7.2 %,-0.3 %,71.9 %,-1.4 %,-10.5 %,4,6,0.3,0.5,50.0 %,83.3 %,0.8,0.5,-32,428,-0.1 %,0.9 %,3.2,2,2,1,1,3,2,1,1,2,1,1,0,2,1,5,2,5,0.8,2.7,-0.2,1.1,-1372,-1499,-1.4 %,-3.0 %,-1372,-28,-1.4 %,-0.1 %,-255,-28,-0.3 %,-0.1 %,50.0 %,83.3 %,50.0 %,83.3 %,50.0 %,80.0 %,279,814,-343,-1499,0.0 %,75.0 %
IVW,9d RSI IVW LT28 - L IVW,2.5 %,7.4 %,1248,3716,100.0 %,6.4 %,2.5 %,116.1 %,0.0 %,-9.4 %,1,3,0.1,0.2,100.0 %,66.7 %,,1.3,1248,1297,2.5 %,2.6 %,1,4.3,0,1,1,2,0,1,1,1,0,1,1,1,,2,1,2,,2.5,0,0.7,0,-2566,0.0 %,-5.1 %,0,-1288,0.0 %,-2.6 %,0,-1288,0.0 %,-2.6 %,100.0 %,66.7 %,100.0 %,66.7 %,100.0 %,50.0 %,1248,3229,0,-2566,100.0 %,50.0 %
IWD,3d RSI IWD LT11 - L IWD,0.5 %,12.4 %,231,6253,100.0 %,5.6 %,0.5 %,223.3 %,0.0 %,-4.2 %,1,5,0.1,0.4,100.0 %,100.0 %,,,231,1188,0.5 %,2.4 %,1,1.8,0,0,1,5,0,0,1,5,0,0,1,5,,,1,5,,,0,4,0,0,0.0 %,0.0 %,0,0,0.0 %,0.0 %,0,0,0.0 %,0.0 %,100.0 %,100.0 %,100.0 %,100.0 %,100.0 %,100.0 %,231,1188,0,0,100.0 %,100.0 %
IWP,15d RSI IWP LT30 - L IWP,3.5 %,10.2 %,1725,5116,100.0 %,5.6 %,3.5 %,182.7 %,0.0 %,-7.8 %,1,3,0.1,0.2,100.0 %,66.7 %,,3.9,1725,1686,3.5 %,3.4 %,1,3.7,0,1,1,2,0,1,1,2,0,1,1,2,,2,1,2,,7.8,0,1.3,0,-747,0.0 %,-1.5 %,0,-747,0.0 %,-1.5 %,0,-747,0.0 %,-1.5 %,100.0 %,66.7 %,100.0 %,66.7 %,100.0 %,66.7 %,1725,2902,0,-747,100.0 %,66.7 %
IWS,10d RSI IWS LT30 - L IWS,4.3 %,6.6 %,2146,3336,80.0 %,7.2 %,5.4 %,92.7 %,0.0 %,-7.3 %,2,4,0.2,0.3,100.0 %,75.0 %,,1.7,1073,820,2.1 %,1.6 %,3,3.5,0,1,2,2,0,1,2,2,0,1,1,2,,3,2,3,,5,4.9,1.5,0,-817,0.0 %,-1.6 %,0,-817,0.0 %,-1.6 %,0,-817,0.0 %,-1.6 %,100.0 %,75.0 %,100.0 %,75.0 %,100.0 %,75.0 %,1073,1366,0,-817,100.0 %,75.0 %
IWV,6d RSI IWV LT21 - L IWV,1.6 %,5.8 %,790,2903,100.0 %,7.6 %,1.6 %,76.4 %,0.0 %,-9.9 %,1,3,0.1,0.2,100.0 %,66.7 %,,1.3,790,994,1.6 %,2.0 %,3,5.3,0,1,1,2,0,1,1,2,0,1,1,2,,2,1,2,,2.5,0,0.8,0,-1954,0.0 %,-3.9 %,0,-1954,0.0 %,-3.9 %,0,-1954,0.0 %,-3.9 %,100.0 %,66.7 %,100.0 %,66.7 %,100.0 %,66.7 %,790,2468,0,-1954,100.0 %,66.7 %
IWY,7d RSI IWY LT23 - L IWY,5.3 %,7.3 %,2672,3659,15.6 %,7.6 %,34.4 %,96.3 %,0.0 %,-11.2 %,3,3,0.2,0.2,100.0 %,66.7 %,,1.3,891,1265,1.8 %,2.5 %,1.3,5.3,0,1,3,2,0,1,3,2,0,1,3,2,,2,3,2,,2.6,7.9,0.8,0,-2366,0.0 %,-4.7 %,0,-2366,0.0 %,-4.7 %,0,-2366,0.0 %,-4.7 %,100.0 %,66.7 %,100.0 %,66.7 %,100.0 %,66.7 %,891,3081,0,-2366,100.0 %,66.7 %
IXJ,14d RSI IXJ LT38 - L IXJ,-3.7 %,14.9 %,-1852,7523,100.0 %,10.8 %,-3.7 %,139.3 %,-4.0 %,-4.6 %,2,7,0.2,0.6,50.0 %,100.0 %,0.1,,-926,1005,-1.9 %,2.0 %,6.5,2.9,1,0,1,7,1,0,1,6,1,0,0,5,1,,1,7,0.1,,-1.2,8.9,-4003,0,-4.0 %,0.0 %,-4003,0,-4.0 %,0.0 %,-3705,0,-3.7 %,0.0 %,50.0 %,100.0 %,50.0 %,100.0 %,50.0 %,100.0 %,149,1005,-2002,0,0.0 %,100.0 %
IXUS,21d RSI IXUS LT43 - L IXUS,2.9 %,8.9 %,1464,4510,78.6 %,5.6 %,3.7 %,161.1 %,-0.6 %,-4.3 %,4,5,0.3,0.4,75.0 %,100.0 %,1.8,,366,869,0.7 %,1.7 %,1.8,1.8,1,0,2,5,0,0,3,4,0,0,1,3,3,,3,5,5.4,,1.8,3,-659,0,-0.7 %,0.0 %,0,0,0.0 %,0.0 %,0,0,0.0 %,0.0 %,75.0 %,100.0 %,75.0 %,100.0 %,100.0 %,100.0 %,598,869,-329,0,100.0 %,100.0 %
IYC,15d RSI IYC LT31 - L IYC,1.9 %,9.4 %,963,4758,100.0 %,6.8 %,1.9 %,139.9 %,0.0 %,-6.7 %,1,4,0.1,0.3,100.0 %,75.0 %,,1.2,963,1176,1.9 %,2.4 %,1,3.2,0,1,1,3,0,1,1,2,0,1,1,2,,3,1,3,,3.7,0,1.2,0,-1717,0.0 %,-3.4 %,0,-778,0.0 %,-1.6 %,0,-778,0.0 %,-1.6 %,100.0 %,75.0 %,100.0 %,75.0 %,100.0 %,66.7 %,963,2140,0,-1717,100.0 %,66.7 %
IYF,3d RSI IYF LT13 - L IYF,0.3 %,17.9 %,130,9019,50.0 %,9.2 %,0.5 %,196.1 %,-1.0 %,-4.5 %,2,6,0.2,0.5,50.0 %,100.0 %,1.3,,65,1399,0.1 %,2.8 %,5.5,2.8,1,0,1,6,1,0,1,6,1,0,1,6,1,,1,6,1.3,,0.2,3.6,-971,0,-1.0 %,0.0 %,-971,0,-1.0 %,0.0 %,-971,0,-1.0 %,0.0 %,50.0 %,100.0 %,50.0 %,100.0 %,50.0 %,100.0 %,615,1399,-486,0,50.0 %,100.0 %
IYG,4d RSI IYG LT18 - L IYG,0.6 %,21.2 %,281,10699,46.4 %,11.6 %,1.2 %,184.5 %,-0.3 %,-4.5 %,2,8,0.2,0.7,50.0 %,100.0 %,3.2,,140,1228,0.3 %,2.5 %,5,2.6,1,0,1,8,1,0,1,8,1,0,1,8,1,,1,8,3.2,,0.7,3.3,-254,0,-0.3 %,0.0 %,-254,0,-0.3 %,0.0 %,-254,0,-0.3 %,0.0 %,50.0 %,100.0 %,50.0 %,100.0 %,50.0 %,100.0 %,408,1228,-127,0,50.0 %,100.0 %
IYH,5d RSI IYH LT29 - L IYH,-0.9 %,20.9 %,-455,10558,41.5 %,17.2 %,-2.2 %,122.8 %,-1.8 %,-5.6 %,3,12,0.2,1,66.7 %,100.0 %,0.2,,-152,800,-0.3 %,1.6 %,4.7,2.6,1,0,2,12,1,0,2,10,1,0,1,9,2,,2,12,0.5,,-0.5,6.8,-1777,0,-1.8 %,0.0 %,-1777,0,-1.8 %,0.0 %,-1528,0,-1.5 %,0.0 %,66.7 %,100.0 %,66.7 %,100.0 %,66.7 %,100.0 %,217,800,-889,0,50.0 %,100.0 %
IYJ,7d RSI IYJ LT23 - L IYJ,-0.6 %,11.4 %,-318,5764,100.0 %,5.2 %,-0.6 %,221.7 %,0.0 %,-4.7 %,1,3,0.1,0.2,0.0 %,100.0 %,0,,-318,1850,-0.6 %,3.7 %,7,3.3,1,0,0,3,1,0,0,3,1,0,0,3,0,,0,3,0,,0,2.8,-637,0,-0.6 %,0.0 %,-637,0,-0.6 %,0.0 %,-637,0,-0.6 %,0.0 %,0.0 %,100.0 %,0.0 %,100.0 %,0.0 %,100.0 %,0,1850,-318,0,0.0 %,100.0 %
IYK,3d RSI IYK LT10 - L IYK,1.3 %,3.4 %,657,1717,15.2 %,6.0 %,8.6 %,57.2 %,0.0 %,-1.7 %,2,3,0.2,0.2,100.0 %,100.0 %,,,329,563,0.7 %,1.1 %,2.5,4,0,0,2,3,0,0,2,3,0,0,2,3,,,2,3,,,35.7,2.9,0,0,0.0 %,0.0 %,0,0,0.0 %,0.0 %,0,0,0.0 %,0.0 %,100.0 %,100.0 %,100.0 %,100.0 %,100.0 %,100.0 %,329,563,0,0,100.0 %,100.0 %
IYM,3d RSI IYM LT11 - L IYM,-4.1 %,5.2 %,-2061,2594,100.0 %,5.2 %,-4.1 %,99.8 %,0.0 %,-4.9 %,1,4,0.1,0.3,0.0 %,75.0 %,0,1.8,-2061,643,-4.1 %,1.3 %,12,2.2,1,1,0,3,1,1,0,3,1,1,0,3,0,3,0,3,0,5.3,0,1.2,-4121,-594,-4.1 %,-1.2 %,-4121,-594,-4.1 %,-1.2 %,-4121,-594,-4.1 %,-1.2 %,0.0 %,75.0 %,0.0 %,75.0 %,0.0 %,75.0 %,0,1056,-2061,-594,0.0 %,75.0 %
IYT,4d RSI IYT LT11 - L IYT,-3.1 %,19.2 %,-1536,9672,100.0 %,5.2 %,-3.1 %,372.0 %,0.0 %,-4.8 %,1,4,0.1,0.3,0.0 %,100.0 %,0,,-1536,2257,-3.1 %,4.5 %,6,2.2,1,0,0,4,1,0,0,4,1,0,0,4,0,,0,4,0,,0,3.8,-3072,0,-3.1 %,0.0 %,-3072,0,-3.1 %,0.0 %,-3072,0,-3.1 %,0.0 %,0.0 %,100.0 %,0.0 %,100.0 %,0.0 %,100.0 %,0,2257,-1536,0,0.0 %,100.0 %
IYW,6d RSI IYW LT20 - L IYW,3.6 %,6.3 %,1805,3173,100.0 %,5.6 %,3.6 %,113.3 %,0.0 %,-11.7 %,1,2,0.1,0.2,100.0 %,50.0 %,,2.4,1805,1720,3.6 %,3.4 %,1,6,0,1,1,1,0,1,1,1,0,1,1,1,,1,1,1,,2.4,0,0.6,0,-2469,0.0 %,-4.9 %,0,-2469,0.0 %,-4.9 %,0,-2469,0.0 %,-4.9 %,100.0 %,50.0 %,100.0 %,50.0 %,100.0 %,50.0 %,1805,5908,0,-2469,100.0 %,50.0 %
JDST,4d RSI JDST LT11 - L JDST,-11.7 %,17.8 %,-5833,8963,100.0 %,5.6 %,-11.7 %,320.1 %,0.0 %,-8.7 %,1,4,0.1,0.3,0.0 %,100.0 %,0,,-5833,2124,-11.7 %,4.2 %,7,2.5,1,0,0,4,1,0,0,4,1,0,0,3,0,,0,4,0,,0,2.2,-11665,0,-11.7 %,0.0 %,-11665,0,-11.7 %,0.0 %,-11665,0,-11.7 %,0.0 %,0.0 %,100.0 %,0.0 %,100.0 %,0.0 %,100.0 %,0,2124,-5833,0,0.0 %,100.0 %
JETS,4d RSI JETS LT14 - L JETS,0.3 %,23.8 %,149,11972,75.0 %,8.4 %,0.4 %,285.0 %,0.0 %,-5.2 %,2,6,0.2,0.5,50.0 %,100.0 %,1.3,,74,1849,0.1 %,3.7 %,2,2.5,1,0,1,6,1,0,1,6,0,0,1,4,1,,1,6,1.3,,0.2,2.2,-1189,0,-1.2 %,0.0 %,-1189,0,-1.2 %,0.0 %,0,0,0.0 %,0.0 %,50.0 %,100.0 %,50.0 %,100.0 %,50.0 %,100.0 %,743,1849,-594,0,100.0 %,100.0 %
JHMD,20d RSI JHMD LT43 - L JHMD,1.0 %,12.0 %,482,6046,85.7 %,6.0 %,1.1 %,201.5 %,-0.1 %,-3.8 %,3,5,0.2,0.4,66.7 %,100.0 %,4.6,,161,1152,0.3 %,2.3 %,3,2,1,0,2,5,1,0,2,4,0,0,1,3,2,,2,5,9.1,,1.5,3.2,-119,0,-0.1 %,0.0 %,-119,0,-0.1 %,0.0 %,0,0,0.0 %,0.0 %,66.7 %,100.0 %,66.7 %,100.0 %,66.7 %,100.0 %,270,1152,-59,0,100.0 %,100.0 %
JIVE,19d RSI JIVE LT46 - L JIVE,-0.7 %,8.9 %,-369,4499,93.3 %,6.0 %,-0.8 %,150.0 %,-1.1 %,-3.8 %,3,5,0.2,0.4,33.3 %,100.0 %,0.7,,-123,865,-0.2 %,1.7 %,3.7,2,2,0,1,5,2,0,1,4,1,0,0,3,0.5,,1,5,0.4,,-0.7,4.2,-1140,0,-1.1 %,0.0 %,-1140,0,-1.1 %,0.0 %,-738,0,-0.7 %,0.0 %,33.3 %,100.0 %,33.3 %,100.0 %,33.3 %,100.0 %,201,865,-285,0,0.0 %,100.0 %
JNUG,21d RSI JNUG LT44 - L JNUG,-16.2 %,48.8 %,-8096,24584,100.0 %,6.4 %,-16.2 %,768.3 %,0.0 %,-7.2 %,2,4,0.2,0.3,50.0 %,100.0 %,0.3,,-4048,5253,-8.1 %,10.5 %,3.5,3,1,0,1,4,1,0,0,4,1,0,0,4,1,,1,4,0.3,,-0.8,5.6,-22499,0,-22.5 %,0.0 %,-16192,0,-16.2 %,0.0 %,-16192,0,-16.2 %,0.0 %,50.0 %,100.0 %,50.0 %,100.0 %,0.0 %,100.0 %,3154,5253,-11250,0,0.0 %,100.0 %
JPIB,3d RSI JPIB LT10 - L JPIB,0.7 %,1.3 %,363,673,81.8 %,5.6 %,0.9 %,24.0 %,0.0 %,-0.3 %,3,4,0.2,0.3,100.0 %,100.0 %,,,121,166,0.2 %,0.3 %,2,2.5,0,0,3,4,0,0,3,4,0,0,1,4,,,3,4,,,3.8,5.4,0,0,0.0 %,0.0 %,0,0,0.0 %,0.0 %,0,0,0.0 %,0.0 %,100.0 %,100.0 %,100.0 %,100.0 %,100.0 %,100.0 %,121,166,0,0,100.0 %,100.0 %
JPST,3d RSI JPST LT62 - L JPST,0.1 %,1.9 %,69,930,40.4 %,29.6 %,0.3 %,6.3 %,-0.0 %,-0.2 %,5,18,0.4,1.5,60.0 %,100.0 %,5.3,,14,51,0.0 %,0.1 %,3.6,3.1,2,0,2,18,1,0,2,17,0,0,2,11,1.5,,3,18,8,,1.5,12.8,-20,0,-0.0 %,0.0 %,-20,0,-0.0 %,0.0 %,0,0,0.0 %,0.0 %,60.0 %,100.0 %,60.0 %,100.0 %,75.0 %,100.0 %,26,51,-5,0,100.0 %,100.0 %
KBE,4d RSI KBE LT10 - L KBE,1.3 %,14.7 %,632,7383,100.0 %,5.2 %,1.3 %,284.0 %,0.0 %,-3.3 %,1,4,0.1,0.3,100.0 %,75.0 %,,11.1,632,1759,1.3 %,3.5 %,7,2.2,0,1,1,2,0,1,1,2,0,1,1,2,,3,1,3,,33.4,0,2.4,0,-217,0.0 %,-0.4 %,0,-217,0.0 %,-0.4 %,0,-217,0.0 %,-0.4 %,100.0 %,75.0 %,100.0 %,75.0 %,100.0 %,75.0 %,632,2418,0,-217,100.0 %,75.0 %
KBWB,4d RSI KBWB LT12 - L KBWB,2.3 %,16.3 %,1173,8205,100.0 %,5.6 %,2.3 %,293.0 %,0.0 %,-4.4 %,1,4,0.1,0.3,100.0 %,100.0 %,,,1173,1943,2.3 %,3.9 %,7,2.5,0,0,1,4,0,0,1,4,0,0,1,4,,,1,4,,,0,2.6,0,0,0.0 %,0.0 %,0,0,0.0 %,0.0 %,0,0,0.0 %,0.0 %,100.0 %,100.0 %,100.0 %,100.0 %,100.0 %,100.0 %,1173,1943,0,0,100.0 %,100.0 %
KBWD,20d RSI KBWD LT42 - L KBWD,-0.9 %,9.7 %,-433,4887,100.0 %,14.0 %,-0.9 %,69.8 %,-2.2 %,-14.9 %,4,11,0.3,0.9,50.0 %,90.9 %,0.6,0.3,-108,437,-0.2 %,0.9 %,4.8,2.2,2,1,1,7,2,1,1,6,1,0,1,5,1,10,2,10,0.6,2.6,-0.5,1.2,-2185,-3079,-2.2 %,-6.2 %,-2185,-3079,-2.2 %,-6.2 %,-1784,0,-1.8 %,0.0 %,50.0 %,90.9 %,50.0 %,90.9 %,50.0 %,90.0 %,330,788,-546,-3079,50.0 %,100.0 %
KIE,4d RSI KIE LT30 - L KIE,1.6 %,37.4 %,806,18861,68.0 %,22.8 %,2.4 %,165.4 %,-2.3 %,-5.4 %,5,17,0.4,1.4,80.0 %,100.0 %,0.4,,161,945,0.3 %,1.9 %,5.4,2.3,1,0,4,17,1,0,3,16,1,0,2,12,4,,4,17,1.7,,0.5,9.5,-2424,0,-2.4 %,0.0 %,-2424,0,-2.4 %,0.0 %,-2424,0,-2.4 %,0.0 %,80.0 %,100.0 %,80.0 %,100.0 %,75.0 %,100.0 %,504,945,-1212,0,66.7 %,100.0 %
KOLD,14d RSI KOLD LT31 - L KOLD,48.5 %,47.7 %,24264,24022,100.0 %,6.0 %,48.5 %,800.7 %,0.0 %,-12.6 %,1,4,0.1,0.3,100.0 %,100.0 %,,,24264,5183,48.5 %,10.4 %,1,2.8,0,0,1,4,0,0,1,4,0,0,1,4,,,1,4,,,0,3.9,0,0,0.0 %,0.0 %,0,0,0.0 %,0.0 %,0,0,0.0 %,0.0 %,100.0 %,100.0 %,100.0 %,100.0 %,100.0 %,100.0 %,24264,5183,0,0,100.0 %,100.0 %
KRE,4d RSI KRE LT10 - L KRE,1.1 %,14.5 %,563,7320,100.0 %,6.0 %,1.1 %,244.0 %,0.0 %,-4.5 %,1,4,0.1,0.3,100.0 %,75.0 %,,7.2,563,1744,1.1 %,3.5 %,7,2.8,0,1,1,2,0,1,1,2,0,1,1,2,,3,1,3,,21.6,0,2.4,0,-339,0.0 %,-0.7 %,0,-339,0.0 %,-0.7 %,0,-339,0.0 %,-0.7 %,100.0 %,75.0 %,100.0 %,75.0 %,100.0 %,75.0 %,563,2439,0,-339,100.0 %,75.0 %
KWEB,15d RSI KWEB LT33 - L KWEB,-7.1 %,16.2 %,-3546,8169,69.6 %,6.0 %,-10.2 %,272.3 %,-1.1 %,-5.2 %,3,4,0.2,0.3,33.3 %,100.0 %,0.3,,-1182,1921,-2.4 %,3.8 %,4.3,2.8,1,0,1,4,2,0,0,4,1,0,0,4,0.5,,1,4,0.1,,-1.2,4.4,-7094,0,-7.1 %,0.0 %,-7092,0,-7.1 %,0.0 %,-7092,0,-7.1 %,0.0 %,33.3 %,100.0 %,33.3 %,100.0 %,0.0 %,100.0 %,527,1921,-2037,0,0.0 %,100.0 %
LEMB,3d RSI LEMB LT13 - L LEMB,2.4 %,2.5 %,1185,1283,63.6 %,8.0 %,3.7 %,32.1 %,0.0 %,-0.6 %,3,6,0.2,0.5,100.0 %,100.0 %,,,395,210,0.8 %,0.4 %,1.3,2.3,0,0,3,6,0,0,3,6,0,0,1,6,,,3,6,,,6.6,3.3,0,0,0.0 %,0.0 %,0,0,0.0 %,0.0 %,0,0,0.0 %,0.0 %,100.0 %,100.0 %,100.0 %,100.0 %,100.0 %,100.0 %,395,210,0,0,100.0 %,100.0 %
LMBS,19d RSI LMBS LT56 - L LMBS,-0.1 %,1.8 %,-48,901,31.7 %,22.4 %,-0.3 %,8.0 %,-0.6 %,-1.0 %,4,12,0.3,1,50.0 %,75.0 %,0.8,2.1,-12,74,-0.0 %,0.1 %,3.8,3.7,2,2,2,6,2,2,2,5,1,0,1,5,1,3,2,9,0.8,6.2,-0.1,3,-620,-138,-0.6 %,-0.3 %,-620,-138,-0.6 %,-0.3 %,-440,0,-0.4 %,0.0 %,50.0 %,75.0 %,50.0 %,75.0 %,50.0 %,72.7 %,131,117,-155,-57,50.0 %,100.0 %
LQD,5d RSI LQD LT19 - L LQD,1.3 %,2.7 %,636,1348,75.0 %,5.2 %,1.7 %,51.8 %,0.0 %,-1.5 %,2,4,0.2,0.3,100.0 %,75.0 %,,6.8,318,332,0.6 %,0.7 %,2,2.2,0,1,2,2,0,0,2,3,0,0,1,3,,3,2,3,,20.3,24.5,2.1,0,-69,0.0 %,-0.1 %,0,0,0.0 %,0.0 %,0,0,0.0 %,0.0 %,100.0 %,75.0 %,100.0 %,75.0 %,100.0 %,100.0 %,318,466,0,-69,100.0 %,100.0 %
LRGF,13d RSI LRGF LT32 - L LRGF,1.7 %,4.0 %,832,1993,100.0 %,5.2 %,1.7 %,76.7 %,0.0 %,-10.0 %,1,3,0.1,0.2,100.0 %,100.0 %,,,832,652,1.7 %,1.3 %,3,3.3,0,0,1,3,0,0,1,3,0,0,1,3,,,1,3,,,0,3,0,0,0.0 %,0.0 %,0,0,0.0 %,0.0 %,0,0,0.0 %,0.0 %,100.0 %,100.0 %,100.0 %,100.0 %,100.0 %,100.0 %,832,652,0,0,100.0 %,100.0 %
LVHI,20d RSI LVHI LT53 - L LVHI,2.3 %,5.1 %,1150,2578,70.6 %,9.6 %,3.3 %,53.7 %,0.0 %,-10.1 %,4,9,0.3,0.8,100.0 %,88.9 %,,0.3,288,287,0.6 %,0.6 %,2,1.7,0,1,4,7,0,1,3,4,0,0,1,4,,8,4,8,,2.3,3.2,0.9,0,-2015,0.0 %,-4.0 %,0,-2015,0.0 %,-4.0 %,0,0,0.0 %,0.0 %,100.0 %,88.9 %,100.0 %,88.9 %,100.0 %,83.3 %,288,574,0,-2015,100.0 %,100.0 %
MBB,6d RSI MBB LT32 - L MBB,1.1 %,5.6 %,539,2814,73.3 %,11.2 %,1.5 %,50.2 %,0.0 %,-1.2 %,3,8,0.2,0.7,100.0 %,100.0 %,,,180,341,0.4 %,0.7 %,2.7,2.5,0,0,3,8,0,0,3,8,0,0,1,6,,,3,8,,,3.3,5.4,0,0,0.0 %,0.0 %,0,0,0.0 %,0.0 %,0,0,0.0 %,0.0 %,100.0 %,100.0 %,100.0 %,100.0 %,100.0 %,100.0 %,180,341,0,0,100.0 %,100.0 %
MCHI,11d RSI MCHI LT33 - L MCHI,-1.6 %,9.1 %,-815,4602,55.0 %,7.6 %,-3.0 %,121.1 %,0.0 %,-10.6 %,2,6,0.2,0.5,50.0 %,83.3 %,0.6,0.7,-407,749,-0.8 %,1.5 %,4.5,2.2,1,1,1,4,1,1,1,3,1,1,0,3,1,5,1,5,0.6,3.3,-0.3,1.5,-4238,-1942,-4.2 %,-3.9 %,-4238,-174,-4.2 %,-0.3 %,-1629,-174,-1.6 %,-0.3 %,50.0 %,83.3 %,50.0 %,83.3 %,50.0 %,80.0 %,1304,1287,-2119,-1942,0.0 %,80.0 %
MGC,6d RSI MGC LT23 - L MGC,3.5 %,8.5 %,1766,4307,35.7 %,8.8 %,9.9 %,97.9 %,0.0 %,-10.1 %,2,4,0.2,0.3,100.0 %,75.0 %,,1.1,883,1080,1.8 %,2.2 %,1.5,4.5,0,1,2,3,0,1,2,3,0,1,2,3,,3,2,3,,3.2,23.4,1,0,-1946,0.0 %,-3.9 %,0,-1946,0.0 %,-3.9 %,0,-1946,0.0 %,-3.9 %,100.0 %,75.0 %,100.0 %,75.0 %,100.0 %,75.0 %,883,2088,0,-1946,100.0 %,75.0 %
MGK,4d RSI MGK LT10 - L MGK,4.0 %,4.8 %,1994,2446,35.7 %,6.4 %,11.2 %,76.4 %,0.0 %,-11.9 %,2,2,0.2,0.2,100.0 %,50.0 %,,2,997,1349,2.0 %,2.7 %,1.5,7,0,1,2,1,0,1,2,1,0,1,2,1,,1,2,1,,2,18.2,0.5,0,-2580,0.0 %,-5.2 %,0,-2580,0.0 %,-5.2 %,0,-2580,0.0 %,-5.2 %,100.0 %,50.0 %,100.0 %,50.0 %,100.0 %,50.0 %,997,5279,0,-2580,100.0 %,50.0 %
MLN,8d RSI MLN LT22 - L MLN,0.3 %,3.0 %,173,1538,100.0 %,5.2 %,0.3 %,59.2 %,0.0 %,-0.5 %,1,4,0.1,0.3,100.0 %,100.0 %,,,173,378,0.3 %,0.8 %,6,2.2,0,0,1,4,0,0,1,4,0,0,1,3,,,1,4,,,0,2.1,0,0,0.0 %,0.0 %,0,0,0.0 %,0.0 %,0,0,0.0 %,0.0 %,100.0 %,100.0 %,100.0 %,100.0 %,100.0 %,100.0 %,173,378,0,0,100.0 %,100.0 %
MLPA,3d RSI MLPA LT20 - L MLPA,1.5 %,9.4 %,769,4734,100.0 %,20.8 %,1.5 %,45.5 %,0.0 %,-8.3 %,1,10,0.1,0.8,100.0 %,80.0 %,,1.7,769,453,1.5 %,0.9 %,5,4.2,0,1,1,6,0,1,1,6,0,1,1,4,,4,1,8,,6.8,0,2.9,0,-435,0.0 %,-0.9 %,0,-435,0.0 %,-0.9 %,0,-435,0.0 %,-0.9 %,100.0 %,80.0 %,100.0 %,80.0 %,100.0 %,80.0 %,769,664,0,-388,100.0 %,75.0 %
MLPX,17d RSI MLPX LT47 - L MLPX,1.3 %,26.7 %,639,13443,100.0 %,30.4 %,1.3 %,88.4 %,0.0 %,-5.8 %,1,20,0.1,1.7,100.0 %,85.0 %,,1.4,639,599,1.3 %,1.2 %,2,2.8,0,1,1,11,0,2,1,12,0,1,1,7,,5.7,1,17,,7.9,0,4,0,-1109,0.0 %,-2.2 %,0,-624,0.0 %,-1.2 %,0,-624,0.0 %,-1.2 %,100.0 %,85.0 %,100.0 %,85.0 %,100.0 %,87.5 %,639,807,0,-579,100.0 %,90.0 %
MMIT,3d RSI MMIT LT11 - L MMIT,-0.5 %,0.1 %,-237,45,78.6 %,6.4 %,-0.6 %,1.4 %,-0.4 %,-1.2 %,2,2,0.2,0.2,0.0 %,50.0 %,0,1.2,-118,23,-0.2 %,0.1 %,4.5,7,2,1,0,1,2,1,0,1,1,1,0,1,0,1,0,1,0,1.2,-2.5,0.1,-474,-194,-0.5 %,-0.4 %,-474,-194,-0.5 %,-0.4 %,-474,-194,-0.5 %,-0.4 %,0.0 %,50.0 %,0.0 %,50.0 %,0.0 %,50.0 %,0,239,-118,-194,0.0 %,50.0 %
MOAT,4d RSI MOAT LT26 - L MOAT,2.0 %,10.8 %,1005,5432,100.0 %,20.0 %,2.0 %,54.3 %,0.0 %,-9.6 %,2,14,0.2,1.2,100.0 %,85.7 %,,1,502,369,1.0 %,0.7 %,1.5,2.6,0,1,2,7,0,1,1,7,0,1,1,7,,6,2,12,,5.9,1.6,2.8,0,-1004,0.0 %,-2.0 %,0,-1004,0.0 %,-2.0 %,0,-451,0.0 %,-0.9 %,100.0 %,85.7 %,100.0 %,85.7 %,100.0 %,85.7 %,502,519,0,-526,100.0 %,88.9 %
MOO,3d RSI MOO LT10 - L MOO,1.1 %,12.0 %,532,6060,100.0 %,10.8 %,1.1 %,112.2 %,0.0 %,-4.4 %,1,8,0.1,0.7,100.0 %,87.5 %,,114.1,532,717,1.1 %,1.4 %,2,2.4,0,1,1,6,0,1,1,6,0,0,1,7,,7,1,7,,798.7,0,4.2,0,-7,0.0 %,-0.0 %,0,-7,0.0 %,-0.0 %,0,0,0.0 %,0.0 %,100.0 %,87.5 %,100.0 %,87.5 %,100.0 %,87.5 %,532,820,0,-7,100.0 %,100.0 %
MORT,20d RSI MORT LT39 - L MORT,-0.1 %,1.4 %,-60,682,92.3 %,6.0 %,-0.1 %,22.7 %,0.0 %,-11.4 %,2,4,0.2,0.3,50.0 %,75.0 %,0.9,0.4,-30,194,-0.1 %,0.4 %,5,2.8,1,1,1,2,1,1,1,1,1,1,0,1,1,3,1,3,0.9,1.3,-0.1,0.2,-1748,-2362,-1.7 %,-4.7 %,-1748,-2098,-1.7 %,-4.2 %,-120,-189,-0.1 %,-0.4 %,50.0 %,75.0 %,50.0 %,75.0 %,50.0 %,66.7 %,814,1045,-874,-2362,0.0 %,50.0 %
MTUM,3d RSI MTUM LT13 - L MTUM,2.6 %,20.3 %,1303,10240,100.0 %,14.0 %,2.6 %,146.3 %,0.0 %,-5.3 %,1,8,0.1,0.7,100.0 %,87.5 %,,3.6,1303,1194,2.6 %,2.4 %,2,3.4,0,1,1,7,0,1,1,7,0,1,1,6,,7,1,7,,25.5,0,2.1,0,-391,0.0 %,-0.8 %,0,-391,0.0 %,-0.8 %,0,-391,0.0 %,-0.8 %,100.0 %,87.5 %,100.0 %,87.5 %,100.0 %,87.5 %,1303,1421,0,-391,100.0 %,85.7 %
MUB,6d RSI MUB LT17 - L MUB,0.4 %,2.0 %,206,1009,76.9 %,5.2 %,0.5 %,38.8 %,0.0 %,-2.4 %,2,4,0.2,0.3,100.0 %,100.0 %,,,103,249,0.2 %,0.5 %,4,2.2,0,0,2,4,0,0,2,4,0,0,1,4,,,2,4,,,1.7,4.6,0,0,0.0 %,0.0 %,0,0,0.0 %,0.0 %,0,0,0.0 %,0.0 %,100.0 %,100.0 %,100.0 %,100.0 %,100.0 %,100.0 %,103,249,0,0,100.0 %,100.0 %
MUNI,5d RSI MUNI LT17 - L MUNI,-0.4 %,1.1 %,-218,530,81.2 %,6.8 %,-0.5 %,15.6 %,-0.1 %,-0.3 %,2,4,0.2,0.3,0.0 %,100.0 %,0,,-109,131,-0.2 %,0.3 %,5.5,3.2,2,0,0,4,2,0,0,4,1,0,0,3,0,,0,4,0,,-2,5.8,-437,0,-0.4 %,0.0 %,-437,0,-0.4 %,0.0 %,-437,0,-0.4 %,0.0 %,0.0 %,100.0 %,0.0 %,100.0 %,0.0 %,100.0 %,0,131,-109,0,0.0 %,100.0 %
NAIL,6d RSI NAIL LT19 - L NAIL,-19.2 %,23.8 %,-9608,12015,92.3 %,5.2 %,-20.8 %,462.1 %,-0.8 %,-5.5 %,2,3,0.2,0.2,0.0 %,100.0 %,0,,-4804,3757,-9.6 %,7.5 %,5,3.3,2,0,0,3,2,0,0,3,1,0,0,2,0,,0,3,0,,-1.5,2.5,-19215,0,-19.2 %,0.0 %,-19215,0,-19.2 %,0.0 %,-19215,0,-19.2 %,0.0 %,0.0 %,100.0 %,0.0 %,100.0 %,0.0 %,100.0 %,0,3757,-4804,0,0.0 %,100.0 %
NEAR,5d RSI NEAR LT38 - L NEAR,-0.3 %,1.4 %,-167,698,42.0 %,7.2 %,-0.8 %,19.4 %,-0.4 %,-0.1 %,3,7,0.2,0.6,33.3 %,100.0 %,0.5,,-56,98,-0.1 %,0.2 %,6,1.6,2,0,1,7,2,0,1,7,1,0,1,7,0.5,,1,7,0.2,,-1.2,5.3,-432,0,-0.4 %,0.0 %,-432,0,-0.4 %,0.0 %,-432,0,-0.4 %,0.0 %,33.3 %,100.0 %,33.3 %,100.0 %,33.3 %,100.0 %,49,98,-108,0,50.0 %,100.0 %
NLR,3d RSI NLR LT11 - L NLR,6.7 %,18.2 %,3368,9157,100.0 %,8.4 %,6.7 %,218.0 %,0.0 %,-6.0 %,1,7,0.1,0.6,100.0 %,85.7 %,,1.7,3368,1227,6.7 %,2.5 %,3,2,0,1,1,6,0,1,1,6,0,1,1,3,,6,1,6,,9.9,0,2.3,0,-961,0.0 %,-1.9 %,0,-961,0.0 %,-1.9 %,0,-961,0.0 %,-1.9 %,100.0 %,85.7 %,100.0 %,85.7 %,100.0 %,85.7 %,3368,1592,0,-961,100.0 %,75.0 %
NUGT,3d RSI NUGT LT25 - L NUGT,1.1 %,116.1 %,529,58536,56.4 %,18.4 %,1.9 %,636.3 %,-23.0 %,-12.6 %,4,15,0.3,1.3,50.0 %,100.0 %,1,,132,2674,0.3 %,5.3 %,4.5,2.1,2,0,2,15,2,0,2,15,1,0,1,10,1,,2,15,1,,0,5.1,-30145,0,-30.1 %,0.0 %,-30145,0,-30.1 %,0.0 %,-30145,0,-30.1 %,0.0 %,50.0 %,100.0 %,50.0 %,100.0 %,50.0 %,100.0 %,7801,2674,-7536,0,50.0 %,100.0 %
NULG,3d RSI NULG LT12 - L NULG,1.6 %,19.6 %,819,9856,21.6 %,9.2 %,7.6 %,214.2 %,0.0 %,-5.1 %,2,7,0.2,0.6,100.0 %,85.7 %,,5.2,409,1314,0.8 %,2.6 %,3,2.3,0,1,2,6,0,1,2,6,0,1,2,5,,6,2,6,,31.5,2.4,2.3,0,-302,0.0 %,-0.6 %,0,-302,0.0 %,-0.6 %,0,-302,0.0 %,-0.6 %,100.0 %,85.7 %,100.0 %,85.7 %,100.0 %,85.7 %,409,1584,0,-302,100.0 %,83.3 %
NULV,6d RSI NULV LT27 - L NULV,0.4 %,12.3 %,205,6227,100.0 %,8.0 %,0.4 %,155.7 %,0.0 %,-4.2 %,1,6,0.1,0.5,100.0 %,100.0 %,,,205,983,0.4 %,2.0 %,1,2.3,0,0,1,6,0,0,1,6,0,0,1,6,,,1,6,,,0,4.5,0,0,0.0 %,0.0 %,0,0,0.0 %,0.0 %,0,0,0.0 %,0.0 %,100.0 %,100.0 %,100.0 %,100.0 %,100.0 %,100.0 %,205,983,0,0,100.0 %,100.0 %
NYF,3d RSI NYF LT11 - L NYF,-0.4 %,0.5 %,-191,241,81.2 %,7.6 %,-0.5 %,6.3 %,-0.0 %,-1.3 %,2,5,0.2,0.4,0.0 %,80.0 %,0,0.5,-95,48,-0.2 %,0.1 %,5.5,2.8,2,1,0,3,2,1,0,3,1,1,0,2,0,4,0,4,0,1.8,-1.6,0.6,-381,-290,-0.4 %,-0.6 %,-381,-290,-0.4 %,-0.6 %,-381,-153,-0.4 %,-0.3 %,0.0 %,80.0 %,0.0 %,80.0 %,0.0 %,80.0 %,0,133,-95,-290,0.0 %,75.0 %
OEF,4d RSI OEF LT10 - L OEF,1.7 %,6.0 %,874,3006,100.0 %,7.6 %,1.7 %,79.1 %,0.0 %,-10.2 %,1,3,0.1,0.2,100.0 %,66.7 %,,1.3,874,1038,1.7 %,2.1 %,2,5.3,0,1,1,2,0,1,1,2,0,1,1,2,,2,1,2,,2.6,0,0.7,0,-1984,0.0 %,-4.0 %,0,-1984,0.0 %,-4.0 %,0,-1984,0.0 %,-4.0 %,100.0 %,66.7 %,100.0 %,66.7 %,100.0 %,66.7 %,874,2548,0,-1984,100.0 %,66.7 %
OUNZ,6d RSI OUNZ LT35 - L OUNZ,-0.1 %,15.5 %,-40,7828,32.5 %,7.6 %,-0.2 %,206.0 %,-9.1 %,-0.8 %,3,8,0.2,0.7,66.7 %,100.0 %,0.5,,-13,913,-0.0 %,1.8 %,3.3,1.4,1,0,1,8,1,0,1,8,1,0,1,7,2,,2,8,1,,0,5.4,-9697,0,-9.7 %,0.0 %,-6218,0,-6.2 %,0.0 %,-6218,0,-6.2 %,0.0 %,66.7 %,100.0 %,66.7 %,100.0 %,50.0 %,100.0 %,2404,913,-4849,0,50.0 %,100.0 %
PALL,20d RSI PALL LT43 - L PALL,-10.9 %,6.4 %,-5442,3226,100.0 %,6.8 %,-10.9 %,94.9 %,0.0 %,-2.9 %,1,3,0.1,0.2,0.0 %,100.0 %,0,,-5442,1047,-10.9 %,2.1 %,10,4.7,1,0,0,3,1,0,0,3,1,0,0,3,0,,0,3,0,,0,3.9,-10884,0,-10.9 %,0.0 %,-10884,0,-10.9 %,0.0 %,-10884,0,-10.9 %,0.0 %,0.0 %,100.0 %,0.0 %,100.0 %,0.0 %,100.0 %,0,1047,-5442,0,0.0 %,100.0 %
PAVE,13d RSI PAVE LT31 - L PAVE,0.1 %,12.3 %,30,6220,100.0 %,5.2 %,0.1 %,239.2 %,0.0 %,-5.1 %,1,4,0.1,0.3,100.0 %,100.0 %,,,30,1492,0.1 %,3.0 %,6,2.2,0,0,1,4,0,0,1,4,0,0,1,3,,,1,4,,,0,2.3,0,0,0.0 %,0.0 %,0,0,0.0 %,0.0 %,0,0,0.0 %,0.0 %,100.0 %,100.0 %,100.0 %,100.0 %,100.0 %,100.0 %,30,1492,0,0,100.0 %,100.0 %
PCEF,6d RSI PCEF LT18 - L PCEF,1.4 %,7.2 %,710,3629,75.0 %,5.2 %,1.9 %,139.6 %,0.0 %,-5.6 %,2,3,0.2,0.2,50.0 %,100.0 %,14.8,,355,1177,0.7 %,2.4 %,2,3.3,1,0,1,3,1,0,1,3,0,0,1,3,1,,1,3,14.8,,1.2,3,-103,0,-0.1 %,0.0 %,-103,0,-0.1 %,0.0 %,0,0,0.0 %,0.0 %,50.0 %,100.0 %,50.0 %,100.0 %,50.0 %,100.0 %,762,1177,-52,0,100.0 %,100.0 %
PCY,3d RSI PCY LT18 - L PCY,3.5 %,8.4 %,1772,4258,32.1 %,11.2 %,11.0 %,76.0 %,-0.3 %,-4.6 %,6,8,0.5,0.7,83.3 %,100.0 %,2.8,,295,510,0.6 %,1.0 %,2,2.5,1,0,3,8,1,0,3,8,0,0,2,7,5,,5,8,13.8,,2.2,7.7,-276,0,-0.3 %,0.0 %,-276,0,-0.3 %,0.0 %,0,0,0.0 %,0.0 %,83.3 %,100.0 %,83.3 %,100.0 %,83.3 %,100.0 %,382,510,-138,0,100.0 %,100.0 %
PEY,3d RSI PEY LT11 - L PEY,0.6 %,9.6 %,308,4833,100.0 %,8.8 %,0.6 %,109.8 %,0.0 %,-6.0 %,1,6,0.1,0.5,100.0 %,100.0 %,,,308,771,0.6 %,1.5 %,15,2.7,0,0,1,6,0,0,1,6,0,0,1,5,,,1,6,,,0,4.1,0,0,0.0 %,0.0 %,0,0,0.0 %,0.0 %,0,0,0.0 %,0.0 %,100.0 %,100.0 %,100.0 %,100.0 %,100.0 %,100.0 %,308,771,0,0,100.0 %,100.0 %
PFF,5d RSI PFF LT14 - L PFF,-0.2 %,2.1 %,-98,1046,100.0 %,6.0 %,-0.2 %,34.9 %,0.0 %,-4.3 %,1,4,0.1,0.3,0.0 %,75.0 %,0,1.6,-98,259,-0.2 %,0.5 %,8,2.8,1,1,0,2,1,1,0,2,1,1,0,2,0,3,0,3,0,4.9,0,1.6,-196,-264,-0.2 %,-0.5 %,-196,-264,-0.2 %,-0.5 %,-196,-264,-0.2 %,-0.5 %,0.0 %,75.0 %,0.0 %,75.0 %,0.0 %,75.0 %,0,433,-98,-264,0.0 %,75.0 %
PFFD,21d RSI PFFD LT35 - L PFFD,2.4 %,2.5 %,1196,1242,77.8 %,7.6 %,3.1 %,32.7 %,0.0 %,-4.5 %,2,5,0.2,0.4,100.0 %,80.0 %,,1.8,598,245,1.2 %,0.5 %,2.5,2.8,0,1,2,3,0,1,2,2,0,0,1,3,,4,2,4,,7.2,4.4,2.3,0,-199,0.0 %,-0.4 %,0,-199,0.0 %,-0.4 %,0,0,0.0 %,0.0 %,100.0 %,80.0 %,100.0 %,80.0 %,100.0 %,75.0 %,598,356,0,-199,100.0 %,100.0 %
PFXF,21d RSI PFXF LT38 - L PFXF,2.0 %,5.7 %,1007,2867,100.0 %,9.6 %,2.0 %,59.7 %,0.0 %,-6.1 %,1,8,0.1,0.7,100.0 %,75.0 %,,1.8,1007,349,2.0 %,0.7 %,3,2,0,1,1,4,0,1,1,3,0,0,1,4,,3,1,6,,5.3,0,2.2,0,-654,0.0 %,-1.3 %,0,-654,0.0 %,-1.3 %,0,0,0.0 %,0.0 %,100.0 %,75.0 %,100.0 %,75.0 %,100.0 %,83.3 %,1007,574,0,-327,100.0 %,100.0 %
PGF,20d RSI PGF LT36 - L PGF,0.8 %,2.1 %,417,1079,100.0 %,8.8 %,0.8 %,24.5 %,0.0 %,-3.4 %,1,5,0.1,0.4,100.0 %,80.0 %,,,417,212,0.8 %,0.4 %,3,3.4,0,1,1,3,0,1,1,3,0,0,1,3,,4,1,4,,,0,3.2,0,0,0.0 %,0.0 %,0,0,0.0 %,0.0 %,0,0,0.0 %,0.0 %,100.0 %,80.0 %,100.0 %,80.0 %,100.0 %,80.0 %,417,266,0,0,100.0 %,100.0 %
PGX,21d RSI PGX LT35 - L PGX,0.7 %,3.7 %,365,1851,100.0 %,7.6 %,0.7 %,48.7 %,0.0 %,-3.0 %,1,5,0.1,0.4,100.0 %,60.0 %,,,365,363,0.7 %,0.7 %,3,2.8,0,2,1,2,0,2,1,2,0,0,1,3,,1.5,1,3,,,0,2.2,0,0,0.0 %,0.0 %,0,0,0.0 %,0.0 %,0,0,0.0 %,0.0 %,100.0 %,60.0 %,100.0 %,60.0 %,100.0 %,60.0 %,365,605,0,0,100.0 %,100.0 %
PHYS,5d RSI PHYS LT28 - L PHYS,-0.3 %,15.4 %,-156,7779,27.5 %,6.8 %,-1.1 %,228.8 %,-9.1 %,-0.1 %,3,7,0.2,0.6,66.7 %,100.0 %,0.5,,-52,1038,-0.1 %,2.1 %,2.7,1.4,1,0,1,7,1,0,1,7,1,0,1,6,2,,2,7,1,,0,6.2,-9644,0,-9.6 %,0.0 %,-6312,0,-6.3 %,0.0 %,-6312,0,-6.3 %,0.0 %,66.7 %,100.0 %,66.7 %,100.0 %,50.0 %,100.0 %,2333,1038,-4822,0,50.0 %,100.0 %
PICB,4d RSI PICB LT15 - L PICB,0.5 %,2.5 %,233,1236,50.0 %,5.6 %,0.9 %,44.1 %,0.0 %,-0.6 %,2,5,0.2,0.4,100.0 %,100.0 %,,,116,243,0.2 %,0.5 %,1.5,1.8,0,0,2,5,0,0,2,5,0,0,1,5,,,2,5,,,3.2,4.9,0,0,0.0 %,0.0 %,0,0,0.0 %,0.0 %,0,0,0.0 %,0.0 %,100.0 %,100.0 %,100.0 %,100.0 %,100.0 %,100.0 %,116,243,0,0,100.0 %,100.0 %
PICK,19d RSI PICK LT44 - L PICK,-0.2 %,16.7 %,-99,8411,100.0 %,12.0 %,-0.2 %,140.2 %,0.0 %,-12.0 %,2,10,0.2,0.8,50.0 %,90.0 %,0.9,0.7,-50,788,-0.1 %,1.6 %,3.5,2,1,1,1,7,1,0,0,8,1,0,0,4,1,9,1,9,0.9,6.1,-0.1,2.5,-2529,-1535,-2.5 %,-3.1 %,-198,0,-0.2 %,0.0 %,-198,0,-0.2 %,0.0 %,50.0 %,90.0 %,50.0 %,90.0 %,0.0 %,100.0 %,1165,1046,-1264,-1535,0.0 %,100.0 %
PPA,15d RSI PPA LT41 - L PPA,1.3 %,15.3 %,653,7690,100.0 %,10.0 %,1.3 %,153.8 %,0.0 %,-4.6 %,1,7,0.1,0.6,100.0 %,85.7 %,,1.4,653,1051,1.3 %,2.1 %,3,2.6,0,1,1,5,0,1,1,4,0,1,1,4,,6,1,6,,8.7,0,1.7,0,-957,0.0 %,-1.9 %,0,-957,0.0 %,-1.9 %,0,-957,0.0 %,-1.9 %,100.0 %,85.7 %,100.0 %,85.7 %,100.0 %,83.3 %,653,1385,0,-957,100.0 %,83.3 %
PPH,20d RSI PPH LT42 - L PPH,-1.6 %,15.3 %,-824,7712,100.0 %,16.0 %,-1.6 %,96.4 %,0.0 %,-7.4 %,1,9,0.1,0.8,0.0 %,77.8 %,0,5,-824,802,-1.6 %,1.6 %,8,3.4,1,1,0,6,1,1,0,7,1,0,0,5,0,3.5,0,7,0,17.7,0,3.5,-1648,-363,-1.6 %,-0.7 %,-1648,-71,-1.6 %,-0.1 %,-1648,0,-1.6 %,0.0 %,0.0 %,77.8 %,0.0 %,77.8 %,0.0 %,87.5 %,0,1093,-824,-217,0.0 %,100.0 %
PPLT,6d RSI PPLT LT36 - L PPLT,5.2 %,25.0 %,2604,12594,53.8 %,13.6 %,9.7 %,185.2 %,-4.8 %,-4.3 %,6,12,0.5,1,66.7 %,91.7 %,0.8,1.3,434,947,0.9 %,1.9 %,2.3,1.8,1,1,3,8,1,1,3,8,1,1,1,4,2,11,4,11,1.5,14.4,0.5,3.5,-5020,-849,-5.0 %,-1.7 %,-4564,-849,-4.6 %,-1.7 %,-147,-849,-0.1 %,-1.7 %,66.7 %,91.7 %,66.7 %,91.7 %,60.0 %,91.7 %,1849,1110,-2396,-849,50.0 %,85.7 %
PREF,17d RSI PREF LT44 - L PREF,0.0 %,1.6 %,0,779,100.0 %,6.4 %,0.0 %,24.4 %,-0.2 %,-1.4 %,2,4,0.2,0.3,50.0 %,75.0 %,1,4.8,0,192,0.0 %,0.4 %,4,3,1,1,1,2,1,0,1,3,0,0,1,2,1,3,1,3,1,14.5,0,2.2,-237,-57,-0.2 %,-0.1 %,-237,0,-0.2 %,0.0 %,0,0,0.0 %,0.0 %,50.0 %,75.0 %,50.0 %,75.0 %,50.0 %,100.0 %,119,276,-119,-57,100.0 %,100.0 %
PSI,4d RSI PSI LT19 - L PSI,4.2 %,31.5 %,2119,15873,100.0 %,8.4 %,4.2 %,377.9 %,0.0 %,-11.4 %,1,7,0.1,0.6,100.0 %,100.0 %,,,2119,2018,4.2 %,4.0 %,1,2,0,0,1,7,0,0,1,7,0,0,1,5,,,1,7,,,0,3.4,0,0,0.0 %,0.0 %,0,0,0.0 %,0.0 %,0,0,0.0 %,0.0 %,100.0 %,100.0 %,100.0 %,100.0 %,100.0 %,100.0 %,2119,2018,0,0,100.0 %,100.0 %
PSK,19d RSI PSK LT35 - L PSK,1.3 %,2.1 %,673,1063,77.8 %,6.4 %,1.7 %,33.2 %,0.0 %,-2.9 %,2,5,0.2,0.4,100.0 %,80.0 %,,2.5,337,209,0.7 %,0.4 %,2.5,2.2,0,1,2,2,0,0,2,4,0,0,1,3,,4,2,4,,9.8,5.8,2.5,0,-119,0.0 %,-0.2 %,0,0,0.0 %,0.0 %,0,0,0.0 %,0.0 %,100.0 %,80.0 %,100.0 %,80.0 %,100.0 %,100.0 %,337,292,0,-119,100.0 %,100.0 %
PSLV,17d RSI PSLV LT58 - L PSLV,2.3 %,51.3 %,1171,25834,100.0 %,48.0 %,2.3 %,107.6 %,-20.1 %,-8.4 %,10,39,0.8,3.3,60.0 %,82.0 %,0.7,1.1,117,540,0.2 %,1.1 %,3,2.1,2,2,3,16,2,2,4,12,1,1,1,8,1.5,4.6,6,32,1.1,4.9,0.1,4.1,-24478,-1773,-24.5 %,-3.5 %,-19612,-1270,-19.6 %,-2.5 %,-19612,-623,-19.6 %,-1.2 %,60.0 %,82.0 %,60.0 %,82.0 %,66.7 %,85.7 %,2416,825,-3331,-764,50.0 %,90.0 %
PWZ,3d RSI PWZ LT26 - L PWZ,-0.2 %,0.1 %,-80,57,42.0 %,32.4 %,-0.4 %,0.3 %,-0.6 %,-8.2 %,3,14,0.2,1.2,33.3 %,64.3 %,1.4,0.6,-27,7,-0.1 %,0.0 %,6,4.8,2,2,1,4,2,2,1,4,1,2,1,4,0.5,1.8,1,9,0.7,1,-0.2,0,-577,-1699,-0.6 %,-3.4 %,-577,-1699,-0.6 %,-3.4 %,-577,-1248,-0.6 %,-2.5 %,33.3 %,64.3 %,33.3 %,64.3 %,33.3 %,64.3 %,209,282,-144,-489,50.0 %,58.3 %
PXF,18d RSI PXF LT43 - L PXF,4.1 %,10.1 %,2059,5097,70.0 %,5.6 %,5.9 %,182.1 %,0.0 %,-4.1 %,2,5,0.2,0.4,100.0 %,100.0 %,,,1029,976,2.1 %,1.9 %,2.5,1.8,0,0,2,5,0,0,2,4,0,0,1,3,,,2,5,,,3.4,3.7,0,0,0.0 %,0.0 %,0,0,0.0 %,0.0 %,0,0,0.0 %,0.0 %,100.0 %,100.0 %,100.0 %,100.0 %,100.0 %,100.0 %,1029,976,0,0,100.0 %,100.0 %
PXH,11d RSI PXH LT36 - L PXH,4.3 %,10.3 %,2145,5176,61.5 %,7.2 %,7.0 %,143.8 %,0.0 %,-7.7 %,3,6,0.2,0.5,100.0 %,83.3 %,,19.4,715,825,1.4 %,1.6 %,1.7,2,0,1,3,4,0,0,3,5,0,0,1,5,,5,3,5,,97,6.9,3.1,0,-52,0.0 %,-0.1 %,0,0,0.0 %,0.0 %,0,0,0.0 %,0.0 %,100.0 %,83.3 %,100.0 %,83.3 %,100.0 %,100.0 %,715,1001,0,-52,100.0 %,100.0 %
QLTA,5d RSI QLTA LT23 - L QLTA,0.3 %,3.3 %,135,1683,88.9 %,7.2 %,0.3 %,46.8 %,0.0 %,-1.2 %,2,6,0.2,0.5,100.0 %,83.3 %,,6.5,68,275,0.1 %,0.6 %,3,2,0,1,2,4,0,0,2,5,0,0,1,4,,5,2,5,,32.4,3.7,3.1,0,-53,0.0 %,-0.1 %,0,0,0.0 %,0.0 %,0,0,0.0 %,0.0 %,100.0 %,83.3 %,100.0 %,83.3 %,100.0 %,100.0 %,68,340,0,-53,100.0 %,100.0 %
QQQ,7d RSI QQQ LT25 - L QQQ,2.1 %,12.2 %,1057,6176,100.0 %,8.8 %,2.1 %,140.4 %,0.0 %,-10.1 %,1,4,0.1,0.3,100.0 %,75.0 %,,1.3,1057,1529,2.1 %,3.1 %,1,4.5,0,1,1,3,0,1,1,3,0,1,1,3,,3,1,3,,4,0,1.2,0,-2060,0.0 %,-4.1 %,0,-2060,0.0 %,-4.1 %,0,-2060,0.0 %,-4.1 %,100.0 %,75.0 %,100.0 %,75.0 %,100.0 %,75.0 %,1057,2725,0,-2060,100.0 %,75.0 %
QQXT,3d RSI QQXT LT10 - L QQXT,0.9 %,11.3 %,432,5708,100.0 %,6.4 %,0.9 %,178.4 %,0.0 %,-4.1 %,1,6,0.1,0.5,100.0 %,100.0 %,,,432,908,0.9 %,1.8 %,2,1.7,0,0,1,6,0,0,1,6,0,0,1,6,,,1,6,,,0,2.8,0,0,0.0 %,0.0 %,0,0,0.0 %,0.0 %,0,0,0.0 %,0.0 %,100.0 %,100.0 %,100.0 %,100.0 %,100.0 %,100.0 %,432,908,0,0,100.0 %,100.0 %
RDVY,4d RSI RDVY LT17 - L RDVY,1.5 %,15.8 %,747,7985,100.0 %,8.0 %,1.5 %,199.6 %,0.0 %,-4.6 %,1,6,0.1,0.5,100.0 %,100.0 %,,,747,1248,1.5 %,2.5 %,3,2.3,0,0,1,6,0,0,1,6,0,0,1,5,,,1,6,,,0,3.6,0,0,0.0 %,0.0 %,0,0,0.0 %,0.0 %,0,0,0.0 %,0.0 %,100.0 %,100.0 %,100.0 %,100.0 %,100.0 %,100.0 %,747,1248,0,0,100.0 %,100.0 %
REM,20d RSI REM LT39 - L REM,0.2 %,1.1 %,77,542,92.3 %,6.0 %,0.2 %,18.1 %,0.0 %,-11.5 %,2,4,0.2,0.3,50.0 %,75.0 %,1.1,0.4,39,160,0.1 %,0.3 %,5,2.8,1,1,1,2,1,1,1,1,0,1,1,1,1,3,1,3,1.1,1.3,0.1,0.2,-1672,-2429,-1.7 %,-4.9 %,-1672,-2125,-1.7 %,-4.2 %,0,-286,0.0 %,-0.6 %,50.0 %,75.0 %,50.0 %,75.0 %,50.0 %,66.7 %,913,1022,-836,-2429,100.0 %,50.0 %
RING,3d RSI RING LT26 - L RING,0.8 %,66.4 %,397,33452,53.8 %,16.4 %,1.5 %,407.9 %,-13.1 %,-4.1 %,4,15,0.3,1.3,50.0 %,93.3 %,1.1,14.4,99,1736,0.2 %,3.5 %,4.2,1.7,2,1,2,9,2,1,2,9,1,0,1,10,1,14,2,14,1.1,202,0,6.6,-15136,-130,-15.1 %,-0.3 %,-15136,-130,-15.1 %,-0.3 %,-15136,0,-15.1 %,0.0 %,50.0 %,93.3 %,50.0 %,93.3 %,50.0 %,93.3 %,3983,1869,-3784,-130,50.0 %,100.0 %
ROBO,4d RSI ROBO LT10 - L ROBO,2.7 %,14.0 %,1367,7056,100.0 %,5.2 %,2.7 %,271.4 %,0.0 %,-5.0 %,1,4,0.1,0.3,100.0 %,100.0 %,,,1367,1675,2.7 %,3.4 %,2,2.2,0,0,1,4,0,0,1,4,0,0,1,3,,,1,4,,,0,3.3,0,0,0.0 %,0.0 %,0,0,0.0 %,0.0 %,0,0,0.0 %,0.0 %,100.0 %,100.0 %,100.0 %,100.0 %,100.0 %,100.0 %,1367,1675,0,0,100.0 %,100.0 %
RPG,3d RSI RPG LT16 - L RPG,5.3 %,22.4 %,2645,11269,20.0 %,12.8 %,26.4 %,176.1 %,0.0 %,-5.2 %,2,8,0.2,0.7,100.0 %,87.5 %,,42.4,1322,1305,2.6 %,2.6 %,1,2.9,0,1,2,7,0,1,2,7,0,1,2,5,,7,2,7,,296.5,3.3,2.1,0,-35,0.0 %,-0.1 %,0,-35,0.0 %,-0.1 %,0,-35,0.0 %,-0.1 %,100.0 %,87.5 %,100.0 %,87.5 %,100.0 %,87.5 %,1322,1497,0,-35,100.0 %,83.3 %
RPV,12d RSI RPV LT38 - L RPV,0.8 %,20.7 %,422,10433,100.0 %,10.0 %,0.8 %,208.7 %,0.0 %,-4.3 %,2,8,0.2,0.7,100.0 %,100.0 %,,,211,1192,0.4 %,2.4 %,4.5,2.1,0,0,2,8,0,0,2,8,0,0,1,6,,,2,8,,,3.3,6.7,0,0,0.0 %,0.0 %,0,0,0.0 %,0.0 %,0,0,0.0 %,0.0 %,100.0 %,100.0 %,100.0 %,100.0 %,100.0 %,100.0 %,211,1192,0,0,100.0 %,100.0 %
RSPN,3d RSI RSPN LT14 - L RSPN,-4.0 %,16.6 %,-1995,8355,100.0 %,14.4 %,-4.0 %,116.0 %,-2.8 %,-4.6 %,2,8,0.2,0.7,0.0 %,87.5 %,0,2.9,-997,978,-2.0 %,2.0 %,6.5,3.4,2,1,0,7,2,1,0,7,1,0,0,6,0,7,0,7,0,20.1,-3.6,2.7,-3990,-410,-4.0 %,-0.8 %,-3990,-410,-4.0 %,-0.8 %,-3990,0,-4.0 %,0.0 %,0.0 %,87.5 %,0.0 %,87.5 %,0.0 %,87.5 %,0,1176,-997,-410,0.0 %,100.0 %
RSPS,7d RSI RSPS LT20 - L RSPS,-2.2 %,0.9 %,-1083,434,100.0 %,5.2 %,-2.2 %,16.7 %,0.0 %,-1.9 %,1,2,0.1,0.2,0.0 %,50.0 %,0,4.5,-1083,216,-2.2 %,0.4 %,11,5.5,1,1,0,1,1,1,0,1,1,1,0,1,0,1,0,1,0,4.5,0,0.9,-2167,-123,-2.2 %,-0.2 %,-2167,-123,-2.2 %,-0.2 %,-2167,-123,-2.2 %,-0.2 %,0.0 %,50.0 %,0.0 %,50.0 %,0.0 %,50.0 %,0,555,-1083,-123,0.0 %,50.0 %
RWM,4d RSI RWM LT15 - L RWM,-0.3 %,7.3 %,-163,3686,100.0 %,8.0 %,-0.3 %,92.2 %,0.0 %,-0.9 %,1,6,0.1,0.5,0.0 %,100.0 %,0,,-163,593,-0.3 %,1.2 %,5,2.3,1,0,0,6,1,0,0,6,1,0,0,6,0,,0,6,0,,0,4.2,-325,0,-0.3 %,0.0 %,-325,0,-0.3 %,0.0 %,-325,0,-0.3 %,0.0 %,0.0 %,100.0 %,0.0 %,100.0 %,0.0 %,100.0 %,0,593,-163,0,0.0 %,100.0 %
SCHC,4d RSI SCHC LT16 - L SCHC,-4.9 %,8.9 %,-2438,4481,100.0 %,5.6 %,-4.9 %,160.0 %,0.0 %,-7.0 %,1,4,0.1,0.3,0.0 %,100.0 %,0,,-2438,1083,-4.9 %,2.2 %,16,2.5,1,0,0,4,1,0,0,4,1,0,0,3,0,,0,4,0,,0,2.6,-4876,0,-4.9 %,0.0 %,-4876,0,-4.9 %,0.0 %,-4876,0,-4.9 %,0.0 %,0.0 %,100.0 %,0.0 %,100.0 %,0.0 %,100.0 %,0,1083,-2438,0,0.0 %,100.0 %
SCHE,3d RSI SCHE LT13 - L SCHE,3.3 %,10.4 %,1649,5232,26.7 %,10.4 %,12.4 %,100.6 %,0.0 %,-6.1 %,2,7,0.2,0.6,100.0 %,85.7 %,,2.5,825,716,1.6 %,1.4 %,1,2.7,0,1,2,5,0,1,2,5,0,1,1,5,,6,2,6,,15.1,3.1,2.5,0,-355,0.0 %,-0.7 %,0,-355,0.0 %,-0.7 %,0,-355,0.0 %,-0.7 %,100.0 %,85.7 %,100.0 %,85.7 %,100.0 %,85.7 %,825,895,0,-355,100.0 %,85.7 %
SCHF,20d RSI SCHF LT42 - L SCHF,0.9 %,10.7 %,462,5389,80.0 %,5.6 %,1.2 %,192.5 %,-0.1 %,-3.8 %,2,5,0.2,0.4,50.0 %,100.0 %,8.6,,231,1032,0.5 %,2.1 %,3,1.8,1,0,1,5,1,0,1,4,0,0,1,3,1,,1,5,8.6,,1.1,3.1,-121,0,-0.1 %,0.0 %,-121,0,-0.1 %,0.0 %,0,0,0.0 %,0.0 %,50.0 %,100.0 %,50.0 %,100.0 %,50.0 %,100.0 %,523,1032,-61,0,100.0 %,100.0 %
SCHG,5d RSI SCHG LT12 - L SCHG,4.0 %,6.4 %,2003,3204,35.7 %,5.6 %,11.2 %,114.4 %,0.0 %,-9.1 %,2,2,0.2,0.2,100.0 %,50.0 %,,2.5,1002,1725,2.0 %,3.5 %,1.5,6,0,1,2,1,0,1,2,1,0,1,2,1,,1,2,1,,2.5,21.2,0.6,0,-2343,0.0 %,-4.7 %,0,-2343,0.0 %,-4.7 %,0,-2343,0.0 %,-4.7 %,100.0 %,50.0 %,100.0 %,50.0 %,100.0 %,50.0 %,1002,5794,0,-2343,100.0 %,50.0 %
SCHO,3d RSI SCHO LT27 - L SCHO,0.0 %,1.7 %,21,879,78.9 %,14.4 %,0.1 %,12.2 %,-0.2 %,-0.1 %,3,12,0.2,1,33.3 %,100.0 %,2.3,,7,72,0.0 %,0.1 %,4,2,2,0,1,12,2,0,1,12,0,0,1,8,0.5,,1,12,1.1,,0.1,7.9,-288,0,-0.3 %,0.0 %,-288,0,-0.3 %,0.0 %,0,0,0.0 %,0.0 %,33.3 %,100.0 %,33.3 %,100.0 %,33.3 %,100.0 %,165,72,-72,0,100.0 %,100.0 %
SCHP,20d RSI SCHP LT49 - L SCHP,0.8 %,5.9 %,415,2992,28.8 %,25.2 %,2.9 %,23.8 %,-0.1 %,-1.4 %,5,17,0.4,1.4,80.0 %,88.2 %,2.1,10.4,83,170,0.2 %,0.3 %,1.8,2.5,1,2,3,14,1,2,2,12,0,0,2,7,4,7.5,4,15,8.3,77.6,1.9,5.6,-113,0,-0.1 %,0.0 %,-113,0,-0.1 %,0.0 %,0,0,0.0 %,0.0 %,80.0 %,88.2 %,80.0 %,88.2 %,75.0 %,86.7 %,118,195,-56,-19,100.0 %,100.0 %
SCHR,4d RSI SCHR LT19 - L SCHR,0.7 %,2.4 %,362,1202,19.1 %,5.6 %,3.8 %,42.9 %,0.0 %,-0.2 %,3,5,0.2,0.4,100.0 %,100.0 %,,,121,236,0.2 %,0.5 %,2,1.8,0,0,3,5,0,0,3,5,0,0,2,5,,,3,5,,,12.7,4.7,0,0,0.0 %,0.0 %,0,0,0.0 %,0.0 %,0,0,0.0 %,0.0 %,100.0 %,100.0 %,100.0 %,100.0 %,100.0 %,100.0 %,121,236,0,0,100.0 %,100.0 %
SCHV,4d RSI SCHV LT18 - L SCHV,0.3 %,13.5 %,162,6795,100.0 %,6.8 %,0.3 %,199.8 %,0.0 %,-4.2 %,1,6,0.1,0.5,100.0 %,100.0 %,,,162,1069,0.3 %,2.1 %,1,1.8,0,0,1,6,0,0,1,6,0,0,1,5,,,1,6,,,0,4.1,0,0,0.0 %,0.0 %,0,0,0.0 %,0.0 %,0,0,0.0 %,0.0 %,100.0 %,100.0 %,100.0 %,100.0 %,100.0 %,100.0 %,162,1069,0,0,100.0 %,100.0 %
SCHZ,3d RSI SCHZ LT15 - L SCHZ,1.1 %,4.2 %,561,2093,29.8 %,10.8 %,3.8 %,38.8 %,0.0 %,-0.9 %,4,9,0.3,0.8,100.0 %,88.9 %,,11.9,140,227,0.3 %,0.5 %,2.5,2,0,1,4,6,0,0,4,8,0,0,2,7,,8,4,8,,95.4,3.9,6.3,0,-22,0.0 %,-0.0 %,0,0,0.0 %,0.0 %,0,0,0.0 %,0.0 %,100.0 %,88.9 %,100.0 %,88.9 %,100.0 %,100.0 %,140,258,0,-22,100.0 %,100.0 %
SCO,4d RSI SCO LT11 - L SCO,-20.0 %,10.1 %,-10006,5093,45.9 %,5.6 %,-43.6 %,181.9 %,-27.0 %,-9.5 %,2,3,0.2,0.2,50.0 %,100.0 %,0.3,,-5003,1636,-10.0 %,3.3 %,7.5,3.7,1,0,1,3,1,0,1,3,1,0,1,2,1,,1,3,0.3,,-0.7,3.9,-29582,0,-29.6 %,0.0 %,-29582,0,-29.6 %,0.0 %,-29582,0,-29.6 %,0.0 %,50.0 %,100.0 %,50.0 %,100.0 %,50.0 %,100.0 %,4785,1636,-14791,0,50.0 %,100.0 %
SCZ,17d RSI SCZ LT39 - L SCZ,-0.7 %,6.5 %,-367,3303,100.0 %,5.2 %,-0.7 %,127.0 %,0.0 %,-3.3 %,1,3,0.1,0.2,0.0 %,100.0 %,0,,-367,1075,-0.7 %,2.1 %,9,3.3,1,0,0,3,1,0,0,3,1,0,0,3,0,,0,3,0,,0,2.4,-734,0,-0.7 %,0.0 %,-734,0,-0.7 %,0.0 %,-734,0,-0.7 %,0.0 %,0.0 %,100.0 %,0.0 %,100.0 %,0.0 %,100.0 %,0,1075,-367,0,0.0 %,100.0 %
SDIV,19d RSI SDIV LT39 - L SDIV,4.9 %,6.8 %,2462,3427,77.8 %,6.4 %,6.3 %,107.1 %,0.0 %,-6.1 %,2,4,0.2,0.3,100.0 %,100.0 %,,,1231,830,2.5 %,1.7 %,2.5,3,0,0,2,4,0,0,2,3,0,0,1,3,,,2,4,,,7.4,5.2,0,0,0.0 %,0.0 %,0,0,0.0 %,0.0 %,0,0,0.0 %,0.0 %,100.0 %,100.0 %,100.0 %,100.0 %,100.0 %,100.0 %,1231,830,0,0,100.0 %,100.0 %
SDVY,5d RSI SDVY LT14 - L SDVY,-0.1 %,8.4 %,-38,4212,100.0 %,6.0 %,-0.1 %,140.4 %,0.0 %,-5.5 %,1,3,0.1,0.2,0.0 %,66.7 %,0,3.6,-38,1381,-0.1 %,2.8 %,7,4,1,1,0,2,1,1,0,2,1,1,0,2,0,2,0,2,0,7.1,0,1.5,-76,-678,-0.1 %,-1.4 %,-76,-678,-0.1 %,-1.4 %,-76,-678,-0.1 %,-1.4 %,0.0 %,66.7 %,0.0 %,66.7 %,0.0 %,66.7 %,0,2410,-38,-678,0.0 %,66.7 %
SECT,7d RSI SECT LT22 - L SECT,-0.3 %,13.1 %,-139,6616,100.0 %,6.4 %,-0.3 %,206.8 %,0.0 %,-4.2 %,1,4,0.1,0.3,0.0 %,75.0 %,0,25.7,-139,1592,-0.3 %,3.2 %,8,3,1,1,0,3,1,1,0,3,1,0,0,3,0,3,0,3,0,77.1,0,1.9,-277,-84,-0.3 %,-0.2 %,-277,-84,-0.3 %,-0.2 %,-277,0,-0.3 %,0.0 %,0.0 %,75.0 %,0.0 %,75.0 %,0.0 %,75.0 %,0,2150,-139,-84,0.0 %,100.0 %
SGOL,7d RSI SGOL LT35 - L SGOL,-3.0 %,14.4 %,-1499,7257,100.0 %,6.4 %,-3.0 %,226.8 %,0.0 %,-0.0 %,2,7,0.2,0.6,50.0 %,100.0 %,0.5,,-750,972,-1.5 %,1.9 %,3,1.3,1,0,1,7,1,0,0,7,1,0,0,6,1,,1,7,0.5,,-0.4,5.3,-6438,0,-6.4 %,0.0 %,-2998,0,-3.0 %,0.0 %,-2998,0,-3.0 %,0.0 %,50.0 %,100.0 %,50.0 %,100.0 %,0.0 %,100.0 %,1720,972,-3219,0,0.0 %,100.0 %
SHLD,7d RSI SHLD LT27 - L SHLD,1.9 %,9.6 %,928,4835,100.0 %,6.4 %,1.9 %,151.1 %,0.0 %,-3.9 %,1,5,0.1,0.4,100.0 %,80.0 %,,1.6,928,933,1.9 %,1.9 %,1,2.2,0,1,1,3,0,1,1,3,0,0,1,4,,4,1,4,,6.3,0,2.3,0,-885,0.0 %,-1.8 %,0,-885,0.0 %,-1.8 %,0,0,0.0 %,0.0 %,100.0 %,80.0 %,100.0 %,80.0 %,100.0 %,80.0 %,928,1387,0,-885,100.0 %,100.0 %
SHNY,18d RSI SHNY LT47 - L SHNY,1.4 %,44.4 %,696,22393,27.5 %,11.6 %,5.1 %,386.1 %,-22.9 %,-5.2 %,3,10,0.2,0.8,66.7 %,100.0 %,0.5,,232,1897,0.5 %,3.8 %,2.7,1.9,1,0,1,10,1,0,1,9,1,0,1,7,2,,2,10,1.1,,0,3.7,-27055,0,-27.1 %,0.0 %,-16826,0,-16.8 %,0.0 %,-16826,0,-16.8 %,0.0 %,66.7 %,100.0 %,66.7 %,100.0 %,50.0 %,100.0 %,7112,1897,-13527,0,50.0 %,100.0 %
SHY,3d RSI SHY LT18 - L SHY,0.4 %,0.8 %,188,390,53.8 %,5.6 %,0.7 %,13.9 %,0.0 %,-0.1 %,3,6,0.2,0.5,100.0 %,100.0 %,,,63,64,0.1 %,0.1 %,1.3,1.3,0,0,3,6,0,0,3,6,0,0,1,6,,,3,6,,,3.9,5.8,0,0,0.0 %,0.0 %,0,0,0.0 %,0.0 %,0,0,0.0 %,0.0 %,100.0 %,100.0 %,100.0 %,100.0 %,100.0 %,100.0 %,63,64,0,0,100.0 %,100.0 %
SHYG,3d RSI SHYG LT12 - L SHYG,0.4 %,2.1 %,200,1038,100.0 %,5.2 %,0.4 %,39.9 %,0.0 %,-2.1 %,1,3,0.1,0.2,100.0 %,100.0 %,,,200,342,0.4 %,0.7 %,1,3.3,0,0,1,3,0,0,1,3,0,0,1,3,,,1,3,,,0,1.7,0,0,0.0 %,0.0 %,0,0,0.0 %,0.0 %,0,0,0.0 %,0.0 %,100.0 %,100.0 %,100.0 %,100.0 %,100.0 %,100.0 %,200,342,0,0,100.0 %,100.0 %
SIL,20d RSI SIL LT46 - L SIL,-9.5 %,12.9 %,-4730,6523,100.0 %,8.0 %,-9.5 %,163.1 %,0.0 %,-4.9 %,1,5,0.1,0.4,0.0 %,100.0 %,0,,-4730,1243,-9.5 %,2.5 %,8,3,1,0,0,5,1,0,0,5,1,0,0,3,0,,0,5,0,,0,2.6,-9459,0,-9.5 %,0.0 %,-9459,0,-9.5 %,0.0 %,-9459,0,-9.5 %,0.0 %,0.0 %,100.0 %,0.0 %,100.0 %,0.0 %,100.0 %,0,1243,-4730,0,0.0 %,100.0 %
SILJ,11d RSI SILJ LT42 - L SILJ,-0.1 %,51.4 %,-71,25908,36.8 %,11.2 %,-0.4 %,462.6 %,-12.6 %,-4.3 %,3,9,0.2,0.8,66.7 %,100.0 %,0.5,,-24,2372,-0.0 %,4.7 %,3.7,2.1,1,0,2,9,1,0,1,9,1,0,1,8,2,,2,9,1,,0,5.9,-14384,0,-14.4 %,0.0 %,-14384,0,-14.4 %,0.0 %,-14384,0,-14.4 %,0.0 %,66.7 %,100.0 %,66.7 %,100.0 %,50.0 %,100.0 %,3561,2372,-7192,0,50.0 %,100.0 %
SIVR,21d RSI SIVR LT56 - L SIVR,2.4 %,56.7 %,1185,28595,100.0 %,41.2 %,2.4 %,138.8 %,-17.5 %,-8.0 %,11,37,0.9,3.1,63.6 %,86.5 %,0.6,1.5,108,616,0.2 %,1.2 %,2.6,1.8,1,1,3,21,1,1,4,23,1,0,1,9,1.8,6.4,7,32,1.1,9.9,0.1,5.4,-16282,-1421,-16.3 %,-2.8 %,-11864,-159,-11.9 %,-0.3 %,-16403,0,-16.4 %,0.0 %,63.6 %,86.5 %,63.6 %,86.5 %,71.4 %,96.0 %,2157,792,-3478,-513,50.0 %,100.0 %
SJNK,3d RSI SJNK LT14 - L SJNK,1.3 %,3.4 %,641,1699,24.1 %,9.2 %,5.3 %,36.9 %,0.0 %,-1.9 %,3,6,0.2,0.5,100.0 %,100.0 %,,,214,278,0.4 %,0.6 %,1.3,2.8,0,0,3,6,0,0,3,6,0,0,2,6,,,3,6,,,4.8,2.8,0,0,0.0 %,0.0 %,0,0,0.0 %,0.0 %,0,0,0.0 %,0.0 %,100.0 %,100.0 %,100.0 %,100.0 %,100.0 %,100.0 %,214,278,0,0,100.0 %,100.0 %
SKYY,11d RSI SKYY LT27 - L SKYY,1.7 %,15.1 %,844,7628,50.0 %,6.4 %,3.4 %,238.4 %,-1.1 %,-6.5 %,2,5,0.2,0.4,50.0 %,80.0 %,2.5,1.3,422,1479,0.8 %,3.0 %,2.5,2.2,1,1,1,3,1,0,1,4,1,0,1,3,1,4,1,4,2.5,5,0.6,1.5,-1149,-1826,-1.1 %,-3.6 %,-1149,0,-1.1 %,0.0 %,-1149,0,-1.1 %,0.0 %,50.0 %,80.0 %,50.0 %,80.0 %,50.0 %,100.0 %,1419,2305,-575,-1826,50.0 %,100.0 %
SLQD,3d RSI SLQD LT36 - L SLQD,-0.0 %,3.2 %,-19,1620,40.0 %,24.0 %,-0.1 %,13.5 %,-0.4 %,-0.4 %,4,18,0.3,1.5,75.0 %,88.9 %,0.3,19.9,-5,88,-0.0 %,0.2 %,4,2.3,1,1,2,12,1,1,2,12,1,1,1,8,3,8,3,16,0.9,159.2,-0.1,5.7,-404,-10,-0.4 %,-0.0 %,-404,0,-0.4 %,0.0 %,-117,0,-0.1 %,0.0 %,75.0 %,88.9 %,75.0 %,88.9 %,75.0 %,94.1 %,61,100,-202,-5,50.0 %,91.7 %
SLV,21d RSI SLV LT56 - L SLV,2.2 %,59.5 %,1120,29965,100.0 %,42.4 %,2.2 %,141.3 %,-17.6 %,-8.0 %,11,38,0.9,3.2,63.6 %,86.8 %,0.6,1.6,102,622,0.2 %,1.2 %,2.6,1.8,1,1,3,22,1,1,4,24,1,0,1,9,1.8,6.6,7,33,1.1,10.6,0.1,5.6,-16301,-1436,-16.3 %,-2.9 %,-11907,-95,-11.9 %,-0.2 %,-16471,0,-16.5 %,0.0 %,63.6 %,86.8 %,63.6 %,86.8 %,71.4 %,96.2 %,2148,792,-3478,-494,50.0 %,100.0 %
SLVP,20d RSI SLVP LT50 - L SLVP,-4.9 %,65.8 %,-2452,33153,48.6 %,19.6 %,-10.1 %,338.3 %,-17.0 %,-4.4 %,4,13,0.3,1.1,75.0 %,92.3 %,0.2,10.4,-613,1997,-1.2 %,4.0 %,3.2,2.8,1,1,2,7,1,1,2,7,1,0,1,7,3,12,3,12,0.7,124.3,-0.2,5.8,-18761,-211,-18.8 %,-0.4 %,-15526,-211,-15.5 %,-0.4 %,-12462,0,-12.5 %,0.0 %,75.0 %,92.3 %,75.0 %,92.3 %,66.7 %,92.3 %,2310,2181,-9380,-211,50.0 %,100.0 %
SLYV,4d RSI SLYV LT13 - L SLYV,0.7 %,13.9 %,346,7004,100.0 %,6.0 %,0.7 %,233.4 %,0.0 %,-6.4 %,1,5,0.1,0.4,100.0 %,100.0 %,,,346,1322,0.7 %,2.6 %,7,2,0,0,1,5,0,0,1,5,0,0,1,4,,,1,5,,,0,5,0,0,0.0 %,0.0 %,0,0,0.0 %,0.0 %,0,0,0.0 %,0.0 %,100.0 %,100.0 %,100.0 %,100.0 %,100.0 %,100.0 %,346,1322,0,0,100.0 %,100.0 %
SMH,3d RSI SMH LT15 - L SMH,7.2 %,26.7 %,3597,13470,23.8 %,9.6 %,30.2 %,280.6 %,0.0 %,-13.0 %,2,8,0.2,0.7,100.0 %,100.0 %,,,1799,1516,3.6 %,3.0 %,1.5,2,0,0,2,8,0,0,2,8,0,0,2,7,,,2,8,,,3.3,3.6,0,0,0.0 %,0.0 %,0,0,0.0 %,0.0 %,0,0,0.0 %,0.0 %,100.0 %,100.0 %,100.0 %,100.0 %,100.0 %,100.0 %,1799,1516,0,0,100.0 %,100.0 %
SMIN,7d RSI SMIN LT21 - L SMIN,-0.8 %,13.0 %,-421,6567,28.9 %,6.0 %,-2.9 %,218.9 %,-2.1 %,-1.2 %,3,6,0.2,0.5,66.7 %,83.3 %,0.3,12,-140,1040,-0.3 %,2.1 %,3.3,1.5,1,1,2,4,1,1,2,4,1,1,1,3,2,5,2,5,0.6,60.2,-0.4,2.7,-2146,-105,-2.1 %,-0.2 %,-2146,-105,-2.1 %,-0.2 %,-2146,-105,-2.1 %,-0.2 %,66.7 %,83.3 %,66.7 %,83.3 %,66.7 %,83.3 %,326,1269,-1073,-105,50.0 %,80.0 %
SOXX,11d RSI SOXX LT38 - L SOXX,6.0 %,31.5 %,2996,15864,80.0 %,14.0 %,7.5 %,226.6 %,0.0 %,-12.9 %,2,9,0.2,0.8,100.0 %,88.9 %,,5.3,1498,1559,3.0 %,3.1 %,1,2.9,0,1,2,7,0,1,2,7,0,0,1,5,,8,2,8,,42.1,4.3,3.7,0,-341,0.0 %,-0.7 %,0,-341,0.0 %,-0.7 %,0,0,0.0 %,0.0 %,100.0 %,88.9 %,100.0 %,88.9 %,100.0 %,88.9 %,1498,1796,0,-341,100.0 %,100.0 %
SOYB,20d RSI SOYB LT40 - L SOYB,2.1 %,8.0 %,1044,4035,100.0 %,10.0 %,2.1 %,80.7 %,0.0 %,-1.3 %,1,7,0.1,0.6,100.0 %,85.7 %,,2.1,1044,555,2.1 %,1.1 %,5,2.3,0,1,1,5,0,0,1,6,0,0,1,4,,6,1,6,,12.6,0,3.3,0,-336,0.0 %,-0.7 %,0,0,0.0 %,0.0 %,0,0,0.0 %,0.0 %,100.0 %,85.7 %,100.0 %,85.7 %,100.0 %,100.0 %,1044,704,0,-336,100.0 %,100.0 %
SPAB,4d RSI SPAB LT20 - L SPAB,0.6 %,3.0 %,313,1510,71.4 %,7.2 %,0.9 %,41.9 %,-0.1 %,-0.4 %,3,6,0.2,0.5,66.7 %,83.3 %,3.2,,104,247,0.2 %,0.5 %,2.3,2,1,1,1,5,1,1,1,5,0,1,1,4,2,5,2,5,6.4,,1.5,4.9,-117,0,-0.1 %,0.0 %,-117,0,-0.1 %,0.0 %,0,0,0.0 %,0.0 %,66.7 %,83.3 %,66.7 %,83.3 %,66.7 %,83.3 %,186,296,-58,0,100.0 %,80.0 %
SPBO,18d RSI SPBO LT40 - L SPBO,0.4 %,1.9 %,200,958,100.0 %,5.2 %,0.4 %,36.8 %,-0.1 %,-1.3 %,3,3,0.2,0.2,66.7 %,66.7 %,3.4,9,67,316,0.1 %,0.6 %,3.7,3.3,1,1,1,2,1,1,1,2,0,1,1,1,2,2,2,2,6.8,18,1.2,1.8,-69,-56,-0.1 %,-0.1 %,-69,-56,-0.1 %,-0.1 %,0,-56,0.0 %,-0.1 %,66.7 %,66.7 %,66.7 %,66.7 %,66.7 %,66.7 %,117,501,-35,-56,100.0 %,50.0 %
SPDW,20d RSI SPDW LT42 - L SPDW,0.8 %,10.4 %,413,5230,80.0 %,5.6 %,1.0 %,186.8 %,-0.1 %,-3.7 %,2,5,0.2,0.4,50.0 %,100.0 %,13.6,,207,1003,0.4 %,2.0 %,3,1.8,1,0,1,5,1,0,1,4,0,0,1,3,1,,1,5,13.6,,1.2,3,-66,0,-0.1 %,0.0 %,-66,0,-0.1 %,0.0 %,0,0,0.0 %,0.0 %,50.0 %,100.0 %,50.0 %,100.0 %,50.0 %,100.0 %,446,1003,-33,0,100.0 %,100.0 %
SPEM,5d RSI SPEM LT20 - L SPEM,4.4 %,11.2 %,2176,5623,40.0 %,8.0 %,10.9 %,140.6 %,0.0 %,-6.2 %,3,6,0.2,0.5,100.0 %,100.0 %,,,725,893,1.5 %,1.8 %,1,2.3,0,0,3,6,0,0,3,6,0,0,1,6,,,3,6,,,4.9,3.4,0,0,0.0 %,0.0 %,0,0,0.0 %,0.0 %,0,0,0.0 %,0.0 %,100.0 %,100.0 %,100.0 %,100.0 %,100.0 %,100.0 %,725,893,0,0,100.0 %,100.0 %
SPHQ,3d RSI SPHQ LT11 - L SPHQ,2.2 %,8.4 %,1080,4225,75.0 %,11.6 %,2.9 %,72.8 %,0.0 %,-9.6 %,2,6,0.2,0.5,100.0 %,83.3 %,,0.6,540,699,1.1 %,1.4 %,2,3.8,0,1,2,5,0,1,2,5,0,1,1,4,,5,2,5,,3,8.3,1.1,0,-2081,0.0 %,-4.2 %,0,-2081,0.0 %,-4.2 %,0,-2081,0.0 %,-4.2 %,100.0 %,83.3 %,100.0 %,83.3 %,100.0 %,83.3 %,540,1255,0,-2081,100.0 %,80.0 %
SPHY,3d RSI SPHY LT11 - L SPHY,0.3 %,2.1 %,170,1045,100.0 %,5.2 %,0.3 %,40.2 %,0.0 %,-2.0 %,1,3,0.1,0.2,100.0 %,100.0 %,,,170,344,0.3 %,0.7 %,1,3.3,0,0,1,3,0,0,1,3,0,0,1,3,,,1,3,,,0,2.3,0,0,0.0 %,0.0 %,0,0,0.0 %,0.0 %,0,0,0.0 %,0.0 %,100.0 %,100.0 %,100.0 %,100.0 %,100.0 %,100.0 %,170,344,0,0,100.0 %,100.0 %
SPIB,7d RSI SPIB LT32 - L SPIB,0.4 %,1.8 %,180,911,80.0 %,5.6 %,0.4 %,32.5 %,-0.1 %,-0.8 %,3,5,0.2,0.4,66.7 %,100.0 %,2,,60,180,0.1 %,0.4 %,3,1.8,1,0,1,5,1,0,1,4,0,0,1,3,2,,2,5,4,,1,3.7,-119,0,-0.1 %,0.0 %,-119,0,-0.1 %,0.0 %,0,0,0.0 %,0.0 %,66.7 %,100.0 %,66.7 %,100.0 %,66.7 %,100.0 %,120,180,-59,0,100.0 %,100.0 %
SPIP,12d RSI SPIP LT43 - L SPIP,1.3 %,5.1 %,666,2551,24.0 %,16.4 %,5.5 %,31.1 %,0.0 %,-1.4 %,4,13,0.3,1.1,100.0 %,100.0 %,,,166,190,0.3 %,0.4 %,2,2.1,0,0,4,13,0,0,4,12,0,0,2,6,,,4,13,,,4.5,6.8,0,0,0.0 %,0.0 %,0,0,0.0 %,0.0 %,0,0,0.0 %,0.0 %,100.0 %,100.0 %,100.0 %,100.0 %,100.0 %,100.0 %,166,190,0,0,100.0 %,100.0 %
SPLB,5d RSI SPLB LT36 - L SPLB,2.7 %,11.3 %,1326,5720,48.0 %,30.8 %,5.5 %,37.1 %,-1.0 %,-4.7 %,6,19,0.5,1.6,66.7 %,79.0 %,1.7,1.4,221,285,0.4 %,0.6 %,3,3,2,2,2,8,2,2,2,8,0,1,3,9,2,3.8,4,15,3.5,5.2,1.4,3.1,-1065,-622,-1.1 %,-1.2 %,-1065,-622,-1.1 %,-1.2 %,0,-192,0.0 %,-0.4 %,66.7 %,79.0 %,66.7 %,79.0 %,66.7 %,77.8 %,464,448,-266,-324,100.0 %,90.0 %
SPMB,3d RSI SPMB LT19 - L SPMB,0.6 %,5.2 %,295,2642,36.2 %,12.8 %,1.6 %,41.3 %,-0.4 %,-1.3 %,3,11,0.2,0.9,66.7 %,100.0 %,1.2,,98,233,0.2 %,0.5 %,4.7,1.9,1,0,1,11,1,0,1,10,0,0,2,7,2,,2,11,2.5,,0.8,9.8,-399,0,-0.4 %,0.0 %,-399,0,-0.4 %,0.0 %,0,0,0.0 %,0.0 %,66.7 %,100.0 %,66.7 %,100.0 %,66.7 %,100.0 %,247,233,-200,0,100.0 %,100.0 %
SPMO,4d RSI SPMO LT18 - L SPMO,2.8 %,22.3 %,1409,11243,31.4 %,10.4 %,9.0 %,216.2 %,-0.5 %,-4.9 %,2,7,0.2,0.6,50.0 %,100.0 %,7,,705,1490,1.4 %,3.0 %,4.5,2.7,1,0,1,7,1,0,1,7,1,0,1,6,1,,1,7,7,,1.1,2.2,-466,0,-0.5 %,0.0 %,-466,0,-0.5 %,0.0 %,-466,0,-0.5 %,0.0 %,50.0 %,100.0 %,50.0 %,100.0 %,50.0 %,100.0 %,1642,1490,-233,0,50.0 %,100.0 %
SPPP,16d RSI SPPP LT50 - L SPPP,0.1 %,43.1 %,41,21738,90.2 %,37.2 %,0.1 %,116.9 %,-7.6 %,-4.3 %,10,26,0.8,2.2,60.0 %,92.3 %,0.7,2,4,697,0.0 %,1.4 %,2.6,2.6,2,1,4,15,2,1,3,14,1,0,1,8,1.5,12,6,24,1,24.3,0,6.5,-7867,-616,-7.9 %,-1.2 %,-4046,-161,-4.0 %,-0.3 %,-99,0,-0.1 %,0.0 %,60.0 %,92.3 %,60.0 %,92.3 %,42.9 %,95.2 %,1280,788,-1910,-389,50.0 %,100.0 %
SPSB,14d RSI SPSB LT69 - L SPSB,-0.1 %,4.7 %,-49,2353,48.2 %,68.0 %,-0.2 %,6.9 %,-0.4 %,-0.6 %,5,39,0.4,3.3,80.0 %,89.7 %,0.2,5.2,-10,59,-0.0 %,0.1 %,4.2,3.4,1,2,2,14,1,2,2,12,1,0,1,12,4,8.8,4,35,0.7,45.6,-0.3,8.4,-364,0,-0.4 %,0.0 %,-364,0,-0.4 %,0.0 %,-231,0,-0.2 %,0.0 %,80.0 %,89.7 %,80.0 %,89.7 %,80.0 %,91.2 %,33,67,-182,-13,50.0 %,100.0 %
SPTI,3d RSI SPTI LT13 - L SPTI,0.6 %,2.9 %,297,1446,62.5 %,5.2 %,1.0 %,55.6 %,0.0 %,-0.1 %,2,6,0.2,0.5,100.0 %,100.0 %,,,149,236,0.3 %,0.5 %,1.5,1.2,0,0,2,6,0,0,2,6,0,0,1,6,,,2,6,,,25.3,5.6,0,0,0.0 %,0.0 %,0,0,0.0 %,0.0 %,0,0,0.0 %,0.0 %,100.0 %,100.0 %,100.0 %,100.0 %,100.0 %,100.0 %,149,236,0,0,100.0 %,100.0 %
SPTL,3d RSI SPTL LT12 - L SPTL,1.5 %,4.9 %,773,2454,57.1 %,6.8 %,2.7 %,72.2 %,0.0 %,-1.4 %,2,6,0.2,0.5,100.0 %,100.0 %,,,387,398,0.8 %,0.8 %,1,1.8,0,0,2,6,0,0,2,5,0,0,1,4,,,2,6,,,40.7,6.2,0,0,0.0 %,0.0 %,0,0,0.0 %,0.0 %,0,0,0.0 %,0.0 %,100.0 %,100.0 %,100.0 %,100.0 %,100.0 %,100.0 %,387,398,0,0,100.0 %,100.0 %
SPTS,5d RSI SPTS LT40 - L SPTS,0.1 %,1.5 %,69,770,94.7 %,12.4 %,0.1 %,12.4 %,-0.1 %,-0.1 %,4,10,0.3,0.8,25.0 %,100.0 %,7,,17,76,0.0 %,0.1 %,3.5,2.1,3,0,1,10,3,0,1,9,0,0,1,7,0.3,,1,10,2.3,,0.6,10.4,-103,0,-0.1 %,0.0 %,-103,0,-0.1 %,0.0 %,0,0,0.0 %,0.0 %,25.0 %,100.0 %,25.0 %,100.0 %,25.0 %,100.0 %,120,76,-17,0,100.0 %,100.0 %
SPYG,9d RSI SPYG LT27 - L SPYG,2.5 %,7.4 %,1257,3721,100.0 %,6.4 %,2.5 %,116.3 %,0.0 %,-9.5 %,1,3,0.1,0.2,100.0 %,66.7 %,,1.3,1257,1300,2.5 %,2.6 %,1,4.3,0,1,1,2,0,1,1,1,0,1,1,1,,2,1,2,,2.5,0,0.7,0,-2587,0.0 %,-5.2 %,0,-1297,0.0 %,-2.6 %,0,-1297,0.0 %,-2.6 %,100.0 %,66.7 %,100.0 %,66.7 %,100.0 %,50.0 %,1257,3244,0,-2587,100.0 %,50.0 %
SPYX,5d RSI SPYX LT19 - L SPYX,-0.8 %,8.3 %,-398,4182,100.0 %,8.4 %,-0.8 %,99.6 %,0.0 %,-9.6 %,1,4,0.1,0.3,0.0 %,75.0 %,0,1.1,-398,1051,-0.8 %,2.1 %,8,4.2,1,1,0,3,1,1,0,3,1,1,0,3,0,3,0,3,0,3.2,0,1,-796,-1940,-0.8 %,-3.9 %,-796,-1940,-0.8 %,-3.9 %,-796,-1940,-0.8 %,-3.9 %,0.0 %,75.0 %,0.0 %,75.0 %,0.0 %,75.0 %,0,2048,-398,-1940,0.0 %,75.0 %
SRLN,21d RSI SRLN LT39 - L SRLN,1.3 %,1.0 %,660,498,74.1 %,5.6 %,1.8 %,17.8 %,-0.2 %,-3.3 %,5,3,0.4,0.2,80.0 %,100.0 %,1.9,,132,164,0.3 %,0.3 %,2.8,3.7,1,0,3,3,1,0,2,3,0,0,2,2,4,,4,3,7.6,,2,2.5,-200,0,-0.2 %,0.0 %,-200,0,-0.2 %,0.0 %,0,0,0.0 %,0.0 %,80.0 %,100.0 %,80.0 %,100.0 %,75.0 %,100.0 %,190,164,-100,0,100.0 %,100.0 %
SRTY,4d RSI SRTY LT13 - L SRTY,0.9 %,18.2 %,435,9181,100.0 %,5.6 %,0.9 %,327.9 %,0.0 %,-2.9 %,1,5,0.1,0.4,100.0 %,100.0 %,,,435,1713,0.9 %,3.4 %,3,1.8,0,0,1,5,0,0,1,5,0,0,1,5,,,1,5,,,0,3.6,0,0,0.0 %,0.0 %,0,0,0.0 %,0.0 %,0,0,0.0 %,0.0 %,100.0 %,100.0 %,100.0 %,100.0 %,100.0 %,100.0 %,435,1713,0,0,100.0 %,100.0 %
STIP,4d RSI STIP LT24 - L STIP,0.3 %,0.9 %,175,444,16.0 %,7.6 %,2.2 %,11.7 %,0.0 %,-0.1 %,2,6,0.2,0.5,100.0 %,100.0 %,,,87,73,0.2 %,0.1 %,3,2.2,0,0,2,6,0,0,2,6,0,0,2,5,,,2,6,,,3.7,7.3,0,0,0.0 %,0.0 %,0,0,0.0 %,0.0 %,0,0,0.0 %,0.0 %,100.0 %,100.0 %,100.0 %,100.0 %,100.0 %,100.0 %,87,73,0,0,100.0 %,100.0 %
SUB,3d RSI SUB LT10 - L SUB,-0.1 %,0.4 %,-28,180,100.0 %,5.2 %,-0.1 %,6.9 %,0.0 %,-0.1 %,1,4,0.1,0.3,0.0 %,75.0 %,0,6.6,-28,45,-0.1 %,0.1 %,6,2.2,1,1,0,2,1,1,0,2,1,0,0,2,0,3,0,3,0,19.9,0,2.1,-56,-9,-0.1 %,-0.0 %,-56,-9,-0.1 %,-0.0 %,-56,0,-0.1 %,0.0 %,0.0 %,75.0 %,0.0 %,75.0 %,0.0 %,75.0 %,0,63,-28,-9,0.0 %,100.0 %
SUSB,5d RSI SUSB LT63 - L SUSB,-0.4 %,6.1 %,-197,3052,58.6 %,58.8 %,-0.7 %,10.4 %,-0.7 %,-1.0 %,7,36,0.6,3,57.1 %,94.4 %,0.3,2.2,-28,82,-0.1 %,0.2 %,3.7,3.1,2,1,2,24,2,0,3,30,1,0,2,12,1.3,17,4,34,0.4,37.5,-0.6,7.5,-674,-40,-0.7 %,-0.1 %,-674,0,-0.7 %,0.0 %,-594,0,-0.6 %,0.0 %,57.1 %,94.4 %,57.1 %,94.4 %,66.7 %,100.0 %,40,89,-119,-40,66.7 %,100.0 %
SUSC,13d RSI SUSC LT59 - L SUSC,0.3 %,7.6 %,126,3819,70.5 %,70.8 %,0.4 %,10.8 %,-0.9 %,-2.6 %,10,42,0.8,3.5,60.0 %,76.2 %,0.9,1.2,13,87,0.0 %,0.2 %,3.2,3.1,3,2,3,14,3,2,2,14,1,1,2,7,1.5,3.2,6,32,1.3,3.7,0.3,3.5,-913,-363,-0.9 %,-0.7 %,-913,-363,-0.9 %,-0.7 %,-564,-90,-0.6 %,-0.2 %,60.0 %,76.2 %,60.0 %,76.2 %,55.6 %,80.0 %,97,157,-114,-137,66.7 %,91.7 %
TAIL,12d RSI TAIL LT35 - L TAIL,0.9 %,4.3 %,440,2167,66.7 %,12.0 %,1.3 %,36.1 %,0.0 %,-0.4 %,2,7,0.2,0.6,100.0 %,100.0 %,,,220,302,0.4 %,0.6 %,1,3.3,0,0,2,7,0,0,2,7,0,0,1,4,,,2,7,,,1071.5,5.3,0,0,0.0 %,0.0 %,0,0,0.0 %,0.0 %,0,0,0.0 %,0.0 %,100.0 %,100.0 %,100.0 %,100.0 %,100.0 %,100.0 %,220,302,0,0,100.0 %,100.0 %
TBT,20d RSI TBT LT37 - L TBT,2.1 %,7.4 %,1028,3721,100.0 %,5.2 %,2.1 %,143.1 %,0.0 %,-2.2 %,1,4,0.1,0.3,100.0 %,75.0 %,,19.5,1028,905,2.1 %,1.8 %,1,2.2,0,1,1,2,0,1,1,2,0,0,1,3,,3,1,3,,58.5,0,2.2,0,-63,0.0 %,-0.1 %,0,-63,0.0 %,-0.1 %,0,0,0.0 %,0.0 %,100.0 %,75.0 %,100.0 %,75.0 %,100.0 %,75.0 %,1028,1227,0,-63,100.0 %,100.0 %
TDTF,17d RSI TDTF LT44 - L TDTF,0.6 %,2.5 %,304,1240,18.0 %,6.8 %,3.4 %,36.5 %,-0.3 %,-0.2 %,3,5,0.2,0.4,66.7 %,100.0 %,1.6,,101,244,0.2 %,0.5 %,2,2.4,1,0,1,5,1,0,1,5,0,0,2,4,2,,2,5,3.3,,1,4.4,-270,0,-0.3 %,0.0 %,-270,0,-0.3 %,0.0 %,0,0,0.0 %,0.0 %,66.7 %,100.0 %,66.7 %,100.0 %,66.7 %,100.0 %,219,244,-135,0,100.0 %,100.0 %
TDTT,21d RSI TDTT LT48 - L TDTT,0.4 %,1.4 %,186,709,16.0 %,8.8 %,2.3 %,16.1 %,0.0 %,-0.1 %,2,7,0.2,0.6,100.0 %,100.0 %,,,93,100,0.2 %,0.2 %,3,2.1,0,0,2,7,0,0,2,7,0,0,2,4,,,2,7,,,4.3,6.7,0,0,0.0 %,0.0 %,0,0,0.0 %,0.0 %,0,0,0.0 %,0.0 %,100.0 %,100.0 %,100.0 %,100.0 %,100.0 %,100.0 %,93,100,0,0,100.0 %,100.0 %
TFI,4d RSI TFI LT12 - L TFI,-0.0 %,0.5 %,-22,244,78.6 %,5.2 %,-0.1 %,9.4 %,0.0 %,-0.4 %,2,4,0.2,0.3,50.0 %,75.0 %,0.3,7.3,-11,60,-0.0 %,0.1 %,4.5,2.2,1,1,1,2,1,1,1,2,1,0,0,3,1,3,1,3,0.3,22,-0.7,2.4,-66,-12,-0.1 %,-0.0 %,-66,-12,-0.1 %,-0.0 %,-43,0,-0.0 %,0.0 %,50.0 %,75.0 %,50.0 %,75.0 %,50.0 %,75.0 %,11,84,-33,-12,0.0 %,100.0 %
TFLO,3d RSI TFLO LT69 - L TFLO,0.2 %,1.0 %,89,495,15.1 %,20.4 %,1.2 %,4.8 %,0.0 %,-0.0 %,3,17,0.2,1.4,100.0 %,100.0 %,,,30,29,0.1 %,0.1 %,1.7,2,0,0,3,17,0,0,3,16,0,0,3,9,,,3,17,,,6.3,10.3,0,0,0.0 %,0.0 %,0,0,0.0 %,0.0 %,0,0,0.0 %,0.0 %,100.0 %,100.0 %,100.0 %,100.0 %,100.0 %,100.0 %,30,29,0,0,100.0 %,100.0 %
TIP,17d RSI TIP LT46 - L TIP,1.2 %,4.9 %,596,2474,22.0 %,17.2 %,5.4 %,28.8 %,-0.1 %,-1.4 %,4,13,0.3,1.1,75.0 %,100.0 %,7.6,,149,185,0.3 %,0.4 %,1.8,2.3,1,0,2,13,1,0,2,12,0,0,2,6,3,,3,13,22.9,,2.7,6.4,-54,0,-0.1 %,0.0 %,-54,0,-0.1 %,0.0 %,0,0,0.0 %,0.0 %,75.0 %,100.0 %,75.0 %,100.0 %,75.0 %,100.0 %,208,185,-27,0,100.0 %,100.0 %
TIPX,16d RSI TIPX LT44 - L TIPX,0.3 %,2.0 %,131,997,18.0 %,6.8 %,1.5 %,29.3 %,0.0 %,-0.1 %,2,6,0.2,0.5,50.0 %,100.0 %,,,66,164,0.1 %,0.3 %,3.5,1.8,1,0,1,6,1,0,1,6,1,0,1,5,1,,1,6,,,1.4,4.7,0,0,0.0 %,0.0 %,0,0,0.0 %,0.0 %,0,0,0.0 %,0.0 %,50.0 %,100.0 %,50.0 %,100.0 %,50.0 %,100.0 %,131,164,0,0,50.0 %,100.0 %
TLH,3d RSI TLH LT13 - L TLH,0.9 %,5.1 %,426,2588,71.4 %,10.0 %,1.2 %,51.8 %,0.0 %,-1.5 %,2,8,0.2,0.7,100.0 %,87.5 %,,3.3,213,314,0.4 %,0.6 %,1.5,2.1,0,1,2,7,0,1,2,6,0,1,1,5,,7,2,7,,23,3.6,4.1,0,-114,0.0 %,-0.2 %,0,-114,0.0 %,-0.2 %,0,-114,0.0 %,-0.2 %,100.0 %,87.5 %,100.0 %,87.5 %,100.0 %,85.7 %,213,376,0,-114,100.0 %,83.3 %
TLT,3d RSI TLT LT14 - L TLT,1.6 %,7.5 %,822,3793,57.1 %,14.0 %,2.9 %,54.2 %,0.0 %,-1.3 %,2,9,0.2,0.8,100.0 %,100.0 %,,,411,405,0.8 %,0.8 %,1,2.9,0,0,2,9,0,0,2,8,0,0,1,7,,,2,9,,,24.2,5.4,0,0,0.0 %,0.0 %,0,0,0.0 %,0.0 %,0,0,0.0 %,0.0 %,100.0 %,100.0 %,100.0 %,100.0 %,100.0 %,100.0 %,411,405,0,0,100.0 %,100.0 %
TMF,3d RSI TMF LT15 - L TMF,7.5 %,25.1 %,3737,12672,30.0 %,15.2 %,24.9 %,166.7 %,-0.1 %,-4.1 %,4,11,0.3,0.9,75.0 %,81.8 %,31,13.3,934,1035,1.9 %,2.1 %,2,2.5,1,1,3,8,1,1,3,9,0,1,3,7,3,4.5,3,9,93.1,59.8,3.3,4.7,-81,-132,-0.1 %,-0.3 %,-81,-132,-0.1 %,-0.3 %,0,-132,0.0 %,-0.3 %,75.0 %,81.8 %,75.0 %,81.8 %,75.0 %,90.0 %,1259,1287,-41,-97,100.0 %,87.5 %
TMV,20d RSI TMV LT37 - L TMV,2.8 %,13.9 %,1387,7029,100.0 %,6.8 %,2.8 %,206.7 %,0.0 %,-3.5 %,1,4,0.1,0.3,100.0 %,75.0 %,,72.1,1387,1671,2.8 %,3.3 %,1,3.2,0,1,1,2,0,1,1,2,0,0,1,3,,3,1,3,,216.2,0,3,0,-31,0.0 %,-0.1 %,0,-31,0.0 %,-0.1 %,0,0,0.0 %,0.0 %,100.0 %,75.0 %,100.0 %,75.0 %,100.0 %,75.0 %,1387,2239,0,-31,100.0 %,100.0 %
TOTL,3d RSI TOTL LT17 - L TOTL,0.4 %,2.9 %,214,1469,27.7 %,13.2 %,1.6 %,22.2 %,-0.2 %,-0.9 %,4,9,0.3,0.8,75.0 %,100.0 %,1,,54,160,0.1 %,0.3 %,2.2,2.7,1,0,2,9,1,0,2,9,0,0,2,7,3,,3,9,3.1,,1.1,5.7,-200,0,-0.2 %,0.0 %,-200,0,-0.2 %,0.0 %,0,0,0.0 %,0.0 %,75.0 %,100.0 %,75.0 %,100.0 %,75.0 %,100.0 %,105,160,-100,0,100.0 %,100.0 %
TUR,17d RSI TUR LT36 - L TUR,4.1 %,18.2 %,2042,9177,100.0 %,6.0 %,4.1 %,305.9 %,0.0 %,-0.8 %,1,7,0.1,0.6,100.0 %,100.0 %,,,2042,1217,4.1 %,2.4 %,1,1.1,0,0,1,7,0,0,1,6,0,0,1,5,,,1,7,,,0,3.7,0,0,0.0 %,0.0 %,0,0,0.0 %,0.0 %,0,0,0.0 %,0.0 %,100.0 %,100.0 %,100.0 %,100.0 %,100.0 %,100.0 %,2042,1217,0,0,100.0 %,100.0 %
TWM,4d RSI TWM LT14 - L TWM,0.4 %,11.5 %,179,5786,100.0 %,6.0 %,0.4 %,192.9 %,0.0 %,-1.8 %,1,5,0.1,0.4,100.0 %,100.0 %,,,179,1103,0.4 %,2.2 %,3,2,0,0,1,5,0,0,1,5,0,0,1,5,,,1,5,,,0,3.5,0,0,0.0 %,0.0 %,0,0,0.0 %,0.0 %,0,0,0.0 %,0.0 %,100.0 %,100.0 %,100.0 %,100.0 %,100.0 %,100.0 %,179,1103,0,0,100.0 %,100.0 %
TZA,4d RSI TZA LT13 - L TZA,0.7 %,17.7 %,328,8932,100.0 %,5.6 %,0.7 %,319.0 %,0.0 %,-3.0 %,1,5,0.1,0.4,100.0 %,100.0 %,,,328,1669,0.7 %,3.3 %,3,1.8,0,0,1,5,0,0,1,5,0,0,1,5,,,1,5,,,0,3.6,0,0,0.0 %,0.0 %,0,0,0.0 %,0.0 %,0,0,0.0 %,0.0 %,100.0 %,100.0 %,100.0 %,100.0 %,100.0 %,100.0 %,328,1669,0,0,100.0 %,100.0 %
UAE,9d RSI UAE LT27 - L UAE,-3.7 %,11.2 %,-1868,5646,100.0 %,10.8 %,-3.7 %,104.6 %,-5.6 %,-2.4 %,4,7,0.3,0.6,25.0 %,100.0 %,1.6,,-467,771,-0.9 %,1.5 %,3,2.9,3,0,1,7,3,0,1,6,1,0,0,5,0.3,,1,7,0.5,,-0.6,2.4,-7763,0,-7.8 %,0.0 %,-7763,0,-7.8 %,0.0 %,-3736,0,-3.7 %,0.0 %,25.0 %,100.0 %,25.0 %,100.0 %,25.0 %,100.0 %,2013,771,-1294,0,0.0 %,100.0 %
UBND,3d RSI UBND LT15 - L UBND,1.2 %,2.4 %,586,1183,31.9 %,8.4 %,3.7 %,28.2 %,0.0 %,-0.8 %,5,7,0.4,0.6,100.0 %,100.0 %,,,117,166,0.2 %,0.3 %,2,2,0,0,5,7,0,0,5,7,0,0,3,7,,,5,7,,,4.4,8.6,0,0,0.0 %,0.0 %,0,0,0.0 %,0.0 %,0,0,0.0 %,0.0 %,100.0 %,100.0 %,100.0 %,100.0 %,100.0 %,100.0 %,117,166,0,0,100.0 %,100.0 %
UDN,14d RSI UDN LT35 - L UDN,1.1 %,3.4 %,528,1691,53.8 %,6.0 %,2.0 %,56.4 %,-0.1 %,-0.5 %,3,5,0.2,0.4,66.7 %,100.0 %,5.3,,176,331,0.4 %,0.7 %,1.3,2,1,0,1,5,0,0,2,5,0,0,1,4,2,,2,5,10.5,,1.5,7.1,-111,0,-0.1 %,0.0 %,0,0,0.0 %,0.0 %,0,0,0.0 %,0.0 %,66.7 %,100.0 %,66.7 %,100.0 %,100.0 %,100.0 %,292,331,-55,0,100.0 %,100.0 %
UDOW,7d RSI UDOW LT24 - L UDOW,-1.8 %,28.1 %,-911,14152,83.3 %,5.6 %,-2.2 %,505.4 %,-3.3 %,-13.3 %,2,4,0.2,0.3,50.0 %,100.0 %,0.5,,-455,3278,-0.9 %,6.6 %,4,2.5,1,0,1,4,1,0,1,4,1,0,0,4,1,,1,4,0.5,,-0.5,2.1,-3398,0,-3.4 %,0.0 %,-3398,0,-3.4 %,0.0 %,-1821,0,-1.8 %,0.0 %,50.0 %,100.0 %,50.0 %,100.0 %,50.0 %,100.0 %,788,3278,-1699,0,0.0 %,100.0 %
UGL,17d RSI UGL LT48 - L UGL,0.5 %,28.8 %,272,14512,27.5 %,11.2 %,2.0 %,259.1 %,-16.6 %,-3.6 %,3,10,0.2,0.8,66.7 %,100.0 %,0.5,,91,1290,0.2 %,2.6 %,2.7,1.8,1,0,1,10,1,0,1,9,1,0,1,7,2,,2,10,1,,0,4.2,-18695,0,-18.7 %,0.0 %,-11793,0,-11.8 %,0.0 %,-11793,0,-11.8 %,0.0 %,66.7 %,100.0 %,66.7 %,100.0 %,50.0 %,100.0 %,4810,1290,-9348,0,50.0 %,100.0 %
UITB,3d RSI UITB LT12 - L UITB,0.4 %,1.8 %,222,927,71.4 %,5.2 %,0.6 %,35.7 %,0.0 %,-0.6 %,2,5,0.2,0.4,100.0 %,100.0 %,,,111,183,0.2 %,0.4 %,1.5,1.6,0,0,2,5,0,0,2,5,0,0,1,5,,,2,5,,,32.4,3.3,0,0,0.0 %,0.0 %,0,0,0.0 %,0.0 %,0,0,0.0 %,0.0 %,100.0 %,100.0 %,100.0 %,100.0 %,100.0 %,100.0 %,111,183,0,0,100.0 %,100.0 %
ULST,15d RSI ULST LT54 - L ULST,0.1 %,1.1 %,37,576,100.0 %,5.6 %,0.1 %,20.6 %,0.0 %,-0.1 %,1,3,0.1,0.2,100.0 %,100.0 %,,,37,190,0.1 %,0.4 %,12,3.7,0,0,1,3,0,0,1,3,0,0,1,3,,,1,3,,,0,3.3,0,0,0.0 %,0.0 %,0,0,0.0 %,0.0 %,0,0,0.0 %,0.0 %,100.0 %,100.0 %,100.0 %,100.0 %,100.0 %,100.0 %,37,190,0,0,100.0 %,100.0 %
UNL,17d RSI UNL LT35 - L UNL,6.3 %,10.9 %,3168,5514,80.0 %,6.8 %,7.9 %,162.2 %,0.0 %,-1.4 %,2,6,0.2,0.5,100.0 %,100.0 %,,,1584,878,3.2 %,1.8 %,1,1.8,0,0,2,6,0,0,2,6,0,0,1,3,,,2,6,,,6.5,2.9,0,0,0.0 %,0.0 %,0,0,0.0 %,0.0 %,0,0,0.0 %,0.0 %,100.0 %,100.0 %,100.0 %,100.0 %,100.0 %,100.0 %,1584,878,0,0,100.0 %,100.0 %
URTH,3d RSI URTH LT10 - L URTH,0.8 %,11.4 %,390,5727,23.4 %,5.6 %,3.3 %,204.5 %,-0.3 %,-5.0 %,2,4,0.2,0.3,50.0 %,100.0 %,3.5,,195,1376,0.4 %,2.8 %,4.5,2.5,1,0,1,4,1,0,1,4,1,0,1,4,1,,1,4,3.5,,0.8,2.4,-308,0,-0.3 %,0.0 %,-308,0,-0.3 %,0.0 %,-308,0,-0.3 %,0.0 %,50.0 %,100.0 %,50.0 %,100.0 %,50.0 %,100.0 %,544,1376,-154,0,50.0 %,100.0 %
USDU,3d RSI USDU LT16 - L USDU,0.4 %,5.4 %,189,2739,36.7 %,17.6 %,1.0 %,31.1 %,0.0 %,-2.5 %,2,13,0.2,1.1,50.0 %,92.3 %,1.3,1.5,95,204,0.2 %,0.4 %,4.5,2.4,1,1,1,8,1,1,1,7,1,0,1,9,1,12,1,12,1.3,17.9,0.2,3.7,-1353,-157,-1.4 %,-0.3 %,-1353,-157,-1.4 %,-0.3 %,-1353,0,-1.4 %,0.0 %,50.0 %,92.3 %,50.0 %,92.3 %,50.0 %,91.7 %,866,234,-676,-157,50.0 %,100.0 %
USFR,3d RSI USFR LT70 - L USFR,0.3 %,1.1 %,139,550,59.3 %,23.6 %,0.5 %,4.7 %,0.0 %,-0.0 %,6,14,0.5,1.2,100.0 %,100.0 %,,,23,39,0.0 %,0.1 %,1.7,3.2,0,0,6,14,0,0,5,13,0,0,2,9,,,6,14,,,12.1,6,0,0,0.0 %,0.0 %,0,0,0.0 %,0.0 %,0,0,0.0 %,0.0 %,100.0 %,100.0 %,100.0 %,100.0 %,100.0 %,100.0 %,23,39,0,0,100.0 %,100.0 %
USHY,3d RSI USHY LT16 - L USHY,0.5 %,2.7 %,272,1349,100.0 %,8.4 %,0.5 %,32.1 %,0.0 %,-2.2 %,1,5,0.1,0.4,100.0 %,100.0 %,,,272,266,0.5 %,0.5 %,3,3.2,0,0,1,5,0,0,1,5,0,0,1,5,,,1,5,,,0,2.2,0,0,0.0 %,0.0 %,0,0,0.0 %,0.0 %,0,0,0.0 %,0.0 %,100.0 %,100.0 %,100.0 %,100.0 %,100.0 %,100.0 %,272,266,0,0,100.0 %,100.0 %
USIG,21d RSI USIG LT59 - L USIG,0.5 %,6.9 %,260,3475,82.0 %,69.6 %,0.6 %,10.0 %,-0.8 %,-2.5 %,12,43,1,3.6,66.7 %,69.8 %,0.7,1.4,22,78,0.0 %,0.2 %,3.1,3,3,3,4,12,3,3,3,14,1,1,2,7,2,2.3,8,30,1.5,3.2,0.6,3.2,-822,-576,-0.8 %,-1.1 %,-822,-576,-0.8 %,-1.1 %,-488,-484,-0.5 %,-1.0 %,66.7 %,69.8 %,66.7 %,69.8 %,60.0 %,71.4 %,103,163,-141,-118,66.7 %,91.7 %
USMV,7d RSI USMV LT44 - L USMV,1.4 %,21.1 %,680,10630,30.8 %,30.0 %,4.4 %,70.9 %,0.0 %,-3.7 %,2,20,0.2,1.7,100.0 %,90.0 %,,3.6,340,482,0.7 %,1.0 %,1,2.7,0,1,2,15,0,1,2,16,0,1,1,10,,9,2,18,,32.5,10.4,5.6,0,-257,0.0 %,-0.5 %,0,-257,0.0 %,-0.5 %,0,-257,0.0 %,-0.5 %,100.0 %,90.0 %,100.0 %,90.0 %,100.0 %,94.1 %,340,553,0,-153,100.0 %,90.9 %
USTB,17d RSI USTB LT68 - L USTB,0.1 %,5.6 %,70,2806,57.7 %,67.6 %,0.2 %,8.3 %,-0.3 %,-0.6 %,7,55,0.6,4.6,57.1 %,89.1 %,1.1,3.3,10,49,0.0 %,0.1 %,3.1,2.1,3,1,3,22,3,1,2,22,1,0,1,12,1.3,8.2,4,49,1.5,27.3,0.5,8.7,-276,-51,-0.3 %,-0.1 %,-276,0,-0.3 %,0.0 %,-157,0,-0.2 %,0.0 %,57.1 %,89.1 %,57.1 %,89.1 %,50.0 %,97.3 %,52,57,-46,-17,50.0 %,100.0 %
UTES,3d RSI UTES LT13 - L UTES,-1.4 %,20.8 %,-725,10494,100.0 %,12.4 %,-1.4 %,169.3 %,0.0 %,-4.0 %,1,8,0.1,0.7,0.0 %,100.0 %,0,,-725,1203,-1.4 %,2.4 %,15,2.9,1,0,0,8,1,0,0,8,1,0,0,8,0,,0,8,0,,0,4.2,-1449,0,-1.4 %,0.0 %,-1449,0,-1.4 %,0.0 %,-1449,0,-1.4 %,0.0 %,0.0 %,100.0 %,0.0 %,100.0 %,0.0 %,100.0 %,0,1203,-725,0,0.0 %,100.0 %
UTSL,4d RSI UTSL LT12 - L UTSL,8.5 %,19.3 %,4271,9741,100.0 %,5.6 %,8.5 %,347.9 %,0.0 %,-9.8 %,1,4,0.1,0.3,100.0 %,100.0 %,,,4271,2278,8.5 %,4.6 %,5,2.5,0,0,1,4,0,0,1,4,0,0,1,4,,,1,4,,,0,3.2,0,0,0.0 %,0.0 %,0,0,0.0 %,0.0 %,0,0,0.0 %,0.0 %,100.0 %,100.0 %,100.0 %,100.0 %,100.0 %,100.0 %,4271,2278,0,0,100.0 %,100.0 %
UUP,3d RSI UUP LT12 - L UUP,-0.2 %,2.5 %,-111,1287,100.0 %,6.8 %,-0.2 %,37.8 %,0.0 %,-0.7 %,1,7,0.1,0.6,0.0 %,85.7 %,0,1.8,-111,181,-0.2 %,0.4 %,5,1.4,1,1,0,6,1,1,0,6,1,1,0,4,0,6,0,6,0,10.9,0,2.4,-223,-128,-0.2 %,-0.3 %,-223,-128,-0.2 %,-0.3 %,-223,-128,-0.2 %,-0.3 %,0.0 %,85.7 %,0.0 %,85.7 %,0.0 %,85.7 %,0,232,-111,-128,0.0 %,80.0 %
VBR,4d RSI VBR LT14 - L VBR,-0.3 %,11.2 %,-139,5659,100.0 %,8.4 %,-0.3 %,134.7 %,0.0 %,-7.6 %,1,5,0.1,0.4,0.0 %,80.0 %,0,2.1,-139,1086,-0.3 %,2.2 %,13,3.2,1,1,0,4,1,1,0,4,1,1,0,4,0,4,0,4,0,8.6,0,2.4,-279,-719,-0.3 %,-1.4 %,-279,-719,-0.3 %,-1.4 %,-279,-719,-0.3 %,-1.4 %,0.0 %,80.0 %,0.0 %,80.0 %,0.0 %,80.0 %,0,1537,-139,-719,0.0 %,80.0 %
VCIT,16d RSI VCIT LT61 - L VCIT,-0.0 %,7.9 %,-19,3972,78.7 %,74.4 %,-0.0 %,10.7 %,-0.8 %,-2.5 %,10,45,0.8,3.8,50.0 %,73.3 %,1,1.3,-2,85,-0.0 %,0.2 %,3.7,3.1,3,3,3,13,3,3,3,12,1,1,2,7,1,2.8,5,33,1,3.7,0,3.5,-849,-486,-0.8 %,-1.0 %,-849,-486,-0.8 %,-1.0 %,-495,-409,-0.5 %,-0.8 %,50.0 %,73.3 %,50.0 %,73.3 %,50.0 %,71.8 %,117,159,-121,-120,66.7 %,91.7 %
VCLT,3d RSI VCLT LT14 - L VCLT,1.6 %,8.4 %,785,4251,40.0 %,8.8 %,3.9 %,96.6 %,-0.1 %,-2.0 %,3,7,0.2,0.6,66.7 %,85.7 %,8,1.6,262,585,0.5 %,1.2 %,3,2.1,1,1,1,6,1,1,1,6,0,1,2,5,2,6,2,6,16,9.6,1.9,2.7,-104,-479,-0.1 %,-1.0 %,-104,-479,-0.1 %,-1.0 %,0,-479,0.0 %,-1.0 %,66.7 %,85.7 %,66.7 %,85.7 %,66.7 %,85.7 %,419,762,-52,-479,100.0 %,83.3 %
VCSH,3d RSI VCSH LT17 - L VCSH,-0.4 %,0.9 %,-201,481,100.0 %,6.0 %,-0.4 %,16.0 %,0.0 %,-0.6 %,1,6,0.1,0.5,0.0 %,66.7 %,0,35.7,-201,79,-0.4 %,0.2 %,8,1.5,1,1,0,2,1,1,0,4,1,1,0,4,0,2,0,4,0,71.4,0,2.2,-402,-7,-0.4 %,-0.0 %,-402,-7,-0.4 %,-0.0 %,-402,-7,-0.4 %,-0.0 %,0.0 %,66.7 %,0.0 %,66.7 %,0.0 %,80.0 %,0,121,-201,-3,0.0 %,80.0 %
VEA,19d RSI VEA LT42 - L VEA,0.7 %,10.7 %,325,5406,90.0 %,5.6 %,0.7 %,193.1 %,-0.3 %,-3.8 %,2,5,0.2,0.4,50.0 %,100.0 %,3.1,,163,1035,0.3 %,2.1 %,3.5,1.8,1,0,1,5,1,0,1,4,0,0,1,3,1,,1,5,3.1,,0.7,3,-312,0,-0.3 %,0.0 %,-312,0,-0.3 %,0.0 %,0,0,0.0 %,0.0 %,50.0 %,100.0 %,50.0 %,100.0 %,50.0 %,100.0 %,481,1035,-156,0,100.0 %,100.0 %
VEU,19d RSI VEU LT42 - L VEU,2.8 %,9.8 %,1412,4925,78.6 %,6.0 %,3.6 %,164.2 %,-0.7 %,-4.4 %,4,5,0.3,0.4,75.0 %,100.0 %,1.6,,353,945,0.7 %,1.9 %,1.8,2,1,0,2,5,0,0,3,4,0,0,1,3,3,,3,5,4.9,,1.7,3.4,-718,0,-0.7 %,0.0 %,0,0,0.0 %,0.0 %,0,0,0.0 %,0.0 %,75.0 %,100.0 %,75.0 %,100.0 %,100.0 %,100.0 %,590,945,-359,0,100.0 %,100.0 %
VFH,3d RSI VFH LT14 - L VFH,0.6 %,24.1 %,283,12140,40.0 %,13.6 %,1.4 %,178.5 %,-1.6 %,-4.6 %,3,9,0.2,0.8,66.7 %,100.0 %,0.7,,94,1220,0.2 %,2.4 %,4.7,2.8,1,0,2,9,1,0,2,9,1,0,2,9,2,,2,9,1.3,,0.2,4.4,-1666,0,-1.7 %,0.0 %,-1666,0,-1.7 %,0.0 %,-1666,0,-1.7 %,0.0 %,66.7 %,100.0 %,66.7 %,100.0 %,66.7 %,100.0 %,558,1220,-833,0,66.7 %,100.0 %
VGIT,3d RSI VGIT LT14 - L VGIT,0.7 %,2.8 %,353,1391,19.1 %,6.0 %,3.7 %,46.4 %,0.0 %,-0.1 %,3,6,0.2,0.5,100.0 %,100.0 %,,,118,227,0.2 %,0.5 %,2,1.5,0,0,3,6,0,0,3,6,0,0,2,6,,,3,6,,,6.8,5.2,0,0,0.0 %,0.0 %,0,0,0.0 %,0.0 %,0,0,0.0 %,0.0 %,100.0 %,100.0 %,100.0 %,100.0 %,100.0 %,100.0 %,118,227,0,0,100.0 %,100.0 %
VGK,4d RSI VGK LT20 - L VGK,4.9 %,11.1 %,2436,5607,76.5 %,9.2 %,6.4 %,121.9 %,-0.2 %,-4.6 %,4,8,0.3,0.7,75.0 %,100.0 %,6.9,,609,666,1.2 %,1.3 %,2.2,1.9,1,0,2,8,1,0,2,8,0,0,1,5,3,,3,8,20.6,,1.9,3.5,-249,0,-0.2 %,0.0 %,-249,0,-0.2 %,0.0 %,0,0,0.0 %,0.0 %,75.0 %,100.0 %,75.0 %,100.0 %,75.0 %,100.0 %,853,666,-124,0,100.0 %,100.0 %
VGLT,3d RSI VGLT LT13 - L VGLT,1.0 %,6.6 %,498,3313,71.4 %,10.4 %,1.4 %,63.7 %,0.0 %,-1.4 %,2,8,0.2,0.7,100.0 %,100.0 %,,,249,400,0.5 %,0.8 %,1.5,2.2,0,0,2,8,0,0,2,7,0,0,1,6,,,2,8,,,3.1,5,0,0,0.0 %,0.0 %,0,0,0.0 %,0.0 %,0,0,0.0 %,0.0 %,100.0 %,100.0 %,100.0 %,100.0 %,100.0 %,100.0 %,249,400,0,0,100.0 %,100.0 %
VGSH,3d RSI VGSH LT24 - L VGSH,0.0 %,0.9 %,9,472,34.0 %,9.2 %,0.1 %,10.3 %,-0.1 %,-0.1 %,4,9,0.3,0.8,50.0 %,100.0 %,1.2,,2,52,0.0 %,0.1 %,2.8,1.6,2,0,2,9,2,0,2,9,1,0,1,8,1,,2,9,1.2,,0.2,6.5,-85,0,-0.1 %,0.0 %,-85,0,-0.1 %,0.0 %,-51,0,-0.1 %,0.0 %,50.0 %,100.0 %,50.0 %,100.0 %,50.0 %,100.0 %,26,52,-21,0,50.0 %,100.0 %
VGT,5d RSI VGT LT17 - L VGT,4.4 %,10.3 %,2189,5180,100.0 %,7.6 %,4.4 %,136.3 %,0.0 %,-11.3 %,1,3,0.1,0.2,100.0 %,66.7 %,,1.7,2189,1760,4.4 %,3.5 %,1,5.3,0,1,1,2,0,1,1,2,0,1,1,2,,2,1,2,,3.4,0,0.9,0,-2204,0.0 %,-4.4 %,0,-2204,0.0 %,-4.4 %,0,-2204,0.0 %,-4.4 %,100.0 %,66.7 %,100.0 %,66.7 %,100.0 %,66.7 %,2189,3742,0,-2204,100.0 %,66.7 %
VHT,3d RSI VHT LT21 - L VHT,-0.7 %,15.4 %,-335,7775,41.5 %,16.4 %,-1.6 %,94.8 %,-1.7 %,-5.7 %,3,11,0.2,0.9,66.7 %,90.9 %,0.3,2.4,-112,659,-0.2 %,1.3 %,4.7,2.7,1,1,2,9,1,1,2,8,1,1,1,7,2,10,2,10,0.6,24,-0.4,4.5,-1691,-315,-1.7 %,-0.6 %,-1691,-315,-1.7 %,-0.6 %,-1426,-315,-1.4 %,-0.6 %,66.7 %,90.9 %,66.7 %,90.9 %,66.7 %,90.0 %,255,756,-845,-315,50.0 %,88.9 %
VIG,3d RSI VIG LT12 - L VIG,0.6 %,10.6 %,279,5348,100.0 %,5.2 %,0.6 %,205.7 %,0.0 %,-4.4 %,1,5,0.1,0.4,100.0 %,100.0 %,,,279,1026,0.6 %,2.0 %,1,1.6,0,0,1,5,0,0,1,5,0,0,1,5,,,1,5,,,0,2.7,0,0,0.0 %,0.0 %,0,0,0.0 %,0.0 %,0,0,0.0 %,0.0 %,100.0 %,100.0 %,100.0 %,100.0 %,100.0 %,100.0 %,279,1026,0,0,100.0 %,100.0 %
VIGI,19d RSI VIGI LT41 - L VIGI,-2.1 %,11.1 %,-1045,5616,93.3 %,8.8 %,-2.2 %,127.6 %,-2.3 %,-3.6 %,3,7,0.2,0.6,33.3 %,85.7 %,0.2,3.6,-348,764,-0.7 %,1.5 %,3.7,2.1,2,1,1,5,2,1,1,4,1,0,0,4,0.5,6,1,6,0.1,21.4,-1.5,3.3,-2276,-262,-2.3 %,-0.5 %,-2276,-262,-2.3 %,-0.5 %,-2089,0,-2.1 %,0.0 %,33.3 %,85.7 %,33.3 %,85.7 %,33.3 %,83.3 %,93,935,-569,-262,0.0 %,100.0 %
VIXM,15d RSI VIXM LT39 - L VIXM,3.5 %,5.5 %,1740,2759,93.8 %,18.4 %,3.7 %,30.0 %,-0.1 %,-4.9 %,4,10,0.3,0.8,75.0 %,80.0 %,17.9,0.6,435,272,0.9 %,0.5 %,2.5,3.6,1,1,2,4,1,1,2,4,0,1,1,5,3,4,3,8,53.6,2.5,2.4,1.3,-66,-1515,-0.1 %,-3.0 %,-66,-1515,-0.1 %,-3.0 %,0,-765,0.0 %,-1.5 %,75.0 %,80.0 %,75.0 %,80.0 %,75.0 %,80.0 %,591,568,-33,-913,100.0 %,83.3 %
VLUE,3d RSI VLUE LT11 - L VLUE,1.5 %,9.7 %,734,4909,100.0 %,8.0 %,1.5 %,122.7 %,0.0 %,-6.3 %,1,5,0.1,0.4,100.0 %,60.0 %,,5.3,734,951,1.5 %,1.9 %,1,3,0,1,1,2,0,1,1,2,0,1,1,2,,1.5,1,3,,8,0,1.8,0,-561,0.0 %,-1.1 %,0,-561,0.0 %,-1.1 %,0,-561,0.0 %,-1.1 %,100.0 %,60.0 %,100.0 %,60.0 %,100.0 %,60.0 %,734,1812,0,-339,100.0 %,60.0 %
VMBS,3d RSI VMBS LT14 - L VMBS,1.4 %,2.6 %,716,1290,64.3 %,5.2 %,2.2 %,49.6 %,0.0 %,-1.0 %,3,4,0.2,0.3,100.0 %,100.0 %,,,239,317,0.5 %,0.6 %,2,2.2,0,0,3,4,0,0,3,4,0,0,1,4,,,3,4,,,5.2,3.9,0,0,0.0 %,0.0 %,0,0,0.0 %,0.0 %,0,0,0.0 %,0.0 %,100.0 %,100.0 %,100.0 %,100.0 %,100.0 %,100.0 %,239,317,0,0,100.0 %,100.0 %
VNLA,5d RSI VNLA LT67 - L VNLA,0.1 %,0.9 %,41,439,61.0 %,16.4 %,0.1 %,5.3 %,-0.3 %,-1.0 %,4,10,0.3,0.8,75.0 %,90.0 %,0.4,0.7,10,43,0.0 %,0.1 %,5.2,3.1,1,1,2,6,1,1,1,5,1,1,1,5,3,9,3,9,1.3,6.1,0.2,2.9,-265,-85,-0.3 %,-0.2 %,-224,-43,-0.2 %,-0.1 %,-60,-43,-0.1 %,-0.1 %,75.0 %,90.0 %,75.0 %,90.0 %,66.7 %,87.5 %,58,58,-132,-85,50.0 %,87.5 %
VNM,14d RSI VNM LT60 - L VNM,-3.8 %,38.0 %,-1876,19176,83.3 %,58.8 %,-4.5 %,65.2 %,-8.0 %,-13.2 %,11,45,0.9,3.8,54.5 %,75.6 %,0.6,0.9,-171,367,-0.3 %,0.7 %,3.5,2.3,2,3,2,8,2,3,2,5,1,1,1,9,1.2,3.1,6,34,0.8,2.8,-0.4,2.8,-8221,-3564,-8.2 %,-7.1 %,-8221,-3392,-8.2 %,-6.8 %,-6484,-1244,-6.5 %,-2.5 %,54.5 %,75.6 %,54.5 %,75.6 %,55.6 %,65.6 %,1042,749,-1625,-813,33.3 %,90.9 %
VNQI,7d RSI VNQI LT46 - L VNQI,-9.7 %,10.0 %,-4830,5021,100.0 %,27.6 %,-9.7 %,36.4 %,-7.4 %,-3.8 %,3,19,0.2,1.6,0.0 %,84.2 %,0,0.6,-1610,254,-3.2 %,0.5 %,5,2.6,3,2,0,15,3,2,0,11,1,1,0,7,0,5.3,0,16,0,3.4,-10.6,2,-9660,-793,-9.7 %,-1.6 %,-9660,-793,-9.7 %,-1.6 %,-9660,-1184,-9.7 %,-2.4 %,0.0 %,84.2 %,0.0 %,84.2 %,0.0 %,80.0 %,0,425,-1610,-659,0.0 %,80.0 %
VO,12d RSI VO LT30 - L VO,1.6 %,9.0 %,788,4528,100.0 %,5.2 %,1.6 %,174.2 %,0.0 %,-4.6 %,1,3,0.1,0.2,100.0 %,66.7 %,,56.1,788,1467,1.6 %,2.9 %,3,3.3,0,1,1,2,0,1,1,2,0,1,1,2,,2,1,2,,112.1,0,2.3,0,-40,0.0 %,-0.1 %,0,-40,0.0 %,-0.1 %,0,-40,0.0 %,-0.1 %,100.0 %,66.7 %,100.0 %,66.7 %,100.0 %,66.7 %,788,2220,0,-40,100.0 %,66.7 %
VOE,3d RSI VOE LT13 - L VOE,-0.8 %,16.8 %,-402,8461,100.0 %,8.0 %,-0.8 %,211.5 %,0.0 %,-4.3 %,1,7,0.1,0.6,0.0 %,100.0 %,0,,-402,1124,-0.8 %,2.2 %,7,1.9,1,0,0,7,1,0,0,7,1,0,0,6,0,,0,7,0,,0,5,-805,0,-0.8 %,0.0 %,-805,0,-0.8 %,0.0 %,-805,0,-0.8 %,0.0 %,0.0 %,100.0 %,0.0 %,100.0 %,0.0 %,100.0 %,0,1124,-402,0,0.0 %,100.0 %
VONG,6d RSI VONG LT15 - L VONG,2.3 %,6.2 %,1164,3129,100.0 %,5.6 %,2.3 %,111.7 %,0.0 %,-9.0 %,1,2,0.1,0.2,100.0 %,50.0 %,,2.4,1164,1694,2.3 %,3.4 %,1,6,0,1,1,1,0,1,1,1,0,1,1,1,,1,1,1,,2.4,0,0.6,0,-2434,0.0 %,-4.9 %,0,-2434,0.0 %,-4.9 %,0,-2434,0.0 %,-4.9 %,100.0 %,50.0 %,100.0 %,50.0 %,100.0 %,50.0 %,1164,5821,0,-2434,100.0 %,50.0 %
VOOG,13d RSI VOOG LT32 - L VOOG,2.5 %,7.2 %,1256,3611,100.0 %,5.2 %,2.5 %,138.9 %,0.0 %,-9.2 %,1,2,0.1,0.2,100.0 %,50.0 %,,3.5,1256,1868,2.5 %,3.7 %,1,5.5,0,1,1,1,0,1,1,1,0,1,1,1,,1,1,1,,3.5,0,0.8,0,-1470,0.0 %,-2.9 %,0,-1470,0.0 %,-2.9 %,0,-1470,0.0 %,-2.9 %,100.0 %,50.0 %,100.0 %,50.0 %,100.0 %,50.0 %,1256,5206,0,-1470,100.0 %,50.0 %
VOT,16d RSI VOT LT33 - L VOT,2.9 %,5.6 %,1443,2837,100.0 %,6.4 %,2.9 %,88.6 %,0.0 %,-7.4 %,1,3,0.1,0.2,100.0 %,66.7 %,,2,1443,962,2.9 %,1.9 %,1,4.3,0,1,1,2,0,1,1,2,0,1,1,2,,2,1,2,,4,0,0.8,0,-962,0.0 %,-1.9 %,0,-962,0.0 %,-1.9 %,0,-962,0.0 %,-1.9 %,100.0 %,66.7 %,100.0 %,66.7 %,100.0 %,66.7 %,1443,1924,0,-962,100.0 %,66.7 %
VOX,7d RSI VOX LT20 - L VOX,2.8 %,12.5 %,1412,6283,100.0 %,6.8 %,2.8 %,184.8 %,0.0 %,-3.8 %,1,4,0.1,0.3,100.0 %,100.0 %,,,1412,1514,2.8 %,3.0 %,2,3.2,0,0,1,4,0,0,1,4,0,0,1,3,,,1,4,,,0,1.9,0,0,0.0 %,0.0 %,0,0,0.0 %,0.0 %,0,0,0.0 %,0.0 %,100.0 %,100.0 %,100.0 %,100.0 %,100.0 %,100.0 %,1412,1514,0,0,100.0 %,100.0 %
VPL,18d RSI VPL LT44 - L VPL,7.1 %,6.5 %,3559,3302,64.3 %,8.4 %,11.1 %,78.6 %,0.0 %,-8.6 %,3,7,0.2,0.6,100.0 %,85.7 %,,4.7,1186,458,2.4 %,0.9 %,2,2,0,1,3,3,0,0,3,5,0,0,1,4,,6,3,6,,28.1,6.7,2.5,0,-118,0.0 %,-0.2 %,0,0,0.0 %,0.0 %,0,0,0.0 %,0.0 %,100.0 %,85.7 %,100.0 %,85.7 %,100.0 %,100.0 %,1186,554,0,-118,100.0 %,100.0 %
VPU,5d RSI VPU LT18 - L VPU,2.8 %,7.1 %,1405,3574,100.0 %,5.2 %,2.8 %,137.4 %,0.0 %,-3.3 %,1,4,0.1,0.3,100.0 %,100.0 %,,,1405,866,2.8 %,1.7 %,5,2.2,0,0,1,4,0,0,1,4,0,0,1,4,,,1,4,,,0,3.7,0,0,0.0 %,0.0 %,0,0,0.0 %,0.0 %,0,0,0.0 %,0.0 %,100.0 %,100.0 %,100.0 %,100.0 %,100.0 %,100.0 %,1405,866,0,0,100.0 %,100.0 %
VRP,7d RSI VRP LT61 - L VRP,-0.2 %,5.8 %,-101,2932,46.5 %,52.8 %,-0.4 %,11.1 %,-0.7 %,-4.0 %,3,25,0.2,2.1,66.7 %,84.0 %,0.3,0.9,-34,114,-0.1 %,0.2 %,5.3,4.3,1,2,2,12,1,2,2,10,1,1,2,5,2,5.2,2,21,0.7,4.5,-0.3,3.1,-657,-84,-0.7 %,-0.2 %,-657,-84,-0.7 %,-0.2 %,-657,-87,-0.7 %,-0.2 %,66.7 %,84.0 %,66.7 %,84.0 %,66.7 %,81.8 %,114,174,-328,-204,66.7 %,81.8 %
VSS,4d RSI VSS LT17 - L VSS,2.1 %,10.8 %,1052,5429,88.2 %,10.0 %,2.4 %,108.6 %,-1.4 %,-4.6 %,3,7,0.2,0.6,66.7 %,85.7 %,1.2,18.7,351,739,0.7 %,1.5 %,4,2.6,1,1,1,6,1,1,1,6,0,1,1,4,2,6,2,6,2.5,112.5,0.7,3.8,-1406,-46,-1.4 %,-0.1 %,-1406,-46,-1.4 %,-0.1 %,0,-46,0.0 %,-0.1 %,66.7 %,85.7 %,66.7 %,85.7 %,66.7 %,85.7 %,877,870,-703,-46,100.0 %,80.0 %
VT,3d RSI VT LT10 - L VT,-0.0 %,10.7 %,-7,5375,100.0 %,5.6 %,-0.0 %,191.9 %,0.0 %,-4.7 %,1,4,0.1,0.3,0.0 %,100.0 %,0,,-7,1293,-0.0 %,2.6 %,8,2.5,1,0,0,4,1,0,0,4,1,0,0,4,0,,0,4,0,,0,2.6,-14,0,-0.0 %,0.0 %,-14,0,-0.0 %,0.0 %,-14,0,-0.0 %,0.0 %,0.0 %,100.0 %,0.0 %,100.0 %,0.0 %,100.0 %,0,1293,-7,0,0.0 %,100.0 %
VTC,12d RSI VTC LT36 - L VTC,1.7 %,2.4 %,856,1217,76.5 %,6.4 %,2.2 %,38.0 %,0.0 %,-1.2 %,4,4,0.3,0.3,100.0 %,100.0 %,,,214,300,0.4 %,0.6 %,2.2,3,0,0,4,4,0,0,4,4,0,0,1,3,,,4,4,,,4.1,2.2,0,0,0.0 %,0.0 %,0,0,0.0 %,0.0 %,0,0,0.0 %,0.0 %,100.0 %,100.0 %,100.0 %,100.0 %,100.0 %,100.0 %,214,300,0,0,100.0 %,100.0 %
VTEB,4d RSI VTEB LT13 - L VTEB,-1.3 %,0.5 %,-645,242,100.0 %,5.6 %,-1.3 %,8.7 %,0.0 %,-0.4 %,1,4,0.1,0.3,0.0 %,75.0 %,0,2.2,-645,60,-1.3 %,0.1 %,14,2.5,1,1,0,3,1,1,0,3,1,1,0,2,0,3,0,3,0,6.7,0,1.7,-1289,-42,-1.3 %,-0.1 %,-1289,-42,-1.3 %,-0.1 %,-1289,-42,-1.3 %,-0.1 %,0.0 %,75.0 %,0.0 %,75.0 %,0.0 %,75.0 %,0,94,-645,-42,0.0 %,66.7 %
VTIP,7d RSI VTIP LT40 - L VTIP,0.3 %,1.1 %,161,573,19.2 %,9.6 %,1.7 %,11.9 %,0.0 %,-0.1 %,2,7,0.2,0.6,100.0 %,100.0 %,,,80,81,0.2 %,0.2 %,3.5,2.4,0,0,2,7,0,0,2,7,0,0,2,6,,,2,7,,,2.8,11.6,0,0,0.0 %,0.0 %,0,0,0.0 %,0.0 %,0,0,0.0 %,0.0 %,100.0 %,100.0 %,100.0 %,100.0 %,100.0 %,100.0 %,80,81,0,0,100.0 %,100.0 %
VTV,3d RSI VTV LT15 - L VTV,0.2 %,13.5 %,111,6823,100.0 %,8.4 %,0.2 %,162.5 %,0.0 %,-4.2 %,1,7,0.1,0.6,100.0 %,100.0 %,,,111,920,0.2 %,1.8 %,1,2,0,0,1,7,0,0,1,7,0,0,1,6,,,1,7,,,0,3.6,0,0,0.0 %,0.0 %,0,0,0.0 %,0.0 %,0,0,0.0 %,0.0 %,100.0 %,100.0 %,100.0 %,100.0 %,100.0 %,100.0 %,111,920,0,0,100.0 %,100.0 %
VUG,6d RSI VUG LT15 - L VUG,2.1 %,6.0 %,1058,2998,100.0 %,5.6 %,2.1 %,107.1 %,0.0 %,-9.4 %,1,2,0.1,0.2,100.0 %,50.0 %,,2.3,1058,1635,2.1 %,3.3 %,1,6,0,1,1,1,0,1,1,1,0,1,1,1,,1,1,1,,2.3,0,0.6,0,-2543,0.0 %,-5.1 %,0,-2543,0.0 %,-5.1 %,0,-2543,0.0 %,-5.1 %,100.0 %,50.0 %,100.0 %,50.0 %,100.0 %,50.0 %,1058,5813,0,-2543,100.0 %,50.0 %
VWO,4d RSI VWO LT14 - L VWO,0.6 %,8.4 %,317,4256,100.0 %,7.6 %,0.6 %,112.0 %,0.0 %,-6.2 %,1,6,0.1,0.5,100.0 %,100.0 %,,,317,683,0.6 %,1.4 %,1,2.2,0,0,1,6,0,0,1,6,0,0,1,6,,,1,6,,,0,3.3,0,0,0.0 %,0.0 %,0,0,0.0 %,0.0 %,0,0,0.0 %,0.0 %,100.0 %,100.0 %,100.0 %,100.0 %,100.0 %,100.0 %,317,683,0,0,100.0 %,100.0 %
VWOB,3d RSI VWOB LT18 - L VWOB,1.4 %,2.8 %,689,1393,34.5 %,7.6 %,4.0 %,36.6 %,-0.7 %,-3.2 %,5,7,0.4,0.6,60.0 %,100.0 %,1.9,,138,195,0.3 %,0.4 %,2.8,1.7,2,0,2,7,2,0,2,7,0,0,2,6,1.5,,3,7,2.8,,1,3.3,-753,0,-0.8 %,0.0 %,-753,0,-0.8 %,0.0 %,0,0,0.0 %,0.0 %,60.0 %,100.0 %,60.0 %,100.0 %,60.0 %,100.0 %,355,195,-188,0,100.0 %,100.0 %
VXUS,19d RSI VXUS LT42 - L VXUS,2.2 %,9.0 %,1081,4519,78.6 %,5.6 %,2.8 %,161.4 %,-0.1 %,-4.3 %,3,5,0.2,0.4,66.7 %,100.0 %,9.8,,360,870,0.7 %,1.7 %,2.7,1.8,1,0,2,5,1,0,2,4,0,0,1,3,2,,2,5,19.5,,2.1,3.1,-117,0,-0.1 %,0.0 %,-117,0,-0.1 %,0.0 %,0,0,0.0 %,0.0 %,66.7 %,100.0 %,66.7 %,100.0 %,66.7 %,100.0 %,570,870,-58,0,100.0 %,100.0 %
VYM,3d RSI VYM LT14 - L VYM,-1.3 %,13.0 %,-673,6543,100.0 %,8.0 %,-1.3 %,163.6 %,0.0 %,-4.2 %,1,7,0.1,0.6,0.0 %,100.0 %,0,,-673,885,-1.3 %,1.8 %,4,1.9,1,0,0,7,1,0,0,7,1,0,0,6,0,,0,7,0,,0,3.2,-1345,0,-1.3 %,0.0 %,-1345,0,-1.3 %,0.0 %,-1345,0,-1.3 %,0.0 %,0.0 %,100.0 %,0.0 %,100.0 %,0.0 %,100.0 %,0,885,-673,0,0.0 %,100.0 %
VYMI,14d RSI VYMI LT43 - L VYMI,0.0 %,11.2 %,11,5622,94.1 %,7.2 %,0.0 %,156.2 %,-1.0 %,-4.7 %,4,6,0.3,0.5,50.0 %,100.0 %,1,,3,891,0.0 %,1.8 %,3,2,2,0,1,6,2,0,1,5,0,0,1,4,1,,2,6,1,,0,4.9,-981,0,-1.0 %,0.0 %,-981,0,-1.0 %,0.0 %,0,0,0.0 %,0.0 %,50.0 %,100.0 %,50.0 %,100.0 %,50.0 %,100.0 %,251,891,-245,0,100.0 %,100.0 %
XCEM,3d RSI XCEM LT13 - L XCEM,3.3 %,9.7 %,1672,4885,80.0 %,8.8 %,4.2 %,111.0 %,0.0 %,-4.3 %,2,7,0.2,0.6,100.0 %,100.0 %,,,836,668,1.7 %,1.3 %,1,2.1,0,0,2,7,0,0,2,7,0,0,1,6,,,2,7,,,4.4,3.4,0,0,0.0 %,0.0 %,0,0,0.0 %,0.0 %,0,0,0.0 %,0.0 %,100.0 %,100.0 %,100.0 %,100.0 %,100.0 %,100.0 %,836,668,0,0,100.0 %,100.0 %
XHB,4d RSI XHB LT13 - L XHB,-8.0 %,13.0 %,-3999,6531,100.0 %,6.0 %,-8.0 %,217.7 %,0.0 %,-1.8 %,1,4,0.1,0.3,0.0 %,100.0 %,0,,-3999,1548,-8.0 %,3.1 %,12,2.8,1,0,0,4,1,0,0,4,1,0,0,3,0,,0,4,0,,0,9.8,-7997,0,-8.0 %,0.0 %,-7997,0,-8.0 %,0.0 %,-7997,0,-8.0 %,0.0 %,0.0 %,100.0 %,0.0 %,100.0 %,0.0 %,100.0 %,0,1548,-3999,0,0.0 %,100.0 %
XLB,3d RSI XLB LT17 - L XLB,-6.3 %,17.4 %,-3152,8763,100.0 %,16.0 %,-6.3 %,109.5 %,0.0 %,-6.1 %,1,12,0.1,1,0.0 %,75.0 %,0,1.8,-3152,681,-6.3 %,1.4 %,15,2.3,1,2,0,6,1,2,0,6,1,2,0,4,0,3,0,9,0,5.4,0,2.6,-6304,-627,-6.3 %,-1.2 %,-6304,-627,-6.3 %,-1.2 %,-6304,-627,-6.3 %,-1.2 %,0.0 %,75.0 %,0.0 %,75.0 %,0.0 %,75.0 %,0,1112,-3152,-614,0.0 %,77.8 %
XLF,3d RSI XLF LT15 - L XLF,0.8 %,22.6 %,404,11401,50.0 %,13.6 %,1.6 %,167.7 %,-1.1 %,-4.5 %,4,9,0.3,0.8,75.0 %,100.0 %,0.6,,101,1153,0.2 %,2.3 %,5,2.8,1,0,3,9,1,0,3,9,1,0,2,9,3,,3,9,1.7,,0.5,4.1,-1084,0,-1.1 %,0.0 %,-1084,0,-1.1 %,0.0 %,-1084,0,-1.1 %,0.0 %,75.0 %,100.0 %,75.0 %,100.0 %,75.0 %,100.0 %,315,1153,-542,0,66.7 %,100.0 %
XLG,4d RSI XLG LT10 - L XLG,1.6 %,6.3 %,785,3194,100.0 %,7.6 %,1.6 %,84.0 %,0.0 %,-10.5 %,1,3,0.1,0.2,100.0 %,66.7 %,,1.3,785,1102,1.6 %,2.2 %,2,5.3,0,1,1,2,0,1,1,2,0,1,1,2,,2,1,2,,2.6,0,0.7,0,-2079,0.0 %,-4.2 %,0,-2079,0.0 %,-4.2 %,0,-2079,0.0 %,-4.2 %,100.0 %,66.7 %,100.0 %,66.7 %,100.0 %,66.7 %,785,2692,0,-2079,100.0 %,66.7 %
XLI,3d RSI XLI LT16 - L XLI,0.8 %,16.5 %,392,8320,85.7 %,15.6 %,0.9 %,106.7 %,0.0 %,-4.4 %,2,9,0.2,0.8,100.0 %,88.9 %,,4.6,196,867,0.4 %,1.7 %,5,3.3,0,1,2,8,0,1,2,8,0,0,1,7,,8,2,8,,36.7,2.8,2.4,0,-219,0.0 %,-0.4 %,0,-219,0.0 %,-0.4 %,0,0,0.0 %,0.0 %,100.0 %,88.9 %,100.0 %,88.9 %,100.0 %,88.9 %,196,1003,0,-219,100.0 %,100.0 %
XLK,8d RSI XLK LT26 - L XLK,4.1 %,9.7 %,2030,4903,100.0 %,5.2 %,4.1 %,188.6 %,0.0 %,-11.7 %,1,3,0.1,0.2,100.0 %,100.0 %,,,2030,1574,4.1 %,3.1 %,1,3.3,0,0,1,3,0,0,1,3,0,0,1,3,,,1,3,,,0,5.9,0,0,0.0 %,0.0 %,0,0,0.0 %,0.0 %,0,0,0.0 %,0.0 %,100.0 %,100.0 %,100.0 %,100.0 %,100.0 %,100.0 %,2030,1574,0,0,100.0 %,100.0 %
XLU,5d RSI XLU LT18 - L XLU,2.8 %,8.8 %,1410,4455,100.0 %,6.4 %,2.8 %,139.2 %,0.0 %,-3.2 %,1,5,0.1,0.4,100.0 %,100.0 %,,,1410,857,2.8 %,1.7 %,5,2.2,0,0,1,5,0,0,1,5,0,0,1,5,,,1,5,,,0,4,0,0,0.0 %,0.0 %,0,0,0.0 %,0.0 %,0,0,0.0 %,0.0 %,100.0 %,100.0 %,100.0 %,100.0 %,100.0 %,100.0 %,1410,857,0,0,100.0 %,100.0 %
XLV,8d RSI XLV LT35 - L XLV,-3.1 %,25.5 %,-1550,12861,40.0 %,14.0 %,-7.7 %,183.7 %,-3.9 %,-5.3 %,3,10,0.2,0.8,66.7 %,100.0 %,0.1,,-517,1150,-1.0 %,2.3 %,4.3,2.5,1,0,2,10,1,0,2,9,1,0,1,7,2,,2,10,0.2,,-0.9,11.4,-3929,0,-3.9 %,0.0 %,-3929,0,-3.9 %,0.0 %,-3700,0,-3.7 %,0.0 %,66.7 %,100.0 %,66.7 %,100.0 %,66.7 %,100.0 %,207,1150,-1964,0,50.0 %,100.0 %
XLY,19d RSI XLY LT33 - L XLY,2.4 %,3.1 %,1204,1578,100.0 %,6.4 %,2.4 %,49.3 %,0.0 %,-10.1 %,1,3,0.1,0.2,100.0 %,66.7 %,,0.8,1204,581,2.4 %,1.2 %,1,4.3,0,1,1,2,0,1,1,1,0,1,1,1,,2,1,2,,1.6,0,0.4,0,-2698,0.0 %,-5.4 %,0,-1742,0.0 %,-3.5 %,0,-1742,0.0 %,-3.5 %,100.0 %,66.7 %,100.0 %,66.7 %,100.0 %,50.0 %,1204,2220,0,-2698,100.0 %,50.0 %
XME,19d RSI XME LT43 - L XME,1.7 %,25.8 %,826,12986,84.6 %,17.2 %,2.0 %,151.0 %,-1.9 %,-12.2 %,2,12,0.2,1,50.0 %,83.3 %,1.8,1.8,413,976,0.8 %,1.9 %,4.5,2.6,1,2,1,6,1,1,1,5,0,0,1,4,1,5,1,10,1.8,8.8,0.4,3.2,-1964,-1510,-2.0 %,-3.0 %,-1964,-735,-2.0 %,-1.5 %,0,0,0.0 %,0.0 %,50.0 %,83.3 %,50.0 %,83.3 %,50.0 %,88.9 %,1808,1322,-982,-755,100.0 %,100.0 %
XMMO,3d RSI XMMO LT15 - L XMMO,1.8 %,18.8 %,921,9470,100.0 %,7.2 %,1.8 %,263.1 %,0.0 %,-5.5 %,1,6,0.1,0.5,100.0 %,100.0 %,,,921,1468,1.8 %,2.9 %,1,1.8,0,0,1,6,0,0,1,6,0,0,1,5,,,1,6,,,0,3.1,0,0,0.0 %,0.0 %,0,0,0.0 %,0.0 %,0,0,0.0 %,0.0 %,100.0 %,100.0 %,100.0 %,100.0 %,100.0 %,100.0 %,921,1468,0,0,100.0 %,100.0 %
XOVR,14d RSI XOVR LT28 - L XOVR,-6.0 %,14.3 %,-2984,7191,100.0 %,5.6 %,-6.0 %,256.8 %,0.0 %,-4.9 %,1,4,0.1,0.3,0.0 %,75.0 %,0,3.4,-2984,1738,-6.0 %,3.5 %,5,2.5,1,1,0,3,1,0,0,3,1,0,0,3,0,3,0,3,0,10.2,0,1.6,-5968,-756,-6.0 %,-1.5 %,-5968,0,-6.0 %,0.0 %,-5968,0,-6.0 %,0.0 %,0.0 %,75.0 %,0.0 %,75.0 %,0.0 %,100.0 %,0,2570,-2984,-756,0.0 %,100.0 %
XRT,18d RSI XRT LT30 - L XRT,0.1 %,5.0 %,31,2500,100.0 %,5.2 %,0.1 %,96.1 %,0.0 %,-8.2 %,1,2,0.1,0.2,100.0 %,50.0 %,,2.3,31,1335,0.1 %,2.7 %,6,5.5,0,1,1,1,0,1,1,1,0,1,1,1,,1,1,1,,2.3,0,0.6,0,-2023,0.0 %,-4.0 %,0,-2023,0.0 %,-4.0 %,0,-2023,0.0 %,-4.0 %,100.0 %,50.0 %,100.0 %,50.0 %,100.0 %,50.0 %,31,4692,0,-2023,100.0 %,50.0 %
XSOE,3d RSI XSOE LT12 - L XSOE,0.8 %,12.2 %,399,6149,100.0 %,9.6 %,0.8 %,128.1 %,0.0 %,-5.8 %,1,7,0.1,0.6,100.0 %,85.7 %,,2.7,399,835,0.8 %,1.7 %,1,2.4,0,1,1,5,0,1,1,5,0,1,1,5,,6,1,6,,16.3,0,2.8,0,-382,0.0 %,-0.8 %,0,-382,0.0 %,-0.8 %,0,-382,0.0 %,-0.8 %,100.0 %,85.7 %,100.0 %,85.7 %,100.0 %,85.7 %,399,1038,0,-382,100.0 %,85.7 %
XT,3d RSI XT LT10 - L XT,4.4 %,8.0 %,2213,4053,17.1 %,7.6 %,25.8 %,106.7 %,0.0 %,-5.5 %,2,5,0.2,0.4,100.0 %,80.0 %,,22.3,1107,790,2.2 %,1.6 %,2,2.8,0,1,2,3,0,1,2,3,0,1,2,2,,4,2,4,,89.3,14.2,1.7,0,-45,0.0 %,-0.1 %,0,-45,0.0 %,-0.1 %,0,-45,0.0 %,-0.1 %,100.0 %,80.0 %,100.0 %,80.0 %,100.0 %,80.0 %,1107,998,0,-45,100.0 %,75.0 %
XYLD,4d RSI XYLD LT10 - L XYLD,0.8 %,3.4 %,406,1732,100.0 %,6.4 %,0.8 %,54.1 %,0.0 %,-9.1 %,1,2,0.1,0.2,100.0 %,50.0 %,,2,406,923,0.8 %,1.9 %,1,7,0,1,1,1,0,1,1,1,0,1,1,1,,1,1,1,,2,0,0.5,0,-1760,0.0 %,-3.5 %,0,-1760,0.0 %,-3.5 %,0,-1760,0.0 %,-3.5 %,100.0 %,50.0 %,100.0 %,50.0 %,100.0 %,50.0 %,406,3606,0,-1760,100.0 %,50.0 %
YYY,17d RSI YYY LT42 - L YYY,-1.7 %,5.2 %,-866,2621,100.0 %,11.2 %,-1.7 %,46.8 %,-0.5 %,-11.9 %,2,8,0.2,0.7,0.0 %,87.5 %,0,0.3,-433,330,-0.9 %,0.7 %,6.5,2.5,2,1,0,4,2,1,0,4,1,0,0,4,0,7,0,7,0,2.3,-3.7,0.9,-1732,-2093,-1.7 %,-4.2 %,-1732,-2093,-1.7 %,-4.2 %,-1732,0,-1.7 %,0.0 %,0.0 %,87.5 %,0.0 %,87.5 %,0.0 %,87.5 %,0,676,-433,-2093,0.0 %,100.0 %
ZROZ,4d RSI ZROZ LT16 - L ZROZ,1.5 %,8.9 %,744,4467,100.0 %,8.0 %,1.5 %,111.7 %,0.0 %,-1.8 %,1,6,0.1,0.5,100.0 %,100.0 %,,,744,713,1.5 %,1.4 %,2,2.3,0,0,1,6,0,0,1,6,0,0,1,5,,,1,6,,,0,11.1,0,0,0.0 %,0.0 %,0,0,0.0 %,0.0 %,0,0,0.0 %,0.0 %,100.0 %,100.0 %,100.0 %,100.0 %,100.0 %,100.0 %,744,713,0,0,100.0 %,100.0 %
ZSL,4d RSI ZSL LT10 - L ZSL,26.9 %,33.5 %,13441,16905,100.0 %,6.4 %,26.9 %,528.3 %,0.0 %,-5.0 %,1,5,0.1,0.4,100.0 %,100.0 %,,,13441,3054,26.9 %,6.1 %,4,2.2,0,0,1,5,0,0,1,5,0,0,1,4,,,1,5,,,0,2.4,0,0,0.0 %,0.0 %,0,0,0.0 %,0.0 %,0,0,0.0 %,0.0 %,100.0 %,100.0 %,100.0 %,100.0 %,100.0 %,100.0 %,13441,3054,0,0,100.0 %,100.0 %
